{"type":"FeatureCollection","name":"detection_envelopes","crs":{"type":"name","properties":{"name":"urn:ogc:def:crs:OGC:1.3:CRS84"}},"features":[{"type":"Feature","properties":{"cluster_id":1,"snapshot_index":1,"estimated_time_utc":"2026-07-23T11:38:00Z","observed_until_utc":"2026-07-23T11:38:00Z","target_time_utc":"2026-07-23T11:38:00Z","arrival_h":0.0,"hours_ago":74.88333333333334,"supported_detections_cumulative":27,"sources_cumulative":"VIIRS_NOAA21_NRT","last_source":"VIIRS_NOAA21_NRT","last_satellite":"N21","last_instrument":"VIIRS","detected_area_km2":7.432768413696307,"product_type":"cumulative_active_fire_detection_extent"},"geometry":{"type":"MultiLineString","coordinates":[[[-1.024422683499703,44.8919598560996],[-1.026875184115189,44.89318524822675],[-1.027563925540568,44.89519294711053],[-1.026053629238721,44.896958773024004],[-1.02322892218194,44.897448270433735],[-1.019397812204156,44.89597468132968],[-1.018212539051725,44.89496876329964],[-1.017936282136324,44.89316015646216],[-1.019513541536717,44.890813965188485],[-1.018667647206799,44.89021483298434],[-1.015850328985288,44.889982180650634],[-1.01437485666797,44.889124488614875],[-1.013647742197759,44.887380232650656],[-1.01460059549804,44.88573675723888],[-1.017215847648762,44.884834667915264],[-1.019962389986317,44.8855114024908],[-1.021235211426222,44.887635535960804],[-1.019596549061553,44.88990011444247],[-1.019651658597054,44.89066901164741],[-1.020402132903442,44.89110519676597],[-1.022932251327492,44.891253593282194],[-1.024422683499703,44.8919598560996]],[[-1.057247084942621,44.89579294788711],[-1.059327833481885,44.89673589330728],[-1.060291675195179,44.89814583791696],[-1.059990999809883,44.899698768361795],[-1.058527065453984,44.900871243800324],[-1.05633124206322,44.901265970327486],[-1.053035533653568,44.9006558138205],[-1.051331283206587,44.903262385002925],[-1.048715720897051,44.90416528267732],[-1.046570678557986,44.90380015147709],[-1.043211773198629,44.90193191450436],[-1.042695579255083,44.900107690406784],[-1.044155621188605,44.89836801293542],[-1.046597179908869,44.89782197773975],[-1.049542177342218,44.89852126130329],[-1.050624517785081,44.8979730593301],[-1.051566790721536,44.89536004843572],[-1.049265587072914,44.893905453626594],[-1.048535092967877,44.89242638859635],[-1.048906041434898,44.8911410427951],[-1.050343491688535,44.890008651484976],[-1.052848183988024,44.889635201278075],[-1.05515947504232,44.890508649102365],[-1.056124891285207,44.892193481765815],[-1.05528308020446,44.89461992909122],[-1.057247084942621,44.89579294788711]],[[-1.054191623126768,44.85665117356862],[-1.056323821059465,44.85524747895847],[-1.059226934835393,44.8553272466757],[-1.061200541715292,44.85684375497046],[-1.061088515488413,44.85890871972459],[-1.05895629764502,44.86031250749655],[-1.056052926549426,44.86023273257071],[-1.054079339580225,44.85871613111415],[-1.054191623126768,44.85665117356862]],[[-1.058122107083858,44.8474812989914],[-1.06025385873893,44.84607753305608],[-1.063156504182761,44.84615719776811],[-1.065129894960685,44.847673631709995],[-1.065018031474257,44.849738594318104],[-1.062886259940593,44.851142453414596],[-1.059983357259125,44.85106278150334],[-1.058009986359792,44.84954625440025],[-1.058122107083858,44.8474812989914]],[[-1.117135649701934,44.82397720356481],[-1.116728711598659,44.82492699694268],[-1.110968057603955,44.8238632738164],[-1.109502238809654,44.82644418066954],[-1.107392649803799,44.82747162811835],[-1.102686072051446,44.82688519458946],[-1.100272921341235,44.83079219575712],[-1.095339346407507,44.82972056183038],[-1.094042032871471,44.83010595238397],[-1.093487504010781,44.831827703293726],[-1.092108773486548,44.83317961625983],[-1.092520571638369,44.834136132899324],[-1.097804416940716,44.83501215925959],[-1.09855129198728,44.83457351343716],[-1.100446840994591,44.83104784182007],[-1.103371241380257,44.831433834377],[-1.105273132391049,44.832224778372286],[-1.106175579969453,44.83341780671263],[-1.106055907221311,44.83498302558664],[-1.104734254440456,44.83623714072986],[-1.102345671168347,44.83675804084517],[-1.098746905851141,44.836085990241756],[-1.097566042556232,44.83833260959169],[-1.096276432762875,44.83927052330243],[-1.094083282474337,44.83966598815525],[-1.090567271956337,44.839007826049226],[-1.089531608691414,44.84105779128289],[-1.088403597280631,44.84204108038631],[-1.085964869512065,44.84258802462704],[-1.082417803398367,44.84194557011642],[-1.081204218949942,44.84418102226714],[-1.079276862188344,44.8453122542146],[-1.077017154057201,44.84539535474881],[-1.074899016971076,44.844376135463705],[-1.074209207033894,44.84236876285315],[-1.075974193251583,44.84047914628088],[-1.078167502707102,44.840084039190884],[-1.081423474361647,44.84079254372275],[-1.082223356505295,44.8402740376394],[-1.082865906500297,44.83848912309297],[-1.08445046922235,44.83746187115705],[-1.086687496017646,44.83722145042982],[-1.089236856249349,44.83795977975143],[-1.090351007311615,44.83748171474054],[-1.090724160017699,44.83604659574656],[-1.092249480306738,44.834053366861504],[-1.091373166321739,44.83336915229552],[-1.088398945149752,44.83313440463567],[-1.086774853053676,44.83207534504565],[-1.086349663892539,44.83007244410392],[-1.087796536080636,44.828522566113584],[-1.090184904120258,44.82800198056495],[-1.093773763912416,44.82866891467771],[-1.095158005977688,44.82619550653384],[-1.097267770750041,44.82516829214035],[-1.101974148156695,44.82575495517015],[-1.103186267696455,44.82345972404008],[-1.105170741288245,44.822313090780945],[-1.107006376659442,44.82219135798652],[-1.110162166317378,44.8229068781811],[-1.111627862544073,44.820325965636144],[-1.1137972327392,44.819287583597855],[-1.116339587738109,44.81947521558799],[-1.118110991931512,44.820728297140285],[-1.118390116420363,44.82253661132439],[-1.117135649701934,44.82397720356481]],[[-1.116901052058469,44.82518304003867],[-1.120569587981382,44.825765148005814],[-1.122341284779798,44.827018164627674],[-1.122516524312686,44.82908087978515],[-1.120590747033742,44.830627605637204],[-1.117692025195289,44.83075222556669],[-1.115518571730375,44.82938173095469],[-1.115239505648495,44.82757340545139],[-1.116901052058469,44.82518304003867]],[[-1.158346266220033,44.80929175091077],[-1.157896495496564,44.81008929791461],[-1.152117602723736,44.80925952618028],[-1.149745678338496,44.81306274194816],[-1.144037322820184,44.81207283103578],[-1.14274403644169,44.81445920932173],[-1.140760606906713,44.8156065115058],[-1.138925259864142,44.81572880248361],[-1.135745267156639,44.8150000369584],[-1.134454000896752,44.81741945312501],[-1.132470297669733,44.81856660821307],[-1.129571157310074,44.81845500133432],[-1.127632129187738,44.81691695578095],[-1.127644882945819,44.815097788542296],[-1.129222959311384,44.81372011986876],[-1.131414849740736,44.81332396405934],[-1.13496495752161,44.814080115884806],[-1.136224414291903,44.81169863986546],[-1.137512724760446,44.81076027064448],[-1.139704441330039,44.8103639514351],[-1.143232900372108,44.81110732099813],[-1.145475434028369,44.807970169776894],[-1.147912080186501,44.80742192437208],[-1.151516384292792,44.808096311059636],[-1.152726053885232,44.80579118088066],[-1.154708892876928,44.804643668558796],[-1.157264182111798,44.80465209329845],[-1.159232007257561,44.80581263089259],[-1.159719041689878,44.8075984691334],[-1.158346266220033,44.80929175091077]],[[-1.15824326999492,44.810610738245806],[-1.161464137988324,44.81097203891328],[-1.163189750688021,44.81187616429996],[-1.163959343803649,44.81338980098002],[-1.163206364409991,44.81512824346723],[-1.160400722951468,44.816204977004126],[-1.157297034325337,44.81546075690271],[-1.156348215944363,44.81559759151112],[-1.15396312830582,44.819369306686305],[-1.149726004459497,44.81858106640324],[-1.14858998237235,44.81760274296632],[-1.148209356939228,44.816318934533896],[-1.150024085625129,44.81347729489778],[-1.155715760999687,44.81437824867613],[-1.15824326999492,44.810610738245806]],[[-1.154236636913958,44.819780729599074],[-1.157494529584794,44.82019207742951],[-1.159220361526228,44.821096267346235],[-1.159989973992668,44.82260993621298],[-1.159236748262194,44.82434835708768],[-1.15643057041304,44.825424993521246],[-1.152643746042447,44.82466379484668],[-1.151844736170605,44.825182805595965],[-1.151236683807876,44.82702101988893],[-1.149948229729349,44.827959553560724],[-1.147817875999469,44.82835809207697],[-1.145685475165399,44.82782099020953],[-1.144204516694422,44.826043462313706],[-1.144923505650747,44.82404133358344],[-1.147729834839839,44.82296498868221],[-1.150902555947069,44.823749345466325],[-1.151851525220162,44.82361255706275],[-1.154236636913958,44.819780729599074]]]}},{"type":"Feature","properties":{"cluster_id":1,"snapshot_index":2,"estimated_time_utc":"2026-07-23T15:54:00Z","observed_until_utc":"2026-07-23T15:54:00Z","target_time_utc":"2026-07-23T17:38:00Z","arrival_h":4.266666666666667,"hours_ago":70.61666666666666,"supported_detections_cumulative":384,"sources_cumulative":"MODIS_NRT, VIIRS_NOAA20_NRT, VIIRS_NOAA21_NRT, VIIRS_SNPP_NRT","last_source":"MODIS_NRT","last_satellite":"Aqua","last_instrument":"MODIS","detected_area_km2":48.857348449728995,"product_type":"cumulative_active_fire_detection_extent"},"geometry":{"type":"MultiLineString","coordinates":[[[-1.172083256103508,44.81419096763173],[-1.167825579783613,44.81544788505481],[-1.163262596896345,44.81513373169204],[-1.160438761957559,44.82012293930513],[-1.159476712505875,44.824090775224406],[-1.15334207218452,44.82759711283076],[-1.151594516886377,44.82786795621272],[-1.149841313850926,44.828776419441745],[-1.148066958002267,44.82890518892503],[-1.145542093226432,44.82784772500484],[-1.142959936278659,44.82832502405999],[-1.141147549551603,44.82808392188179],[-1.139708915427065,44.82726328614028],[-1.139037026240444,44.82624413920492],[-1.136297123820185,44.82801088665189],[-1.131965778085975,44.82911213783515],[-1.12900370741535,44.831662039361646],[-1.132324092516578,44.83277671767861],[-1.133170032866795,44.83389411744237],[-1.133191113540347,44.835206121670794],[-1.132298962272589,44.836403083704546],[-1.129501345735973,44.83785747803031],[-1.127634898107684,44.83812604904693],[-1.125678724539535,44.83764720976758],[-1.124251138114741,44.83850755713682],[-1.12238464379711,44.83877603991162],[-1.120622663652878,44.838388801650105],[-1.119178170240015,44.83726184653202],[-1.118839328199499,44.83567027206748],[-1.120010168465548,44.83410001943709],[-1.122361009047439,44.83338492693789],[-1.124805888638262,44.833808743490955],[-1.125807788656815,44.832807440440526],[-1.120903303559403,44.83286882612861],[-1.118331091692415,44.83211028502208],[-1.116185245963571,44.8308577848659],[-1.115795307853974,44.83114145780202],[-1.1169175288022,44.83289731663221],[-1.116578112085227,44.834186986749195],[-1.115117065875449,44.83536018306556],[-1.112986184683001,44.835758053773986],[-1.110107655690902,44.83469248406828],[-1.109368491848008,44.832491057666466],[-1.106281535167567,44.834108450502306],[-1.105766071722793,44.83542236622439],[-1.103985174010861,44.83653924161311],[-1.102779253611341,44.83870044273894],[-1.099230883388445,44.83947089922092],[-1.097547387667267,44.840372246388846],[-1.09626680526462,44.84306401534607],[-1.093004168599558,44.845382821747386],[-1.089578401251887,44.84626233857992],[-1.083944762467423,44.84646802539284],[-1.082174126861617,44.84610072368509],[-1.0809311630385,44.84526257488859],[-1.078833726945074,44.84567783667106],[-1.076886790081975,44.84683228382156],[-1.073698825502867,44.84670916722929],[-1.071586034411674,44.847720964778446],[-1.070539027538409,44.848647957985385],[-1.072267105131602,44.850758929346654],[-1.071824482851327,44.85280130034572],[-1.070183211598502,44.853847352050295],[-1.06739351092347,44.854234416394725],[-1.065388027782691,44.85520005531336],[-1.064063257101622,44.85654159340481],[-1.06208025564591,44.85707918283634],[-1.061818521562385,44.85876869699811],[-1.06030252217933,44.85996396778141],[-1.056695955965573,44.86039519471725],[-1.054854045157586,44.859614041837325],[-1.05391222709003,44.85827908154662],[-1.052310447992967,44.85887295492156],[-1.050525939653361,44.858875773579044],[-1.047995448536261,44.857429665398286],[-1.047658502120604,44.85583786382246],[-1.048877651951224,44.8542386311998],[-1.052131215011439,44.853550024675414],[-1.054123988443466,44.85233745525118],[-1.057292266760328,44.85181316406153],[-1.056880189543857,44.849431710434146],[-1.057974020761685,44.84672554029853],[-1.061118381499291,44.84440284518346],[-1.061092735741664,44.84402024549316],[-1.058025750694555,44.843858168366914],[-1.055446954505742,44.84311014874334],[-1.052168132217103,44.84080302321817],[-1.050802136363002,44.8376245553941],[-1.051077994550763,44.83565302178191],[-1.052114475495943,44.83386127295365],[-1.053868983896881,44.83232282178443],[-1.056231489226554,44.83119401247886],[-1.058896660191628,44.830620719818945],[-1.062505540456186,44.830702402076625],[-1.062365097817399,44.828615686828584],[-1.064327667138088,44.82709260594917],[-1.067170298808173,44.826988353480225],[-1.069303062859306,44.8283076227744],[-1.069849928435251,44.825910696105666],[-1.071713895318621,44.8236850865468],[-1.074674123848044,44.822103682885185],[-1.077927552352639,44.82137510768062],[-1.078841656391606,44.82035378798843],[-1.078223654649754,44.819299546079016],[-1.07448642367406,44.81881981192014],[-1.071974017423248,44.81786972880898],[-1.070007294679155,44.816467639456064],[-1.068718209444902,44.814761084587424],[-1.068159621031544,44.81282012617381],[-1.068431554476578,44.81080447415072],[-1.069498778377861,44.80897465379578],[-1.071936310521903,44.807050614047604],[-1.074383156093423,44.80610659530405],[-1.077171459600243,44.80570653087914],[-1.080772863898318,44.80608011259376],[-1.083284891911008,44.80702999269462],[-1.085768214688265,44.80898295736827],[-1.087003521173519,44.81142010509995],[-1.087020057726509,44.813401334236396],[-1.085747280993143,44.816032054299484],[-1.08593867222162,44.816707532433576],[-1.090994560982124,44.81772970109214],[-1.094009583345063,44.819308879647515],[-1.093692220930067,44.81787296877335],[-1.094205143531428,44.81665739702514],[-1.095494269030991,44.81571951438918],[-1.097252286685521,44.81532489135913],[-1.099706055666258,44.81583380569896],[-1.101267025991519,44.8172561575023],[-1.10206283845123,44.816296235393054],[-1.103600963442937,44.8155730786689],[-1.108036655150751,44.81552265895459],[-1.110273992913302,44.81671728847469],[-1.111306227633403,44.81854914210622],[-1.112247633664768,44.81911969200786],[-1.116539806223062,44.817946990929556],[-1.115755700049523,44.816852630179575],[-1.11573219695454,44.81564920174052],[-1.112533271027426,44.812037991205074],[-1.112332125532395,44.81073374723517],[-1.113130965821874,44.80834419303946],[-1.114443553779431,44.80659711903604],[-1.116411928190029,44.80519649073541],[-1.119240950933191,44.8041811521193],[-1.119480696311824,44.80158581876263],[-1.116013578632793,44.80070012226334],[-1.113309853434497,44.798965970249114],[-1.111961705103991,44.79718302161746],[-1.11141704550553,44.79462128583184],[-1.112758642044341,44.79143784595934],[-1.114478453805452,44.78993639520486],[-1.116781996542278,44.78882530999196],[-1.121294856881214,44.78816483341935],[-1.125765417085194,44.78911967474245],[-1.12846905293075,44.79085351728496],[-1.129796497557668,44.792594740378405],[-1.130360254463857,44.7945794640633],[-1.130058677029355,44.79661932280186],[-1.134608533619814,44.79534174531657],[-1.137329686032272,44.795335367740215],[-1.139997670294703,44.79589797821895],[-1.143616027631881,44.797997847087316],[-1.144907001418812,44.79970352124581],[-1.145465298301305,44.801624453237274],[-1.147435678246557,44.80015021598667],[-1.149129941089857,44.79963405080975],[-1.151641579117874,44.799968144966975],[-1.153259191320956,44.801276757249546],[-1.155474870881264,44.80132294351442],[-1.156992305131514,44.80009062794491],[-1.159183468354825,44.79969392529427],[-1.161801529694855,44.80058598694711],[-1.162764755628535,44.802550940463306],[-1.165988681287172,44.801915844668535],[-1.16684637483713,44.80048888792056],[-1.16639788618449,44.80003524551506],[-1.160351597129502,44.79892462606913],[-1.157038982960795,44.79658284792284],[-1.155973429299673,44.794752622711464],[-1.155699945545154,44.792780964510456],[-1.156221322645578,44.790879298583214],[-1.157516087713949,44.789125658513505],[-1.159469866473206,44.78771514586413],[-1.161914399676952,44.786769202952605],[-1.164701119848773,44.78636694101943],[-1.167768210689467,44.78654933034477],[-1.171631919196892,44.78526181223947],[-1.175326291347576,44.78513124943892],[-1.178809684584371,44.7860173498987],[-1.180961285760729,44.787273354170225],[-1.182508360667871,44.788920039239635],[-1.183308308754141,44.79077197509951],[-1.183328232638045,44.792753174591525],[-1.182539608723548,44.79465318120997],[-1.181010283160282,44.79630835130012],[-1.176527492754729,44.79829936311216],[-1.180294775618568,44.79948506477159],[-1.183193589214725,44.80198013408934],[-1.184121620429419,44.80457487195234],[-1.183651990889018,44.80844684864348],[-1.182407472712063,44.81092766112438],[-1.179923880438004,44.812880565656585],[-1.176579299718828,44.81400818202192],[-1.172083256103508,44.81419096763173]],[[-1.094434716207362,44.83427196945801],[-1.094972354226327,44.834316095210724],[-1.093573290581381,44.83406598996864],[-1.093978617423689,44.83428090308867],[-1.094434716207362,44.83427196945801]],[[-1.110201564592368,44.84020489586692],[-1.112947043177865,44.84087932102636],[-1.114218200041475,44.84273740825183],[-1.113270296205231,44.8446907672421],[-1.110658457326984,44.84559510602832],[-1.107912775744272,44.84492062321681],[-1.106641778039174,44.84306246245959],[-1.107589884872634,44.841109161121366],[-1.110201564592368,44.84020489586692]],[[-1.093183135959884,44.86487768770967],[-1.092050134608789,44.866120709636334],[-1.090432534374616,44.866751808524064],[-1.088587595235162,44.86676608299657],[-1.08715852225258,44.86628057897594],[-1.084448064642648,44.8666327304673],[-1.082001976689922,44.86772272134588],[-1.079467886206203,44.86753775213993],[-1.080952114085814,44.87002464960866],[-1.081122723342006,44.87133113407075],[-1.0802106589845,44.87271162922818],[-1.075750705464132,44.87562976431144],[-1.077540717461844,44.87847865831921],[-1.077473478188013,44.88063798396124],[-1.076314402639985,44.88202081711135],[-1.074684236826492,44.88287730967672],[-1.072872103836914,44.88312598611348],[-1.070536483075942,44.88243488238297],[-1.068208636903712,44.88240171545244],[-1.066621520739274,44.88165170887591],[-1.065655970772742,44.87996697300993],[-1.066412839889437,44.87822915740809],[-1.068132770955826,44.87731760120343],[-1.070539542049668,44.87706176609329],[-1.073289382431436,44.87548022438361],[-1.071496481620168,44.87258717225003],[-1.07186677338909,44.87130175783959],[-1.073014943133617,44.87030840586856],[-1.073000848719871,44.86899167970598],[-1.071930044764486,44.867271278966754],[-1.072646489701962,44.8655248631297],[-1.074116168464964,44.864662717502064],[-1.077543074753601,44.864069728747594],[-1.077187913555665,44.861408861011235],[-1.078645880838809,44.859668751619985],[-1.080774895453502,44.85912253819757],[-1.08370053623991,44.85950955988737],[-1.085536321090828,44.858157945346456],[-1.086236581185324,44.85684524373785],[-1.089466143328405,44.85411306563832],[-1.087641162762516,44.851371814381714],[-1.088850572155492,44.84922928545063],[-1.091202442417607,44.848514849564346],[-1.094197010988484,44.848902112512214],[-1.096639651906608,44.84729204569351],[-1.099181682939972,44.84709385423217],[-1.10086388912243,44.847729148167126],[-1.101971402777101,44.849035145930195],[-1.101991760400435,44.85034716245665],[-1.101189657347218,44.851468010809796],[-1.101521952337062,44.85334717869281],[-1.100665331550494,44.855040458321284],[-1.097917145637626,44.857398299326576],[-1.098493415266971,44.85893289519934],[-1.097773766232951,44.860414522955466],[-1.096017993328321,44.861362068662444],[-1.093193985773228,44.861629712635015],[-1.093183135959884,44.86487768770967]],[[-1.042298395024141,44.895772262628704],[-1.042329139455711,44.89478488442272],[-1.038994734505597,44.89261560728903],[-1.037242850970838,44.88962650823467],[-1.037419985675813,44.88695186258124],[-1.039558872055359,44.88409295172234],[-1.041756865348075,44.88280506270863],[-1.045185611278708,44.88192701172111],[-1.049519276569932,44.88217491155952],[-1.055801386760461,44.880988545068135],[-1.059528014642672,44.88137533838797],[-1.061984532292737,44.882310946711776],[-1.063953361433857,44.88371320813771],[-1.065243885225158,44.88541985643512],[-1.065803095267206,44.887360875118944],[-1.064901916523006,44.89062234554559],[-1.063351329132506,44.89226877035902],[-1.060955847715792,44.89372366631428],[-1.06084157873713,44.89456861215334],[-1.061766487355448,44.895105570354424],[-1.067037966244745,44.89540509375181],[-1.070873935397057,44.89723016808623],[-1.072420809769213,44.89887844654604],[-1.073218691537837,44.900731241029945],[-1.07277189725696,44.90403984309219],[-1.070863694494524,44.906298314602665],[-1.067884428881712,44.9078658471019],[-1.061825295587555,44.90917941345482],[-1.057230880915521,44.908854729585244],[-1.053436387157886,44.907061825040365],[-1.051247770323377,44.90420026341468],[-1.050074711271234,44.9052519153483],[-1.048314915098863,44.9057731580379],[-1.046191213841389,44.90555262651331],[-1.044751983376965,44.90473073991968],[-1.043832918119171,44.90247505619985],[-1.041974975221194,44.90131525617177],[-1.040718162259163,44.899213627865876],[-1.040880247766663,44.89790657826696],[-1.042298395024141,44.895772262628704]],[[-1.022140323662158,44.880167595478106],[-1.025019576893897,44.88045026931309],[-1.026774480669979,44.88209762625777],[-1.026778118169507,44.88345251819151],[-1.025632711830363,44.88479197496127],[-1.023633546200841,44.885453259862295],[-1.021199664214727,44.88511703871815],[-1.021218422347442,44.88560695918057],[-1.022530308693996,44.886279482763456],[-1.02337486893618,44.8873977376046],[-1.023125969632124,44.890097916525264],[-1.025658236144636,44.89161869544144],[-1.027602784852382,44.89492942073054],[-1.026343278803282,44.89679196629302],[-1.024770003917989,44.89739240200736],[-1.023101023721751,44.897430364095946],[-1.020746134692298,44.89900549760269],[-1.020588658807411,44.900445790729194],[-1.019435148914283,44.90160126394856],[-1.021246186044275,44.90159442936405],[-1.022883035117319,44.90220132571863],[-1.023924109833641,44.90328493700627],[-1.024123532147116,44.904589379260116],[-1.021979553291054,44.9072923626811],[-1.019189432618818,44.90800590583445],[-1.014219778710429,44.90689217015803],[-1.012743886691905,44.9060344519735],[-1.012048346823961,44.90481899836235],[-1.012241166038428,44.903514054633334],[-1.013276753620705,44.90242778877517],[-1.014998018588583,44.901804229314635],[-1.013329061161737,44.90015924520921],[-1.013773442877196,44.898117961612606],[-1.007826881023506,44.89605838455893],[-1.004744317170555,44.89399422527671],[-1.004017438899344,44.8922499036378],[-1.005231631572265,44.89041731753537],[-1.007555600386263,44.88970682984078],[-1.008667549792514,44.888447692395886],[-1.010791059602465,44.887777838055776],[-1.011861575621134,44.88653747383122],[-1.013685448816284,44.88587607922817],[-1.01384152785847,44.88454570830001],[-1.014851611953093,44.88344754515775],[-1.016896749429469,44.88275671036591],[-1.01933050331027,44.883093025551155],[-1.020027118289889,44.88119339906294],[-1.022140323662158,44.880167595478106]]]}},{"type":"Feature","properties":{"cluster_id":1,"snapshot_index":3,"estimated_time_utc":"2026-07-23T20:34:00Z","observed_until_utc":"2026-07-23T20:34:00Z","target_time_utc":"2026-07-23T23:38:00Z","arrival_h":8.933333333333334,"hours_ago":65.95,"supported_detections_cumulative":455,"sources_cumulative":"MODIS_NRT, VIIRS_NOAA20_NRT, VIIRS_NOAA21_NRT, VIIRS_SNPP_NRT","last_source":"MODIS_NRT","last_satellite":"Terra","last_instrument":"MODIS","detected_area_km2":99.00984696804606,"product_type":"cumulative_active_fire_detection_extent"},"geometry":{"type":"MultiLineString","coordinates":[[[-1.05461984183149,44.842718888448104],[-1.052136110835396,44.84076520475294],[-1.050805318245228,44.83766864780058],[-1.051328457453864,44.83506080290753],[-1.052898527826206,44.83306888185625],[-1.05264408923417,44.8311521598504],[-1.053169309687094,44.829250955634116],[-1.055096375360845,44.82695124041974],[-1.058873806882138,44.825146101250056],[-1.062594144404577,44.824747029281056],[-1.067235869401084,44.82566679219341],[-1.068349963862757,44.82518895000883],[-1.068400413122193,44.82441990930631],[-1.06657162218869,44.821788022450534],[-1.066285926060209,44.81977332598133],[-1.067161906408558,44.817258516374295],[-1.06905910832111,44.81534150865525],[-1.068157205976049,44.81211348658425],[-1.069498778377861,44.80897465379578],[-1.07126613146657,44.80744413515349],[-1.074383156093423,44.80610659530405],[-1.077171459600243,44.80570653087914],[-1.080666101306741,44.80605727179486],[-1.082949666651192,44.80376454933052],[-1.086170378850144,44.802381962395785],[-1.089768739529065,44.801994917464995],[-1.094086630842511,44.80284830631385],[-1.095120687453009,44.802672001085725],[-1.095560045000629,44.80173843285678],[-1.093569842743559,44.798377583553616],[-1.093738377356353,44.79578943841543],[-1.095885829727985,44.79288667255078],[-1.098899729715308,44.79128565142785],[-1.101562573644941,44.790711341753635],[-1.105083169680163,44.79067387974337],[-1.107655099851728,44.789210943952234],[-1.110278935278885,44.78843052997586],[-1.113912303615399,44.788295664801936],[-1.116640779936083,44.788879456584986],[-1.119439206234947,44.78823818470982],[-1.121990975439877,44.78820992554174],[-1.126699687067125,44.786691665752194],[-1.129420421782412,44.786685482264375],[-1.133000409461871,44.7875465734739],[-1.135751037177673,44.78759298747565],[-1.139459772739566,44.78567615693694],[-1.143103721177403,44.7850168530508],[-1.152712061556586,44.7863828488561],[-1.15516597811529,44.787316366414544],[-1.157518275367423,44.78912354226163],[-1.159519529763492,44.78768871876945],[-1.161972695278617,44.78675417895199],[-1.164701119848773,44.78636694101943],[-1.167768210689467,44.78654933034477],[-1.170741777979204,44.785454434674016],[-1.174400401377144,44.78506664812213],[-1.177932813534884,44.78568663268065],[-1.180303039056186,44.786805141109454],[-1.182843819863759,44.7894904827115],[-1.18333943548703,44.7926688166744],[-1.18814351184595,44.79393851323518],[-1.191119073185093,44.796499366475445],[-1.19202132413084,44.799716743184966],[-1.190433099112572,44.8034997744113],[-1.192721132080707,44.805675117450605],[-1.193788089150203,44.80750499612261],[-1.193981307345507,44.8100922783254],[-1.193166507212114,44.812032358528484],[-1.190964147765382,44.81414936075368],[-1.187791136292857,44.81550521668478],[-1.184192588337843,44.81589544332115],[-1.179864980866163,44.81507801279291],[-1.178765001398201,44.81540585117303],[-1.178536834596532,44.81623898919103],[-1.180433141111859,44.81944220819303],[-1.180452973799249,44.821423427314464],[-1.179230848683358,44.823909955785545],[-1.176714880789334,44.82590075277067],[-1.172456420830569,44.827157852829195],[-1.169672329514863,44.82715877664513],[-1.166387031225988,44.82642798043454],[-1.165286750968047,44.82675568640295],[-1.165058338248214,44.82758879982633],[-1.166955283376005,44.830793343084714],[-1.166974644826404,44.83277457202171],[-1.165751676320449,44.835260961298474],[-1.163284427834795,44.8372250308134],[-1.160779373045501,44.83818604353934],[-1.157179184953302,44.838575396835],[-1.154385907108658,44.838187387933495],[-1.150585983216315,44.83689932961984],[-1.146899187775369,44.83920044195261],[-1.142548519551443,44.84015094553533],[-1.138882552514425,44.83978167865322],[-1.135052229972058,44.8384945033426],[-1.131377725281045,44.84078112722356],[-1.127026672138302,44.841731022807686],[-1.123360704106495,44.84136124302822],[-1.119513045063452,44.84006332821355],[-1.116650430196955,44.84196743532012],[-1.114221962694268,44.84290668242728],[-1.112964039991301,44.844909956701926],[-1.110967322921341,44.84557280466367],[-1.107866670317967,44.844891069662],[-1.106871163157892,44.84383781953772],[-1.106662922565766,44.84258651516132],[-1.104917661129957,44.842747909811955],[-1.104688288162671,44.84358090308688],[-1.106255877491734,44.84563659076145],[-1.106819334949873,44.847621469027],[-1.10654537451707,44.84959314839506],[-1.105184973440095,44.852107356066824],[-1.107483439360269,44.85429131291219],[-1.108533282725261,44.8560792439112],[-1.10882354211181,44.85804975140869],[-1.108297072953961,44.85999534019551],[-1.105757948869506,44.862734591322365],[-1.102534257615719,44.864117774388504],[-1.098869989220571,44.86450319939848],[-1.093553242684928,44.86368572582035],[-1.093121634162076,44.86496006030719],[-1.094640803454213,44.86689903854766],[-1.095185398749026,44.86946091756273],[-1.093540662805426,44.87333507301706],[-1.09582723749162,44.87551214467909],[-1.096877106459149,44.87730019799133],[-1.097167066437351,44.87927074925596],[-1.096639994307185,44.881216295863524],[-1.09405344165613,44.883985039083115],[-1.088199517518014,44.88619396732461],[-1.089899296284206,44.889390769585496],[-1.090189073748955,44.89136134652875],[-1.089310088435214,44.893920501633865],[-1.087733718694265,44.89560723154041],[-1.084811575047579,44.89715622862329],[-1.082148846480327,44.897742544761385],[-1.0792998318595,44.89774779331675],[-1.07607744848054,44.89703917719493],[-1.074667506823993,44.897470606512],[-1.07451126296888,44.89823245150256],[-1.07621681858783,44.90081469906431],[-1.076404937144227,44.90340226093551],[-1.075176417111884,44.905887706214266],[-1.07270289453813,44.907849804627986],[-1.068386075226048,44.909129331536384],[-1.05770863583943,44.90895912823073],[-1.055303222512123,44.91011631031639],[-1.051768279187031,44.91075152428964],[-1.048098299443961,44.910379250647345],[-1.044126077968727,44.90900810583748],[-1.039607734100787,44.91165792785607],[-1.035021916486391,44.9123130278949],[-1.030658508291623,44.911379194641924],[-1.02737671620475,44.90907128710965],[-1.026013629106847,44.90593653964815],[-1.026678894848629,44.902682634889885],[-1.025802308963086,44.90199788780669],[-1.024681545660442,44.901998144306596],[-1.023474293016401,44.902676712444844],[-1.024152598087571,44.90406047940151],[-1.023784161744236,44.905389841740124],[-1.021979553291054,44.9072923626811],[-1.01993358415397,44.90798329631471],[-1.013527195916694,44.90659833235334],[-1.012224650948475,44.90533325822014],[-1.012200054123257,44.90360346860705],[-1.008916597064148,44.90356971296502],[-1.005987482709439,44.90494809826332],[-1.002452307449852,44.905581742275864],[-0.999616172592704,44.905386448655534],[-0.996317958603487,44.90428226406124],[-0.99433722672547,44.902887970737815],[-0.993011378194314,44.901145066279014],[-0.992546119553822,44.89783775458608],[-0.993769099212972,44.895396913497045],[-0.995527130008211,44.893859354973394],[-1.001373026556617,44.891633934671994],[-0.999663443028828,44.88737019340152],[-0.999941341678197,44.88539875591859],[-1.000980373046533,44.88360745648791],[-1.003455333228614,44.881646970254565],[-1.006797017197538,44.880508990807016],[-1.010558244902562,44.880373115725845],[-1.01461421043825,44.881377860105836],[-1.015868909217587,44.88075309501395],[-1.013984915980398,44.87785519239131],[-1.013448612711311,44.87595546324771],[-1.013722816014049,44.873939904403485],[-1.01509632959817,44.87131064919389],[-1.012408262497865,44.86866742393367],[-1.011490261395969,44.86611529483726],[-1.011764486939236,44.86409974712929],[-1.0133164318225,44.86175561618173],[-1.015326151204943,44.86032124969441],[-1.018676720892873,44.859198480322604],[-1.022376305559731,44.85907301099564],[-1.026287106879276,44.86004477410255],[-1.027388848721065,44.859718443453794],[-1.027619434000171,44.85888560598163],[-1.025519606575851,44.855941835413454],[-1.025342982549848,44.85331054161344],[-1.026595374401122,44.85083146159192],[-1.029807896191281,44.84853737565524],[-1.032435583118947,44.847758788725834],[-1.035207624900749,44.847567096456935],[-1.037938548333443,44.847956029790154],[-1.041683652663024,44.849301695180415],[-1.044784613579858,44.847292770309025],[-1.048133817122445,44.846169116718386],[-1.051771068176668,44.84603628530903],[-1.056038799027238,44.84690426460902],[-1.056909346082014,44.84586563587925],[-1.05461984183149,44.842718888448104]],[[-1.040577031296442,44.89980610632514],[-1.040960180371928,44.89981725743576],[-1.041067442737437,44.897591886733736],[-1.040043486243295,44.89581306123079],[-1.039844899692467,44.893315181857744],[-1.0373939294715,44.89016071934936],[-1.034712450360241,44.8895868664609],[-1.033957760302203,44.89059540312356],[-1.035826296053443,44.89297221473152],[-1.036384563953825,44.89491338595887],[-1.035792518536203,44.89833613605343],[-1.040577031296442,44.89980610632514]]]}},{"type":"Feature","properties":{"cluster_id":1,"snapshot_index":4,"estimated_time_utc":"2026-07-24T03:49:00Z","observed_until_utc":"2026-07-24T03:49:00Z","target_time_utc":"2026-07-24T05:38:00Z","arrival_h":16.183333333333334,"hours_ago":58.7,"supported_detections_cumulative":1917,"sources_cumulative":"MODIS_NRT, VIIRS_NOAA20_NRT, VIIRS_NOAA21_NRT, VIIRS_SNPP_NRT","last_source":"MODIS_NRT","last_satellite":"Aqua","last_instrument":"MODIS","detected_area_km2":150.77514540773885,"product_type":"cumulative_active_fire_detection_extent"},"geometry":{"type":"MultiLineString","coordinates":[[[-1.127417722273916,44.77981687752334],[-1.129214279127386,44.778247510708525],[-1.132328306664868,44.7769083561286],[-1.13598301118136,44.77650480684469],[-1.138773098563538,44.77689327090877],[-1.142609547565967,44.77872117256245],[-1.144865709571262,44.77876752771083],[-1.146648502723735,44.779686632445696],[-1.147386112505946,44.78168518884003],[-1.146072607807321,44.78338203586097],[-1.149009373481509,44.7833615828916],[-1.153540971405461,44.784408124571044],[-1.154858868435356,44.78532498001019],[-1.156642015492112,44.78782196584998],[-1.157620941533138,44.78814864781824],[-1.16209731763743,44.785756996190614],[-1.16574100573151,44.785096948341995],[-1.170026684549555,44.78566525571084],[-1.173408171904427,44.785069313514875],[-1.176178642422835,44.785249598528516],[-1.178809684584371,44.7860173498987],[-1.181138664595567,44.7874260662153],[-1.182166142100613,44.78716521487896],[-1.183691540138967,44.784911905079476],[-1.186430601707328,44.78314160901256],[-1.190776117153806,44.78218940362621],[-1.196055043944695,44.78274104932302],[-1.199806840737778,44.77939723551938],[-1.204049429774736,44.77811931868591],[-1.206831016469537,44.778104576291085],[-1.209498877515707,44.77866551117153],[-1.211823328106973,44.7797538323316],[-1.213689696649134,44.78133033377776],[-1.217256707772512,44.78129609294278],[-1.218959193743088,44.77945235760965],[-1.220936760043761,44.7787644594021],[-1.222772175424949,44.778876660502476],[-1.22466259123733,44.77961228546119],[-1.227344637481276,44.779512898947694],[-1.229618524708998,44.78033881347312],[-1.231918657341275,44.78019446872517],[-1.234535354091221,44.781053926779066],[-1.237284398080692,44.78096335120622],[-1.239403085198099,44.78197944789033],[-1.240284925075514,44.784589902633755],[-1.24259926053531,44.785467100511525],[-1.24376303520817,44.78648427255343],[-1.244498477174136,44.789925600957794],[-1.243824087642635,44.791100440407604],[-1.24241486205348,44.791945748007564],[-1.240180306704343,44.792189303663996],[-1.238176450491346,44.79150185492727],[-1.236733164721459,44.79284605344108],[-1.239362721243725,44.79369728369001],[-1.241808307669793,44.79356441114676],[-1.24351959755698,44.79405093959113],[-1.244853576530544,44.79529788641805],[-1.244989837690781,44.796862394491626],[-1.243237967912762,44.798560730205836],[-1.239871137777846,44.79891717593677],[-1.240190041175862,44.80077255501752],[-1.238748087217539,44.80232440288407],[-1.237042907490513,44.80282215304673],[-1.234239653107045,44.80246484262642],[-1.233277372698224,44.80277224360304],[-1.231827416141646,44.80613862978606],[-1.229700127067585,44.80735057837621],[-1.229477202192239,44.80952005653674],[-1.228432024756081,44.81135631738005],[-1.225145033692547,44.81371695020794],[-1.221661954274351,44.81460720435819],[-1.217132845830312,44.81430383381518],[-1.21389812806143,44.812937186968625],[-1.21136068689539,44.81026252574548],[-1.209660105290018,44.81193847070042],[-1.206767708063815,44.81226237243141],[-1.208623575081024,44.81507097902851],[-1.208823984672559,44.81774472262943],[-1.207100646919261,44.82074148401745],[-1.204323657169662,44.82254788397789],[-1.199975250494719,44.82350063325088],[-1.196251499543128,44.823118560314974],[-1.19307527371316,44.821766007394174],[-1.190375096522017,44.818909208647966],[-1.189182227878621,44.81859098767625],[-1.184856835787409,44.82102237197777],[-1.180384351428278,44.821685326628526],[-1.178719142933102,44.824463448401694],[-1.175941057097767,44.826269140076924],[-1.172456420830569,44.827157852829195],[-1.168443135406695,44.82696250271083],[-1.16615648948368,44.828943279232114],[-1.167059462941149,44.83211477403781],[-1.166184906151805,44.83467448771228],[-1.164000141545589,44.836801181373644],[-1.161639567861602,44.83793228613698],[-1.158975100661285,44.83850804738037],[-1.156251859721208,44.83851495615957],[-1.150585983216315,44.83689932961984],[-1.146899187775369,44.83920044195261],[-1.142486550397259,44.8401532606915],[-1.138882552514425,44.83978167865322],[-1.136011847253711,44.83863149284091],[-1.134189249296578,44.840933038733304],[-1.131619447439072,44.841805059461656],[-1.129404976015415,44.841410489120875],[-1.124253574505273,44.841549506213724],[-1.119392676550223,44.840085060632845],[-1.114722843007298,44.84275781557009],[-1.11583989271622,44.84391353173799],[-1.115936697012952,44.84547955702223],[-1.114794191631028,44.84681991616669],[-1.112797428265851,44.84748279746247],[-1.110619495959727,44.847244744373796],[-1.107434648159959,44.84554272718501],[-1.106512336190965,44.84416584211982],[-1.106662922565766,44.84258651516132],[-1.105647737602143,44.84243453297913],[-1.104843970773304,44.842819028932055],[-1.104688288162671,44.84358090308688],[-1.106255877491734,44.84563659076145],[-1.106819334949873,44.847621469027],[-1.10654537451707,44.84959314839506],[-1.105203555349981,44.85219471641496],[-1.107895553628542,44.85483588517356],[-1.108805078264547,44.85729837769239],[-1.112485910013225,44.85598042945831],[-1.117310796137427,44.85602651358063],[-1.117654157680436,44.85375013321453],[-1.12030074491944,44.852483848475856],[-1.122867912027539,44.85284118085698],[-1.124802482897095,44.854637513932026],[-1.125698678863208,44.854899205633664],[-1.127298117995526,44.854655827648436],[-1.12853422286844,44.853489787197375],[-1.131198885526467,44.85244336125628],[-1.132974023584583,44.8523148605154],[-1.134529426309457,44.852729110745535],[-1.135744024117334,44.85159993762146],[-1.137501310638502,44.85107731946995],[-1.140265892710109,44.85156296649101],[-1.142130043464534,44.85333127949991],[-1.144749325112793,44.853241967645296],[-1.148344586994965,44.85026446214552],[-1.152655058880168,44.848981853445],[-1.155440232067049,44.84898135659797],[-1.158105720878246,44.84955595327328],[-1.161923607649356,44.85190229926329],[-1.163862851706728,44.852267894082075],[-1.165261962731007,44.85328489289022],[-1.167746567605221,44.8517406550682],[-1.171171443345378,44.850858724509564],[-1.174871414728287,44.85096948180768],[-1.177505517486844,44.85173728095631],[-1.179617747755645,44.852960738676344],[-1.181181698855777,44.85460023857715],[-1.182111071269356,44.85785759622159],[-1.181213281749397,44.860413328709335],[-1.177964320744677,44.86346658338387],[-1.179838167280159,44.86653612160484],[-1.179840831260322,44.8698170800647],[-1.178258823369791,44.87219910235189],[-1.175568296073672,44.873946406862395],[-1.172027556054717,44.87485796151935],[-1.167493856540604,44.874552558527455],[-1.163639626836412,44.87274871770767],[-1.161393342263226,44.87023045092406],[-1.159992800610887,44.87013598356588],[-1.157357063812345,44.87232137946868],[-1.159230207229075,44.8752978261876],[-1.159231667293924,44.8785787941403],[-1.157648538110228,44.88096052932031],[-1.154903796297013,44.88273017104435],[-1.150674836542434,44.88374958221527],[-1.146681425830782,44.8861129276146],[-1.142155002084041,44.88675342918087],[-1.139480016058553,44.88638179078666],[-1.137013491631018,44.88545934260749],[-1.135029932519461,44.884067567826264],[-1.133482346709922,44.882133636220544],[-1.132101259299724,44.88194171899373],[-1.129291212874592,44.884138915193844],[-1.131142979459597,44.88719014969643],[-1.131142798065733,44.890471130057236],[-1.129558141639105,44.892852473542774],[-1.126865108693677,44.89459860905231],[-1.123322275525806,44.89550861652811],[-1.118787173876568,44.895201223157684],[-1.114933092390304,44.89339568050145],[-1.11269949344867,44.89089568645067],[-1.111410721707508,44.89076258954895],[-1.108643808550469,44.89293000152872],[-1.11049502551127,44.89598185795557],[-1.110493636975855,44.89926284713595],[-1.108907856141746,44.90164390245118],[-1.106213758866809,44.903389542022275],[-1.102670035956518,44.904298893319485],[-1.098134337240987,44.90399065601543],[-1.094897351606344,44.90262050130532],[-1.092062934333777,44.89971061656767],[-1.090774009155771,44.89957727987967],[-1.088041353250258,44.90171580557952],[-1.089887068760613,44.9047635630604],[-1.089884475044607,44.90804456075206],[-1.088297571539863,44.910425328242184],[-1.08560241151194,44.91217047267782],[-1.081191836093563,44.9131413915217],[-1.077462949142011,44.91275532129156],[-1.074284516390322,44.91139933051283],[-1.071348985405248,44.90844579317547],[-1.06440020294493,44.911110714762806],[-1.055096688953049,44.91131273164564],[-1.052980243242213,44.91245867976309],[-1.051076539589483,44.91272361657471],[-1.050834464414241,44.91495780238221],[-1.049282615610805,44.917302496400225],[-1.047271723373272,44.91873750291645],[-1.043918170283163,44.9198611560179],[-1.041142586112701,44.920053070127466],[-1.038408130905876,44.9196642067894],[-1.035950371002488,44.91872806623881],[-1.033981013145927,44.91732529333953],[-1.032400121515093,44.91494243683705],[-1.032327456426409,44.91193401431152],[-1.029110587518282,44.91056673255739],[-1.026571686527417,44.907877767942814],[-1.026008810217491,44.90527398041506],[-1.026697371282944,44.902770009730375],[-1.025919441705653,44.90202749618183],[-1.024681545660442,44.901998144306596],[-1.023474293016401,44.902676712444844],[-1.024152598087571,44.90406047940151],[-1.023814186777493,44.905789840959024],[-1.0216937131659,44.907462502813814],[-1.01993358415397,44.90798329631471],[-1.013889220116525,44.90676958885028],[-1.012570776331293,44.905851023040405],[-1.012026725935715,44.90466569715567],[-1.009103755183983,44.90560104790161],[-1.006330574538042,44.90580498393236],[-0.999676460960373,44.9053971095358],[-0.996268002697204,44.904256017116786],[-0.994300144883625,44.90285254742658],[-0.993011378194314,44.901145066279014],[-0.992546119553822,44.89783775458608],[-0.993360074710374,44.89594278362838],[-0.994912816124258,44.89429733456193],[-0.99707059117401,44.89304308451315],[-1.000295676815289,44.892195632370246],[-0.999294788779578,44.88815759833154],[-1.000980373046533,44.88360745648791],[-1.003455333228614,44.881646970254565],[-1.006797017197538,44.880508990807016],[-1.013388729650036,44.880182036805586],[-1.015868909217587,44.88075309501395],[-1.013984915980398,44.87785519239131],[-1.013448612711311,44.87595546324771],[-1.013722816014049,44.873939904403485],[-1.01509632959817,44.87131064919389],[-1.012819559913366,44.86921235126254],[-1.011576987363384,44.86673067058069],[-1.011581315380957,44.86474937433925],[-1.012367703079401,44.86289422812777],[-1.014559220942669,44.8607705055581],[-1.01692371281412,44.859642522860156],[-1.020455833041168,44.85900842761939],[-1.023818131659054,44.859316431324764],[-1.024030325111828,44.857013616722625],[-1.025291279725997,44.85495275522312],[-1.02551099024016,44.852703741888284],[-1.026595374401122,44.85083146159192],[-1.029861067833501,44.84851460398244],[-1.034406470073632,44.84756607587422],[-1.033322023102104,44.84409050851434],[-1.033868807896704,44.84214778841994],[-1.035184649902322,44.840401633691364],[-1.038752875326156,44.83832336069989],[-1.043276572367322,44.837687083405584],[-1.047634466907536,44.83862039953992],[-1.049796668702991,44.83986893612516],[-1.051285992418748,44.84141695224454],[-1.052644595409304,44.84130791071407],[-1.051073137620468,44.83893394626523],[-1.050895370315422,44.83630270779003],[-1.052898527826206,44.83306888185625],[-1.05264408923417,44.8311521598504],[-1.053190080081735,44.82920935285889],[-1.055967690695103,44.82635862626789],[-1.055907312085351,44.82414313552958],[-1.057157705568041,44.82166373454043],[-1.058879927350938,44.82016313121482],[-1.061185807656635,44.81905318995838],[-1.063845026713401,44.81846739113182],[-1.066565618742223,44.818451857540204],[-1.06905910832111,44.81534150865525],[-1.068157205976049,44.81211348658425],[-1.069498778377861,44.80897465379578],[-1.071220281924528,44.807473865283924],[-1.073525398021155,44.80636367227486],[-1.078376125345071,44.80572571383554],[-1.079279850127368,44.802919507550335],[-1.082156001474747,44.80041115073039],[-1.084660715852011,44.79945192525863],[-1.088258899389737,44.799064929693635],[-1.091049776146569,44.79945459777968],[-1.09404705093674,44.800705450950595],[-1.093479592149419,44.79705565059477],[-1.094819391558685,44.793916527671364],[-1.098078967044316,44.79159770767978],[-1.102969813480668,44.790645686424675],[-1.10150262887593,44.788702172944866],[-1.100961393467384,44.786096290679076],[-1.101835298509584,44.783581236142105],[-1.104020345746691,44.78145580493974],[-1.108129535489516,44.77988050452179],[-1.112736011272401,44.77988149396344],[-1.116752022471187,44.78139924701808],[-1.119441129474629,44.78419492817665],[-1.12054366833196,44.78451732973637],[-1.122749520227462,44.783153469095424],[-1.122916367372594,44.78187926275375],[-1.123922476740512,44.78078014581421],[-1.127417722273916,44.77981687752334]],[[-1.164557445078373,44.861575293549734],[-1.162094370756125,44.8611450016467],[-1.160004718264665,44.8626474990124],[-1.161266353138297,44.86425033054185],[-1.162666750144543,44.86434478166088],[-1.16501562325919,44.86270900528646],[-1.165261972722844,44.861903465699875],[-1.164557445078373,44.861575293549734]],[[-1.03987196579662,44.8952067322386],[-1.039844899692467,44.893315181857744],[-1.0373939294715,44.89016071934936],[-1.03544408238156,44.889534584160785],[-1.034493715966602,44.889670379655406],[-1.033988202728592,44.89068106782847],[-1.036297522450952,44.894298024166936],[-1.035695113354486,44.8979917272391],[-1.036081512938578,44.89863653766289],[-1.040297169763069,44.89641047225366],[-1.03987196579662,44.8952067322386]]]}},{"type":"Feature","properties":{"cluster_id":1,"snapshot_index":5,"estimated_time_utc":"2026-07-24T10:06:00Z","observed_until_utc":"2026-07-24T10:06:00Z","target_time_utc":"2026-07-24T11:38:00Z","arrival_h":22.466666666666665,"hours_ago":52.416666666666664,"supported_detections_cumulative":1936,"sources_cumulative":"MODIS_NRT, VIIRS_NOAA20_NRT, VIIRS_NOAA21_NRT, VIIRS_SNPP_NRT","last_source":"MODIS_NRT","last_satellite":"Terra","last_instrument":"MODIS","detected_area_km2":154.92770621317464,"product_type":"cumulative_active_fire_detection_extent"},"geometry":{"type":"MultiLineString","coordinates":[[[-1.212887216543059,44.81247143663512],[-1.211330145100898,44.81486118413308],[-1.208913910835346,44.81649736259248],[-1.208643242514581,44.81839466308887],[-1.207580371823596,44.8202258251138],[-1.20581633180403,44.82175851998789],[-1.20350302404857,44.82286072355132],[-1.199044317026322,44.823505513525],[-1.195447322301849,44.8228842056849],[-1.192416522078918,44.82129786081019],[-1.190293969294509,44.8188450080123],[-1.189182227878621,44.81859098767625],[-1.184856835787409,44.82102237197777],[-1.180384351428278,44.821685326628526],[-1.178719142933102,44.824463448401694],[-1.175941057097767,44.826269140076924],[-1.172456420830569,44.827157852829195],[-1.168443135406695,44.82696250271083],[-1.16615648948368,44.828943279232114],[-1.167059462941149,44.83211477403781],[-1.166158583258307,44.834714468328],[-1.164000141545589,44.836801181373644],[-1.160837722302203,44.83817101987696],[-1.156190446712387,44.83850863292712],[-1.150708751779947,44.836886061524766],[-1.146899187775369,44.83920044195261],[-1.142486550397259,44.8401532606915],[-1.138882552514425,44.83978167865322],[-1.136011847253711,44.83863149284091],[-1.134189249296578,44.840933038733304],[-1.131619447439072,44.841805059461656],[-1.129404976015415,44.841410489120875],[-1.124253574505273,44.841549506213724],[-1.119392676550223,44.840085060632845],[-1.114722843007298,44.84275781557009],[-1.11583989271622,44.84391353173799],[-1.115936697012952,44.84547955702223],[-1.114794191631028,44.84681991616669],[-1.112797428265851,44.84748279746247],[-1.110619495959727,44.847244744373796],[-1.107434648159959,44.84554272718501],[-1.106512336190965,44.84416584211982],[-1.106662922565766,44.84258651516132],[-1.105647737602143,44.84243453297913],[-1.104843970773304,44.842819028932055],[-1.104688288162671,44.84358090308688],[-1.106255877491734,44.84563659076145],[-1.106819334949873,44.847621469027],[-1.10654537451707,44.84959314839506],[-1.105203555349981,44.85219471641496],[-1.107895553628542,44.85483588517356],[-1.108805078264547,44.85729837769239],[-1.112485910013225,44.85598042945831],[-1.117310796137427,44.85602651358063],[-1.117622410569806,44.85378807181596],[-1.119936247781974,44.85253846550284],[-1.122814574602249,44.85281860132017],[-1.124802482897095,44.854637513932026],[-1.12582272584216,44.85489459123138],[-1.127298117995526,44.854655827648436],[-1.128294836622326,44.85363044425444],[-1.130798019646807,44.85256255274323],[-1.133314159720875,44.85235996127354],[-1.137413054802203,44.85076182885742],[-1.142025242179417,44.850740146095255],[-1.145931068162181,44.85216525033199],[-1.149168645335786,44.849869841426724],[-1.153581932641993,44.84891675398866],[-1.158105720878246,44.84955595327328],[-1.161923607649356,44.85190229926329],[-1.163862851706728,44.852267894082075],[-1.165261962731007,44.85328489289022],[-1.167693448891028,44.85176349278071],[-1.170259221542278,44.85099252931905],[-1.17302909480455,44.850784505921524],[-1.175764610316171,44.85115733113972],[-1.179617747755645,44.852960738676344],[-1.181836362670105,44.855885961424626],[-1.182111071269356,44.85785759622159],[-1.181569262511478,44.85980105308499],[-1.177984261425729,44.86338217038561],[-1.179822850614115,44.86649333543742],[-1.180115665426613,44.86846366230212],[-1.179570877135228,44.870451221785665],[-1.177709634753409,44.87267867499554],[-1.173832921669115,44.874535741704484],[-1.171162281804512,44.87492088437917],[-1.168387402611752,44.87474046863764],[-1.164977384280409,44.87360456514727],[-1.163043556151357,44.87223946670545],[-1.161485706763372,44.87028954962794],[-1.160104929646528,44.87009791985713],[-1.157365675609563,44.87223600257265],[-1.159230207229075,44.8752978261876],[-1.159231667293924,44.8785787941403],[-1.158166045671937,44.88040951808382],[-1.155728285092114,44.882335497546975],[-1.150674836542434,44.88374958221527],[-1.147556459229752,44.885777673729116],[-1.144014518311419,44.886688338563985],[-1.139421471409209,44.88636705544825],[-1.137013491631018,44.88545934260749],[-1.135122294634146,44.88414704567861],[-1.134947186312032,44.886677950847925],[-1.133897480528669,44.88851336552571],[-1.131066675242886,44.89065161023272],[-1.129008334928342,44.893331808347654],[-1.126191470922528,44.89485896155311],[-1.127849452749615,44.897277622772535],[-1.12804630744869,44.899951581533465],[-1.126316132408865,44.90294716546281],[-1.123532475557426,44.90475158981552],[-1.120042136488632,44.905638678580935],[-1.11558350348808,44.90538810245006],[-1.111745440127128,44.906041232846775],[-1.108969213901402,44.90585933069839],[-1.104403197967991,44.903993819306756],[-1.100809888488453,44.90436329211541],[-1.097214625393446,44.90372206140309],[-1.094238470389876,44.90215176002112],[-1.092155274307945,44.89976977346399],[-1.090890943198447,44.8995472874892],[-1.088041353250258,44.90171580557952],[-1.089887068760613,44.9047635630604],[-1.089884475044607,44.90804456075206],[-1.088297571539863,44.910425328242184],[-1.085549202182139,44.91219327150303],[-1.08205780010408,44.913079168983145],[-1.078415357836041,44.91295872557474],[-1.075779739062799,44.91218856083795],[-1.072161298691705,44.91024774527255],[-1.062619587866639,44.9113014747509],[-1.059188328056334,44.91098061141575],[-1.057525408021259,44.911453118334464],[-1.055096688953049,44.91131273164564],[-1.052980243242213,44.91245867976309],[-1.051076539589483,44.91272361657471],[-1.050562835333614,44.91559163852385],[-1.047993231590065,44.91831773457139],[-1.044869343419014,44.919654580609816],[-1.041204660409508,44.92005514432987],[-1.036778474056148,44.919119475003065],[-1.03346392528956,44.916773918014414],[-1.032228625189671,44.91433609248213],[-1.032327456426409,44.91193401431152],[-1.028493976809481,44.91013025697246],[-1.026550644305395,44.907836225811664],[-1.026008810217491,44.90527398041506],[-1.026697371282944,44.902770009730375],[-1.026031927145512,44.902065121542485],[-1.024798520028863,44.90196822146806],[-1.023474293016401,44.902676712444844],[-1.024186372778683,44.90472543570429],[-1.023427258659951,44.90624211423274],[-1.021385780795292,44.90761191260238],[-1.019562289969235,44.90800759134192],[-1.013835875334123,44.90674695658846],[-1.012570776331293,44.905851023040405],[-1.012026725935715,44.90466569715567],[-1.007262887331555,44.90580172053981],[-0.99878299373693,44.90520784054653],[-0.996268002697204,44.904256017116786],[-0.993783580312689,44.90230098998407],[-0.99254111696562,44.89981907061582],[-0.992729619428689,44.89718815203948],[-0.993769099212972,44.895396913497045],[-0.995527130008211,44.893859354973394],[-0.99783729006226,44.892750704489295],[-1.000295676815289,44.892195632370246],[-0.999294788779578,44.88815759833154],[-1.00019256596334,44.884806643138646],[-1.001494369059112,44.88305477444718],[-1.0035051529636,44.88162061227705],[-1.006857230225533,44.88049819205495],[-1.013388729650036,44.880182036805586],[-1.015868909217587,44.88075309501395],[-1.013984915980398,44.87785519239131],[-1.013448612711311,44.87595546324771],[-1.013722816014049,44.873939904403485],[-1.01509632959817,44.87131064919389],[-1.012819559913366,44.86921235126254],[-1.011576987363384,44.86673067058069],[-1.011749505993225,44.86414259322308],[-1.01283456981518,44.86227044050167],[-1.014605143981106,44.860740798336785],[-1.017726475372498,44.85940482766345],[-1.020517827956851,44.85900618058977],[-1.023818131659054,44.859316431324764],[-1.024030325111828,44.857013616722625],[-1.025291279725997,44.85495275522312],[-1.02551099024016,44.852703741888284],[-1.026595374401122,44.85083146159192],[-1.029861067833501,44.84851460398244],[-1.034406470073632,44.84756607587422],[-1.033410933562402,44.84541251069227],[-1.03358238084502,44.84282441728394],[-1.03466630531477,44.84095206415508],[-1.037156183715972,44.8390023969405],[-1.041357201725934,44.837757056156306],[-1.045056049512673,44.83787213976958],[-1.048461470592368,44.839011711367306],[-1.051285992418748,44.84141695224454],[-1.052644595409304,44.84130791071407],[-1.051073137620468,44.83893394626523],[-1.050895370315422,44.83630270779003],[-1.052898527826206,44.83306888185625],[-1.05264408923417,44.8311521598504],[-1.053190080081735,44.82920935285889],[-1.055967690695103,44.82635862626789],[-1.055907312085351,44.82414313552958],[-1.057157705568041,44.82166373454043],[-1.058879927350938,44.82016313121482],[-1.061185807656635,44.81905318995838],[-1.063845026713401,44.81846739113182],[-1.066565618742223,44.818451857540204],[-1.06905910832111,44.81534150865525],[-1.068157205976049,44.81211348658425],[-1.069498778377861,44.80897465379578],[-1.071220281924528,44.807473865283924],[-1.073525398021155,44.80636367227486],[-1.078376125345071,44.80572571383554],[-1.079279850127368,44.802919507550335],[-1.082156001474747,44.80041115073039],[-1.084660715852011,44.79945192525863],[-1.088258899389737,44.799064929693635],[-1.091049776146569,44.79945459777968],[-1.09404705093674,44.800705450950595],[-1.094352152471711,44.80023269821371],[-1.093479111735499,44.79771819542214],[-1.094023840781282,44.79511266509528],[-1.095336713515817,44.793365825061386],[-1.097305100633364,44.79196554215022],[-1.099759486040774,44.791032377697924],[-1.102969813480668,44.790645686424675],[-1.101248160830608,44.788110874786526],[-1.101052971872964,44.78543696610433],[-1.102780877247802,44.7824418904014],[-1.105559145935825,44.780638057947115],[-1.109905835035188,44.77968902352292],[-1.113626121687117,44.78007398858814],[-1.116752022471187,44.78139924701808],[-1.119441129474629,44.78419492817665],[-1.120666329618458,44.78450409510899],[-1.122749520227462,44.783153469095424],[-1.122916367372594,44.78187926275375],[-1.123922476740512,44.78078014581421],[-1.125537228257106,44.78014857710125],[-1.127200347593251,44.78010875588146],[-1.130653767929153,44.77748198881344],[-1.134127764426107,44.776578403652195],[-1.137822775943159,44.77669039297166],[-1.140452893816171,44.777459052153915],[-1.142609547565967,44.77872117256245],[-1.144204165249263,44.77865120429019],[-1.145902723182528,44.77915908583607],[-1.147417210125432,44.78120036731875],[-1.147075550641209,44.78244601942473],[-1.146072607807321,44.78338203586097],[-1.149009373481509,44.7833615828916],[-1.153540971405461,44.784408124571044],[-1.154858868435356,44.78532498001019],[-1.156642015492112,44.78782196584998],[-1.157620941533138,44.78814864781824],[-1.16209731763743,44.785756996190614],[-1.16574100573151,44.785096948341995],[-1.170026684549555,44.78566525571084],[-1.173408171904427,44.785069313514875],[-1.176178642422835,44.785249598528516],[-1.178809684584371,44.7860173498987],[-1.181138664595567,44.7874260662153],[-1.182166142100613,44.78716521487896],[-1.183691540138967,44.784911905079476],[-1.186430601707328,44.78314160901256],[-1.190776117153806,44.78218940362621],[-1.196055043944695,44.78274104932302],[-1.199806840737778,44.77939723551938],[-1.204110706638519,44.77811265923222],[-1.206892369201001,44.77811087137166],[-1.209555024249959,44.77868421884961],[-1.211823328106973,44.7797538323316],[-1.213689696649134,44.78133033377776],[-1.215508770374702,44.78105186293731],[-1.217144794500764,44.781334213233556],[-1.219004942261607,44.779422566746575],[-1.221368388296236,44.77873282361552],[-1.22466259123733,44.77961228546119],[-1.227040242220212,44.77947077599886],[-1.229502869694941,44.78032070316309],[-1.231980015157898,44.78020074992624],[-1.234419696023339,44.781035821593754],[-1.238257350043404,44.78124666833072],[-1.239782869056793,44.78243439737444],[-1.240359222456286,44.78466430095382],[-1.24259926053531,44.785467100511525],[-1.243736268132567,44.78644444999767],[-1.24453624694257,44.78966200872907],[-1.243995195102803,44.79091623616227],[-1.242687713597503,44.79184073451583],[-1.240241678532905,44.79219558031854],[-1.238176450491346,44.79150185492727],[-1.236733164721459,44.79284605344108],[-1.239362721243725,44.79369728369001],[-1.241869681181042,44.793570686903216],[-1.243810247581695,44.79421638733943],[-1.245043442794046,44.79580961425513],[-1.244577226364441,44.79759824910684],[-1.242623126170513,44.79877027168178],[-1.239871137777846,44.79891717593677],[-1.240175251253848,44.8008154308602],[-1.238490947926917,44.80244794596911],[-1.236734327180849,44.80284480489593],[-1.234239653107045,44.80246484262642],[-1.233277372698224,44.80277224360304],[-1.231827416141646,44.80613862978606],[-1.229700127067585,44.80735057837621],[-1.228838149109544,44.81080959908547],[-1.22733601656158,44.8124254215864],[-1.225198093092809,44.8136940852956],[-1.222574676668942,44.814477224451956],[-1.218939879892779,44.814615651296336],[-1.216214033917365,44.8140362322466],[-1.212887216543059,44.81247143663512]],[[-1.113067632858749,44.89124633239971],[-1.112380112599334,44.890760531457786],[-1.111298518391111,44.89080060432649],[-1.108681531245369,44.892798850307635],[-1.112691605939067,44.89247230280996],[-1.113334187841018,44.89185254389739],[-1.113067632858749,44.89124633239971]],[[-1.164130940755291,44.86151610677295],[-1.162094370756125,44.8611450016467],[-1.160004718264665,44.8626474990124],[-1.161366408134635,44.86430270682962],[-1.162773079497267,44.86429908329743],[-1.165087705347827,44.86264045898666],[-1.165120458739809,44.861668064794976],[-1.164130940755291,44.86151610677295]],[[-1.039772467669536,44.89450361970778],[-1.039844899692467,44.893315181857744],[-1.0373939294715,44.89016071934936],[-1.03544408238156,44.889534584160785],[-1.034394031197728,44.889723155322564],[-1.033988202728592,44.89068106782847],[-1.036297522450952,44.894298024166936],[-1.035695113354486,44.8979917272391],[-1.036081512938578,44.89863653766289],[-1.040297169763069,44.89641047225366],[-1.039772467669536,44.89450361970778]],[[-1.022509109506144,44.82693509855993],[-1.024718311200406,44.82482143650026],[-1.027895776528712,44.82347024351196],[-1.031557854791681,44.8230871661277],[-1.035147208850912,44.82373050468656],[-1.038117558612079,44.825302349184874],[-1.04001674969752,44.82756346617649],[-1.040555557944721,44.83016968145785],[-1.039651773576227,44.832724242111475],[-1.037442822967703,44.834838206975725],[-1.034264944344839,44.836189678419785],[-1.030602030509349,44.836572846795434],[-1.027011908066701,44.83592935846205],[-1.024041307219812,44.83435721115916],[-1.022142529428945,44.83209581571176],[-1.021604556754243,44.829489509439036],[-1.022509109506144,44.82693509855993]]]}},{"type":"Feature","properties":{"cluster_id":1,"snapshot_index":6,"estimated_time_utc":"2026-07-24T14:54:00Z","observed_until_utc":"2026-07-24T14:54:00Z","target_time_utc":"2026-07-24T17:38:00Z","arrival_h":27.266666666666666,"hours_ago":47.61666666666667,"supported_detections_cumulative":3004,"sources_cumulative":"MODIS_NRT, VIIRS_NOAA20_NRT, VIIRS_NOAA21_NRT, VIIRS_SNPP_NRT","last_source":"MODIS_NRT","last_satellite":"Aqua","last_instrument":"MODIS","detected_area_km2":210.96463188153763,"product_type":"cumulative_active_fire_detection_extent"},"geometry":{"type":"MultiLineString","coordinates":[[[-1.170441293601969,44.78332901038727],[-1.168496555781064,44.78103755983363],[-1.168034202352301,44.777816329836014],[-1.169287488878706,44.77529201114479],[-1.172489871124502,44.772993857554546],[-1.176949770919339,44.77201702612858],[-1.182358177839826,44.77277452041623],[-1.185838705979151,44.77067445593716],[-1.188400531075263,44.7699030940935],[-1.192092572243798,44.76975477128399],[-1.195781924012885,44.77045165771378],[-1.200871106870956,44.767790388933264],[-1.20359472142193,44.76738949983151],[-1.206424597348129,44.76757957766398],[-1.209718908350886,44.76867747235124],[-1.211737376559314,44.77010320877171],[-1.213050904357378,44.771849577876544],[-1.21416606665979,44.77513441013163],[-1.21511568228869,44.7752659416411],[-1.220122676778603,44.77407956419648],[-1.223843343023485,44.774460829666126],[-1.226297919007352,44.77539276879426],[-1.228229951832849,44.776756721536636],[-1.229560151265223,44.7784967405914],[-1.230108417251562,44.78032935191312],[-1.232284418069227,44.780242859322854],[-1.234652883501523,44.781064244304005],[-1.237224198337163,44.780952819726735],[-1.23912626190274,44.78174145506178],[-1.240015397955372,44.78289059624143],[-1.240284925075514,44.784589902633755],[-1.24259926053531,44.785467100511525],[-1.24376303520817,44.78648427255343],[-1.244498477174136,44.789925600957794],[-1.243824087642635,44.791100440407604],[-1.24241486205348,44.791945748007564],[-1.240180306704343,44.792189303663996],[-1.238176450491346,44.79150185492727],[-1.236733164721459,44.79284605344108],[-1.239362721243725,44.79369728369001],[-1.241808307669793,44.79356441114676],[-1.24351959755698,44.79405093959113],[-1.244874737845565,44.795339385540785],[-1.244975052457762,44.796905270917534],[-1.243237967912762,44.798560730205836],[-1.239871137777846,44.79891717593677],[-1.240190041175862,44.80077255501752],[-1.238748087217539,44.80232440288407],[-1.237042907490513,44.80282215304673],[-1.234239653107045,44.80246484262642],[-1.233277372698224,44.80277224360304],[-1.231827416141646,44.80613862978606],[-1.229700127067585,44.80735057837621],[-1.228864416217391,44.810769603931746],[-1.226637181338071,44.81292730844597],[-1.223523407365364,44.81426912754283],[-1.220797663303903,44.81467051270516],[-1.217965367813899,44.81448079875102],[-1.215128191141568,44.81359987972544],[-1.212536932640147,44.815264651860865],[-1.208913910835346,44.81649736259248],[-1.208643242514581,44.81839466308887],[-1.207612039227468,44.82018786122769],[-1.204323657169662,44.82254788397789],[-1.199975250494719,44.82350063325088],[-1.196251499543128,44.823118560314974],[-1.193121404950096,44.82179552531275],[-1.190293969294509,44.8188450080123],[-1.189063757123178,44.81860958240407],[-1.184856835787409,44.82102237197777],[-1.180384351428278,44.821685326628526],[-1.178719142933102,44.824463448401694],[-1.175994148360672,44.82624629860819],[-1.172456420830569,44.827157852829195],[-1.168443135406695,44.82696250271083],[-1.166839363061838,44.8284988455077],[-1.167058591890613,44.83194658559391],[-1.169039178223878,44.83388119359375],[-1.169875393551599,44.83581674369213],[-1.169140125455584,44.84011621706661],[-1.172177127376233,44.84291078593542],[-1.173297305499645,44.846493682812756],[-1.174475737482495,44.84688632304013],[-1.178580694465632,44.84580883277708],[-1.182340606869054,44.84592990447556],[-1.185689035308092,44.84705470501901],[-1.188590543453504,44.849549672597625],[-1.189519609950655,44.852144406064326],[-1.18866681438849,44.85569251647065],[-1.191276669972631,44.85795738308834],[-1.192361375461011,44.85978230093271],[-1.192651797766622,44.8617966964677],[-1.192110315797737,44.86374020720914],[-1.190249793263273,44.86596786581664],[-1.188108993621094,44.867235836781845],[-1.181361850635634,44.86860092813367],[-1.182459788828951,44.87238091757943],[-1.181942393414489,44.874989408394335],[-1.180060400573418,44.87725853167025],[-1.177016464086134,44.87887005994504],[-1.175628763195848,44.88027573697853],[-1.173611622551506,44.880795005959335],[-1.171053426290544,44.88050159812133],[-1.168319359953458,44.881267346870814],[-1.165404952745908,44.880433875670136],[-1.161117817452898,44.881731478137795],[-1.156978514570131,44.88152941165844],[-1.156120095306234,44.8834409004642],[-1.154777273058057,44.8844023396475],[-1.152326650587979,44.88475525671941],[-1.150234936248709,44.88404280982121],[-1.148278131002506,44.88543230601516],[-1.145195775709941,44.886502935294715],[-1.145584887723826,44.889620094925796],[-1.143819136214767,44.89265149393871],[-1.14030741241255,44.89471416861099],[-1.135123666879838,44.89540164148113],[-1.134252183253073,44.89608960335478],[-1.135507937602063,44.89954901394744],[-1.134683145826556,44.90317973889286],[-1.137279012758538,44.90538907197782],[-1.138527999128756,44.90786937277113],[-1.138528150318933,44.90985069810365],[-1.137311154924197,44.91229313957942],[-1.135510532361147,44.913862705880156],[-1.132388979354687,44.91520200929971],[-1.128663141596162,44.91560343280524],[-1.124178483281013,44.9148596018883],[-1.120710154053922,44.91695145224761],[-1.120348269180254,44.91767714744318],[-1.121214228707042,44.92088869906486],[-1.120336196155454,44.92344812264152],[-1.118801524332721,44.92510250268477],[-1.116603643583843,44.9263919325457],[-1.114026654838388,44.92714971816369],[-1.11093071388947,44.92732166074229],[-1.112427287345227,44.929351557080054],[-1.111213816308507,44.931450304335094],[-1.109534299082598,44.93209254974069],[-1.106834605391784,44.93201491944787],[-1.104684083596379,44.9327925897421],[-1.101992049057959,44.932716480768704],[-1.099843868568954,44.93349262965192],[-1.097267819180104,44.93340170516427],[-1.095053906707217,44.934181822892455],[-1.093146413635781,44.93418556421726],[-1.09130157209933,44.93340499828818],[-1.089692479418747,44.93170741889166],[-1.083809516566443,44.93188791977946],[-1.079593397788924,44.93065651854628],[-1.077054887828849,44.92867712920386],[-1.075612633914935,44.92514192702564],[-1.074882253231409,44.92465384125625],[-1.071097982368343,44.92394083169051],[-1.065963668005671,44.926558949400736],[-1.062357152602796,44.92694523721331],[-1.059618697860903,44.92656960872659],[-1.055764366808145,44.9247619964541],[-1.054202127113245,44.92312069576637],[-1.053414757823629,44.92135814726737],[-1.051617347336838,44.9207293941046],[-1.050551092794565,44.91959693095542],[-1.046957788946287,44.920251566262465],[-1.041142586112701,44.920053070127466],[-1.03846668372269,44.91967899550963],[-1.036000358353758,44.918754295454065],[-1.033052078708834,44.916229059113064],[-1.032128575691871,44.91341250601617],[-1.028774899866937,44.91350358071607],[-1.025217754565191,44.91283774341245],[-1.02015630405946,44.91542529465639],[-1.017424199762684,44.91582169429208],[-1.014647797421941,44.9156374350111],[-1.012066280800435,44.91488839067316],[-1.009860222052908,44.913606425699115],[-1.006851385659986,44.90998841925423],[-1.006476520310323,44.90865854014605],[-0.999220021171712,44.90906680395385],[-0.995785173247616,44.908197669000074],[-0.993621540884131,44.9069480533767],[-0.992061615171545,44.90530588865664],[-0.991239704727336,44.903412624879465],[-0.991958256589633,44.89910844178145],[-0.989426104075593,44.89694849916664],[-0.988332103880021,44.89507877036436],[-0.98814807352186,44.89249106764762],[-0.98897112523512,44.89055244947787],[-0.990523846195683,44.8889070645185],[-0.993448160235983,44.887360552590984],[-0.99617274110323,44.88676981995731],[-0.999567689459504,44.88685851045321],[-1.001012215815258,44.883569550926275],[-1.002737837134201,44.88206978951247],[-1.005047369641121,44.880960993171044],[-1.007771517842612,44.88036997721464],[-1.013078086454958,44.8801824204833],[-1.01580278242717,44.88086814715125],[-1.013448612711311,44.87595546324771],[-1.013722816014049,44.873939904403485],[-1.01509632959817,44.87131064919389],[-1.012851571033446,44.86925018141332],[-1.011772519339074,44.86742350890872],[-1.011488557168653,44.865408641889395],[-1.012036304828686,44.86346601607514],[-1.013903808909655,44.86124135113148],[-1.016867644132942,44.85966147091686],[-1.020455833041168,44.85900842761939],[-1.023818131659054,44.859316431324764],[-1.024030325111828,44.857013616722625],[-1.025291279725997,44.85495275522312],[-1.02551099024016,44.852703741888284],[-1.026563567457674,44.85086937409086],[-1.029036192153916,44.8489083383635],[-1.033051108304291,44.8476707862419],[-1.033962955458764,44.846877071502256],[-1.033695868935636,44.84631302257598],[-1.029237160174268,44.84503759781473],[-1.026754209539952,44.84308334472325],[-1.025707212258858,44.84129464884497],[-1.025419954826353,44.839323935826705],[-1.026977911752338,44.83591648830861],[-1.023451609691076,44.83384446304818],[-1.021693168426957,44.83081151467174],[-1.021865110854287,44.82822345176569],[-1.022949144087975,44.82635122205988],[-1.025389023342531,44.82442819442424],[-1.028128893275853,44.823419567572735],[-1.027885859112948,44.82154004665579],[-1.028733453931569,44.81867924277148],[-1.025707000080317,44.81583839868643],[-1.024786097891214,44.813242330762414],[-1.025665112917956,44.810065307459446],[-1.027854068756826,44.80794135925792],[-1.03021607167518,44.806813113027104],[-1.03288035189344,44.80624044989369],[-1.035602041228933,44.80623656847959],[-1.039303635398465,44.80689204568653],[-1.042580407701412,44.80487802507835],[-1.046057510803284,44.80397719191789],[-1.04884041292797,44.80396641349139],[-1.052550992458539,44.804624847409876],[-1.056703520846963,44.80227408837158],[-1.062277495451849,44.8014442590996],[-1.062731134001189,44.800659291352495],[-1.061456930267785,44.79683701796603],[-1.06236204331256,44.79423820881345],[-1.063909956292525,44.79259185040981],[-1.066062288541529,44.79133630227306],[-1.072697455495888,44.78999746389097],[-1.07171463800307,44.784928173712814],[-1.072533234367356,44.782989005717994],[-1.074080539946524,44.78134251168905],[-1.077854298644716,44.779536754113806],[-1.082885321957664,44.77874866117133],[-1.081803497411784,44.77427465595995],[-1.082347928943405,44.77233174295681],[-1.083660632548805,44.770585054835855],[-1.086349069080661,44.768840038213426],[-1.088972249816003,44.768060133909785],[-1.091740170714055,44.767867034977826],[-1.0964445018011,44.76855834880493],[-1.098927462181239,44.76687567143253],[-1.102270795609109,44.765750414926494],[-1.105902718244689,44.76561581323737],[-1.109529588978291,44.76630852369358],[-1.11301980046927,44.76420841859941],[-1.116501475522327,44.76332159172618],[-1.119282407841213,44.76332200206873],[-1.122710313668091,44.76418727743365],[-1.12491308220965,44.765466938417596],[-1.126792676963204,44.76768500130715],[-1.127358841139553,44.77028815897126],[-1.126494872377903,44.7732272167579],[-1.129078663601397,44.775482021825944],[-1.13026528288079,44.777668166911226],[-1.13327673692582,44.77670103381074],[-1.136909292192779,44.77656541562097],[-1.140399620820838,44.77743648163488],[-1.142609547565967,44.77872117256245],[-1.145541118935095,44.77898826680044],[-1.146858758532441,44.77990521561671],[-1.14741395569516,44.78115627855059],[-1.147075550641209,44.78244601942473],[-1.146072607807321,44.78338203586097],[-1.149861642304261,44.783480134210464],[-1.153594256278783,44.784430688828905],[-1.157136788907236,44.788081343294905],[-1.158322563206092,44.78799513253025],[-1.160509895431166,44.786445201664776],[-1.163012649940972,44.78548421169549],[-1.166620995583322,44.78487273383324],[-1.169435193696333,44.785327796181974],[-1.170769322433865,44.783560890922665],[-1.170441293601969,44.78332901038727]],[[-1.088169139504933,44.797086083811436],[-1.089306263291886,44.79618791715176],[-1.088019883093408,44.79288496821966],[-1.086008633394988,44.792935998536294],[-1.084251492879093,44.792246132852476],[-1.079333739837474,44.79301265999209],[-1.079147390674931,44.793688836090716],[-1.080967461861584,44.79805931753139],[-1.088169139504933,44.797086083811436]],[[-1.106520347486168,44.92698412842362],[-1.106655747072168,44.92716282593335],[-1.108005357524303,44.92680733285346],[-1.106822673545266,44.926620372724415],[-1.106520347486168,44.92698412842362]],[[-1.035196942541081,44.88951763858112],[-1.034218817283107,44.88984820849725],[-1.033950405643432,44.89056063739823],[-1.035836817947579,44.889639173469135],[-1.035196942541081,44.88951763858112]]]}},{"type":"Feature","properties":{"cluster_id":1,"snapshot_index":7,"estimated_time_utc":"2026-07-24T19:36:00Z","observed_until_utc":"2026-07-24T19:36:00Z","target_time_utc":"2026-07-24T23:38:00Z","arrival_h":31.966666666666665,"hours_ago":42.916666666666664,"supported_detections_cumulative":3005,"sources_cumulative":"MODIS_NRT, VIIRS_NOAA20_NRT, VIIRS_NOAA21_NRT, VIIRS_SNPP_NRT","last_source":"MODIS_NRT","last_satellite":"Terra","last_instrument":"MODIS","detected_area_km2":211.6383278582837,"product_type":"cumulative_active_fire_detection_extent"},"geometry":{"type":"MultiLineString","coordinates":[[[-1.170399491506256,44.783296408382085],[-1.168241418130872,44.78044641718629],[-1.16804307076345,44.77777263443171],[-1.169287488878706,44.77529201114479],[-1.172489871124502,44.772993857554546],[-1.176949770919339,44.77201702612858],[-1.182358177839826,44.77277452041623],[-1.185838705979151,44.77067445593716],[-1.188400531075263,44.7699030940935],[-1.192092572243798,44.76975477128399],[-1.195781924012885,44.77045165771378],[-1.200871106870956,44.767790388933264],[-1.20359472142193,44.76738949983151],[-1.206424597348129,44.76757957766398],[-1.209718908350886,44.76867747235124],[-1.211737376559314,44.77010320877171],[-1.213050904357378,44.771849577876544],[-1.21416606665979,44.77513441013163],[-1.21511568228869,44.7752659416411],[-1.220122676778603,44.77407956419648],[-1.223843343023485,44.774460829666126],[-1.226297919007352,44.77539276879426],[-1.228229951832849,44.776756721536636],[-1.229560151265223,44.7784967405914],[-1.230108417251562,44.78032935191312],[-1.232284418069227,44.780242859322854],[-1.234652883501523,44.781064244304005],[-1.237224198337163,44.780952819726735],[-1.23912626190274,44.78174145506178],[-1.240015397955372,44.78289059624143],[-1.240284925075514,44.784589902633755],[-1.24259926053531,44.785467100511525],[-1.24376303520817,44.78648427255343],[-1.244498477174136,44.789925600957794],[-1.243824087642635,44.791100440407604],[-1.24241486205348,44.791945748007564],[-1.240180306704343,44.792189303663996],[-1.238176450491346,44.79150185492727],[-1.236733164721459,44.79284605344108],[-1.239362721243725,44.79369728369001],[-1.241808307669793,44.79356441114676],[-1.24351959755698,44.79405093959113],[-1.244853576530544,44.79529788641805],[-1.244989837690781,44.796862394491626],[-1.243237967912762,44.798560730205836],[-1.239871137777846,44.79891717593677],[-1.240190041175862,44.80077255501752],[-1.238748087217539,44.80232440288407],[-1.237042907490513,44.80282215304673],[-1.234239653107045,44.80246484262642],[-1.233277372698224,44.80277224360304],[-1.231827416141646,44.80613862978606],[-1.229700127067585,44.80735057837621],[-1.228864416217391,44.810769603931746],[-1.226637181338071,44.81292730844597],[-1.223523407365364,44.81426912754283],[-1.220797663303903,44.81467051270516],[-1.217965367813899,44.81448079875102],[-1.215128191141568,44.81359987972544],[-1.212536932640147,44.815264651860865],[-1.208913910835346,44.81649736259248],[-1.208643242514581,44.81839466308887],[-1.207612039227468,44.82018786122769],[-1.204323657169662,44.82254788397789],[-1.199975250494719,44.82350063325088],[-1.196251499543128,44.823118560314974],[-1.193121404950096,44.82179552531275],[-1.190293969294509,44.8188450080123],[-1.189063757123178,44.81860958240407],[-1.184856835787409,44.82102237197777],[-1.180384351428278,44.821685326628526],[-1.178719142933102,44.824463448401694],[-1.175994148360672,44.82624629860819],[-1.172456420830569,44.827157852829195],[-1.168443135406695,44.82696250271083],[-1.166839363061838,44.8284988455077],[-1.167058591890613,44.83194658559391],[-1.169039178223878,44.83388119359375],[-1.169875393551599,44.83581674369213],[-1.169109504394497,44.84003059090752],[-1.172177127376233,44.84291078593542],[-1.173233054549395,44.8464180701522],[-1.174475737482495,44.84688632304013],[-1.178580694465632,44.84580883277708],[-1.182280347818479,44.84591934293574],[-1.184914315017374,44.8466869650163],[-1.187622546649658,44.848419398031915],[-1.188953185066258,44.85015994579009],[-1.189516318361694,44.85210031749551],[-1.18866681438849,44.85569251647065],[-1.192105628883961,44.85919119776041],[-1.192651108710354,44.86113413773878],[-1.192380096061851,44.8631060363677],[-1.190835592591392,44.865452665303216],[-1.188830177592319,44.866890207654876],[-1.186373958237661,44.86782536633718],[-1.181361850635634,44.86860092813367],[-1.182459788828951,44.87238091757943],[-1.181942393414489,44.874989408394335],[-1.180060400573418,44.87725853167025],[-1.177016464086134,44.87887005994504],[-1.175678500760436,44.880249301843754],[-1.173611622551506,44.880795005959335],[-1.171053426290544,44.88050159812133],[-1.168319359953458,44.881267346870814],[-1.165404952745908,44.880433875670136],[-1.161117817452898,44.881731478137795],[-1.156978514570131,44.88152941165844],[-1.156120095306234,44.8834409004642],[-1.154503807325339,44.884507139936986],[-1.152265187434113,44.8847489312212],[-1.150234936248709,44.88404280982121],[-1.148278131002506,44.88543230601516],[-1.145195775709941,44.886502935294715],[-1.145418067795487,44.89022708278663],[-1.143227896614956,44.89316371336417],[-1.139448602423031,44.89497176268032],[-1.134513548051406,44.89569346838974],[-1.134253799325092,44.89644089948109],[-1.135507937602063,44.89954901394744],[-1.134652542933331,44.90309410152202],[-1.13771854020967,44.90597339200772],[-1.138619489261984,44.90919131611672],[-1.137745276781837,44.911706762756474],[-1.13565717625033,44.91376089282227],[-1.135206502879692,44.91703482679941],[-1.132686856205892,44.919733123071026],[-1.130322161769653,44.920863591184926],[-1.126787392194767,44.92150119345622],[-1.123950023141321,44.92130907282882],[-1.121212418821728,44.92047452310168],[-1.120336196155454,44.92344812264152],[-1.118146236202488,44.92557397265329],[-1.114919239130375,44.92695754232645],[-1.11093071388947,44.92732166074229],[-1.112194240427737,44.92853209885052],[-1.112395805147977,44.929836391862835],[-1.111708030793427,44.93105417192608],[-1.110293299729313,44.93189783712715],[-1.106834605391784,44.93201491944787],[-1.104684083596379,44.9327925897421],[-1.101992049057959,44.932716480768704],[-1.099904120520903,44.933481780284914],[-1.097144826742609,44.93341491453639],[-1.095351208543794,44.93411712267174],[-1.093573395480783,44.93424502499445],[-1.091522037897229,44.93356074731702],[-1.089692479418747,44.93170741889166],[-1.083809516566443,44.93188791977946],[-1.079593397788924,44.93065651854628],[-1.077054887828849,44.92867712920386],[-1.075612633914935,44.92514192702564],[-1.074882253231409,44.92465384125625],[-1.071097982368343,44.92394083169051],[-1.065963668005671,44.926558949400736],[-1.062357152602796,44.92694523721331],[-1.059618697860903,44.92656960872659],[-1.055764366808145,44.9247619964541],[-1.054202127113245,44.92312069576637],[-1.053414757823629,44.92135814726737],[-1.051617347336838,44.9207293941046],[-1.050551092794565,44.91959693095542],[-1.046957788946287,44.920251566262465],[-1.041142586112701,44.920053070127466],[-1.03846668372269,44.91967899550963],[-1.036000358353758,44.918754295454065],[-1.033052078708834,44.916229059113064],[-1.032128575691871,44.91341250601617],[-1.028774899866937,44.91350358071607],[-1.025217754565191,44.91283774341245],[-1.02015630405946,44.91542529465639],[-1.017424199762684,44.91582169429208],[-1.014647797421941,44.9156374350111],[-1.012066280800435,44.91488839067316],[-1.009860222052908,44.913606425699115],[-1.006851385659986,44.90998841925423],[-1.006476520310323,44.90865854014605],[-0.999220021171712,44.90906680395385],[-0.995785173247616,44.908197669000074],[-0.993621540884131,44.9069480533767],[-0.992061615171545,44.90530588865664],[-0.991239704727336,44.903412624879465],[-0.991958256589633,44.89910844178145],[-0.989426104075593,44.89694849916664],[-0.988332103880021,44.89507877036436],[-0.98814807352186,44.89249106764762],[-0.98897112523512,44.89055244947787],[-0.990523846195683,44.8889070645185],[-0.993448160235983,44.887360552590984],[-0.99617274110323,44.88676981995731],[-0.999567689459504,44.88685851045321],[-1.001012215815258,44.883569550926275],[-1.002737837134201,44.88206978951247],[-1.005047369641121,44.880960993171044],[-1.007771517842612,44.88036997721464],[-1.013078086454958,44.8801824204833],[-1.01580278242717,44.88086814715125],[-1.013448612711311,44.87595546324771],[-1.013722816014049,44.873939904403485],[-1.01509632959817,44.87131064919389],[-1.012851571033446,44.86925018141332],[-1.011772519339074,44.86742350890872],[-1.011488557168653,44.865408641889395],[-1.012036304828686,44.86346601607514],[-1.013903808909655,44.86124135113148],[-1.016867644132942,44.85966147091686],[-1.020455833041168,44.85900842761939],[-1.023818131659054,44.859316431324764],[-1.024030325111828,44.857013616722625],[-1.025291279725997,44.85495275522312],[-1.02551099024016,44.852703741888284],[-1.026563567457674,44.85086937409086],[-1.029036192153916,44.8489083383635],[-1.033051108304291,44.8476707862419],[-1.033962955458764,44.846877071502256],[-1.033695868935636,44.84631302257598],[-1.029237160174268,44.84503759781473],[-1.026754209539952,44.84308334472325],[-1.025707212258858,44.84129464884497],[-1.025419954826353,44.839323935826705],[-1.026977911752338,44.83591648830861],[-1.023451609691076,44.83384446304818],[-1.021693168426957,44.83081151467174],[-1.021865110854287,44.82822345176569],[-1.022949144087975,44.82635122205988],[-1.025389023342531,44.82442819442424],[-1.028128893275853,44.823419567572735],[-1.027885859112948,44.82154004665579],[-1.028733453931569,44.81867924277148],[-1.025707000080317,44.81583839868643],[-1.024786097891214,44.813242330762414],[-1.025665112917956,44.810065307459446],[-1.027854068756826,44.80794135925792],[-1.03021607167518,44.806813113027104],[-1.03288035189344,44.80624044989369],[-1.035602041228933,44.80623656847959],[-1.039303635398465,44.80689204568653],[-1.042580407701412,44.80487802507835],[-1.046057510803284,44.80397719191789],[-1.04884041292797,44.80396641349139],[-1.052550992458539,44.804624847409876],[-1.056703520846963,44.80227408837158],[-1.062277495451849,44.8014442590996],[-1.062731134001189,44.800659291352495],[-1.061456930267785,44.79683701796603],[-1.06236204331256,44.79423820881345],[-1.063909956292525,44.79259185040981],[-1.066062288541529,44.79133630227306],[-1.072697455495888,44.78999746389097],[-1.07171463800307,44.784928173712814],[-1.072533234367356,44.782989005717994],[-1.074080539946524,44.78134251168905],[-1.077854298644716,44.779536754113806],[-1.082885321957664,44.77874866117133],[-1.081803497411784,44.77427465595995],[-1.082347928943405,44.77233174295681],[-1.083660632548805,44.770585054835855],[-1.086349069080661,44.768840038213426],[-1.088972249816003,44.768060133909785],[-1.091740170714055,44.767867034977826],[-1.0964445018011,44.76855834880493],[-1.098927462181239,44.76687567143253],[-1.102270795609109,44.765750414926494],[-1.105902718244689,44.76561581323737],[-1.109529588978291,44.76630852369358],[-1.11301980046927,44.76420841859941],[-1.116501475522327,44.76332159172618],[-1.119282407841213,44.76332200206873],[-1.122710313668091,44.76418727743365],[-1.12491308220965,44.765466938417596],[-1.126792676963204,44.76768500130715],[-1.127358841139553,44.77028815897126],[-1.126494872377903,44.7732272167579],[-1.129078663601397,44.775482021825944],[-1.13026528288079,44.777668166911226],[-1.13327673692582,44.77670103381074],[-1.136909292192779,44.77656541562097],[-1.140399620820838,44.77743648163488],[-1.142609547565967,44.77872117256245],[-1.145541118935095,44.77898826680044],[-1.146858758532441,44.77990521561671],[-1.14741395569516,44.78115627855059],[-1.147075550641209,44.78244601942473],[-1.146072607807321,44.78338203586097],[-1.149861642304261,44.783480134210464],[-1.153594256278783,44.784430688828905],[-1.157136788907236,44.788081343294905],[-1.158322563206092,44.78799513253025],[-1.160509895431166,44.786445201664776],[-1.163012649940972,44.78548421169549],[-1.166620995583322,44.78487273383324],[-1.169435193696333,44.785327796181974],[-1.170769322433865,44.783560890922665],[-1.170399491506256,44.783296408382085]],[[-1.088291835823557,44.79707288494436],[-1.089306263291886,44.79618791715176],[-1.088019883093408,44.79288496821966],[-1.086008633394988,44.792935998536294],[-1.084251492879093,44.792246132852476],[-1.079333739837474,44.79301265999209],[-1.079147390674931,44.793688836090716],[-1.080967461861584,44.79805931753139],[-1.088291835823557,44.79707288494436]],[[-1.106655747072168,44.92716282593335],[-1.107309837117751,44.926938027528905],[-1.108005357524303,44.92680733285346],[-1.106585132313598,44.92667210124897],[-1.106655747072168,44.92716282593335]],[[-1.035072811679023,44.889522151762925],[-1.034218817283107,44.88984820849725],[-1.033950405643432,44.89056063739823],[-1.035836817947579,44.889639173469135],[-1.035072811679023,44.889522151762925]]]}},{"type":"Feature","properties":{"cluster_id":1,"snapshot_index":8,"estimated_time_utc":"2026-07-25T04:25:00Z","observed_until_utc":"2026-07-25T04:25:00Z","target_time_utc":"2026-07-25T05:38:00Z","arrival_h":40.78333333333333,"hours_ago":34.1,"supported_detections_cumulative":3897,"sources_cumulative":"MODIS_NRT, VIIRS_NOAA20_NRT, VIIRS_NOAA21_NRT, VIIRS_SNPP_NRT","last_source":"MODIS_NRT","last_satellite":"Aqua","last_instrument":"MODIS","detected_area_km2":321.2665881529481,"product_type":"cumulative_active_fire_detection_extent"},"geometry":{"type":"MultiLineString","coordinates":[[[-1.052966947569646,44.75600531909297],[-1.055469933202902,44.757049128816114],[-1.056204006723979,44.75904827478454],[-1.054738999268907,44.76083171675277],[-1.051933003275248,44.76135468100276],[-1.049429891712375,44.760310789819954],[-1.048696042431126,44.75831159810506],[-1.050161175815816,44.756528237596484],[-1.052966947569646,44.75600531909297]],[[-1.054070947112472,44.77703125260462],[-1.052757174157728,44.77877759408456],[-1.050788139765451,44.78017707969639],[-1.04839173604182,44.78109419234505],[-1.045666356755789,44.78149126891545],[-1.042896493639446,44.78130772329839],[-1.040320766922752,44.78055936787108],[-1.036241511233053,44.77784391637619],[-1.032108553985272,44.7787294990901],[-1.028414762568086,44.77859677913375],[-1.025073561913481,44.777467262294266],[-1.022593738899683,44.775512960372104],[-1.021352805064453,44.77303146631061],[-1.02153953507524,44.770400608418456],[-1.022607517598197,44.768571264766805],[-1.024374876794382,44.76704151465728],[-1.026689392944945,44.7659430696172],[-1.029351773390745,44.76537049923126],[-1.032984553775417,44.765492545088904],[-1.035760235017659,44.76633360255637],[-1.039530517259626,44.764912299578356],[-1.041338989506545,44.76466417690215],[-1.044280002479983,44.765556746379396],[-1.046588740141351,44.76526416644618],[-1.04895522922844,44.765773010568324],[-1.051548426728664,44.76551169812603],[-1.053474277400165,44.765988498989216],[-1.055726396338652,44.765692082782564],[-1.058098213132588,44.76620438642246],[-1.060026164008266,44.76591259146518],[-1.062773701861557,44.766426503056344],[-1.065007860612293,44.76613413101494],[-1.067392016846523,44.76664999808678],[-1.069575733797444,44.76635206391236],[-1.071991776446544,44.76685712174231],[-1.074165514199026,44.766562057685206],[-1.076512329842486,44.76706326621813],[-1.07911580331294,44.7667951871821],[-1.081184028836071,44.76728649873647],[-1.083725586121083,44.76701516553034],[-1.085736940219197,44.76750789279701],[-1.08835536797474,44.76723514379476],[-1.090365042326678,44.767896595975266],[-1.095961025507347,44.76862791656577],[-1.101380725978448,44.76594247915016],[-1.105038557161703,44.76555698407181],[-1.109529588978291,44.76630852369358],[-1.113840080637166,44.76389625471657],[-1.116501475522327,44.76332159172618],[-1.119282407841213,44.76332200206873],[-1.123486853822952,44.76455183130276],[-1.126019590758452,44.766530054715155],[-1.12735284018683,44.769625634082104],[-1.1265253921929,44.77331285273807],[-1.129078663601397,44.775482021825944],[-1.13026528288079,44.777668166911226],[-1.13327673692582,44.77670103381074],[-1.136909292192779,44.77656541562097],[-1.140399620820838,44.77743648163488],[-1.142609547565967,44.77872117256245],[-1.145541118935095,44.77898826680044],[-1.146858758532441,44.77990521561671],[-1.14741395569516,44.78115627855059],[-1.147075550641209,44.78244601942473],[-1.146072607807321,44.78338203586097],[-1.149009373481509,44.7833615828916],[-1.153540971405461,44.784408124571044],[-1.154858868435356,44.78532498001019],[-1.156642015492112,44.78782196584998],[-1.157620941533138,44.78814864781824],[-1.163012649940972,44.78548421169549],[-1.166620995583322,44.78487273383324],[-1.169435193696333,44.785327796181974],[-1.170769322433865,44.783560890922665],[-1.16887963763639,44.78168939811131],[-1.168034356183014,44.77968486430419],[-1.165569981764207,44.779514229817444],[-1.163921915343807,44.77847537389109],[-1.163366377449746,44.77722439480622],[-1.163704377506381,44.775934606556085],[-1.165544759150266,44.77461411295833],[-1.168817224859934,44.7742744592885],[-1.170371217913152,44.77258123161048],[-1.172843997462543,44.771862585967305],[-1.174405676994635,44.7705781220576],[-1.177498648650525,44.7695239583383],[-1.17947351745263,44.769420625348616],[-1.17983081831862,44.76804512708935],[-1.18126248558777,44.766911089172034],[-1.183452185129356,44.76651391157093],[-1.185761129002216,44.767187720680035],[-1.186930406979598,44.7685651390584],[-1.186687469629292,44.770347156661785],[-1.191166344148387,44.76969462374229],[-1.195781924012885,44.77045165771378],[-1.200070427752963,44.768029400445826],[-1.202731135624692,44.76745266640021],[-1.205450930140518,44.76744461734636],[-1.208941752839992,44.76831352232978],[-1.211700245489714,44.77006785969028],[-1.213050904357378,44.771849577876544],[-1.21416606665979,44.77513441013163],[-1.21511568228869,44.7752659416411],[-1.220122676778603,44.77407956419648],[-1.223843343023485,44.774460829666126],[-1.226297919007352,44.77539276879426],[-1.228229951832849,44.776756721536636],[-1.229560151265223,44.7784967405914],[-1.230108417251562,44.78032935191312],[-1.232284418069227,44.780242859322854],[-1.234652883501523,44.781064244304005],[-1.237224198337163,44.780952819726735],[-1.23912626190274,44.78174145506178],[-1.240015397955372,44.78289059624143],[-1.240284925075514,44.784589902633755],[-1.24259926053531,44.785467100511525],[-1.24376303520817,44.78648427255343],[-1.244498477174136,44.789925600957794],[-1.243824087642635,44.791100440407604],[-1.24241486205348,44.791945748007564],[-1.240180306704343,44.792189303663996],[-1.238176450491346,44.79150185492727],[-1.236733164721459,44.79284605344108],[-1.239362721243725,44.79369728369001],[-1.243207574083078,44.79390657308562],[-1.244559279618469,44.79486012736604],[-1.245088004305389,44.796117030442964],[-1.244722168883585,44.79740298766189],[-1.243597749699796,44.79838783787261],[-1.241904392917133,44.79890544561894],[-1.239871137777846,44.79891717593677],[-1.240190041175862,44.80077255501752],[-1.238797726120769,44.80229794016326],[-1.237042907490513,44.80282215304673],[-1.234239653107045,44.80246484262642],[-1.233202232251338,44.8028396182948],[-1.231827416141646,44.80613862978606],[-1.229700127067585,44.80735057837621],[-1.228864416217391,44.810769603931746],[-1.226637181338071,44.81292730844597],[-1.223523407365364,44.81426912754283],[-1.220797663303903,44.81467051270516],[-1.214991784968844,44.813719231672145],[-1.210747234110036,44.81648853139526],[-1.208916992870313,44.81701776735036],[-1.207612039227468,44.82018786122769],[-1.204323657169662,44.82254788397789],[-1.200839700699439,44.82343748694813],[-1.197202817974669,44.82332094050743],[-1.19384531251754,44.82221209824682],[-1.191661763369601,44.820613181917096],[-1.190690182307169,44.82288160237303],[-1.187687831534848,44.82375614648218],[-1.180384351428278,44.821685326628526],[-1.179199160010822,44.82394791161512],[-1.176714880789334,44.82590075277067],[-1.17251775490924,44.8271512107283],[-1.168443135406695,44.82696250271083],[-1.166839363061838,44.8284988455077],[-1.167058591890613,44.83194658559391],[-1.169039178223878,44.83388119359375],[-1.169875393551599,44.83581674369213],[-1.169140125455584,44.84011621706661],[-1.172177127376233,44.84291078593542],[-1.173297305499645,44.846493682812756],[-1.174475737482495,44.84688632304013],[-1.178580694465632,44.84580883277708],[-1.182340606869054,44.84592990447556],[-1.185689035308092,44.84705470501901],[-1.188590543453504,44.849549672597625],[-1.189519609950655,44.852144406064326],[-1.188697473803807,44.85577813766584],[-1.191308794800907,44.8579951615602],[-1.192549758399934,44.860431170914026],[-1.19257003303281,44.86241241433944],[-1.191780743559343,44.86431253033017],[-1.190249793263273,44.86596786581664],[-1.188055868532352,44.86725868435101],[-1.181361850635634,44.86860092813367],[-1.182459788828951,44.87238091757943],[-1.181942393414489,44.874989408394335],[-1.180060400573418,44.87725853167025],[-1.177016464086134,44.87887005994504],[-1.175678500760436,44.880249301843754],[-1.173611622551506,44.880795005959335],[-1.171339577206695,44.880484906421245],[-1.169738610625163,44.88216585753071],[-1.165913656776392,44.88272821367374],[-1.164472395076997,44.88430230012802],[-1.162636207660964,44.88509119666623],[-1.160730387850452,44.88509609756949],[-1.158627114651497,44.884302218131445],[-1.155397283801964,44.884431018549094],[-1.153653229828841,44.886189290109236],[-1.152035744350782,44.88682129027213],[-1.14977370360217,44.8867478999932],[-1.147847893518295,44.88563820420221],[-1.145195775709941,44.886502935294715],[-1.145418067795487,44.89022708278663],[-1.143269453270338,44.89313089928902],[-1.140251350418345,44.89473317916693],[-1.134439825687041,44.895764608352195],[-1.135507937602063,44.89954901394744],[-1.134652542933331,44.90309410152202],[-1.137691791418596,44.90593354234203],[-1.138619437623855,44.9085287473728],[-1.138075678488262,44.91113459169049],[-1.13565717625033,44.91376089282227],[-1.135659087949749,44.915750942586975],[-1.134597674699612,44.917984569120364],[-1.136841954470149,44.91637358497832],[-1.139688973711278,44.91626747175097],[-1.14186638348229,44.91763753052386],[-1.142021885982545,44.91974189454624],[-1.140699040540422,44.920996471417155],[-1.138680112624131,44.921515112442584],[-1.136221367932064,44.92100704308829],[-1.133692137485599,44.91910857157202],[-1.131110744892867,44.920719958633114],[-1.128628345521561,44.92129853981351],[-1.125792747513169,44.9215034328505],[-1.122890796633905,44.921067987155205],[-1.123165382725453,44.922496026190174],[-1.122441067185138,44.923749415052384],[-1.121007449854301,44.924576671605784],[-1.11912425645464,44.924821369054406],[-1.118034386828106,44.925642401757585],[-1.121139611401663,44.9264832990377],[-1.123509675507044,44.92831218448488],[-1.127631057696138,44.92638720884468],[-1.130737269041553,44.92686585469165],[-1.132943102006677,44.926561841324684],[-1.135305881331651,44.92706552709698],[-1.138679254676918,44.92690747480592],[-1.140883814499317,44.92831740693822],[-1.140868140523811,44.93062624115805],[-1.139104546346231,44.931887405859364],[-1.136048703487359,44.93242145419602],[-1.135818349072724,44.93575639868566],[-1.134381452944921,44.93688991123216],[-1.132619886116655,44.93728513775528],[-1.130473031996205,44.93692162295343],[-1.128972384129385,44.93577218416797],[-1.128591405814493,44.93448826054324],[-1.129359115587977,44.93283113975945],[-1.129092387840438,44.93208491199746],[-1.125940560260803,44.931246843669136],[-1.124049590179771,44.92953131768931],[-1.122721548034091,44.92955944880816],[-1.120517615904175,44.93111668350683],[-1.117491007818112,44.931629409516255],[-1.117502547950787,44.934449523826586],[-1.115753332629103,44.93657165766898],[-1.117005892890791,44.938203467910604],[-1.117177549455761,44.9395099242226],[-1.115337156786621,44.941901251539754],[-1.116576239948088,44.943523480359765],[-1.116747902788182,44.94482993939627],[-1.11523907899408,44.94659700319436],[-1.111970141396613,44.947172783740946],[-1.111285578563935,44.947682856688516],[-1.111588439834293,44.95016686271774],[-1.109813026730936,44.952337961419786],[-1.111148175520437,44.95417482031763],[-1.111043672381682,44.955782900030904],[-1.109407908252293,44.95718318185248],[-1.105882841865268,44.95796120215636],[-1.106127812250673,44.96032660754717],[-1.105164339520059,44.96178383878325],[-1.10362222299953,44.962507050150606],[-1.101306630871897,44.96271047867238],[-1.10058300714789,44.96330665776853],[-1.101017734613052,44.9652169173415],[-1.100284726300332,44.96726551139861],[-1.101015345301485,44.96783450595164],[-1.103432765918542,44.96829144412119],[-1.104700725663177,44.969186359160055],[-1.105260992024724,44.970702667581875],[-1.104712204597321,44.972000390071244],[-1.102059621685555,44.973266349210874],[-1.098862370312661,44.97278199380745],[-1.095511627083288,44.973228136008494],[-1.094970078556535,44.97391486347951],[-1.095440441126495,44.975372135841496],[-1.095096442720084,44.97661770369046],[-1.092604547911184,44.97810187769972],[-1.090051081344879,44.977943306026376],[-1.087527435024917,44.97593346671206],[-1.08604734521017,44.97601053832149],[-1.084263395044625,44.97777895281499],[-1.085595438533052,44.97973846161166],[-1.085474878501696,44.98130372846553],[-1.083837730632093,44.98270364441898],[-1.080381465806301,44.983445577408844],[-1.080589360911793,44.98584747544144],[-1.07966644898753,44.98727170484504],[-1.077047422013436,44.98817529187389],[-1.074282625342493,44.98766194499835],[-1.07165185406563,44.98793496483702],[-1.069567044011385,44.98743983565684],[-1.06629546955555,44.98788160546388],[-1.065753421386751,44.98856819352444],[-1.06610563717003,44.99081123732367],[-1.063857909438069,44.99289879085973],[-1.063500473154908,44.99509864854888],[-1.062060592568026,44.99623124532575],[-1.060234504909504,44.99662760180623],[-1.057578673274494,44.99613148737721],[-1.055282993481525,44.99643811026178],[-1.052928959153576,44.995937346662245],[-1.050652771037088,44.996238103989306],[-1.048243163388439,44.99573937229122],[-1.046323833460986,44.9960476218877],[-1.043673032722681,44.995553241065124],[-1.040643316239224,44.99578580312349],[-1.038496934158777,44.994790612740836],[-1.037727602587145,44.99305515406407],[-1.038278147457454,44.99175775472522],[-1.039593662553373,44.99083561219405],[-1.044352556107747,44.99046597366165],[-1.045043702289394,44.98835084463891],[-1.046528250214958,44.98694045064],[-1.045162050258712,44.98434037108544],[-1.045842819319164,44.98191204369979],[-1.042198128662221,44.98064963493013],[-1.040968580296961,44.978555265219676],[-1.042472486822279,44.976507928190976],[-1.046299584795551,44.97557601440514],[-1.046081666610678,44.973201484543665],[-1.047046871395336,44.971744760724896],[-1.049686062534714,44.97087240053655],[-1.052421274860065,44.97158019223216],[-1.053606746002639,44.9731460542687],[-1.052869016581197,44.9754936684305],[-1.053654710717217,44.976324251024316],[-1.056793942829835,44.97690728613585],[-1.059541181784903,44.9765843026189],[-1.06034600320507,44.97604297694714],[-1.059961754161636,44.974061810150054],[-1.060643311554106,44.97194189192646],[-1.056999111503986,44.97067997134755],[-1.05577213928641,44.96854166733196],[-1.057272327294387,44.96653824003614],[-1.060563813486896,44.96594068537126],[-1.061290223540702,44.9653687534175],[-1.060981199174206,44.962971574732386],[-1.062765365759575,44.96079742853778],[-1.061541993590074,44.95918486392335],[-1.061362593260066,44.957922003801464],[-1.063209764809095,44.95557567147456],[-1.061815427378565,44.95336068877988],[-1.062439027644522,44.95069782336726],[-1.058936708570879,44.94966354264456],[-1.05660317885444,44.949958075938945],[-1.054357029148718,44.94946238461702],[-1.053208558225858,44.94963693490939],[-1.054084518331136,44.95100970060043],[-1.053774125594158,44.95251897948492],[-1.052308682107031,44.95369139162756],[-1.050483911001296,44.95408758326905],[-1.04779573941082,44.953409327052526],[-1.045340655385929,44.95099391631274],[-1.041077539656708,44.95138492271329],[-1.040415992763505,44.952268203843275],[-1.04188425152213,44.95414991832054],[-1.041644090775905,44.95591935737947],[-1.040436589539281,44.95696852190946],[-1.038724951017839,44.95746324562371],[-1.036886963167674,44.957326634146966],[-1.035255678784589,44.95650388025685],[-1.036118320754688,44.95869802075809],[-1.035946636176023,44.96128621051125],[-1.034860427727512,44.963158645574886],[-1.03236495477405,44.965108335825015],[-1.02990182635104,44.96604005926382],[-1.027163729105011,44.966424001281034],[-1.024386543313787,44.96622708560284],[-1.021493428084632,44.96531693464169],[-1.019134445763926,44.966708716172164],[-1.019487820831293,44.96891954344052],[-1.018521948533542,44.970376026861544],[-1.011286833306152,44.97284113283638],[-1.006664554356966,44.97285738382218],[-1.002303127481443,44.97121569326485],[-1.001219903115663,44.97125469521673],[-1.000575171876833,44.97187381967798],[-1.000526440714496,44.97393238791671],[-0.999738103076414,44.97578751266668],[-0.996822752902591,44.978333809880674],[-0.994308541750669,44.979291104317035],[-0.99063600207563,44.9796729704179],[-0.987898988928496,44.97928285761968],[-0.984482514832853,44.977839839522446],[-0.983511614323697,44.97784078148942],[-0.982754145772889,44.9784976903449],[-0.982250624475399,44.98185717997087],[-0.980377844289775,44.98408139332358],[-0.977350191709495,44.98567928731547],[-0.972875945564041,44.98631501789342],[-0.969271022709432,44.98568634868658],[-0.966896605933388,44.98456326313609],[-0.964691730828862,44.98244395484098],[-0.963797578056301,44.97988713962495],[-0.96470919711815,44.97667050183546],[-0.968113943602744,44.97365598371419],[-0.967294603914595,44.96924559852788],[-0.968552152980937,44.96676708617457],[-0.971504166620631,44.964375607316256],[-0.970697055373168,44.959969571642915],[-0.97266457010877,44.956148024669886],[-0.971696847582944,44.95550207363164],[-0.96677026259401,44.95546585975634],[-0.96341976468427,44.95433442150122],[-0.960522865808987,44.95183349732831],[-0.95960274843202,44.94923677830503],[-0.959882362097455,44.94726540426371],[-0.960955724287693,44.945436551297135],[-0.962730339074966,44.94390769762146],[-0.965053361920925,44.942810477546665],[-0.967724767897265,44.94223935517482],[-0.970453061340721,44.94223707236397],[-0.973182586476551,44.942822551025294],[-0.97589085196314,44.94406301670926],[-0.977238350940517,44.94377138994217],[-0.978005495497962,44.94002322464401],[-0.980704091366195,44.937225905727615],[-0.979770361458612,44.93581836286955],[-0.97788479789794,44.93568592590815],[-0.976355935186061,44.93494943833895],[-0.975433890973105,44.93273541349542],[-0.976896867850548,44.93099660332261],[-0.980218142435227,44.930357988994984],[-0.980886646690692,44.929563316492995],[-0.980734813934767,44.929125379178295],[-0.978754992664127,44.92900593104791],[-0.977028754244281,44.928098905277736],[-0.976305825805532,44.92689145608001],[-0.976490354998808,44.925542900188525],[-0.977527041424659,44.924456960372595],[-0.979161845615982,44.92384640495275],[-0.981008728259143,44.92385540440592],[-0.983596827235966,44.92479327387429],[-0.986761995418842,44.924550165198184],[-0.987605679643633,44.92394909448925],[-0.985487489797657,44.92054660256259],[-0.981091712476802,44.92092527050994],[-0.978533571274685,44.919437664140766],[-0.978224864549444,44.917885509637706],[-0.97914017196295,44.91650583392657],[-0.981500946227028,44.91523568649455],[-0.983471721481461,44.91555109981678],[-0.984140003233037,44.914756411304474],[-0.983230024753284,44.9138359405918],[-0.981368986973157,44.914384312486156],[-0.977859596810146,44.91294892044673],[-0.977096232336828,44.9111689836657],[-0.978357695531013,44.909306988551705],[-0.981473234685354,44.90865194000578],[-0.98424768542251,44.90967513034387],[-0.987654271827842,44.909603992763316],[-0.989622265088229,44.910767576064806],[-0.990143858186826,44.91229070044641],[-0.989189837598541,44.91393397944751],[-0.987605879513157,44.91468832774382],[-0.984970847243388,44.91485104867082],[-0.98424429563327,44.91542221746212],[-0.986276483000612,44.91877420545051],[-0.985995815017406,44.91732945529547],[-0.986723094755751,44.91607695992581],[-0.988158472792658,44.91525143873767],[-0.990281401273654,44.91502547309451],[-0.991994206051382,44.91551589975994],[-0.993206094296256,44.91656198833574],[-0.993554243317958,44.91785058427399],[-0.99283708360028,44.91939191221129],[-0.993607533818362,44.9204288806779],[-0.996345527875482,44.92098978439182],[-0.998721618896992,44.92070412080619],[-1.001062642370532,44.92120060934259],[-1.003926565688804,44.92087688868449],[-1.004728318849827,44.920358837547624],[-1.004590397312331,44.91758380492112],[-1.005580419288246,44.91652730972698],[-1.007051033858622,44.915929826060975],[-1.003413236877399,44.91307419792583],[-1.002683203600131,44.91137395907918],[-1.003442947825234,44.909857419940884],[-1.005301838309114,44.90891486583188],[-0.998305872741691,44.90893642840182],[-0.995007475879284,44.90783220370653],[-0.993026651258941,44.90643788549943],[-0.991230499552305,44.903368960836154],[-0.991988639521403,44.899194118210744],[-0.988601045811352,44.895713160492654],[-0.988062295323795,44.893769203265734],[-0.988391781379204,44.89167731767268],[-0.98549395732713,44.89057369228011],[-0.984306181950994,44.88771384169412],[-0.981769097662484,44.88676621415736],[-0.979436950505455,44.8868480321603],[-0.97745016326145,44.886168081256464],[-0.976344815387727,44.8848608272357],[-0.97632738185663,44.88354877490131],[-0.978036744465788,44.88187736519951],[-0.980907756228106,44.88155476781253],[-0.983060818836268,44.882363835202376],[-0.985392774423075,44.8822819412287],[-0.98709302771519,44.8827922722901],[-0.988373478217071,44.884016083078734],[-0.9888004413853,44.88602957633341],[-0.991399846236312,44.8871077259642],[-0.999567689459504,44.88685851045321],[-1.001012215815258,44.883569550926275],[-1.002737837134201,44.88206978951247],[-1.005047369641121,44.880960993171044],[-1.007771517842612,44.88036997721464],[-1.013078086454958,44.8801824204833],[-1.01580278242717,44.88086814715125],[-1.013448612711311,44.87595546324771],[-1.013722816014049,44.873939904403485],[-1.01509632959817,44.87131064919389],[-1.012851571033446,44.86925018141332],[-1.011772519339074,44.86742350890872],[-1.011488557168653,44.865408641889395],[-1.012036304828686,44.86346601607514],[-1.013903808909655,44.86124135113148],[-1.016867644132942,44.85966147091686],[-1.020455833041168,44.85900842761939],[-1.023818131659054,44.859316431324764],[-1.024030325111828,44.857013616722625],[-1.025291279725997,44.85495275522312],[-1.02551099024016,44.852703741888284],[-1.026563567457674,44.85086937409086],[-1.029036192153916,44.8489083383635],[-1.033051108304291,44.8476707862419],[-1.033962955458764,44.846877071502256],[-1.033695868935636,44.84631302257598],[-1.03006413015637,44.845429047542765],[-1.027371060854978,44.84372493456526],[-1.027260606764487,44.84587971253813],[-1.024436019495301,44.84783334570963],[-1.024862069741585,44.84947455129758],[-1.024517277469022,44.8507198525944],[-1.021689357107089,44.852631590856795],[-1.021701085379177,44.85563988757039],[-1.020263937359863,44.85677189584036],[-1.018131573403,44.857167947676075],[-1.014965311784464,44.85603333028875],[-1.012414992583418,44.85572329773643],[-1.010823682292297,44.854700949341805],[-1.010308974342937,44.85287660210526],[-1.011992624257532,44.850389705061964],[-1.009341998565147,44.84859307340232],[-1.008934423919857,44.846547020448426],[-1.010079448583415,44.845207752259434],[-1.012386240233956,44.84452469281443],[-1.014198602374446,44.84476789912316],[-1.016050447575834,44.84569423827143],[-1.019180201618023,44.84595132490749],[-1.019980731491218,44.84543326671052],[-1.020565375303403,44.8433452118223],[-1.021909511143765,44.84238540924123],[-1.024359101363457,44.842035374901016],[-1.02656613001843,44.84283415162434],[-1.025419954826353,44.839323935826705],[-1.026977911752338,44.83591648830861],[-1.02469880754127,44.83482635843409],[-1.022935393427556,44.833293053288735],[-1.021888700142832,44.83150432712121],[-1.021601626682762,44.82953361054788],[-1.022130811810174,44.827588453326726],[-1.023467468760623,44.825800848965876],[-1.025438782061696,44.8244018270958],[-1.028128893275853,44.823419567572735],[-1.027885859112948,44.82154004665579],[-1.028733453931569,44.81867924277148],[-1.025707000080317,44.81583839868643],[-1.024789257984318,44.813286423556775],[-1.025062748916502,44.811270877840485],[-1.026612680656983,44.80892660162179],[-1.028620171988374,44.807492019356616],[-1.031967327262046,44.806368868336136],[-1.034737329605295,44.80617719040774],[-1.039420404076594,44.80686210837142],[-1.042580407701412,44.80487802507835],[-1.045205876934549,44.80409914706118],[-1.047975722252177,44.8039071386718],[-1.051937238849185,44.80464729047564],[-1.052985642038549,44.80445855869693],[-1.055539348483312,44.80274720350371],[-1.052221276068227,44.80283834012151],[-1.050282618368001,44.80218928703516],[-1.049115990863344,44.800810413356295],[-1.049381643108407,44.79900109235541],[-1.051900469341175,44.797547099862214],[-1.055332375475209,44.79798978831375],[-1.057782162807499,44.79771533371375],[-1.059021407599682,44.795273901766166],[-1.061974662592353,44.792838622863734],[-1.061058229566912,44.78913698462135],[-1.061963237099559,44.78653818554208],[-1.065480269373369,44.782929057627186],[-1.069652613188687,44.781700333358614],[-1.069294855022076,44.77971213766017],[-1.070016368388276,44.77767477842601],[-1.069400797848331,44.77714319452638],[-1.066972621406189,44.776647802111405],[-1.065677609116408,44.775714698039444],[-1.06515523739793,44.77419199660327],[-1.065916271523741,44.77233784429366],[-1.065139628240982,44.771595637133295],[-1.062346849904397,44.771020187013],[-1.059945113628169,44.77130334302792],[-1.060706827448601,44.77281332967773],[-1.059988007231869,44.774515523435106],[-1.054070947112472,44.77703125260462]],[[-1.039530315880285,44.95207305522292],[-1.040310610727097,44.951240077481835],[-1.039597883470466,44.95034549923488],[-1.03927895088482,44.952126098985055],[-1.039530315880285,44.95207305522292]],[[-1.010259043390638,44.9417019903448],[-1.012136204101896,44.94196013963457],[-1.013065057066032,44.94156318724645],[-1.013801801470454,44.939297060774095],[-1.016387215259747,44.93767092774791],[-1.016118530637115,44.93515723988174],[-1.01805520189582,44.93298787909686],[-1.020427582503232,44.93230238810648],[-1.027143118551632,44.93288900915683],[-1.029451095893535,44.93016812091721],[-1.031173220033273,44.92925712266211],[-1.034080128381869,44.9293375498946],[-1.037089628697016,44.930997038271734],[-1.037944232902596,44.93067095536116],[-1.039694401343163,44.92859152537612],[-1.042825595356787,44.92814423614522],[-1.044969504038665,44.92913932379596],[-1.045646326829971,44.9313634310996],[-1.046945263645137,44.93178073616292],[-1.050399443832126,44.931408082181385],[-1.051147973048248,44.93096974221869],[-1.049784706297114,44.92759161487028],[-1.050510694568224,44.92633869857397],[-1.052232359076292,44.925427375135165],[-1.05552323767636,44.92565232321945],[-1.057533242667865,44.927807396247765],[-1.058715324199126,44.92838224138575],[-1.062588046940466,44.92800505257358],[-1.063357787113996,44.92753436309903],[-1.062544388170659,44.926944923239695],[-1.059560132277252,44.92655483112003],[-1.05642749479339,44.92522789830428],[-1.054614229696634,44.923665477404434],[-1.053414757823629,44.92135814726737],[-1.051617347336838,44.9207293941046],[-1.050551092794565,44.91959693095542],[-1.046895727413279,44.92025382809954],[-1.03846668372269,44.91967899550963],[-1.035950371002488,44.91872806623881],[-1.033981013145927,44.91732529333953],[-1.032669656899173,44.915576724051625],[-1.032128575691871,44.91341250601617],[-1.025115042165196,44.913517658211255],[-1.024359857705095,44.91452613709725],[-1.0262085630654,44.91670300151278],[-1.027624219802734,44.91734766530551],[-1.03123392691883,44.91716868259766],[-1.0332295862229,44.918308463183934],[-1.033754635320451,44.92008905479105],[-1.032570590066413,44.92170212550237],[-1.029779887447473,44.92241593771739],[-1.02684210418248,44.9214625828637],[-1.024139618847003,44.92176592651737],[-1.021926220081565,44.92114678308231],[-1.022185642743773,44.92292983071842],[-1.020784372939111,44.924452532725226],[-1.018341404029633,44.92499800502468],[-1.016063629463624,44.924375359428815],[-1.014204955695626,44.926722047591596],[-1.015502873622935,44.92866079955203],[-1.015261989813764,44.93043016817437],[-1.013743061696685,44.93162482955446],[-1.010389542746345,44.93231479324547],[-1.010351548942863,44.93526453392058],[-1.008419034189509,44.936809363005445],[-1.006548715891191,44.93707590555655],[-1.004211247160779,44.93658133964786],[-1.00195849601243,44.93687589666736],[-0.999564679672097,44.93637961619516],[-0.99698726768922,44.93664816484513],[-0.99504462436284,44.93599811877653],[-0.99399656177861,44.93490305775413],[-0.993669385638809,44.93522967707969],[-0.993670830638025,44.93591878037635],[-0.995850112925277,44.93875406722231],[-0.998976510638296,44.93828458723728],[-1.003675266416501,44.93845343666043],[-1.006975634859919,44.93955741422574],[-1.009650419525855,44.941721369509686],[-1.010259043390638,44.9417019903448]],[[-0.992827535457292,44.93435329730519],[-0.992023827136105,44.93455851056583],[-0.990959087209688,44.93552932876908],[-0.993084641979748,44.93536218277146],[-0.993524188832008,44.9345009482662],[-0.992827535457292,44.93435329730519]],[[-1.038962203420378,44.93369484697781],[-1.038819612665776,44.934031231629774],[-1.038778215476338,44.93494917010283],[-1.039632443427019,44.93442082940092],[-1.039708152256124,44.93325727451604],[-1.038962203420378,44.93369484697781]],[[-1.023297622770021,44.91431392699128],[-1.024102972214951,44.91393001313733],[-1.024302349888979,44.91331049090497],[-1.02288150506718,44.914322726338625],[-1.023297622770021,44.91431392699128]],[[-1.00625627843677,44.90878462585356],[-1.006476520310323,44.90865854014605],[-1.005968082130397,44.90880513749439],[-1.00625627843677,44.90878462585356]],[[-1.081476187344256,44.777877980086615],[-1.081240813913836,44.779135498083996],[-1.082537483561574,44.77899770604797],[-1.082981027827821,44.77787680578812],[-1.081476187344256,44.777877980086615]],[[-1.03544408238156,44.889534584160785],[-1.034302103199401,44.88978262249675],[-1.033950405643432,44.89056063739823],[-1.035836817947579,44.889639173469135],[-1.03544408238156,44.889534584160785]],[[-1.071805514307128,44.97564372387931],[-1.071429045328412,44.976353864158064],[-1.071895251651787,44.97704904098747],[-1.073233571760004,44.9772633306449],[-1.074101255318994,44.97692094199242],[-1.074355791168711,44.97623985917834],[-1.073691277483271,44.975348273227794],[-1.072652297570707,44.9751869747819],[-1.071805514307128,44.97564372387931]],[[-1.072886837585709,44.97201439131161],[-1.071969819028755,44.97239398915433],[-1.071755735309944,44.97305087701219],[-1.072325163589463,44.97387644646099],[-1.073457659763452,44.97409321778382],[-1.074655979934608,44.97275053301912],[-1.074007674997073,44.97213328627744],[-1.072886837585709,44.97201439131161]],[[-1.083666037192356,44.95112611179818],[-1.081834027174897,44.95068993787195],[-1.078409622855772,44.95131773510399],[-1.078587191148859,44.953767539832974],[-1.077837872384197,44.95532395682535],[-1.078303983300967,44.95601910256676],[-1.081671466620113,44.956734676659394],[-1.08519424003012,44.95610313515244],[-1.084993055219707,44.95388266564869],[-1.085756578898128,44.95192028473308],[-1.085108392611749,44.951303106425996],[-1.083666037192356,44.95112611179818]],[[-1.0937749381403,44.96854408508058],[-1.093214120417901,44.96770829949281],[-1.090630339918942,44.96719095637399],[-1.088606884526459,44.96538378158122],[-1.087296853015737,44.96522293387776],[-1.085177235165658,44.96676361045177],[-1.081720356111523,44.96750547178782],[-1.081957987422041,44.969687568310135],[-1.081276611440213,44.97180831242829],[-1.084323709938294,44.97275178013705],[-1.086268364204782,44.97451243660513],[-1.087518546983242,44.974706364315026],[-1.089702195305067,44.97316649626965],[-1.093195085603234,44.97246578677412],[-1.093021572404767,44.97002307502887],[-1.0937749381403,44.96854408508058]],[[-1.089383444434382,44.96336065223961],[-1.089475973707463,44.9626746808532],[-1.088745539081922,44.96210561136136],[-1.087477265163161,44.962057311694124],[-1.086679334804202,44.96255418658785],[-1.087502681357102,44.96406263572595],[-1.088608653476006,44.96403957437019],[-1.089383444434382,44.96336065223961]],[[-1.020171234754765,44.91928442621493],[-1.018858168619706,44.91834338369088],[-1.017881766787879,44.91655037971788],[-1.016953186151744,44.916351525328906],[-1.015454078729736,44.91680471820746],[-1.016366195697435,44.91782672019392],[-1.016544454937024,44.91908963763423],[-1.014795414200985,44.921173400846676],[-1.014760894938072,44.92179097171333],[-1.015648802141771,44.920506764876954],[-1.017232547330586,44.91975201558586],[-1.01907156060919,44.91963173404682],[-1.020913956943739,44.92022329113181],[-1.020171234754765,44.91928442621493]],[[-1.010426867541989,44.91595388705155],[-1.00986899710065,44.916100154994275],[-1.011642510419923,44.91614601093935],[-1.011041855302751,44.91593167289334],[-1.010426867541989,44.91595388705155]],[[-0.992019440662227,44.932695126888326],[-0.991955335518213,44.93261940745696],[-0.991881254075245,44.932548671739156],[-0.992108899756671,44.93284630263291],[-0.992019440662227,44.932695126888326]],[[-1.158751464633149,44.76957194536668],[-1.161388243383198,44.77043340972085],[-1.16239769312779,44.77237070862569],[-1.161188354019332,44.7742490417577],[-1.158468521794596,44.77496805697493],[-1.155831575181822,44.77410652181317],[-1.154822320444465,44.772169161957],[-1.156031827415648,44.77029089963258],[-1.158751464633149,44.76957194536668]],[[-0.991788235208593,44.79902843860524],[-0.989807518381164,44.8001394567732],[-0.990800093191529,44.802936097449596],[-0.991483525337725,44.8033979930502],[-0.993974426113389,44.80371703971977],[-0.99556398672827,44.804739612448444],[-0.996017713492527,44.80678067727436],[-0.994369099042736,44.808424678612845],[-0.996506209098067,44.80962741773874],[-0.997225430048307,44.812078875360406],[-0.999555893053058,44.81304151254593],[-1.000675534354968,44.81439131518553],[-1.000230597136649,44.81643337548956],[-0.997887247634257,44.81765336030125],[-0.996043852209211,44.81764464163655],[-0.993882032533323,44.81682754147164],[-0.990555188894377,44.81668294256149],[-0.988561384820625,44.81500556665418],[-0.986716429028717,44.81489074740681],[-0.985174024912602,44.81417226526856],[-0.983606845546505,44.811725455653495],[-0.979073155581293,44.81213449202573],[-0.977499586080979,44.81153764053666],[-0.976461105761527,44.81045362642114],[-0.976263123487814,44.80914913834355],[-0.976952339491197,44.80793224525208],[-0.981021076380521,44.806033837455615],[-0.981475886378754,44.805249201264665],[-0.980285094556488,44.80254397612114],[-0.977341136381953,44.80203155913808],[-0.975868560002867,44.801173380224725],[-0.975242950618069,44.79894875616772],[-0.977878040679501,44.7966213706802],[-0.977034682562905,44.79446803595029],[-0.977549355298175,44.792943965752194],[-0.981838850548072,44.79087484947527],[-0.982299781237672,44.79017845444664],[-0.981108323785353,44.78745357455263],[-0.977818611268704,44.78672622647629],[-0.976121332309522,44.78510079744998],[-0.976374119571602,44.78324884883449],[-0.97872334019551,44.78145022128396],[-0.977868712174387,44.77964455149232],[-0.975618160379801,44.77987373578647],[-0.974266949509996,44.780628675646746],[-0.972519586758268,44.780877817686736],[-0.969278437615314,44.77964674439554],[-0.967916499903995,44.78107352375966],[-0.965851257855901,44.781615341833465],[-0.962535317558829,44.78072455772268],[-0.959952939339824,44.780774982368335],[-0.95827433029211,44.780137568182326],[-0.957171512047631,44.7788301689506],[-0.957169558117943,44.7774753219448],[-0.958049501047155,44.77632263203359],[-0.959885000973491,44.775537148473425],[-0.962424958286186,44.77541502131341],[-0.964423510137004,44.773490114841074],[-0.968241210109837,44.772934462321466],[-0.969954215494319,44.77116688768143],[-0.972320356951475,44.77048245920721],[-0.975306038194686,44.77138075448498],[-0.976147934234954,44.77249932584287],[-0.976393579919669,44.77418489427353],[-0.978794901562163,44.77522201835132],[-0.979931144350644,44.776635503701264],[-0.983897880061257,44.775514697859705],[-0.98668466826642,44.77622183513104],[-0.987864191204003,44.77778830040902],[-0.987562159565549,44.77934097309334],[-0.986357440946454,44.7803894912619],[-0.98304617003221,44.78158809005443],[-0.982602303219196,44.78240039249274],[-0.984214246148591,44.78499897637215],[-0.987891625494837,44.78449425983398],[-0.990506255869722,44.785390358326794],[-0.991433948663372,44.78681184123914],[-0.99132813918028,44.790217699279815],[-0.993739104946789,44.79130206018087],[-0.994777564627211,44.792385905503096],[-0.994832476085156,44.797054996129994],[-0.993823553128262,44.79815294623435],[-0.991788235208593,44.79902843860524]],[[-0.984453636667868,44.798424525859616],[-0.983120439411271,44.797967631686674],[-0.982024523765104,44.79703645871164],[-0.98187305462069,44.797791295800565],[-0.98352629620061,44.800270513003895],[-0.984473135919941,44.80026056593104],[-0.985740965932979,44.79951947707068],[-0.985467239454114,44.79850763722999],[-0.984453636667868,44.798424525859616]],[[-0.98687943465552,44.809148312237674],[-0.988152421450377,44.80917838427386],[-0.989378541602687,44.80822759891187],[-0.988414953420275,44.80591424328919],[-0.987420357470923,44.80541335373143],[-0.985899004883251,44.805856114941584],[-0.985443908281869,44.80646427582201],[-0.98687943465552,44.809148312237674]],[[-0.987193557203516,44.84167586786362],[-0.984877218020079,44.842922701139656],[-0.98227406730333,44.842742840690285],[-0.980338236958186,44.8412022110281],[-0.980474178217446,44.83917889062637],[-0.982320933350672,44.83786141436304],[-0.985603398400784,44.837527896071904],[-0.98808469641734,44.835390433590106],[-0.991329334654135,44.83536823406148],[-0.993300407020543,44.836885939061446],[-0.993185924954342,44.83895082117417],[-0.991339388819145,44.84026847869362],[-0.988056797698592,44.84060216693675],[-0.987193557203516,44.84167586786362]],[[-0.997760378493149,44.84319549844915],[-1.000266222621747,44.84424058558723],[-1.000999470717653,44.84624015562099],[-0.999530436822436,44.84802291981699],[-0.996719571953486,44.848544501434056],[-0.994213601818716,44.84749933276148],[-0.993480578835711,44.84549971708905],[-0.994949738737101,44.84371703442755],[-0.997760378493149,44.84319549844915]],[[-0.970074543763491,44.903972607987996],[-0.971552039431988,44.90575249993158],[-0.9708258192161,44.90775355249431],[-0.968321133058527,44.90880354426316],[-0.965505280570067,44.90828734646523],[-0.964027909960127,44.90650737273458],[-0.964754356450341,44.904506365374395],[-0.967258917549359,44.90345645539259],[-0.970074543763491,44.903972607987996]],[[-0.966536184522442,44.92732635927718],[-0.969442899210231,44.92740847678853],[-0.971416613595264,44.92892661432385],[-0.971301138040782,44.93099153337355],[-0.969163934170956,44.932393627118735],[-0.966256961547807,44.93231150218607],[-0.964283267711339,44.93079327149522],[-0.964399001201179,44.92872835986681],[-0.966536184522442,44.92732635927718]],[[-1.1492041633666,44.94542282959173],[-1.149044465597768,44.94673005477452],[-1.148035871103615,44.947829457882406],[-1.143805961873763,44.948947736617434],[-1.143998896150193,44.951595784953916],[-1.142600219755871,44.953120033926744],[-1.140468238799434,44.95366744855263],[-1.137557705461061,44.953168691955696],[-1.134832986177996,44.953496250159695],[-1.134029207902796,44.954038110928536],[-1.134329112793284,44.95651610750676],[-1.13256740062968,44.95867993552649],[-1.13383703851194,44.960322919232816],[-1.13401807905323,44.96158566279477],[-1.132165771060661,44.9640227290513],[-1.13341738629678,44.96565293138621],[-1.13359843459885,44.96691567758325],[-1.131753722338631,44.96934817222694],[-1.133208279373162,44.97201581850742],[-1.131950551599106,44.9738796026283],[-1.129266612225637,44.97456819005056],[-1.126620723786289,44.97370590576408],[-1.125653914519675,44.97229650532103],[-1.126409958994001,44.969925513533944],[-1.12562327681576,44.96909544665406],[-1.122671766220443,44.96851573571291],[-1.120707333359169,44.968817490261486],[-1.118025756861011,44.968311613993315],[-1.115302567894549,44.968588807064044],[-1.11304867050845,44.967722937815154],[-1.112114900669209,44.966302392943895],[-1.112596055950633,44.96455787735604],[-1.114215448858816,44.96349222212039],[-1.117397651999091,44.96289302746308],[-1.117182512381999,44.96065376444852],[-1.117696231950928,44.95943802996203],[-1.119315380026354,44.95837230205942],[-1.122445672807584,44.957769471731275],[-1.122574226100322,44.95455326433154],[-1.124091455014452,44.953357108868644],[-1.127562062245036,44.95257486480768],[-1.127312680371468,44.95020423885483],[-1.128233771864894,44.94877962976497],[-1.130479241135291,44.94790382500037],[-1.133758192450246,44.94836371313658],[-1.137258927567165,44.94766929996731],[-1.13706153284862,44.94501410841449],[-1.138859172015817,44.94282878175971],[-1.137634359015634,44.941217313629416],[-1.137453302802479,44.93995458351234],[-1.138680636489033,44.93831062880317],[-1.141362725147992,44.937621821579306],[-1.143824781678862,44.938141390975],[-1.146515685179598,44.93785105605055],[-1.148506348486108,44.93852799194038],[-1.149504318299808,44.93958089950432],[-1.149706790440365,44.94088512901665],[-1.147823296838004,44.94343361680445],[-1.1492041633666,44.94542282959173]],[[-1.084946014104705,44.99245555062567],[-1.08688994525251,44.993994424968236],[-1.086731016312088,44.99605793271003],[-1.084562143401903,44.99743729179749],[-1.081653842849387,44.99732442669004],[-1.079709939986838,44.99578545944486],[-1.079869126733819,44.99372196189587],[-1.08203797135875,44.99234269571104],[-1.084946014104705,44.99245555062567]],[[-0.948555183224793,44.78082630076004],[-0.947485443888007,44.78125265985652],[-0.946035304979076,44.783583721975376],[-0.942874151987272,44.78448377514239],[-0.940007150646542,44.784165551919024],[-0.938295932087065,44.78249672762032],[-0.938711023189656,44.780492826232354],[-0.941393006260421,44.778735174080786],[-0.940942403551518,44.77683185413824],[-0.941493064009046,44.77553502249972],[-0.943078432633628,44.7745098124367],[-0.945395812886651,44.7740462594684],[-0.94723777119662,44.77405581957802],[-0.949602020621869,44.77510884219359],[-0.952129348617206,44.77539884520342],[-0.954118201000452,44.776958769709466],[-0.954210386798958,44.778524897632174],[-0.953111279086479,44.779833878290866],[-0.948555183224793,44.78082630076004]],[[-0.960468226613744,44.85087495691823],[-0.962368760527593,44.85166835390093],[-0.963338569524141,44.85312278421923],[-0.962853733919738,44.854866591561006],[-0.961178520404377,44.85594892562705],[-0.959057707971533,44.85617433114664],[-0.956482921051305,44.855305660668854],[-0.953841252710264,44.85534431366259],[-0.951347044159587,44.85386679761863],[-0.951225458575164,44.85180211010947],[-0.953191849735936,44.85028098493527],[-0.955312463190781,44.85005569190763],[-0.957886991354238,44.85092438806378],[-0.960468226613744,44.85087495691823]],[[-0.889200599748037,44.878369409130606],[-0.887424088447754,44.87849401206073],[-0.885713328090258,44.87800197977645],[-0.884155875195603,44.875930772201365],[-0.885157020383701,44.873990738999275],[-0.887154048030474,44.872783046034144],[-0.888924074142731,44.87241224942812],[-0.891652458056759,44.873123971483295],[-0.892874059611798,44.874999059595794],[-0.892111864391646,44.87673568654442],[-0.889200599748037,44.878369409130606]],[[-0.901280897313107,44.876002656381395],[-0.904106070561798,44.876487694416],[-0.905621506918333,44.87825106446312],[-0.904939400992456,44.88025986705812],[-0.902459158666508,44.881337342735335],[-0.899633755596884,44.880852262059605],[-0.898118437102049,44.87908880886573],[-0.898800772848858,44.87708004891185],[-0.901280897313107,44.876002656381395]],[[-0.879073045108427,44.88704364814623],[-0.876194193641895,44.88675719056421],[-0.871688503662738,44.88395690407189],[-0.871238674080768,44.881915281947784],[-0.872951114135392,44.88024549192597],[-0.876180147543663,44.88000045231614],[-0.878187526239473,44.880971330680865],[-0.880851599817735,44.88129865804464],[-0.882441294967697,44.882322876814534],[-0.882991609029978,44.88357529906836],[-0.882619964914007,44.88490418273777],[-0.879073045108427,44.88704364814623]],[[-0.97613379067935,44.8911924919271],[-0.977525770728852,44.89266925350216],[-0.97729901406257,44.89448133451483],[-0.97550639676587,44.89577982360407],[-0.972961727081697,44.895975185426984],[-0.971325599728239,44.895367554894975],[-0.96863779072505,44.89329921869124],[-0.966981227802132,44.89089757036151],[-0.963346812897455,44.89142578551229],[-0.960046606434762,44.89023871849136],[-0.957140814992123,44.89033437087915],[-0.952441316019057,44.88752280159595],[-0.949686969308488,44.88758431371207],[-0.947925468678445,44.887066970753246],[-0.944510294207279,44.88457902902658],[-0.943997467529604,44.88275435763092],[-0.945460115486665,44.88101598798129],[-0.949323623136409,44.880433011486645],[-0.94993709874566,44.87937721784089],[-0.948658766683008,44.87845036251305],[-0.944757328835716,44.87822837219287],[-0.941459528292841,44.87605120403838],[-0.940459192592896,44.87437679166009],[-0.941216762495007,44.87259573851059],[-0.943354354691457,44.871596158240585],[-0.947069576942428,44.871594176364006],[-0.947423580428316,44.86881356714592],[-0.949081667832275,44.86737412478881],[-0.951223696869873,44.8670042566426],[-0.953293706282911,44.86754297763377],[-0.954699645084911,44.86906283145318],[-0.954430610550584,44.8708719659316],[-0.952608607819987,44.872149061703496],[-0.949369416688052,44.872497887108736],[-0.948840718414832,44.87309030372455],[-0.949070504050512,44.87377264814129],[-0.950191124940937,44.87444970121905],[-0.954092321687942,44.874671500389795],[-0.957936072551629,44.87720828942313],[-0.960653896417617,44.87711207550443],[-0.962640159730729,44.87779232489967],[-0.965679080321439,44.88013044938017],[-0.966192587719996,44.88195501909299],[-0.964422603835404,44.8838429130199],[-0.960730204599226,44.884385162238054],[-0.960482419846073,44.885581531073214],[-0.961603288510742,44.88621134458409],[-0.964082380437451,44.88605562004604],[-0.9657940723009,44.886546446103],[-0.96815961375577,44.88936755578173],[-0.971248039195437,44.88880457226183],[-0.973117830643218,44.88906728172169],[-0.97613379067935,44.8911924919271]],[[-0.957602732235844,44.882988037756334],[-0.957792459618331,44.88207217968136],[-0.956606779048124,44.881272094978456],[-0.953397726838173,44.88138227220526],[-0.952433768677656,44.88200520448762],[-0.952594759447268,44.88276689165084],[-0.953658051771005,44.88340464724293],[-0.957602732235844,44.882988037756334]],[[-0.917245768704975,44.867666141429886],[-0.916168667186889,44.86909910552972],[-0.916511504066186,44.87124669618522],[-0.915306711354262,44.873115546315894],[-0.915711101111982,44.87505111957414],[-0.917403889417323,44.87548258427755],[-0.92034073251401,44.87528596220296],[-0.922420207006261,44.8762726922087],[-0.923151100525507,44.87827279606472],[-0.921825729904181,44.880449418038545],[-0.923158408895309,44.88202032821913],[-0.924538664253819,44.88221490423036],[-0.926592134253785,44.880923724354936],[-0.928734828363409,44.88055428848559],[-0.938060011539795,44.88143580551011],[-0.940349860996123,44.882641187067115],[-0.940871630131018,44.88442219665398],[-0.939827752409458,44.88593308746384],[-0.941252056807551,44.8869190108026],[-0.941775111587242,44.88839825091033],[-0.941255236983816,44.889657243565274],[-0.939139220383164,44.891606801080215],[-0.940431447512758,44.89380355503051],[-0.939803731137066,44.89635692209411],[-0.94381076099547,44.89802209756221],[-0.94457561554589,44.89953729240069],[-0.944020429421827,44.901986463791175],[-0.946866900965848,44.902814270394224],[-0.949742861492189,44.90455515451265],[-0.951328144178462,44.90623780718051],[-0.95213130684105,44.90813514069055],[-0.952124876268711,44.91011646091744],[-0.951335835136755,44.9119712072697],[-0.948421604847615,44.9145161876286],[-0.945909428124696,44.91547237009275],[-0.942240737152106,44.915852631367116],[-0.938702750236156,44.91522511422838],[-0.935931673440373,44.91391427722242],[-0.934849509588478,44.91395263219925],[-0.934204704672074,44.914571361265864],[-0.933991429155174,44.91743749010622],[-0.93243463020552,44.919780551676155],[-0.929643910509442,44.92158012228265],[-0.926149469190368,44.92246112213143],[-0.921554759036254,44.92213082755506],[-0.917721951955615,44.92030058667207],[-0.915845516821294,44.91807887584156],[-0.915288109748264,44.916092989985394],[-0.915569115205299,44.91412174725377],[-0.917353475641856,44.911493333661575],[-0.917227795762685,44.91071358248384],[-0.916288972428003,44.9103001546923],[-0.912269642648364,44.91042569937155],[-0.908782755494749,44.90953119408457],[-0.905559389573165,44.907242375477026],[-0.904288761392063,44.90472160545968],[-0.904481417548093,44.90209083428495],[-0.906075878856877,44.89971270441038],[-0.908829283612786,44.897949211319485],[-0.912905892154644,44.89702772646747],[-0.91137880185984,44.89602806755397],[-0.910283750959544,44.89406996489466],[-0.910627133191361,44.891774067824684],[-0.912975472353254,44.89055589778795],[-0.916456987816466,44.89097404538081],[-0.918968837040803,44.890513444865526],[-0.919491383912088,44.88986083603374],[-0.91934772892029,44.88802687980659],[-0.920316497388089,44.886527054128656],[-0.919759082906168,44.88569041665604],[-0.917263859385585,44.885134439445],[-0.913193135258871,44.88551109155589],[-0.912600030765642,44.8878096591053],[-0.909686954545177,44.8889177332617],[-0.907243852504542,44.88837613462992],[-0.905838715129901,44.8868556709567],[-0.905853109343171,44.88554359916803],[-0.906789762072681,44.88432846479006],[-0.90614826852632,44.88208644222653],[-0.907792924407043,44.88009445984231],[-0.906549039253274,44.87708676915691],[-0.908203287759641,44.87511523222934],[-0.907008474940259,44.871783109379976],[-0.907727840678045,44.87057482494465],[-0.91011957362696,44.868804016607356],[-0.909818802144814,44.86657320500829],[-0.911030424629081,44.86469853116314],[-0.910699504342684,44.86250659741671],[-0.912793315475493,44.860690395425806],[-0.915696382749651,44.86060487728861],[-0.917834272124832,44.862004345329254],[-0.918141002439129,44.863556640105045],[-0.916929641974099,44.86543139085351],[-0.917245768704975,44.867666141429886]],[[-0.936899658554695,44.90319615527901],[-0.936582750643972,44.902821042900285],[-0.936012944041397,44.90258902504915],[-0.936521016334209,44.90309743511859],[-0.936899658554695,44.90319615527901]],[[-0.931075650020841,44.88699521628683],[-0.931274424337254,44.88809327301447],[-0.932632154559419,44.8883802563956],[-0.931655166464681,44.886605148145684],[-0.931075650020841,44.88699521628683]],[[-0.958908781322373,44.90046748395613],[-0.960679223244563,44.90172310923994],[-0.961023027157578,44.90327151636399],[-0.960056767644762,44.90472746324912],[-0.958156795124781,44.905523755199624],[-0.954975007284477,44.905057127785284],[-0.951088251474259,44.90170717756783],[-0.9515356528278,44.89966525882793],[-0.953883433908656,44.89844622115011],[-0.956703037849861,44.898741437696856],[-0.958908781322373,44.90046748395613]],[[-0.964851490829203,44.910237671646755],[-0.967475198486724,44.910234229213565],[-0.969589637786602,44.91159283147344],[-0.969759525337529,44.91365583942366],[-0.968100600745287,44.915095611250365],[-0.965647470345676,44.91544441181785],[-0.962865888525225,44.91440230237462],[-0.959890822040004,44.91451509585243],[-0.957506964205485,44.91326157496952],[-0.957100810096496,44.91121529047606],[-0.958849812966325,44.90956426385802],[-0.961364196792657,44.90922204517671],[-0.964851490829203,44.910237671646755]],[[-0.950825520098904,44.92171126362672],[-0.953729633701606,44.921827544971435],[-0.95566751540933,44.9233686776545],[-0.955503959858038,44.92543195271054],[-0.95333459389809,44.926808724172595],[-0.950430223232791,44.92669243232748],[-0.948492370593676,44.925151206786346],[-0.948656183207563,44.923087942230694],[-0.950825520098904,44.92171126362672]],[[-0.931410418505882,44.92539626647246],[-0.934226815829432,44.925913330916856],[-0.935703751791583,44.92769371125337],[-0.93497596870744,44.92969454263191],[-0.932469631981943,44.930743733152575],[-0.929653008320764,44.930226623429874],[-0.92817619772059,44.92844616134464],[-0.928904207142361,44.926445375244384],[-0.931410418505882,44.92539626647246]],[[-0.920432096615388,44.955975897344146],[-0.922275297654418,44.956759302337936],[-0.923236723080597,44.95817045935208],[-0.922931929747141,44.95972304450847],[-0.921463563678993,44.960893733237924],[-0.918588147535502,44.96121480154807],[-0.916222002788398,44.96017216786514],[-0.91268451083674,44.95939662616577],[-0.911463291705162,44.957256740904846],[-0.913215898208256,44.95459302049219],[-0.910210030532818,44.95221997820952],[-0.910103706477486,44.95069656057235],[-0.911002416004009,44.949501347053534],[-0.913642672871806,44.94863222149147],[-0.916375079133136,44.94934335269823],[-0.917596313361687,44.95148317906187],[-0.915934609978328,44.954403236612194],[-0.9185178638513,44.955827861593],[-0.920432096615388,44.955975897344146]],[[-0.935544162718552,44.960975024505046],[-0.935671239455477,44.96304853530041],[-0.932780655308296,44.96507515640258],[-0.933017586264613,44.96764280363912],[-0.931304266036164,44.96931356333858],[-0.928070329245089,44.969560212159294],[-0.926062251325874,44.96859281993421],[-0.923457829490727,44.96826206169496],[-0.921864947875504,44.967238403598614],[-0.921309678416289,44.96572117708009],[-0.922035341672858,44.96424064927871],[-0.924153469184954,44.96321668524575],[-0.927062126654215,44.963409497143864],[-0.928042166424878,44.9630798638059],[-0.928852688229769,44.96071457082929],[-0.931483887005459,44.95904354167736],[-0.931070459138476,44.95734237789368],[-0.931444529683107,44.956057400603314],[-0.932627503873952,44.95504934730093],[-0.934340003352193,44.95455625730749],[-0.937157892474729,44.9550732519769],[-0.938635689678368,44.9568536087572],[-0.938295613600544,44.95840249428406],[-0.935647538861311,44.96007690361307],[-0.935544162718552,44.960975024505046]]]}},{"type":"Feature","properties":{"cluster_id":1,"snapshot_index":9,"estimated_time_utc":"2026-07-25T15:31:00Z","observed_until_utc":"2026-07-25T15:31:00Z","target_time_utc":"2026-07-25T17:38:00Z","arrival_h":51.88333333333333,"hours_ago":23.0,"supported_detections_cumulative":4173,"sources_cumulative":"MODIS_NRT, VIIRS_NOAA20_NRT, VIIRS_NOAA21_NRT, VIIRS_SNPP_NRT","last_source":"MODIS_NRT","last_satellite":"Aqua","last_instrument":"MODIS","detected_area_km2":340.1588792066556,"product_type":"cumulative_active_fire_detection_extent"},"geometry":{"type":"MultiLineString","coordinates":[[[-1.011136884435598,44.76186334286506],[-1.013957270107925,44.76234556747429],[-1.015473073466173,44.76410736998368],[-1.014796274923891,44.766116769244256],[-1.012323171798639,44.767196656440724],[-1.009502556911284,44.76671438942939],[-1.007986870299589,44.76495250366958],[-1.0086638980569,44.76294314681113],[-1.011136884435598,44.76186334286506]],[[-0.973698756155069,44.76791893280598],[-0.977516393101196,44.7660838512261],[-0.982158746237746,44.765753729169624],[-0.984762455726536,44.766313648038675],[-0.987082038552485,44.767406672076625],[-0.989679656652665,44.77016756440064],[-0.990122725657878,44.77343320248993],[-0.989310434346554,44.7753280736369],[-0.987576727571651,44.77710486914636],[-0.987680419513994,44.77913681083699],[-0.986357440946454,44.7803894912619],[-0.98304617003221,44.78158809005443],[-0.982602303219196,44.78240039249274],[-0.984214246148591,44.78499897637215],[-0.987891625494837,44.78449425983398],[-0.990506255869722,44.785390358326794],[-0.991433948663372,44.78681184123914],[-0.99132813918028,44.790217699279815],[-0.993739104946789,44.79130206018087],[-0.994798540168606,44.79242745209606],[-0.994693402563582,44.797300758638606],[-0.99348843209914,44.79834936072522],[-0.990244485705969,44.799618694761044],[-0.989789843641621,44.80040336541191],[-0.990995675049622,44.80315201327058],[-0.993974426113389,44.80371703971977],[-0.995595949522462,44.80477744677419],[-0.996017713492527,44.80678067727436],[-0.994369099042736,44.808424678612845],[-0.996506209098067,44.80962741773874],[-0.997225430048307,44.812078875360406],[-0.999509870793327,44.81301191431961],[-1.00056983077519,44.81413725934125],[-1.000408241451182,44.81620052853171],[-0.998244191967916,44.81757812850149],[-0.99640847346492,44.81769806153795],[-0.993882032533323,44.81682754147164],[-0.990611300514405,44.81670176129303],[-0.988561384820625,44.81500556665418],[-0.986716429028717,44.81489074740681],[-0.985174024912602,44.81417226526856],[-0.983606845546505,44.811725455653495],[-0.979073155581293,44.81213449202573],[-0.977499586080979,44.81153764053666],[-0.976461105761527,44.81045362642114],[-0.976263123487814,44.80914913834355],[-0.976952339491197,44.80793224525208],[-0.981021076380521,44.806033837455615],[-0.981477099777672,44.80541254916657],[-0.977824998158236,44.804372743735264],[-0.976408446786259,44.80353339639966],[-0.975724137296951,44.80236141953555],[-0.975242950618069,44.79894875616772],[-0.977878040679501,44.7966213706802],[-0.977034682562905,44.79446803595029],[-0.977549355298175,44.792943965752194],[-0.981838850548072,44.79087484947527],[-0.982299781237672,44.79017845444664],[-0.981108323785353,44.78745357455263],[-0.977818611268704,44.78672622647629],[-0.976121332309522,44.78510079744998],[-0.976374119571602,44.78324884883449],[-0.97872334019551,44.78145022128396],[-0.977868712174387,44.77964455149232],[-0.975618160379801,44.77987373578647],[-0.974266949509996,44.780628675646746],[-0.972519586758268,44.780877817686736],[-0.969278437615314,44.77964674439554],[-0.967226663986645,44.781368777669506],[-0.964034440686011,44.78136910101859],[-0.963298883448986,44.78329369233906],[-0.96079960006324,44.78434347206971],[-0.957387673343887,44.78378931547806],[-0.95492483598515,44.78473290839368],[-0.952725555691457,44.78467034002307],[-0.947436185798797,44.78131630500407],[-0.946081201166601,44.78355404386912],[-0.942874151987272,44.78448377514239],[-0.940060349415169,44.78418821871306],[-0.938401294834425,44.78275084000014],[-0.93855621623019,44.780701034266194],[-0.937191488840104,44.77940079992023],[-0.937210393884259,44.77758168300903],[-0.938245111359561,44.776496161624046],[-0.940754196381874,44.775787435700686],[-0.942442031942019,44.77448185119961],[-0.942979021370126,44.77243775194127],[-0.944495153180483,44.77124411940333],[-0.94657164549684,44.77087222467909],[-0.949664503911351,44.77138777004752],[-0.954512629721816,44.7685041941026],[-0.957988892699088,44.767606133576095],[-0.960831324100423,44.76760399619315],[-0.965889562770569,44.76847218755795],[-0.969498602497875,44.767294676726706],[-0.97136434687953,44.76755740513404],[-0.972962763789382,44.76859248410713],[-0.973698756155069,44.76791893280598]],[[-0.981842741902149,44.79770561942066],[-0.983210259444442,44.80014378056201],[-0.984241866720602,44.80031196814495],[-0.985550630442758,44.79974628449036],[-0.985467239454114,44.79850763722999],[-0.983428442009189,44.79811633516839],[-0.982024523765104,44.79703645871164],[-0.981842741902149,44.79770561942066]],[[-1.162163445307607,44.771330544362755],[-1.162055296065816,44.77339555035771],[-1.159928841613742,44.77480123608561],[-1.157029743692493,44.77472410402982],[-1.155056435995523,44.77320934203087],[-1.155164841825123,44.77114434300531],[-1.15729127708313,44.76973875044506],[-1.160190118416569,44.769815875531435],[-1.162163445307607,44.771330544362755]],[[-0.99464706871357,44.81854320316766],[-0.997470157292325,44.81902585668504],[-0.998986972546999,44.8207879186668],[-0.998308901901555,44.82279725596122],[-0.995832987561757,44.82387679602473],[-0.993009669354261,44.82339410006677],[-0.991492971177673,44.82163195484503],[-0.992171271451857,44.81962265999118],[-0.99464706871357,44.81854320316766]],[[-0.983033036311518,44.84293522162219],[-0.98173136688168,44.84251421886031],[-0.979021027536288,44.843783438127396],[-0.976569838091772,44.84343889675996],[-0.974817614455461,44.841790767280834],[-0.975216687397764,44.839743875685144],[-0.977533109901501,44.83849724532824],[-0.980678705585816,44.83890584607025],[-0.982607553940824,44.83777662042135],[-0.985384793730262,44.837611311158696],[-0.98694559758543,44.83599332290183],[-0.988485741877784,44.83527175832126],[-0.990626569554397,44.83519472917756],[-0.992307190443534,44.83583166524261],[-0.993531339438396,44.83770562206132],[-0.99253458412749,44.83964660782331],[-0.990697446255983,44.84043264881268],[-0.988056797698592,44.84060216693675],[-0.985575268424259,44.84273963243255],[-0.983033036311518,44.84293522162219]],[[-1.000997805657444,44.84549151010867],[-1.000273413483432,44.84749271691903],[-0.997771964906346,44.84854335247618],[-0.994958862697492,44.84802791086634],[-0.993482143712449,44.846248362712736],[-0.994206761768613,44.84424720103968],[-0.996708085723761,44.84319664729565],[-0.999520962050463,44.84371204376818],[-1.000997805657444,44.84549151010867]],[[-1.064864507637002,44.77245236314908],[-1.06162388741662,44.77224525595723],[-1.06067919396725,44.772596567187],[-1.059713540662369,44.77475487568705],[-1.056756381912609,44.77611851550264],[-1.054224377712609,44.77667556531542],[-1.052757174157728,44.77877759408456],[-1.05001412133856,44.78054458263478],[-1.046530332847122,44.781429325874974],[-1.042896493639446,44.78130772329839],[-1.039494679426927,44.780168003061064],[-1.036365114986479,44.77786808732149],[-1.032169851728231,44.77872293468661],[-1.029388195579181,44.77873329476213],[-1.02666604948988,44.77814922689794],[-1.023740222083355,44.77660975812477],[-1.022156427373022,44.77492821046045],[-1.021352805064453,44.77303146631061],[-1.02153953507524,44.770400608418456],[-1.023161085516398,44.76798973431165],[-1.021893637470555,44.766743529479264],[-1.021784639731041,44.76522031083856],[-1.02452270558322,44.76131813842918],[-1.026825882099587,44.760634798198936],[-1.029073129726809,44.76104879116019],[-1.030136739504668,44.75981798123087],[-1.031812019472444,44.75917697165642],[-1.034351383358385,44.759366478448385],[-1.036193398879155,44.76074233269351],[-1.038621691749451,44.7598170262547],[-1.042346196063581,44.760293951790736],[-1.045546877514166,44.75930257632946],[-1.04962859369667,44.760482397231705],[-1.048707565771491,44.75910387792668],[-1.049007801226708,44.75755105005283],[-1.050468204871206,44.756378755501004],[-1.052286564002839,44.75598258939699],[-1.054725309166476,44.756520973373775],[-1.056131212458223,44.75803948523703],[-1.056120355500036,44.75935151863621],[-1.055284198032129,44.76047219958241],[-1.053763745343293,44.76121248483869],[-1.052121551618896,44.76136760943714],[-1.053708828728002,44.762760300791975],[-1.054059773221425,44.76485106201719],[-1.055024529597435,44.76547117343979],[-1.057348224378978,44.76523414623624],[-1.060175583720133,44.76573299482774],[-1.060996804164137,44.7652659598905],[-1.061919162481718,44.763519096148784],[-1.063349544042087,44.76269264531172],[-1.06515783979006,44.76244413419971],[-1.067770478016001,44.76299098893526],[-1.069873686137598,44.76215274254597],[-1.071646114747375,44.762025226399366],[-1.074359626647607,44.76328733571505],[-1.074761662341523,44.765464061255486],[-1.076167692356046,44.76701068131063],[-1.078807201613056,44.76677410457789],[-1.081184028836071,44.76728649873647],[-1.08341698148718,44.766994095758974],[-1.085736940219197,44.76750789279701],[-1.08835536797474,44.76723514379476],[-1.090365042326678,44.767896595975266],[-1.095961025507347,44.76862791656577],[-1.099647906987075,44.76653063331059],[-1.102210723763442,44.76576126498722],[-1.105902718244689,44.76561581323737],[-1.109529588978291,44.76630852369358],[-1.114641066821492,44.763657866573475],[-1.117365094216064,44.763259097108175],[-1.120134310361619,44.76344078106338],[-1.123536744959557,44.76457801981297],[-1.126431241507751,44.767074542134075],[-1.127356078225832,44.76966972326204],[-1.1265253921929,44.77331285273807],[-1.129078663601397,44.775482021825944],[-1.13026528288079,44.777668166911226],[-1.13327673692582,44.77670103381074],[-1.136909292192779,44.77656541562097],[-1.140399620820838,44.77743648163488],[-1.142609547565967,44.77872117256245],[-1.145541118935095,44.77898826680044],[-1.146858758532441,44.77990521561671],[-1.14741395569516,44.78115627855059],[-1.147075550641209,44.78244601942473],[-1.146072607807321,44.78338203586097],[-1.149009373481509,44.7833615828916],[-1.153540971405461,44.784408124571044],[-1.154858868435356,44.78532498001019],[-1.156642015492112,44.78782196584998],[-1.157620941533138,44.78814864781824],[-1.163012649940972,44.78548421169549],[-1.166620995583322,44.78487273383324],[-1.169435193696333,44.785327796181974],[-1.170769322433865,44.783560890922665],[-1.16887963763639,44.78168939811131],[-1.168034356183014,44.77968486430419],[-1.165569981764207,44.779514229817444],[-1.163921915343807,44.77847537389109],[-1.163366377449746,44.77722439480622],[-1.163704377506381,44.775934606556085],[-1.165544759150266,44.77461411295833],[-1.168817224859934,44.7742744592885],[-1.170371217913152,44.77258123161048],[-1.172843997462543,44.771862585967305],[-1.174405676994635,44.7705781220576],[-1.177498648650525,44.7695239583383],[-1.17947351745263,44.769420625348616],[-1.17983081831862,44.76804512708935],[-1.181315518667825,44.766888245617146],[-1.183760824349468,44.76653470280516],[-1.185807211642343,44.767217241091856],[-1.186992087166367,44.768781577891396],[-1.186687469629292,44.770347156661785],[-1.191166344148387,44.76969462374229],[-1.195781924012885,44.77045165771378],[-1.200871106870956,44.767790388933264],[-1.20359472142193,44.76738949983151],[-1.206364417709875,44.76756902947782],[-1.208995044677605,44.76833605983228],[-1.211737376559314,44.77010320877171],[-1.213029775360767,44.7718080730191],[-1.214363482618788,44.77520974193964],[-1.219259006841774,44.77414285968122],[-1.223843343023485,44.774460829666126],[-1.226297919007352,44.77539276879426],[-1.228229951832849,44.776756721536636],[-1.229560151265223,44.7784967405914],[-1.230108417251562,44.78032935191312],[-1.232284418069227,44.780242859322854],[-1.234652883501523,44.781064244304005],[-1.237224198337163,44.780952819726735],[-1.23912626190274,44.78174145506178],[-1.240015397955372,44.78289059624143],[-1.240284925075514,44.784589902633755],[-1.24259926053531,44.785467100511525],[-1.24376303520817,44.78648427255343],[-1.244498477174136,44.789925600957794],[-1.243824087642635,44.791100440407604],[-1.24241486205348,44.791945748007564],[-1.240180306704343,44.792189303663996],[-1.238176450491346,44.79150185492727],[-1.236733164721459,44.79284605344108],[-1.239362721243725,44.79369728369001],[-1.243207574083078,44.79390657308562],[-1.244559279618469,44.79486012736604],[-1.245089453912002,44.7963378839216],[-1.243548116508292,44.798414302706696],[-1.239871137777846,44.79891717593677],[-1.240190041175862,44.80077255501752],[-1.238797726120769,44.80229794016326],[-1.237042907490513,44.80282215304673],[-1.234239653107045,44.80246484262642],[-1.233202232251338,44.8028396182948],[-1.231827416141646,44.80613862978606],[-1.229700127067585,44.80735057837621],[-1.228864416217391,44.810769603931746],[-1.226637181338071,44.81292730844597],[-1.223523407365364,44.81426912754283],[-1.220797663303903,44.81467051270516],[-1.214991784968844,44.813719231672145],[-1.210747234110036,44.81648853139526],[-1.208916992870313,44.81701776735036],[-1.207612039227468,44.82018786122769],[-1.204323657169662,44.82254788397789],[-1.200839700699439,44.82343748694813],[-1.197202817974669,44.82332094050743],[-1.19384531251754,44.82221209824682],[-1.191661763369601,44.820613181917096],[-1.190690182307169,44.82288160237303],[-1.187687831534848,44.82375614648218],[-1.180384351428278,44.821685326628526],[-1.179199160010822,44.82394791161512],[-1.176714880789334,44.82590075277067],[-1.17251775490924,44.8271512107283],[-1.168443135406695,44.82696250271083],[-1.166839363061838,44.8284988455077],[-1.167058591890613,44.83194658559391],[-1.169039178223878,44.83388119359375],[-1.169875393551599,44.83581674369213],[-1.169140125455584,44.84011621706661],[-1.172177127376233,44.84291078593542],[-1.173297305499645,44.846493682812756],[-1.174475737482495,44.84688632304013],[-1.178580694465632,44.84580883277708],[-1.182340606869054,44.84592990447556],[-1.185689035308092,44.84705470501901],[-1.188590543453504,44.849549672597625],[-1.189519609950655,44.852144406064326],[-1.188697473803807,44.85577813766584],[-1.191308794800907,44.8579951615602],[-1.192549758399934,44.860431170914026],[-1.19257003303281,44.86241241433944],[-1.191780743559343,44.86431253033017],[-1.190249793263273,44.86596786581664],[-1.188055868532352,44.86725868435101],[-1.181361850635634,44.86860092813367],[-1.182459788828951,44.87238091757943],[-1.181942393414489,44.874989408394335],[-1.180060400573418,44.87725853167025],[-1.177016464086134,44.87887005994504],[-1.175678500760436,44.880249301843754],[-1.173611622551506,44.880795005959335],[-1.171339577206695,44.880484906421245],[-1.169738610625163,44.88216585753071],[-1.165913656776392,44.88272821367374],[-1.164472395076997,44.88430230012802],[-1.162636207660964,44.88509119666623],[-1.160730387850452,44.88509609756949],[-1.158627114651497,44.884302218131445],[-1.155397283801964,44.884431018549094],[-1.153653229828841,44.886189290109236],[-1.152035744350782,44.88682129027213],[-1.14977370360217,44.8867478999932],[-1.147847893518295,44.88563820420221],[-1.145195775709941,44.886502935294715],[-1.145418067795487,44.89022708278663],[-1.143269453270338,44.89313089928902],[-1.140251350418345,44.89473317916693],[-1.134439825687041,44.895764608352195],[-1.135507937602063,44.89954901394744],[-1.134652542933331,44.90309410152202],[-1.137691791418596,44.90593354234203],[-1.138619437623855,44.9085287473728],[-1.138075678488262,44.91113459169049],[-1.13565717625033,44.91376089282227],[-1.135659087949749,44.915750942586975],[-1.134597674699612,44.917984569120364],[-1.136841954470149,44.91637358497832],[-1.139688973711278,44.91626747175097],[-1.14186638348229,44.91763753052386],[-1.142021885982545,44.91974189454624],[-1.140699040540422,44.920996471417155],[-1.138680112624131,44.921515112442584],[-1.136221367932064,44.92100704308829],[-1.133692137485599,44.91910857157202],[-1.131110744892867,44.920719958633114],[-1.128628345521561,44.92129853981351],[-1.125792747513169,44.9215034328505],[-1.122890796633905,44.921067987155205],[-1.123165382725453,44.922496026190174],[-1.122441067185138,44.923749415052384],[-1.121007449854301,44.924576671605784],[-1.11912425645464,44.924821369054406],[-1.118034386828106,44.925642401757585],[-1.121139611401663,44.9264832990377],[-1.123509675507044,44.92831218448488],[-1.127631057696138,44.92638720884468],[-1.130737269041553,44.92686585469165],[-1.132943102006677,44.926561841324684],[-1.135305881331651,44.92706552709698],[-1.138679254676918,44.92690747480592],[-1.140883814499317,44.92831740693822],[-1.140868140523811,44.93062624115805],[-1.139104546346231,44.931887405859364],[-1.136048703487359,44.93242145419602],[-1.135818349072724,44.93575639868566],[-1.134381452944921,44.93688991123216],[-1.132619886116655,44.93728513775528],[-1.130473031996205,44.93692162295343],[-1.128972384129385,44.93577218416797],[-1.128591405814493,44.93448826054324],[-1.129359115587977,44.93283113975945],[-1.129092387840438,44.93208491199746],[-1.125940560260803,44.931246843669136],[-1.124049590179771,44.92953131768931],[-1.122721548034091,44.92955944880816],[-1.120517615904175,44.93111668350683],[-1.117491007818112,44.931629409516255],[-1.117502547950787,44.934449523826586],[-1.115753332629103,44.93657165766898],[-1.117005892890791,44.938203467910604],[-1.117177549455761,44.9395099242226],[-1.115337156786621,44.941901251539754],[-1.116576239948088,44.943523480359765],[-1.116747902788182,44.94482993939627],[-1.11523907899408,44.94659700319436],[-1.111970141396613,44.947172783740946],[-1.111285578563935,44.947682856688516],[-1.111588439834293,44.95016686271774],[-1.109813026730936,44.952337961419786],[-1.111148175520437,44.95417482031763],[-1.111043672381682,44.955782900030904],[-1.109407908252293,44.95718318185248],[-1.105882841865268,44.95796120215636],[-1.106127812250673,44.96032660754717],[-1.105164339520059,44.96178383878325],[-1.10362222299953,44.962507050150606],[-1.101306630871897,44.96271047867238],[-1.10058300714789,44.96330665776853],[-1.101017734613052,44.9652169173415],[-1.100284726300332,44.96726551139861],[-1.101015345301485,44.96783450595164],[-1.103432765918542,44.96829144412119],[-1.104700725663177,44.969186359160055],[-1.105260992024724,44.970702667581875],[-1.104712204597321,44.972000390071244],[-1.102059621685555,44.973266349210874],[-1.098862370312661,44.97278199380745],[-1.095511627083288,44.973228136008494],[-1.094970078556535,44.97391486347951],[-1.095440441126495,44.975372135841496],[-1.095096442720084,44.97661770369046],[-1.092604547911184,44.97810187769972],[-1.090051081344879,44.977943306026376],[-1.087527435024917,44.97593346671206],[-1.08604734521017,44.97601053832149],[-1.084263395044625,44.97777895281499],[-1.085595438533052,44.97973846161166],[-1.085474878501696,44.98130372846553],[-1.083837730632093,44.98270364441898],[-1.080381465806301,44.983445577408844],[-1.080589360911793,44.98584747544144],[-1.07966644898753,44.98727170484504],[-1.077047422013436,44.98817529187389],[-1.074282625342493,44.98766194499835],[-1.07165185406563,44.98793496483702],[-1.069567044011385,44.98743983565684],[-1.06629546955555,44.98788160546388],[-1.065753421386751,44.98856819352444],[-1.06610563717003,44.99081123732367],[-1.063857909438069,44.99289879085973],[-1.063500473154908,44.99509864854888],[-1.062060592568026,44.99623124532575],[-1.059923216435836,44.99662811653056],[-1.057578673274494,44.99613148737721],[-1.055282993481525,44.99643811026178],[-1.052928959153576,44.995937346662245],[-1.050652771037088,44.996238103989306],[-1.048243163388439,44.99573937229122],[-1.046323833460986,44.9960476218877],[-1.043673032722681,44.995553241065124],[-1.040643316239224,44.99578580312349],[-1.038496934158777,44.994790612740836],[-1.037728239877558,44.99327602299157],[-1.03824626841887,44.99179567218789],[-1.039593662553373,44.99083561219405],[-1.044352556107747,44.99046597366165],[-1.045043702289394,44.98835084463891],[-1.046528250214958,44.98694045064],[-1.045162050258712,44.98434037108544],[-1.045842819319164,44.98191204369979],[-1.042198128662221,44.98064963493013],[-1.040968580296961,44.978555265219676],[-1.042472486822279,44.976507928190976],[-1.046299584795551,44.97557601440514],[-1.046081666610678,44.973201484543665],[-1.047046871395336,44.971744760724896],[-1.049686062534714,44.97087240053655],[-1.052421274860065,44.97158019223216],[-1.053606746002639,44.9731460542687],[-1.052869016581197,44.9754936684305],[-1.053654710717217,44.976324251024316],[-1.056793942829835,44.97690728613585],[-1.059541181784903,44.9765843026189],[-1.06034600320507,44.97604297694714],[-1.059961754161636,44.974061810150054],[-1.060643311554106,44.97194189192646],[-1.056999111503986,44.97067997134755],[-1.05576993693061,44.96880663851308],[-1.057032279546324,44.966678748220446],[-1.061131947455007,44.96560796630137],[-1.060981199174206,44.962971574732386],[-1.062759553145326,44.96088568970019],[-1.061330653420548,44.958406828118214],[-1.061701745082343,44.957121414034255],[-1.063209764809095,44.95557567147456],[-1.061815427378565,44.95336068877988],[-1.062527854142055,44.95089064771866],[-1.059343332428633,44.94975114047227],[-1.057937037815078,44.9511881646327],[-1.055608490732538,44.95170797040297],[-1.052566924579594,44.95356827466647],[-1.05085549691054,44.954063184581],[-1.048345642375392,44.9536976020397],[-1.046672328383655,44.95214531990576],[-1.044330923496556,44.9510086604034],[-1.040871157625834,44.95148328816263],[-1.04040962850241,44.95217996212232],[-1.040814662076403,44.95283854024065],[-1.043546298085871,44.95260484907557],[-1.045873401572246,44.953845902271276],[-1.046396923446824,44.955368781844605],[-1.045443818867861,44.95701256451325],[-1.042390360782194,44.95791598998139],[-1.039975288578687,44.95717150325572],[-1.037243415189492,44.95740510700954],[-1.035255678784589,44.95650388025685],[-1.036118320754688,44.95869802075809],[-1.036123852832249,44.96063568731453],[-1.035327879170229,44.962534744308776],[-1.033789629421253,44.96418796872745],[-1.031588262033997,44.965475731648624],[-1.029008328801915,44.96623155448103],[-1.025301686639994,44.96635724880098],[-1.021493428084632,44.96531693464169],[-1.019605590297738,44.96628660208815],[-1.019067274377775,44.966884357949176],[-1.019520693833591,44.96865559720683],[-1.018969941727293,44.96995289516862],[-1.017654577496178,44.97087478837208],[-1.015409691007297,44.97123913089427],[-1.012513685812181,44.972546665567755],[-1.012704108865747,44.974634468148885],[-1.010770301451696,44.976179355899134],[-1.007025510418772,44.97620924653886],[-1.005078069874826,44.976988177168096],[-1.003298692066567,44.97711463729795],[-1.001293026329864,44.97645828461783],[-1.000127477125209,44.97508867376624],[-0.998787168147454,44.976926047909274],[-0.996822752902591,44.978333809880674],[-0.994367082419136,44.979276167567114],[-0.991631683104153,44.979671940568956],[-0.987957590693434,44.97929767320735],[-0.984482514832853,44.977839839522446],[-0.983511614323697,44.97784078148942],[-0.982754145772889,44.9784976903449],[-0.98227150407315,44.98181558853766],[-0.980966805796205,44.98356728357587],[-0.978951786973926,44.985001081304304],[-0.975592899591566,44.98612269415991],[-0.972813800419876,44.98631290548712],[-0.969271022709432,44.98568634868658],[-0.966896605933388,44.98456326313609],[-0.965130062002779,44.98302896952284],[-0.963896274514886,44.98059033775363],[-0.964062149260383,44.9779585786398],[-0.965634287868837,44.975572192723064],[-0.968113943602744,44.97365598371419],[-0.967294603914595,44.96924559852788],[-0.968552152980937,44.96676708617457],[-0.971504166620631,44.964375607316256],[-0.970697055373168,44.959969571642915],[-0.972706210160101,44.956325749205845],[-0.971696847582944,44.95550207363164],[-0.968613561098427,44.95566282742853],[-0.965936444242516,44.95528700267355],[-0.962699732350507,44.953912977250866],[-0.960934268931635,44.95237863058584],[-0.959887330911285,44.95058925384316],[-0.959882362097455,44.94726540426371],[-0.960923819314923,44.94547444608374],[-0.962684320458154,44.9439373841399],[-0.966749092991081,44.94237801997812],[-0.9705145668308,44.9422434985678],[-0.973182586476551,44.942822551025294],[-0.97589085196314,44.94406301670926],[-0.977238350940517,44.94377138994217],[-0.978005495497962,44.94002322464401],[-0.980704091366195,44.937225905727615],[-0.979770361458612,44.93581836286955],[-0.97788479789794,44.93568592590815],[-0.976355935186061,44.93494943833895],[-0.975433890973105,44.93273541349542],[-0.976896867850548,44.93099660332261],[-0.980218142435227,44.930357988994984],[-0.980886646690692,44.929563316492995],[-0.980734813934767,44.929125379178295],[-0.978754992664127,44.92900593104791],[-0.977028754244281,44.928098905277736],[-0.976305825805532,44.92689145608001],[-0.976490354998808,44.925542900188525],[-0.977767107516037,44.92431662559228],[-0.979466677808913,44.92380303312136],[-0.981306347159439,44.92391923674798],[-0.983472597588525,44.924789058538146],[-0.987449238381925,44.924185611861965],[-0.985587480839158,44.920599138043634],[-0.981091712476802,44.92092527050994],[-0.97856021339885,44.919477552205336],[-0.978215826172596,44.917929191715515],[-0.97914017196295,44.91650583392657],[-0.981500946227028,44.91523568649455],[-0.983471721481461,44.91555109981678],[-0.984133731735045,44.91466816737468],[-0.983112889903608,44.91380628710766],[-0.981368986973157,44.914384312486156],[-0.978318951033443,44.91330811805408],[-0.977136845686594,44.91174148219478],[-0.977439878505413,44.91018877109148],[-0.978905749517703,44.9090173613645],[-0.98072955961573,44.90862234976112],[-0.98424768542251,44.90967513034387],[-0.986871512142945,44.90946549362809],[-0.988634074785102,44.90998222246307],[-0.990042034116533,44.91150164875822],[-0.989627807234779,44.91350582709105],[-0.988007492803531,44.91456965122873],[-0.985087869572045,44.91482116752743],[-0.984214246170901,44.91550795525651],[-0.98591811507355,44.918479751552795],[-0.986276483000612,44.91877420545051],[-0.986065066104619,44.917069092160325],[-0.987181106834209,44.91571688318554],[-0.988861532432535,44.91507649031772],[-0.991005711344342,44.91514913477261],[-0.993346496886142,44.91680746332972],[-0.993524234696273,44.918070417249176],[-0.99283708360028,44.91939191221129],[-0.993595213996448,44.92041711526984],[-0.996216283803712,44.920973479173504],[-0.998721618896992,44.92070412080619],[-1.001193843268069,44.92119766448964],[-1.004262515158997,44.9207635106505],[-1.004818051393457,44.92010240020833],[-1.004590397312331,44.91758380492112],[-1.005580419288246,44.91652730972698],[-1.007051033858622,44.915929826060975],[-1.003450331227984,44.91310961830636],[-1.002727027378217,44.91190234649945],[-1.003233757272384,44.91007676435379],[-1.005301838309114,44.90891486583188],[-1.003587641719041,44.90880012722658],[-1.001282711206893,44.90962338714739],[-0.999504913664421,44.90950096805549],[-0.995007475879284,44.90783220370653],[-0.992472983531091,44.90585089757417],[-0.991143940080775,44.90275356215684],[-0.991958256589633,44.89910844178145],[-0.988601045811352,44.895713160492654],[-0.988062295323795,44.893769203265734],[-0.988391781379204,44.89167731767268],[-0.98549395732713,44.89057369228011],[-0.984569353497527,44.887900414028756],[-0.983068850868373,44.88734730728755],[-0.981019709027112,44.88770792390759],[-0.979195135244269,44.88731632701077],[-0.976575626324867,44.885317591425384],[-0.976572147452578,44.88304787368031],[-0.972458632413487,44.88297155391787],[-0.970026425403658,44.881032008043476],[-0.967240075919539,44.88017784127124],[-0.966015524614047,44.87808270730438],[-0.967502337306715,44.87585794261625],[-0.967385367156176,44.87515960968702],[-0.962026562104925,44.87350725152512],[-0.960892702456044,44.87252699134978],[-0.960515997371489,44.87124251962753],[-0.96106713161602,44.86994555022255],[-0.962653898749092,44.86892037479338],[-0.962139336381462,44.867148653012194],[-0.963104895285569,44.865692705154125],[-0.965678401330514,44.864824581515926],[-0.9681331375017,44.86533641366497],[-0.969589332810245,44.86688233714691],[-0.968869501391822,44.869584465455986],[-0.970093947952811,44.87111822638397],[-0.9704959585298,44.87328066984391],[-0.975394705000506,44.87372378386581],[-0.978889425532611,44.87590792473662],[-0.980035820452592,44.87716675172026],[-0.982563074618977,44.877866114813585],[-0.985589439085551,44.87980179261609],[-0.988373478217071,44.884016083078734],[-0.988731244739949,44.88595618148223],[-0.991647054771091,44.887166454957665],[-0.996746963324764,44.886728985769984],[-0.998057917328628,44.88543706993576],[-1.000155677034249,44.884893587798935],[-1.002737837134201,44.88206978951247],[-1.005906580747677,44.88070443962214],[-1.013388729650036,44.880182036805586],[-1.01580278242717,44.88086814715125],[-1.013448612711311,44.87595546324771],[-1.013722816014049,44.873939904403485],[-1.01509632959817,44.87131064919389],[-1.012851571033446,44.86925018141332],[-1.011772519339074,44.86742350890872],[-1.011488557168653,44.865408641889395],[-1.012036304828686,44.86346601607514],[-1.013903808909655,44.86124135113148],[-1.016867644132942,44.85966147091686],[-1.020455833041168,44.85900842761939],[-1.023818131659054,44.859316431324764],[-1.024030325111828,44.857013616722625],[-1.025291279725997,44.85495275522312],[-1.02551099024016,44.852703741888284],[-1.026563567457674,44.85086937409086],[-1.029036192153916,44.8489083383635],[-1.033051108304291,44.8476707862419],[-1.033962955458764,44.846877071502256],[-1.033695868935636,44.84631302257598],[-1.03006413015637,44.845429047542765],[-1.027371060854978,44.84372493456526],[-1.02759956811758,44.84507925449971],[-1.026845360000169,44.84689557400229],[-1.024548526607675,44.84851466898176],[-1.024656352752501,44.85047404835329],[-1.022855272727339,44.85197015276168],[-1.023542917712555,44.85362545593354],[-1.022821359843165,44.85510659465376],[-1.019536038596712,44.85701792063473],[-1.017760494207555,44.857144607422974],[-1.016062200997218,44.85666072088996],[-1.014383270345971,44.85702823217196],[-1.013104457151957,44.85995237277559],[-1.011670859232549,44.86077820187666],[-1.009921168787647,44.86102794003017],[-1.007282464908514,44.86016284807235],[-1.006277302014649,44.85844494368705],[-1.007273915988049,44.85650382269961],[-1.010566872832027,44.85520269125287],[-1.010369030393884,44.85265991288526],[-1.011993474390411,44.85074099746209],[-1.011728695907703,44.84999450799533],[-1.009195183060338,44.84839846843115],[-1.009024044632423,44.84633556339386],[-1.01031909466707,44.84506735066787],[-1.012386240233956,44.84452469281443],[-1.014198602374446,44.84476789912316],[-1.016050447575834,44.84569423827143],[-1.019180201618023,44.84595132490749],[-1.020565375303403,44.8433452118223],[-1.021909511143765,44.84238540924123],[-1.024359101363457,44.842035374901016],[-1.02656613001843,44.84283415162434],[-1.025419954826353,44.839323935826705],[-1.026977911752338,44.83591648830861],[-1.02469880754127,44.83482635843409],[-1.022967390894162,44.83333088008386],[-1.021603228564486,44.83015206086419],[-1.021880074511061,44.82818060480709],[-1.023430605424218,44.825836359863146],[-1.025438782061696,44.8244018270958],[-1.028128893275853,44.823419567572735],[-1.027885859112948,44.82154004665579],[-1.028733453931569,44.81867924277148],[-1.026150029808944,44.81642109303707],[-1.025071560161063,44.81459458124511],[-1.024787388163046,44.81257978301934],[-1.025334161403948,44.81063712519734],[-1.027854068756826,44.80794135925792],[-1.031018023582183,44.80657532585057],[-1.034737329605295,44.80617719040774],[-1.039183306967291,44.80691369086448],[-1.044315005383334,44.80429075550445],[-1.047975722252177,44.8039071386718],[-1.052430673982779,44.804646506942156],[-1.055539348483312,44.80274720350371],[-1.052221276068227,44.80283834012151],[-1.050282618368001,44.80218928703516],[-1.049115990863344,44.800810413356295],[-1.049381643108407,44.79900109235541],[-1.051900469341175,44.797547099862214],[-1.055332375475209,44.79798978831375],[-1.057782162807499,44.79771533371375],[-1.059021407599682,44.795273901766166],[-1.061974662592353,44.792838622863734],[-1.061058229566912,44.78913698462135],[-1.061963237099559,44.78653818554208],[-1.065480269373369,44.782929057627186],[-1.068970149974166,44.782188770496646],[-1.069723967039308,44.781531315654895],[-1.069291964941033,44.77975623928061],[-1.069974291874082,44.777591664062314],[-1.06588248576581,44.775935850091045],[-1.065152344354667,44.774236098031736],[-1.065908097252185,44.772299230605746],[-1.064864507637002,44.77245236314908]],[[-1.001693266677897,44.971152182768726],[-1.000646976112457,44.971704836351286],[-1.000621911556675,44.97298151356521],[-1.003343726704663,44.97176251024742],[-1.001693266677897,44.971152182768726]],[[-1.039595924199047,44.95071977703982],[-1.039503353167148,44.951379085321015],[-1.03927895088482,44.952126098985055],[-1.04028676209341,44.951415765006296],[-1.039597883470466,44.95034549923488],[-1.039595924199047,44.95071977703982]],[[-1.013223534791259,44.94132413913815],[-1.013801801470454,44.939297060774095],[-1.016387215259747,44.93767092774791],[-1.016374062968268,44.934660024662556],[-1.017789751359456,44.93317404421379],[-1.019273682068668,44.93246697929366],[-1.021110091974988,44.932325314707285],[-1.023213690453916,44.932808056964845],[-1.025410380612105,44.932514060573375],[-1.027143118551632,44.93288900915683],[-1.029689524255646,44.929964345743436],[-1.031955590966182,44.92911674471079],[-1.034136367291137,44.92935634727944],[-1.036260797585549,44.93085083355783],[-1.03733322529702,44.93096225146376],[-1.039358661692941,44.92878808663774],[-1.041776568013985,44.9280724228152],[-1.044771748723739,44.928968892566196],[-1.046198605521582,44.93166055865401],[-1.050399443832126,44.931408082181385],[-1.051289930697302,44.930456841763196],[-1.049963748962597,44.92885448231747],[-1.049868642668079,44.927288359193724],[-1.051014337965162,44.92594863505932],[-1.052953168409925,44.92529342536687],[-1.05583213316591,44.92580083162542],[-1.058590593063682,44.928357355471334],[-1.062467467692023,44.92802672384583],[-1.063357787113996,44.92753436309903],[-1.062544388170659,44.926944923239695],[-1.059560132277252,44.92655483112003],[-1.05642749479339,44.92522789830428],[-1.054614229696634,44.923665477404434],[-1.053414757823629,44.92135814726737],[-1.051617347336838,44.9207293941046],[-1.050551092794565,44.91959693095542],[-1.046895727413279,44.92025382809954],[-1.03846668372269,44.91967899550963],[-1.035950371002488,44.91872806623881],[-1.033981013145927,44.91732529333953],[-1.032669656899173,44.915576724051625],[-1.032128575691871,44.91341250601617],[-1.025115042165196,44.913517658211255],[-1.024359857705095,44.91452613709725],[-1.026032579431123,44.916578434570745],[-1.027624219802734,44.91734766530551],[-1.03020009235992,44.91702406408759],[-1.032272704602824,44.91756132081431],[-1.033666816266589,44.91903739049373],[-1.033560157731281,44.92064537979706],[-1.032234866688246,44.92189866483806],[-1.030214905487664,44.92241533520567],[-1.026715714370291,44.92144240563089],[-1.024139618847003,44.92176592651737],[-1.021926220081565,44.92114678308231],[-1.022185642743773,44.92292983071842],[-1.020784372939111,44.924452532725226],[-1.018341404029633,44.92499800502468],[-1.016063629463624,44.924375359428815],[-1.014204955695626,44.926722047591596],[-1.015502873622935,44.92866079955203],[-1.015401303293905,44.93018436942506],[-1.014344407408102,44.93131226108279],[-1.012678897229328,44.93192773674749],[-1.013937711717422,44.93270558605594],[-1.014633638347974,44.933921038111535],[-1.014440770262729,44.93522599801853],[-1.013450585127899,44.93628257808439],[-1.011031963573634,44.936997627447155],[-1.008899747811871,44.93660906390605],[-1.006983847871485,44.937075393969806],[-1.004211247160779,44.93658133964786],[-1.00195849601243,44.93687589666736],[-0.999682823198131,44.936381750891485],[-0.997358275655279,44.936675887750006],[-0.995285291713915,44.936137976832526],[-0.99399656177861,44.93490305775413],[-0.993627652852457,44.935312913251],[-0.99596265184614,44.93879172344226],[-0.998976510638296,44.93828458723728],[-1.003614941753933,44.938442777843406],[-1.007025627222188,44.93958365663573],[-1.009650419525855,44.941721369509686],[-1.012259235232582,44.941947024290045],[-1.013223534791259,44.94132413913815]],[[-0.992033590539195,44.935550356102475],[-0.993176688374872,44.93530274888974],[-0.993524188832008,44.9345009482662],[-0.992230232517957,44.93446023628628],[-0.990959087209688,44.93552932876908],[-0.992033590539195,44.935550356102475]],[[-1.039703892654247,44.93425166734825],[-1.039681638002176,44.93347522257416],[-1.039708152256124,44.93325727451604],[-1.038909251430651,44.93377479840653],[-1.038778215476338,44.93494917010283],[-1.039703892654247,44.93425166734825]],[[-1.023297622770021,44.91431392699128],[-1.024102972214951,44.91393001313733],[-1.024302349888979,44.91331049090497],[-1.02288150506718,44.914322726338625],[-1.023297622770021,44.91431392699128]],[[-1.006473377099569,44.90870408866485],[-1.006476520310323,44.90865854014605],[-1.005968082130397,44.90880513749439],[-1.006473558649968,44.90878220464073],[-1.006473377099569,44.90870408866485]],[[-1.082636926880709,44.77894488910528],[-1.082981027827821,44.77787680578812],[-1.081575629680206,44.77782516411627],[-1.081040233979939,44.7783990973364],[-1.081240813913836,44.779135498083996],[-1.082636926880709,44.77894488910528]],[[-1.035836817947579,44.889639173469135],[-1.034493715966602,44.889670379655406],[-1.033950405643432,44.89056063739823],[-1.034601284266261,44.89018217868239],[-1.035836817947579,44.889639173469135]],[[-1.07270071054239,44.977251995147604],[-1.073824704885886,44.97710701463934],[-1.074352739905215,44.976510317371165],[-1.074014776888216,44.975604526316346],[-1.073136901515189,44.9751783767586],[-1.072110572503186,44.975376318684546],[-1.071452806950188,44.97617816869779],[-1.071718977013955,44.976924544197146],[-1.07270071054239,44.977251995147604]],[[-1.072095221334441,44.973675659607366],[-1.072973065250618,44.97410181720171],[-1.073999367878642,44.97390386739114],[-1.074657224682675,44.97310183795387],[-1.074391033645974,44.97235547030313],[-1.072219154672106,44.97220591042219],[-1.071741043684324,44.972878688557216],[-1.072095221334441,44.973675659607366]],[[-1.079764290593249,44.950988107221995],[-1.078184710266893,44.95163987473889],[-1.078619777046858,44.95350357737042],[-1.078053376132364,44.955823782211105],[-1.081553277147405,44.95673262908313],[-1.084917829100213,44.956289234253],[-1.08545933050062,44.95560255922969],[-1.084990168509141,44.953926770124774],[-1.085566040940376,44.95159608026243],[-1.082096297056114,44.95069351577397],[-1.079764290593249,44.950988107221995]],[[-1.091249189318336,44.96739727792541],[-1.087794166905937,44.96515875442423],[-1.084903237612169,44.966868241932644],[-1.082068352447328,44.967266916980236],[-1.08150180611498,44.96790413878545],[-1.081960877330124,44.96964346371082],[-1.081394394704363,44.971963757247615],[-1.0845828828988,44.97287400279561],[-1.087037357639058,44.974747999728834],[-1.08997621468843,44.97306185277757],[-1.092918620546746,44.97265190664237],[-1.093446410312236,44.972055119527234],[-1.092991925984441,44.97024293808099],[-1.093755649998016,44.96828021768193],[-1.093107186465199,44.96766308306421],[-1.091249189318336,44.96739727792541]],[[-1.087837245214039,44.962020157840755],[-1.086956807620884,44.96227288467565],[-1.08657194458716,44.9629751290537],[-1.087092085449689,44.96385336193323],[-1.088122903517875,44.96413878997206],[-1.089001240446876,44.96381355288296],[-1.089525134262149,44.96284769811458],[-1.088965107197732,44.962188394219154],[-1.087837245214039,44.962020157840755]],[[-1.018057732236439,44.91667495956547],[-1.016953186151744,44.916351525328906],[-1.015454078729736,44.91680471820746],[-1.016366195697435,44.91782672019392],[-1.016544454937024,44.91908963763423],[-1.014795414200985,44.921173400846676],[-1.014760894938072,44.92179097171333],[-1.015648802141771,44.920506764876954],[-1.017232547330586,44.91975201558586],[-1.01907156060919,44.91963173404682],[-1.020913956943739,44.92022329113181],[-1.018858168619706,44.91834338369088],[-1.018057732236439,44.91667495956547]],[[-1.011041855302751,44.91593167289334],[-1.010547440919119,44.91593227231615],[-1.00986899710065,44.916100154994275],[-1.011642510419923,44.91614601093935],[-1.011041855302751,44.91593167289334]],[[-0.971358266323709,44.90705737377106],[-0.969390378020008,44.90857884790123],[-0.966484911204606,44.90866577129971],[-0.964344031112519,44.90726721986462],[-0.964221851621365,44.90520251190463],[-0.966189761653957,44.90368113089107],[-0.969094970850321,44.90359421534653],[-0.971235829213517,44.904992673664985],[-0.971358266323709,44.90705737377106]],[[-0.970918691280588,44.9282667755793],[-0.971605860415332,44.930274842401275],[-0.970092858175827,44.93203992597653],[-0.96726589676101,44.932528005577076],[-0.96478113439438,44.93145314046119],[-0.964094195147512,44.929445030747246],[-0.965607316149204,44.927680030197955],[-0.968434047676145,44.92719199348936],[-0.970918691280588,44.9282667755793]],[[-1.147059266383884,44.94829631202418],[-1.143805961873763,44.948947736617434],[-1.143983992896646,44.95163864997912],[-1.142292359181285,44.953269780659554],[-1.140157189732051,44.9536681876928],[-1.137557705461061,44.953168691955696],[-1.134832986177996,44.953496250159695],[-1.134029207902796,44.954038110928536],[-1.134329112793284,44.95651610750676],[-1.13256740062968,44.95867993552649],[-1.13383703851194,44.960322919232816],[-1.13401807905323,44.96158566279477],[-1.132165771060661,44.9640227290513],[-1.13341738629678,44.96565293138621],[-1.13359843459885,44.96691567758325],[-1.131753722338631,44.96934817222694],[-1.133208279373162,44.97201581850742],[-1.131710659727182,44.97402027221272],[-1.128894709826716,44.97454522047453],[-1.126578805197945,44.97367328528546],[-1.125644593332321,44.972252851582205],[-1.126409958994001,44.969925513533944],[-1.125735963682592,44.96913297179159],[-1.122671766220443,44.96851573571291],[-1.120707333359169,44.968817490261486],[-1.118025756861011,44.968311613993315],[-1.115302567894549,44.968588807064044],[-1.112850572155422,44.96755262583087],[-1.112083480147553,44.966082654486904],[-1.112596055950633,44.96455787735604],[-1.114215448858816,44.96349222212039],[-1.117397651999091,44.96289302746308],[-1.117182512381999,44.96065376444852],[-1.117696231950928,44.95943802996203],[-1.119315380026354,44.95837230205942],[-1.122445672807584,44.957769471731275],[-1.122574226100322,44.95455326433154],[-1.124091455014452,44.953357108868644],[-1.127562062245036,44.95257486480768],[-1.127312680371468,44.95020423885483],[-1.128233771864894,44.94877962976497],[-1.130479241135291,44.94790382500037],[-1.133758192450246,44.94836371313658],[-1.137258927567165,44.94766929996731],[-1.13706153284862,44.94501410841449],[-1.138859172015817,44.94282878175971],[-1.137634359015634,44.941217313629416],[-1.137462220680736,44.93991088828387],[-1.138140627241063,44.938736640985546],[-1.139555111818861,44.937892619706346],[-1.141362725147992,44.937621821579306],[-1.143824781678862,44.938141390975],[-1.146820879426338,44.93789340221847],[-1.149357547436502,44.93933729255761],[-1.149623373659699,44.94118846107491],[-1.14781676457716,44.94334538154196],[-1.149035812116825,44.94495243307858],[-1.14920823556157,44.94625884244059],[-1.148493105716597,44.94746871363392],[-1.147059266383884,44.94829631202418]],[[-1.087001158181105,44.99551768869376],[-1.085291580749889,44.997190830314565],[-1.082415246659158,44.99751613685225],[-1.080057247726289,44.99630302760223],[-1.079598924755054,44.99426218832485],[-1.081308582815794,44.99258913553293],[-1.084184670404682,44.992263858050734],[-1.086542588708028,44.99347687847189],[-1.087001158181105,44.99551768869376]],[[-0.967229066251106,44.84937242515388],[-0.966015016055938,44.851513626518226],[-0.962905769875149,44.852203072653744],[-0.963270454342062,44.854131775872936],[-0.961819487909502,44.855680041098324],[-0.959366755591622,44.85619574777029],[-0.956482921051305,44.855305660668854],[-0.955213579849843,44.85541109416289],[-0.954433228802409,44.857040260785574],[-0.955870207915595,44.85962186800041],[-0.95468316245928,44.86143387717265],[-0.954586655583154,44.86353202855361],[-0.952393169215347,44.86494868585149],[-0.949217975972108,44.864728439427175],[-0.947465890907138,44.86307986690903],[-0.94759148733745,44.861058173429825],[-0.946510952111896,44.8593367739963],[-0.946739524775342,44.85789574116138],[-0.943558081662683,44.85789112011755],[-0.941587616705034,44.856372521583125],[-0.941390282562373,44.85506795170274],[-0.942164614447658,44.853286642588635],[-0.938807959328841,44.85024243053464],[-0.938839682661606,44.8480256547975],[-0.937821728732722,44.84650672555074],[-0.937906933083623,44.845026350166194],[-0.935723448306899,44.844960200544605],[-0.934139160993479,44.844208310829444],[-0.932862082538599,44.841020628127765],[-0.931477602641912,44.84249431939642],[-0.929409751344271,44.84303546974282],[-0.927267821023917,44.842668042779984],[-0.925773853337808,44.8415158987406],[-0.925640359554978,44.838971847717275],[-0.924528393684719,44.83678129122832],[-0.925889015780425,44.83481965944706],[-0.926168302427967,44.83250243255638],[-0.927513790407978,44.83154377725576],[-0.929696633879332,44.83117725527671],[-0.93173346979576,44.83018025631654],[-0.931536435191745,44.82801306570851],[-0.933467321104896,44.8264696266195],[-0.936949932638031,44.82596455834967],[-0.939314570144616,44.826197077470376],[-0.941920861699008,44.82530640105171],[-0.944605044580598,44.825515792341726],[-0.947200616897555,44.82462642683755],[-0.949872039781694,44.82484474319191],[-0.949686716671705,44.822355064007965],[-0.951433171922987,44.82070420088868],[-0.9535734066891,44.82033429301352],[-0.956209271804528,44.82089404917892],[-0.959398879760295,44.819874608419084],[-0.961540151239866,44.82024141252139],[-0.963367330412202,44.822149121501916],[-0.962589034596628,44.824537428109814],[-0.963936740581126,44.82642253328953],[-0.96366820759014,44.82823166514492],[-0.961145724349047,44.82968366764197],[-0.957467181370813,44.82919198691029],[-0.957568851402149,44.83070196056526],[-0.956714652822021,44.83186476243956],[-0.954471117933175,44.83273702452565],[-0.952101250005062,44.83251473746505],[-0.951285734777609,44.83454559539562],[-0.953922011462182,44.8367387581937],[-0.953874630568556,44.83887051645749],[-0.95490776176508,44.8404228303839],[-0.954742556120037,44.84229488489335],[-0.955204557652686,44.84297046234198],[-0.958177128281425,44.84306753903236],[-0.960204634266583,44.84482488301383],[-0.962938306222423,44.84392301166556],[-0.965333044092621,44.84414372925221],[-0.966285933717335,44.84274279872448],[-0.968183667751276,44.84194638361744],[-0.970325028708844,44.842019425382354],[-0.972106969194445,44.84294135415114],[-0.97287221757788,44.84467718688042],[-0.972073515855304,44.847276316300416],[-0.969756610161228,44.848522836257565],[-0.966868458908976,44.848356370895814],[-0.967229066251106,44.84937242515388]],[[-0.941289320752145,44.84315819530956],[-0.942181461660375,44.84241899498344],[-0.94240148182197,44.84049483631263],[-0.941721765841818,44.84006234950059],[-0.940339316881318,44.840870906931436],[-0.940668228961818,44.843238585866565],[-0.941289320752145,44.84315819530956]],[[-0.884881822663175,44.877410907335126],[-0.88419852377608,44.876238338266745],[-0.88436418630411,44.87493152897446],[-0.886792695612325,44.87295478444897],[-0.889605800995052,44.87243598295834],[-0.892110934699032,44.873483520778876],[-0.892756005236415,44.87578695386009],[-0.890237465544439,44.87797519366353],[-0.887424088447754,44.87849401206073],[-0.884881822663175,44.877410907335126]],[[-0.905288907905171,44.877494823032364],[-0.905456329409745,44.879557906787895],[-0.903522847573294,44.88110088472569],[-0.900621048831096,44.88121983565809],[-0.898450948968417,44.8798450721479],[-0.898283784033417,44.877781977653285],[-0.900217295553114,44.876239092539606],[-0.903118837725738,44.87612015234631],[-0.905288907905171,44.877494823032364]],[[-0.87484654750545,44.88579912793305],[-0.872136854085657,44.88437946624214],[-0.871253650961309,44.88322734894285],[-0.871364887031273,44.881619537356634],[-0.872692815716156,44.880368188725214],[-0.87588288125784,44.879936339400196],[-0.878309910390766,44.881004892013614],[-0.880851599817735,44.88129865804464],[-0.882268683708473,44.88213924647366],[-0.882952014110994,44.88331182959358],[-0.882786293977896,44.884618640226314],[-0.880357557097446,44.88661170472442],[-0.877227391964507,44.88705441072399],[-0.87484654750545,44.88579912793305]],[[-0.97729901406257,44.89448133451483],[-0.97516335029733,44.89588352798032],[-0.972258259898241,44.89580156087261],[-0.9684403935529,44.89312865360934],[-0.966981227802132,44.89089757036151],[-0.963346812897455,44.89142578551229],[-0.960046606434762,44.89023871849136],[-0.956784901057101,44.89025564290866],[-0.952441316019057,44.88752280159595],[-0.948233866896968,44.88721577628381],[-0.944720155092044,44.88479800238338],[-0.943955497456583,44.88328281549393],[-0.944679227921829,44.881581314875035],[-0.946496634843186,44.88062124703046],[-0.949323623136409,44.880433011486645],[-0.94993709874566,44.87937721784089],[-0.948658766683008,44.87845036251305],[-0.94609545214951,44.878567849963304],[-0.944155408131666,44.877916926339324],[-0.94101072281086,44.87562892297069],[-0.940498091609318,44.87380424056247],[-0.941179816435907,44.87263122259956],[-0.942595591976706,44.87178972698355],[-0.947161442956359,44.87153186972351],[-0.947333691889845,44.86902497592507],[-0.948720539729798,44.867546064371375],[-0.950789107461235,44.867004549976166],[-0.952658077246369,44.867267602013506],[-0.954248684241684,44.86829078802688],[-0.954803570470613,44.86958694399694],[-0.954430610550584,44.8708719659316],[-0.953299635920589,44.87185388989468],[-0.949176775685119,44.87261447528337],[-0.949150660562042,44.8738423688522],[-0.950311689125011,44.87447108926173],[-0.952383668959351,44.874304248170766],[-0.954092321687942,44.874671500389795],[-0.957936072551629,44.87720828942313],[-0.961992089216447,44.87745136161196],[-0.965884428301822,44.880402848297585],[-0.966201629660167,44.881911338478815],[-0.9655112723509,44.88312819400179],[-0.963752559041027,44.88407365351298],[-0.960829949099035,44.88433245278894],[-0.960292303665416,44.88490582230649],[-0.960556562753429,44.885652442604574],[-0.961603288510742,44.88621134458409],[-0.964082380437451,44.88605562004604],[-0.9657940723009,44.886546446103],[-0.96815961375577,44.88936755578173],[-0.971310068977175,44.88880235268992],[-0.973753806888564,44.88934254210108],[-0.977268293545053,44.892172602204894],[-0.97729901406257,44.89448133451483]],[[-0.956239118444349,44.881233592524744],[-0.953047810005275,44.881471634089905],[-0.952530615394641,44.882691164821],[-0.953778636507964,44.883426031581955],[-0.957221090868966,44.88321117758735],[-0.957834448307967,44.882155339401244],[-0.956239118444349,44.881233592524744]],[[-0.918893086657358,44.85938048418444],[-0.921014181105235,44.85915584576277],[-0.922724676472353,44.85964733126985],[-0.923934068414283,44.86069415657821],[-0.924250031573773,44.862202756926976],[-0.92241695747485,44.8641563674899],[-0.920274847487621,44.86452567955548],[-0.918035253790402,44.86388722295592],[-0.917072788503464,44.86509517007426],[-0.917321253532764,44.86740666831562],[-0.916120369952702,44.869272229030805],[-0.916511504066186,44.87124669618522],[-0.915306711354262,44.873115546315894],[-0.915711101111982,44.87505111957414],[-0.917403889417323,44.87548258427755],[-0.92034073251401,44.87528596220296],[-0.922420207006261,44.8762726922087],[-0.923151100525507,44.87827279606472],[-0.921825729904181,44.880449418038545],[-0.923569416795625,44.88221532305741],[-0.924650976561666,44.882177078305936],[-0.926538890072702,44.880946446775006],[-0.928362156317863,44.88055229821688],[-0.930935502891745,44.881030878312],[-0.933645218033129,44.88077221459239],[-0.939635120791489,44.88203322993204],[-0.940904568150658,44.883937418348246],[-0.939827752409458,44.88593308746384],[-0.941220083877603,44.886881159815516],[-0.941774853026929,44.88817738847111],[-0.941255236983816,44.889657243565274],[-0.939139220383164,44.891606801080215],[-0.940462155495038,44.89402333669287],[-0.939752939994668,44.89622040279579],[-0.944146713411298,44.895285795728114],[-0.948615661501183,44.895914697242375],[-0.950985962065454,44.89703814336762],[-0.952872413424695,44.89873579766001],[-0.954993635230884,44.898374222876875],[-0.957064837877578,44.898912878877724],[-0.960327517716809,44.90130708103225],[-0.961052687106835,44.90274263339577],[-0.960295339810705,44.90452383857414],[-0.958156795124781,44.905523755199624],[-0.955611075735953,44.90533249339641],[-0.953715069613435,44.9038849535612],[-0.952093923926223,44.90616294645987],[-0.952218405841577,44.909457233936145],[-0.951689014394444,44.91135800717816],[-0.95038499980322,44.91310930708812],[-0.948421604847615,44.9145161876286],[-0.945967915079683,44.91545745909324],[-0.943235286310079,44.91585203464986],[-0.938546766416147,44.91516844068682],[-0.936864190330311,44.91702680556191],[-0.933299681164785,44.9187620692277],[-0.930470551669894,44.92118711787564],[-0.928016269006601,44.922127994860205],[-0.925283189128581,44.92252212977732],[-0.922506759764279,44.922335568256514],[-0.919926166987461,44.92158438249397],[-0.917763709079314,44.9203332852231],[-0.916205632335352,44.918690049576945],[-0.915290695466827,44.91543042239223],[-0.915842261754117,44.91348824227945],[-0.917389387339966,44.91140682335427],[-0.917154549342743,44.91063992026706],[-0.916288972428003,44.9103001546923],[-0.911415951504934,44.910305317294245],[-0.908058911123753,44.90918780300151],[-0.905527429142578,44.90720451398128],[-0.904203153314161,44.90410613916361],[-0.904733723561401,44.90149893478134],[-0.906627649942233,44.89923447393816],[-0.909596508747814,44.897657440061],[-0.912905892154644,44.89702772646747],[-0.91137880185984,44.89602806755397],[-0.910193425031146,44.89385864004114],[-0.910836617275668,44.89155489913944],[-0.912915230516889,44.890566645667555],[-0.916574810743729,44.89096844392581],[-0.918759935130606,44.89059997169941],[-0.919475084691499,44.889946084599316],[-0.919287283698223,44.88824352207229],[-0.920322526252755,44.886438802535054],[-0.91954006402604,44.885607301867275],[-0.9170040144503,44.88511999763645],[-0.914918370375324,44.88562377969871],[-0.913193135258871,44.88551109155589],[-0.912600030765642,44.8878096591053],[-0.909748986867369,44.88891554806822],[-0.90700360943482,44.88823608810551],[-0.90573521496492,44.8863315098323],[-0.906789762072681,44.88432846479006],[-0.90614826852632,44.88208644222653],[-0.907792924407043,44.88009445984231],[-0.906518879432603,44.87761563321974],[-0.906889909625741,44.87628667269164],[-0.908203287759641,44.87511523222934],[-0.907008474940259,44.871783109379976],[-0.907690874788738,44.87061029786565],[-0.910161380744743,44.86872081353725],[-0.909779409752775,44.8668366875448],[-0.911012249500379,44.86478593558371],[-0.910804577815663,44.862252386344544],[-0.91181627489823,44.861155168921535],[-0.913435717021499,44.86052667491845],[-0.915280491216529,44.86051531079442],[-0.916844847079325,44.861082858131],[-0.918893086657358,44.85938048418444]],[[-0.932632154559419,44.8883802563956],[-0.931885480000971,44.88750221947972],[-0.931655166464681,44.886605148145684],[-0.931023263180501,44.887764208869264],[-0.931656643470405,44.88831594295633],[-0.932632154559419,44.8883802563956]],[[-0.96923780433046,44.911176830214835],[-0.969963329246294,44.91261232875707],[-0.969620052972255,44.91390157970177],[-0.968412109733705,44.914949948622215],[-0.966701118720961,44.91544355743194],[-0.964864683534552,44.91530575741646],[-0.962739020375724,44.91438216320231],[-0.959187162862965,44.91434138754118],[-0.957748982307387,44.913518372256235],[-0.957017476631753,44.91226713604233],[-0.957744247690523,44.91026617099302],[-0.960249197036267,44.90921641717643],[-0.962085421594921,44.909354293208864],[-0.964210883525056,44.91027789850977],[-0.967416674259878,44.91021940314028],[-0.96923780433046,44.911176830214835]],[[-0.955321807225374,44.92285073294413],[-0.955775025011907,44.92489203908015],[-0.9540636883859,44.92656312818937],[-0.951190218826305,44.926885036062146],[-0.948838029896412,44.925669173096814],[-0.948385058257344,44.923627838203856],[-0.950096474492314,44.92195683800985],[-0.952969697904443,44.921634958894025],[-0.955321807225374,44.92285073294413]],[[-0.935387903503121,44.926933777975755],[-0.935509068972387,44.92899853113444],[-0.933539438692077,44.9305193803088],[-0.930632780144174,44.93060536682642],[-0.928491956820869,44.92920611545714],[-0.928371049191844,44.92714135452882],[-0.930340700983932,44.92562059848133],[-0.933247101691591,44.92553461973335],[-0.935387903503121,44.926933777975755]],[[-0.923276820471181,44.95874298546508],[-0.922278314039924,44.96041844450475],[-0.919699747991057,44.96128558730364],[-0.912464440838268,44.95924052167056],[-0.911493643050887,44.957036927641965],[-0.913197581565014,44.954505625509995],[-0.910765486387528,44.95295710970191],[-0.910003894482475,44.95148575577654],[-0.911222247843069,44.94934510146466],[-0.913953695711777,44.94863211593664],[-0.916595121174767,44.94949944900271],[-0.917596313361687,44.95148317906187],[-0.915934119914741,44.95371412887401],[-0.915987870504451,44.95448309167774],[-0.9185178638513,44.955827861593],[-0.922009112137423,44.95657358524421],[-0.923276820471181,44.95874298546508]],[[-0.934392684123242,44.964274340200156],[-0.93268856247633,44.96524500775244],[-0.933120424482503,44.96711854926951],[-0.932599625390449,44.968377531183094],[-0.930216512925903,44.969634030699666],[-0.92836813046852,44.969624187103776],[-0.926062251325874,44.96859281993421],[-0.923457829490727,44.96826206169496],[-0.92141364949162,44.966466203873885],[-0.921538758325531,44.96490112484584],[-0.922867539531489,44.96364914505356],[-0.924518875594915,44.963162709413666],[-0.927062126654215,44.963409497143864],[-0.928042166424878,44.9630798638059],[-0.928852688229769,44.96071457082929],[-0.931483887005459,44.95904354167736],[-0.931070242430809,44.95712151083151],[-0.931590971308745,44.9558625401953],[-0.932939326974183,44.954903782386864],[-0.935022698026619,44.954532082243794],[-0.93766472727298,44.955398916281936],[-0.938669772265905,44.95733835934496],[-0.937907632694312,44.958854476602234],[-0.935529666638214,44.96022640049692],[-0.935797295105451,44.962752710333426],[-0.934392684123242,44.964274340200156]]]}},{"type":"Feature","properties":{"cluster_id":1,"snapshot_index":10,"estimated_time_utc":"2026-07-26T05:04:00Z","observed_until_utc":"2026-07-26T05:04:00Z","target_time_utc":"2026-07-26T05:38:00Z","arrival_h":65.43333333333334,"hours_ago":9.45,"supported_detections_cumulative":5608,"sources_cumulative":"MODIS_NRT, VIIRS_NOAA20_NRT, VIIRS_NOAA21_NRT, VIIRS_SNPP_NRT","last_source":"MODIS_NRT","last_satellite":"Aqua","last_instrument":"MODIS","detected_area_km2":413.7142206723615,"product_type":"cumulative_active_fire_detection_extent"},"geometry":{"type":"MultiLineString","coordinates":[[[-0.998129992672446,44.81851209022456],[-0.99960613002226,44.820291560330055],[-0.998882013118977,44.822292741501734],[-0.996197418962154,44.82382258707101],[-0.992959786897704,44.82336785231328],[-0.991483779201186,44.821588291964915],[-0.992208150461079,44.819587159555404],[-0.994892650893276,44.81805741266689],[-0.998129992672446,44.81851209022456]],[[-0.984776650755456,44.83767610685317],[-0.98579493020672,44.83741573913012],[-0.986903991974652,44.836026077835406],[-0.988485741877784,44.83527175832126],[-0.990626569554397,44.83519472917756],[-0.992307190443534,44.83583166524261],[-0.993528848679175,44.83797058125568],[-0.991491398396002,44.84210943009116],[-0.99323625813805,44.8431796624055],[-0.993788221902149,44.84474852479625],[-0.996342331920239,44.843246610084506],[-0.998186567497603,44.843255323856106],[-0.999807292843592,44.8438814865331],[-1.001028724181199,44.84571127159057],[-1.000076835077227,44.847663663758745],[-0.998137751927003,44.84849338489011],[-0.995650626197356,44.84832185897341],[-0.993971701482044,44.84724262024953],[-0.993451692728312,44.84571159295566],[-0.993330065563454,44.84860075913017],[-0.990754485758233,44.850060994516724],[-0.989485859913809,44.85184308218475],[-0.987875181814025,44.85247102173121],[-0.987515245324505,44.855306839753275],[-0.986238547599443,44.85653411353068],[-0.985784497482583,44.858395916832045],[-0.98416570022373,44.85945966660372],[-0.981927350660408,44.85969802226161],[-0.979685437318483,44.85886801850897],[-0.978199933441957,44.86087304091654],[-0.975519514787242,44.86155789411609],[-0.97374911425353,44.861188861325424],[-0.972018104497111,44.860080974061304],[-0.969454648456069,44.85990059146294],[-0.967842018893899,44.85912542964681],[-0.967163142518119,44.860193628296955],[-0.965784950401057,44.86099994185868],[-0.963595050126067,44.86124301396639],[-0.959016357792754,44.863042941021206],[-0.956221479076779,44.86279008909247],[-0.954511513215086,44.86446307577271],[-0.950988326808598,44.865097863792315],[-0.948906318564343,44.86458324246496],[-0.947696377417678,44.863536687932054],[-0.946390856259689,44.86075677010313],[-0.946739524775342,44.85789574116138],[-0.943845066978631,44.857975464908336],[-0.941733269094658,44.856616395716244],[-0.941360103323585,44.85528776622809],[-0.94209238855526,44.85311778890591],[-0.93913211219607,44.850718856926],[-0.938578042426632,44.849194202081264],[-0.936499027908232,44.848348373438945],[-0.935539805376996,44.846688927091826],[-0.934280329476511,44.84577086159725],[-0.933067039252954,44.841187529099265],[-0.930441681240743,44.84288891535806],[-0.928666383647359,44.84301417656072],[-0.926956342744046,44.84252278524428],[-0.925517068153494,44.84101913569407],[-0.925660698893704,44.839054938115694],[-0.924528393684719,44.83678129122832],[-0.925889015780425,44.83481965944706],[-0.926168302427967,44.83250243255638],[-0.927513790407978,44.83154377725576],[-0.929696633879332,44.83117725527671],[-0.93173346979576,44.83018025631654],[-0.931431519535907,44.82826729356356],[-0.932882615301832,44.82671943947234],[-0.936641106508753,44.825986375278184],[-0.939314570144616,44.826197077470376],[-0.941920861699008,44.82530640105171],[-0.944605044580598,44.825515792341726],[-0.94713925919256,44.82463294435826],[-0.949872039781694,44.82484474319191],[-0.949671699529783,44.82239790113041],[-0.951122141327111,44.820849811552044],[-0.95351144580766,44.82033216993499],[-0.956332050922911,44.82088099622211],[-0.959771144062576,44.81987216181064],[-0.961851595385852,44.82038657192272],[-0.963179941257462,44.82163691013833],[-0.963377663825167,44.82294142698364],[-0.962595262205022,44.82462567072484],[-0.963831180480286,44.82616844145007],[-0.964007968239955,44.8274314061934],[-0.963281329545373,44.82868371767248],[-0.961561187702381,44.82959363496522],[-0.959727985619319,44.8297343112458],[-0.957467181370813,44.82919198691029],[-0.9574432066138,44.83099779809635],[-0.955807250536828,44.83239576381125],[-0.95403892701571,44.83276762157948],[-0.952101250005062,44.83251473746505],[-0.95130407155495,44.834632980840155],[-0.953922011462182,44.8367387581937],[-0.953874630568556,44.83887051645749],[-0.95490776176508,44.8404228303839],[-0.954742556120037,44.84229488489335],[-0.955204557652686,44.84297046234198],[-0.958177128281425,44.84306753903236],[-0.960404781012329,44.84480537873957],[-0.963763093948432,44.84389564400462],[-0.965001199324337,44.842196726810705],[-0.96757631233431,44.841512218073824],[-0.967760878970934,44.839498561470535],[-0.969868120024908,44.838136469498664],[-0.974521437271234,44.83806561199329],[-0.976397894630992,44.83865022820724],[-0.978731239463683,44.83834559197273],[-0.980678705585816,44.83890584607025],[-0.982320933350672,44.83786141436304],[-0.984776650755456,44.83767610685317]],[[-1.021803246141482,44.76741715572378],[-1.02140041140872,44.77023572498241],[-1.020519902182406,44.77155212214364],[-1.019088666226048,44.77237802265759],[-1.016605713008737,44.772555427514305],[-1.014017819138354,44.77135267123487],[-1.010310494147821,44.77101679146692],[-1.00859759049675,44.769349060445265],[-1.008609557838206,44.76803702736135],[-1.009636571157,44.76677794762713],[-1.008153503213037,44.765423085720116],[-1.007239467478207,44.762013138787474],[-1.004055581182886,44.76105004272707],[-1.003213301654447,44.759931687850134],[-1.003195280257532,44.75861969420927],[-1.004307766242678,44.757267383396076],[-1.006287169973405,44.756583321843706],[-1.009058839284024,44.757042705597144],[-1.011350243436525,44.75678191638796],[-1.01434319419486,44.7574347157299],[-1.015253183859604,44.75720143744069],[-1.016344090720308,44.75543336344863],[-1.017910751402354,44.75454262864781],[-1.018248682994599,44.75323009646619],[-1.019362839986876,44.752230901087074],[-1.017859809156724,44.75124110508039],[-1.017304637680545,44.74994531606604],[-1.01886460752783,44.744643439212716],[-1.021032770395375,44.74360689872626],[-1.025747526304468,44.74404059779056],[-1.027317745820024,44.74325723113032],[-1.029147961261186,44.74311544248502],[-1.03145286671196,44.74398934079223],[-1.03240616620327,44.74598791765147],[-1.03299530966019,44.746228972756754],[-1.034163008851431,44.74606171991889],[-1.036325290799089,44.74439122893638],[-1.038497526359175,44.74414539781869],[-1.040942731686402,44.745140256203754],[-1.043984492819898,44.74517755586192],[-1.045667126362008,44.74626368728762],[-1.05019528000492,44.74761485077409],[-1.051404633852174,44.7486602466735],[-1.051723384964222,44.7501684253945],[-1.050999696667314,44.75142127747904],[-1.049356615342955,44.752383306740334],[-1.051579362453826,44.75243859265107],[-1.05468401965337,44.75356985515981],[-1.05941784853321,44.75682611106547],[-1.061440144707962,44.75707607935058],[-1.063340040940034,44.75823632246988],[-1.065527687809597,44.758131632090965],[-1.067224915173753,44.75864071516452],[-1.068504282433971,44.759863551115565],[-1.068656825540586,44.76135107720063],[-1.069734170244233,44.7621918533205],[-1.072071767215122,44.76208476643569],[-1.074149714732171,44.76306861640386],[-1.074872637391185,44.76427536408457],[-1.074761662341523,44.765464061255486],[-1.076167692356046,44.76701068131063],[-1.078807201613056,44.76677410457789],[-1.081184028836071,44.76728649873647],[-1.08341698148718,44.766994095758974],[-1.085736940219197,44.76750789279701],[-1.08835536797474,44.76723514379476],[-1.090365042326678,44.767896595975266],[-1.096084914426669,44.7686233226034],[-1.099647906987075,44.76653063331059],[-1.102210723763442,44.76576126498722],[-1.105902718244689,44.76561581323737],[-1.109406956477826,44.76632175107074],[-1.112966742202528,44.76423122944774],[-1.115529272029212,44.763461553801264],[-1.11835694141427,44.76325693326],[-1.121943468407052,44.76389745041829],[-1.124871319780153,44.76543431945406],[-1.126457916293265,44.767114392697735],[-1.127356078225832,44.76966972326204],[-1.1265253921929,44.77331285273807],[-1.129078663601397,44.775482021825944],[-1.13026528288079,44.777668166911226],[-1.13327673692582,44.77670103381074],[-1.136909292192779,44.77656541562097],[-1.140399620820838,44.77743648163488],[-1.142609547565967,44.77872117256245],[-1.145541118935095,44.77898826680044],[-1.146858758532441,44.77990521561671],[-1.14741395569516,44.78115627855059],[-1.147075550641209,44.78244601942473],[-1.146072607807321,44.78338203586097],[-1.149009373481509,44.7833615828916],[-1.153540971405461,44.784408124571044],[-1.157253753349201,44.78811081207673],[-1.158322563206092,44.78799513253025],[-1.160509895431166,44.786445201664776],[-1.163012649940972,44.78548421169549],[-1.166620995583322,44.78487273383324],[-1.169435193696333,44.785327796181974],[-1.170769322433865,44.783560890922665],[-1.16887963763639,44.78168939811131],[-1.168034356183014,44.77968486430419],[-1.162055440000679,44.77904669378201],[-1.160474222789976,44.77963200598171],[-1.158692235835862,44.77963656313737],[-1.15471201859943,44.77760366715906],[-1.153974202029181,44.775605162322904],[-1.155485280729255,44.77379441139671],[-1.154825143072225,44.77212505824839],[-1.155771917676239,44.770480436899],[-1.158665942527024,44.76934799359157],[-1.161150068104798,44.769515862102935],[-1.162977020272122,44.77078693794504],[-1.164153444889336,44.77389365232994],[-1.165953234674651,44.77449977254668],[-1.168362297027483,44.77441009123878],[-1.170416986568818,44.77255146087338],[-1.172843997462543,44.771862585967305],[-1.174352637629608,44.77060096233561],[-1.177498648650525,44.7695239583383],[-1.17947351745263,44.769420625348616],[-1.180452730368576,44.767388243110304],[-1.183390275115744,44.76651191692107],[-1.185159064955198,44.76687759391761],[-1.186477066507178,44.767794067915844],[-1.187033025212942,44.76904492705352],[-1.186687469629292,44.770347156661785],[-1.191166344148387,44.76969462374229],[-1.195781924012885,44.77045165771378],[-1.200014512228039,44.76804844036244],[-1.204524725812457,44.767384581474964],[-1.207256394120316,44.76775662014262],[-1.209768843264173,44.76870362206777],[-1.211737376559314,44.77010320877171],[-1.21325782898683,44.77232811886658],[-1.215713196667117,44.771119370026945],[-1.218313767631852,44.77129375040051],[-1.221595617811318,44.77403316762135],[-1.224703093988355,44.774713674606886],[-1.227634313852207,44.77624783358513],[-1.229224283868797,44.77792644070055],[-1.230108417251562,44.78032935191312],[-1.232284418069227,44.780242859322854],[-1.234419696023339,44.781035821593754],[-1.23691978788482,44.78091072388281],[-1.238905982876835,44.781586006621936],[-1.239924012371753,44.782679549007455],[-1.240284925075514,44.784589902633755],[-1.24259926053531,44.785467100511525],[-1.243736268132567,44.78644444999767],[-1.244502382707786,44.78913327502961],[-1.244197995317418,44.790643003469675],[-1.242740745219479,44.7918178613821],[-1.240241678532905,44.79219558031854],[-1.238176450491346,44.79150185492727],[-1.236733164721459,44.79284605344108],[-1.239362721243725,44.79369728369001],[-1.241869681181042,44.793570686903216],[-1.243810247581695,44.79421638733943],[-1.245043442794046,44.79580961425513],[-1.244577226364441,44.79759824910684],[-1.242623126170513,44.79877027168178],[-1.239871137777846,44.79891717593677],[-1.240175251253848,44.8008154308602],[-1.238490947926917,44.80244794596911],[-1.236734327180849,44.80284480489593],[-1.234239653107045,44.80246484262642],[-1.233277372698224,44.80277224360304],[-1.231827416141646,44.80613862978606],[-1.229700127067585,44.80735057837621],[-1.228838149109544,44.81080959908547],[-1.225968016608096,44.813321764282016],[-1.2213720464528,44.81462844054818],[-1.218827531933093,44.81613156180773],[-1.216686844857407,44.816063315542124],[-1.214391046553304,44.81510623195024],[-1.211853388824048,44.815529842667424],[-1.210697569469446,44.816514981686076],[-1.208916992870313,44.81701776735036],[-1.208373860392422,44.81902886418428],[-1.206515462763628,44.82125676283469],[-1.202701571489684,44.82309975854356],[-1.198982343674035,44.82350352754566],[-1.195063929429981,44.82274222581119],[-1.19360987269364,44.82390876777684],[-1.191479982483554,44.82430814397282],[-1.185391002429637,44.82309074415724],[-1.18274835423196,44.82413498648956],[-1.18205422694678,44.82542217060496],[-1.180587231822499,44.826285733162166],[-1.178468427102658,44.82651532717742],[-1.17661517146339,44.82594855764685],[-1.172210423135894,44.827175758398106],[-1.171261342822171,44.82884927346762],[-1.169231080916359,44.8296955939473],[-1.168685642325562,44.83108845836561],[-1.167230403627189,44.83206794545439],[-1.169039178223878,44.83388119359375],[-1.169866060650268,44.83577309549813],[-1.169109504394497,44.84003059090752],[-1.172177127376233,44.84291078593542],[-1.173179531086032,44.84633834137394],[-1.174475737482495,44.84688632304013],[-1.178580694465632,44.84580883277708],[-1.182280347818479,44.84591934293574],[-1.184914315017374,44.8466869650163],[-1.187659714357966,44.84845475610672],[-1.188953185066258,44.85015994579009],[-1.189516318361694,44.85210031749551],[-1.188697473803807,44.85577813766584],[-1.191308794800907,44.8579951615602],[-1.192549758399934,44.860431170914026],[-1.19257003303281,44.86241241433944],[-1.191780743559343,44.86431253033017],[-1.190249793263273,44.86596786581664],[-1.188055868532352,44.86725868435101],[-1.181361850635634,44.86860092813367],[-1.182463076065889,44.87242500664339],[-1.181409803001965,44.87684061627164],[-1.179831233366194,44.878219055276],[-1.177016464086134,44.87887005994504],[-1.175697188734896,44.880238313016264],[-1.175260483221759,44.8821403346052],[-1.172518559111302,44.884629370200344],[-1.170760548441011,44.885152548227275],[-1.167873108315841,44.88510282951967],[-1.166284585476484,44.88435424710144],[-1.165395061314634,44.88310011736897],[-1.164253523929952,44.884459042485496],[-1.162271540041637,44.88514595326297],[-1.160432771525151,44.885032746596146],[-1.158627114651497,44.884302218131445],[-1.155397283801964,44.884431018549094],[-1.153653229828841,44.886189290109236],[-1.15197555257035,44.88683216773719],[-1.14977370360217,44.8867478999932],[-1.147847893518295,44.88563820420221],[-1.145195775709941,44.886502935294715],[-1.145418067795487,44.89022708278663],[-1.143227896614956,44.89316371336417],[-1.139448602423031,44.89497176268032],[-1.134439825687041,44.895764608352195],[-1.135507937602063,44.89954901394744],[-1.134652542933331,44.90309410152202],[-1.137691791418596,44.90593354234203],[-1.138619437623855,44.9085287473728],[-1.138075678488262,44.91113459169049],[-1.13565717625033,44.91376089282227],[-1.135659087949749,44.915750942586975],[-1.134597674699612,44.917984569120364],[-1.136841954470149,44.91637358497832],[-1.139688973711278,44.91626747175097],[-1.14186638348229,44.91763753052386],[-1.142021885982545,44.91974189454624],[-1.140699040540422,44.920996471417155],[-1.138680112624131,44.921515112442584],[-1.136221367932064,44.92100704308829],[-1.133692137485599,44.91910857157202],[-1.131110744892867,44.920719958633114],[-1.128628345521561,44.92129853981351],[-1.125792747513169,44.9215034328505],[-1.122890796633905,44.921067987155205],[-1.123165382725453,44.922496026190174],[-1.122441067185138,44.923749415052384],[-1.121007449854301,44.924576671605784],[-1.119195265088976,44.924826142627246],[-1.118034386828106,44.925642401757585],[-1.121139611401663,44.9264832990377],[-1.123509675507044,44.92831218448488],[-1.127631057696138,44.92638720884468],[-1.130737269041553,44.92686585469165],[-1.132943102006677,44.926561841324684],[-1.135305881331651,44.92706552709698],[-1.138679254676918,44.92690747480592],[-1.140883814499317,44.92831740693822],[-1.140868140523811,44.93062624115805],[-1.139104546346231,44.931887405859364],[-1.136048703487359,44.93242145419602],[-1.135818349072724,44.93575639868566],[-1.134381452944921,44.93688991123216],[-1.132619886116655,44.93728513775528],[-1.130473031996205,44.93692162295343],[-1.128972384129385,44.93577218416797],[-1.128591405814493,44.93448826054324],[-1.129359115587977,44.93283113975945],[-1.129092387840438,44.93208491199746],[-1.125940560260803,44.931246843669136],[-1.124049590179771,44.92953131768931],[-1.122721548034091,44.92955944880816],[-1.120517615904175,44.93111668350683],[-1.117491007818112,44.931629409516255],[-1.117502547950787,44.934449523826586],[-1.115753332629103,44.93657165766898],[-1.117005892890791,44.938203467910604],[-1.117177549455761,44.9395099242226],[-1.115337156786621,44.941901251539754],[-1.116576239948088,44.943523480359765],[-1.116747902788182,44.94482993939627],[-1.11523907899408,44.94659700319436],[-1.111970141396613,44.947172783740946],[-1.111285578563935,44.947682856688516],[-1.111588439834293,44.95016686271774],[-1.109813026730936,44.952337961419786],[-1.111148175520437,44.95417482031763],[-1.111043672381682,44.955782900030904],[-1.109407908252293,44.95718318185248],[-1.105882841865268,44.95796120215636],[-1.106127812250673,44.96032660754717],[-1.105164339520059,44.96178383878325],[-1.10362222299953,44.962507050150606],[-1.101306630871897,44.96271047867238],[-1.10058300714789,44.96330665776853],[-1.101017734613052,44.9652169173415],[-1.100284726300332,44.96726551139861],[-1.101015345301485,44.96783450595164],[-1.103432765918542,44.96829144412119],[-1.104700725663177,44.969186359160055],[-1.105260992024724,44.970702667581875],[-1.104712204597321,44.972000390071244],[-1.102059621685555,44.973266349210874],[-1.098862370312661,44.97278199380745],[-1.095511627083288,44.973228136008494],[-1.094970078556535,44.97391486347951],[-1.095440441126495,44.975372135841496],[-1.095096442720084,44.97661770369046],[-1.092604547911184,44.97810187769972],[-1.090051081344879,44.977943306026376],[-1.087527435024917,44.97593346671206],[-1.08604734521017,44.97601053832149],[-1.084263395044625,44.97777895281499],[-1.085595438533052,44.97973846161166],[-1.085474878501696,44.98130372846553],[-1.083837730632093,44.98270364441898],[-1.080381465806301,44.983445577408844],[-1.080589360911793,44.98584747544144],[-1.07966644898753,44.98727170484504],[-1.077047422013436,44.98817529187389],[-1.074282625342493,44.98766194499835],[-1.07165185406563,44.98793496483702],[-1.069567044011385,44.98743983565684],[-1.06629546955555,44.98788160546388],[-1.065753421386751,44.98856819352444],[-1.06610563717003,44.99081123732367],[-1.063857909438069,44.99289879085973],[-1.063526944637896,44.995058690366776],[-1.062319009687297,44.996108104217335],[-1.060606368710963,44.996603170239],[-1.057578673274494,44.99613148737721],[-1.054910976406258,44.996414893217654],[-1.052928959153576,44.995937346662245],[-1.050280757209277,44.99621487146843],[-1.048243163388439,44.99573937229122],[-1.046323833460986,44.9960476218877],[-1.043673032722681,44.995553241065124],[-1.040643316239224,44.99578580312349],[-1.038496934158777,44.994790612740836],[-1.037727602587145,44.99305515406407],[-1.038278147457454,44.99175775472522],[-1.039593662553373,44.99083561219405],[-1.044352556107747,44.99046597366165],[-1.045043702289394,44.98835084463891],[-1.046528250214958,44.98694045064],[-1.045162050258712,44.98434037108544],[-1.045842819319164,44.98191204369979],[-1.042198128662221,44.98064963493013],[-1.040968580296961,44.978555265219676],[-1.042472486822279,44.976507928190976],[-1.046299584795551,44.97557601440514],[-1.046081666610678,44.973201484543665],[-1.047046871395336,44.971744760724896],[-1.049686062534714,44.97087240053655],[-1.052421274860065,44.97158019223216],[-1.053606746002639,44.9731460542687],[-1.052869016581197,44.9754936684305],[-1.053654710717217,44.976324251024316],[-1.056793942829835,44.97690728613585],[-1.059541181784903,44.9765843026189],[-1.060295174437417,44.97612593123581],[-1.059961754161636,44.974061810150054],[-1.060643311554106,44.97194189192646],[-1.056999111503986,44.97067997134755],[-1.05577213928641,44.96854166733196],[-1.057272327294387,44.96653824003614],[-1.060563813486896,44.96594068537126],[-1.061290223540702,44.9653687534175],[-1.060981199174206,44.962971574732386],[-1.062759553145326,44.96088568970019],[-1.061330653420548,44.958406828118214],[-1.061701745082343,44.957121414034255],[-1.063191797498642,44.95566310307339],[-1.062499743024674,44.95456220420276],[-1.059340045038435,44.95492850527579],[-1.056874313095185,44.95387645108347],[-1.054819838914219,44.95405848101756],[-1.052860060662869,44.95339928008766],[-1.05070078512563,44.95407424983223],[-1.050209911609862,44.95595197662007],[-1.048742291865453,44.957555258708275],[-1.047045858729528,44.958311049963086],[-1.047578425233238,44.96019227890611],[-1.046116879350313,44.961932033605834],[-1.04330073686067,44.962454813083774],[-1.039382035769831,44.96130738630348],[-1.03768489755539,44.96241790273591],[-1.035276915667951,44.96260737859908],[-1.03470038514156,44.96332943486088],[-1.034708072367677,44.96567952618254],[-1.03224154626007,44.967122392025416],[-1.030332928687888,44.96712505557309],[-1.02844708191505,44.96631160919914],[-1.026977077175553,44.966424254687794],[-1.024976430726221,44.967998841171756],[-1.022892625420559,44.968517635104526],[-1.019226142143944,44.967509121862825],[-1.019487820831293,44.96891954344052],[-1.018797548878969,44.97013676179201],[-1.012513685812181,44.972546665567755],[-1.012683254527781,44.974676065204804],[-1.010426828156488,44.97628317164665],[-1.007025510418772,44.97620924653886],[-1.005078069874826,44.976988177168096],[-1.003237144554088,44.97710822916565],[-1.001246868960046,44.976428685611],[-1.000127477125209,44.97508867376624],[-0.998787168147454,44.976926047909274],[-0.996822752902591,44.978333809880674],[-0.994367082419136,44.979276167567114],[-0.991631683104153,44.979671940568956],[-0.987957590693434,44.97929767320735],[-0.984482514832853,44.977839839522446],[-0.983511614323697,44.97784078148942],[-0.982754145772889,44.9784976903449],[-0.98227150407315,44.98181558853766],[-0.980929811748687,44.98360278206943],[-0.978174468502713,44.98536810615237],[-0.974738344412516,44.98624411505213],[-0.971946376741028,44.986253034586795],[-0.969214749045219,44.9856675181805],[-0.966896605933388,44.98456326313609],[-0.964718393054294,44.982483846961514],[-0.963887077968008,44.98054667044859],[-0.964062149260383,44.9779585786398],[-0.965634287868837,44.975572192723064],[-0.968113943602744,44.97365598371419],[-0.967294603914595,44.96924559852788],[-0.968552152980937,44.96676708617457],[-0.971504166620631,44.964375607316256],[-0.970697055373168,44.959969571642915],[-0.972706210160101,44.956325749205845],[-0.971696847582944,44.95550207363164],[-0.968613561098427,44.95566282742853],[-0.965936444242516,44.95528700267355],[-0.962699732350507,44.953912977250866],[-0.960934268931635,44.95237863058584],[-0.959887330911285,44.95058925384316],[-0.959882362097455,44.94726540426371],[-0.960923819314923,44.94547444608374],[-0.962684320458154,44.9439373841399],[-0.966749092991081,44.94237801997812],[-0.9705145668308,44.9422434985678],[-0.973182586476551,44.942822551025294],[-0.97589085196314,44.94406301670926],[-0.977238350940517,44.94377138994217],[-0.978479238215974,44.93925824838825],[-0.976578489872137,44.94009285184131],[-0.974373092842547,44.940030709834495],[-0.972588030209662,44.939108789546445],[-0.971821879243684,44.93759376946645],[-0.973086703560538,44.935466852547606],[-0.976195690206218,44.934811104030615],[-0.975391788552763,44.93304302592056],[-0.976349509363719,44.93135575459275],[-0.977875595246009,44.93061649083477],[-0.980218142435227,44.930357988994984],[-0.980832558857033,44.929824727343515],[-0.980734813934767,44.929125379178295],[-0.978754992664127,44.92900593104791],[-0.976991666667422,44.92806347591873],[-0.976305825805532,44.92689145608001],[-0.976469492059982,44.925584489851055],[-0.977481046595171,44.92448665284215],[-0.979101580731816,44.92385718883296],[-0.981008728259143,44.92385540440592],[-0.983596827235966,44.92479327387429],[-0.986799150953888,44.92454067864655],[-0.987113907082873,44.92362788215368],[-0.985487489797657,44.92054660256259],[-0.981091712476802,44.92092527050994],[-0.97856021339885,44.919477552205336],[-0.978215826172596,44.917929191715515],[-0.97914017196295,44.91650583392657],[-0.981500946227028,44.91523568649455],[-0.983471721481461,44.91555109981678],[-0.984133731735045,44.91466816737468],[-0.983112889903608,44.91380628710766],[-0.981368986973157,44.914384312486156],[-0.978318951033443,44.91330811805408],[-0.977136845686594,44.91174148219478],[-0.977439878505413,44.91018877109148],[-0.978905749517703,44.9090173613645],[-0.98072955961573,44.90862234976112],[-0.98424768542251,44.90967513034387],[-0.986871512142945,44.90946549362809],[-0.988634074785102,44.90998222246307],[-0.990042034116533,44.91150164875822],[-0.989627807234779,44.91350582709105],[-0.988007492803531,44.91456965122873],[-0.985087869572045,44.91482116752743],[-0.984214246170901,44.91550795525651],[-0.98591811507355,44.918479751552795],[-0.986276483000612,44.91877420545051],[-0.986065066104619,44.917069092160325],[-0.987181106834209,44.91571688318554],[-0.988861532432535,44.91507649031772],[-0.991005711344342,44.91514913477261],[-0.993346496886142,44.91680746332972],[-0.993524234696273,44.918070417249176],[-0.99283708360028,44.91939191221129],[-0.993595213996448,44.92041711526984],[-0.996216283803712,44.920973479173504],[-0.998721618896992,44.92070412080619],[-1.001193843268069,44.92119766448964],[-1.004262515158997,44.9207635106505],[-1.004818051393457,44.92010240020833],[-1.004590397312331,44.91758380492112],[-1.005580419288246,44.91652730972698],[-1.007051033858622,44.915929826060975],[-1.003450331227984,44.91310961830636],[-1.002727027378217,44.91190234649945],[-1.003233757272384,44.91007676435379],[-1.005301838309114,44.90891486583188],[-1.003587641719041,44.90880012722658],[-1.001282711206893,44.90962338714739],[-0.999504913664421,44.90950096805549],[-0.995007475879284,44.90783220370653],[-0.992472983531091,44.90585089757417],[-0.991143940080775,44.90275356215684],[-0.991958256589633,44.89910844178145],[-0.988601045811352,44.895713160492654],[-0.988062295323795,44.893769203265734],[-0.988391781379204,44.89167731767268],[-0.985770240503368,44.8908123256614],[-0.984140360046559,44.88847105151814],[-0.981744573506075,44.88845075236504],[-0.979547828851051,44.88745127596171],[-0.977509619338626,44.88936204024888],[-0.975013976085849,44.89052734398116],[-0.97708947526882,44.89194011141521],[-0.97764255451883,44.89350112635373],[-0.976646831864033,44.89517704021437],[-0.974381300784173,44.89602350474723],[-0.971279524852486,44.895337944172795],[-0.968403334504386,44.893093221763735],[-0.966981227802132,44.89089757036151],[-0.963346812897455,44.89142578551229],[-0.960046606434762,44.89023871849136],[-0.956843401660332,44.89027047448993],[-0.952913911309245,44.88781313706127],[-0.952678217850093,44.88960209714469],[-0.951159063054929,44.890795888084],[-0.948001034257353,44.89102425544431],[-0.945756001542324,44.89213384438041],[-0.942440503597412,44.89218782680166],[-0.939752939994668,44.89622040279579],[-0.943218834251727,44.895349147064145],[-0.946859838383322,44.89547402109498],[-0.950266758161661,44.89661662589528],[-0.952872413424695,44.89873579766001],[-0.955302913679822,44.898395651099236],[-0.95738258598219,44.899104609108605],[-0.960039314101827,44.89789642547603],[-0.961875167781796,44.89803430449952],[-0.964548865327363,44.899198359808764],[-0.967582566676833,44.897527110531584],[-0.970774332732323,44.89795633819853],[-0.972335592669126,44.900026343990255],[-0.971612462897685,44.90172803449264],[-0.969823794548572,44.902681119422965],[-0.971061763078175,44.904102280834486],[-0.971585999346564,44.9060163693966],[-0.971239677393786,44.90726152711418],[-0.96977369222244,44.908432835074464],[-0.967949811179594,44.908827666827044],[-0.963797548765524,44.90784144874388],[-0.96243702847378,44.90708550757531],[-0.961231558287169,44.908130088938],[-0.959520712068586,44.908623586164545],[-0.957684517724774,44.9084856677814],[-0.955634921698446,44.90759632034237],[-0.952049099006508,44.90783186402539],[-0.951668138347833,44.91139959200447],[-0.950348032865126,44.91314479467434],[-0.948421604847615,44.9145161876286],[-0.945909428124696,44.91547237009275],[-0.942313758524407,44.91585475427405],[-0.940242271415835,44.91716395714827],[-0.935606424174316,44.91784263316209],[-0.933299681164785,44.9187620692277],[-0.931804193419552,44.920327129945704],[-0.929643910509442,44.92158012228265],[-0.927064624694609,44.922333570110304],[-0.924288521556665,44.92252256583487],[-0.92161328355912,44.92214567783412],[-0.919148778590365,44.92121838494044],[-0.916179034926182,44.91865014658654],[-0.915290695466827,44.91543042239223],[-0.915842261754117,44.91348824227945],[-0.917389387339966,44.91140682335427],[-0.917154549342743,44.91063992026706],[-0.916288972428003,44.9103001546923],[-0.912269642648364,44.91042569937155],[-0.908782755494749,44.90953119408457],[-0.906043171038206,44.907756482246505],[-0.904297899134593,44.90476527669784],[-0.904481417548093,44.90209083428495],[-0.906075878856877,44.89971270441038],[-0.908829283612786,44.897949211319485],[-0.912905892154644,44.89702772646747],[-0.91137880185984,44.89602806755397],[-0.910193425031146,44.89385864004114],[-0.910799639533983,44.891590373329315],[-0.912975472353254,44.89055589778795],[-0.916574810743729,44.89096844392581],[-0.919408623458478,44.89011133177173],[-0.919347978196712,44.88929352074672],[-0.917449901100878,44.88903191449106],[-0.91582742089713,44.887970336445406],[-0.915308286532039,44.88675593372057],[-0.915632715280069,44.88550111405942],[-0.913193135258871,44.88551109155589],[-0.913222041482382,44.88685344618218],[-0.912324382220179,44.88804865493589],[-0.910484537943284,44.88883337988476],[-0.908578578853025,44.8888339541966],[-0.906957574358407,44.888206450781404],[-0.905944126816693,44.887109822859955],[-0.905838041849306,44.885586431223444],[-0.906789762072681,44.88432846479006],[-0.906127166727746,44.88327798292598],[-0.903047104555304,44.88323434693809],[-0.90056819504467,44.8861449863998],[-0.898807612807095,44.88666385715346],[-0.896069218358201,44.88659383068161],[-0.894158181038725,44.88889497274818],[-0.891413365493823,44.889575644785346],[-0.888715083596703,44.88866010171943],[-0.885685124067273,44.88888779394437],[-0.88386117836832,44.88849463118597],[-0.882274681010718,44.88712062712514],[-0.882229289851834,44.8853583466875],[-0.879428820038038,44.88696465086361],[-0.876524333202992,44.886880180563125],[-0.872136854085657,44.88437946624214],[-0.871168868649877,44.882924225647436],[-0.872137109853217,44.88072040768524],[-0.875147398845617,44.87985439335417],[-0.881727186126627,44.88171454724625],[-0.882876286050048,44.88305238792706],[-0.882810560534858,44.884561751365666],[-0.88353158321107,44.88404683970613],[-0.884434957200109,44.88178343438995],[-0.88711413759549,44.88088223968272],[-0.889796889637607,44.881564363731236],[-0.892051455829343,44.88310351748103],[-0.892770696873898,44.88430681769619],[-0.894044907463054,44.88418441334532],[-0.895039884834928,44.882581668343306],[-0.893565240344982,44.8812609878076],[-0.893438569181924,44.87969602024552],[-0.896052104038767,44.877025134134044],[-0.9006562906555,44.875335811133255],[-0.904971211566934,44.87554538096742],[-0.906860432997293,44.8763316611379],[-0.908147241116024,44.87518178204939],[-0.907008474940259,44.871783109379976],[-0.907690874788738,44.87061029786565],[-0.910161380744743,44.86872081353725],[-0.909779409752775,44.8668366875448],[-0.911012249500379,44.86478593558371],[-0.910596784218321,44.86325167508453],[-0.910970696474557,44.861966803692994],[-0.913495926535167,44.86051592685864],[-0.915280491216529,44.86051531079442],[-0.916844847079325,44.861082858131],[-0.91921593409628,44.85807246250053],[-0.919638975271695,44.85596434680859],[-0.920953256175791,44.85504364561194],[-0.922722499940881,44.85467231240803],[-0.925114406140106,44.85518728629316],[-0.926442757093892,44.856438078455724],[-0.926145429442606,44.86084584533105],[-0.924515183240676,44.862765602854026],[-0.922143157887113,44.864260594560825],[-0.919965768971849,44.86450415405105],[-0.918035253790402,44.86388722295592],[-0.916947808101393,44.865343985446536],[-0.917330331144428,44.86736299188944],[-0.91613853858229,44.86918482364935],[-0.91652058292853,44.87120301977195],[-0.915306834721248,44.873292043911356],[-0.915711101111982,44.87505111957414],[-0.917403889417323,44.87548258427755],[-0.920280491573635,44.87527525838101],[-0.922181283312131,44.87606934951138],[-0.923181363412552,44.87805298488548],[-0.921848170443435,44.880172933622696],[-0.924103544424213,44.88037916234739],[-0.925740276590879,44.88141111477886],[-0.928672801960435,44.880552151493646],[-0.938357356680881,44.88149975201238],[-0.940695183423693,44.88315917192457],[-0.940336890298599,44.88547241511153],[-0.942047808895661,44.88519575753732],[-0.943985906804741,44.88352231196723],[-0.944183642158613,44.88224187502724],[-0.945174177382179,44.88118592980176],[-0.946854048326915,44.88054617906242],[-0.94921133094684,44.88047086233817],[-0.94999197016465,44.87963853703577],[-0.948775809558137,44.878480051985974],[-0.944757328835716,44.87822837219287],[-0.941417790305046,44.8760185148397],[-0.940456095290213,44.874332695612054],[-0.941216762495007,44.87259573851059],[-0.943354354691457,44.871596158240585],[-0.947069576942428,44.871594176364006],[-0.947423580428316,44.86881356714592],[-0.949081667832275,44.86737412478881],[-0.950789107461235,44.867004549976166],[-0.952556220296208,44.86723533683033],[-0.953851505978096,44.86633420839877],[-0.955558882591236,44.86596456036227],[-0.959121537936249,44.86700574033162],[-0.960946124055065,44.866693228800415],[-0.96259434907418,44.86402634463382],[-0.967300337097743,44.86229236949214],[-0.969434561549931,44.862683897946575],[-0.971136596896125,44.864316829623085],[-0.973037115484936,44.86457730169793],[-0.974628017539624,44.86560019486817],[-0.975141682832689,44.86742471480084],[-0.973697351217715,44.86934428543092],[-0.97591165912729,44.86908557873984],[-0.978046538532176,44.869833887005704],[-0.980613666238555,44.86984410681307],[-0.986919021910994,44.87305772470747],[-0.987920719473822,44.87473171758799],[-0.987459798310195,44.877034589173974],[-0.989353052704848,44.877780316289304],[-0.991510533599728,44.87799819790027],[-0.992948299033123,44.87882076712168],[-0.993714218013876,44.880335614298154],[-0.993161565352126,44.88242270051259],[-0.994695759973168,44.883607340872025],[-0.995889725898696,44.88360605914473],[-1.001774112703889,44.88119187102017],[-1.004376982734474,44.88121675395861],[-1.007710106263512,44.88037652834724],[-1.013450758833068,44.880184126483506],[-1.01580278242717,44.88086814715125],[-1.013448612711311,44.87595546324771],[-1.013722816014049,44.873939904403485],[-1.01509632959817,44.87131064919389],[-1.012026404430132,44.86801502751052],[-1.01148710877253,44.866071200903875],[-1.011764486939236,44.86409974712929],[-1.013353325132052,44.861720108229996],[-1.016101496066975,44.859953979222375],[-1.019590634766365,44.859070169052586],[-1.023818131659054,44.859316431324764],[-1.024030325111828,44.857013616722625],[-1.024979456026576,44.85531771939003],[-1.024145398390716,44.85437214621962],[-1.019594445107297,44.85700297116593],[-1.017760494207555,44.857144607422974],[-1.016062200997218,44.85666072088996],[-1.014487377283743,44.85698497334189],[-1.013313422448514,44.859733013226695],[-1.010968550425621,44.860953291625485],[-1.009183974162301,44.86095544576274],[-1.007548475297695,44.86034835547467],[-1.006279733537753,44.85817998245166],[-1.007493115854881,44.85634739138103],[-1.010566872832027,44.85520269125287],[-1.010369030393884,44.85265991288526],[-1.011993474390411,44.85074099746209],[-1.011728695907703,44.84999450799533],[-1.009823099125637,44.849052905287685],[-1.008937628816783,44.847901897559936],[-1.008934423919857,44.846547020448426],[-1.009814386409479,44.84539389323246],[-1.012820655279196,44.84452415839615],[-1.016050447575834,44.84569423827143],[-1.019059781769307,44.845972948533316],[-1.020565375303403,44.8433452118223],[-1.021909511143765,44.84238540924123],[-1.024359101363457,44.842035374901016],[-1.02656613001843,44.84283415162434],[-1.025419954826353,44.839323935826705],[-1.026977911752338,44.83591648830861],[-1.02469880754127,44.83482635843409],[-1.022967390894162,44.83333088008386],[-1.021603228564486,44.83015206086419],[-1.021880074511061,44.82818060480709],[-1.023430605424218,44.825836359863146],[-1.025438782061696,44.8244018270958],[-1.028128893275853,44.823419567572735],[-1.027885859112948,44.82154004665579],[-1.028733453931569,44.81867924277148],[-1.026150029808944,44.81642109303707],[-1.025071560161063,44.81459458124511],[-1.024787388163046,44.81257978301934],[-1.025334161403948,44.81063712519734],[-1.027854068756826,44.80794135925792],[-1.031018023582183,44.80657532585057],[-1.034737329605295,44.80617719040774],[-1.039183306967291,44.80691369086448],[-1.044315005383334,44.80429075550445],[-1.047975722252177,44.8039071386718],[-1.052430673982779,44.804646506942156],[-1.055539348483312,44.80274720350371],[-1.052221276068227,44.80283834012151],[-1.050282618368001,44.80218928703516],[-1.049115990863344,44.800810413356295],[-1.04935525388383,44.7990410447464],[-1.051900469341175,44.797547099862214],[-1.055332375475209,44.79798978831375],[-1.057782162807499,44.79771533371375],[-1.059021407599682,44.795273901766166],[-1.061974662592353,44.792838622863734],[-1.061060264261349,44.78975542591001],[-1.061936862662906,44.78657814075683],[-1.065480269373369,44.782929057627186],[-1.069536331835612,44.78185618910792],[-1.069324493642587,44.77949229417954],[-1.070071698437599,44.77793602922669],[-1.069607165107687,44.777240888435976],[-1.067025864164501,44.776670407898614],[-1.065530788966004,44.77552017237668],[-1.06515523739793,44.77419199660327],[-1.065908097252185,44.772299230605746],[-1.063403967925555,44.77261793150015],[-1.06162388741662,44.77224525595723],[-1.06067919396725,44.772596567187],[-1.060481283292934,44.77385447076615],[-1.059448974821176,44.77494113075413],[-1.054224377712609,44.77667556531542],[-1.051553681519868,44.77972758566032],[-1.047503018311942,44.78128996821721],[-1.044674185592547,44.781492782270796],[-1.041143511090641,44.78086855407443],[-1.036241511233053,44.77784391637619],[-1.031244603500373,44.77879132968748],[-1.027583370598468,44.77841839436702],[-1.024355332079507,44.77704624112447],[-1.021822685435234,44.77435728490293],[-1.021347800249992,44.77109391496621],[-1.022942687601502,44.768212485769254],[-1.021803246141482,44.76741715572378]],[[-0.961254329952551,44.88533380268454],[-0.960694296647007,44.88575627454501],[-0.961975541180411,44.886230441118606],[-0.96163730809179,44.88488749198657],[-0.961254329952551,44.88533380268454]],[[-1.019694273003259,44.764051322886274],[-1.019808276975295,44.76073987994808],[-1.01807067114257,44.76059625326905],[-1.016654330346474,44.75994029820419],[-1.015338895123301,44.76213204790159],[-1.017393010532501,44.76331682448139],[-1.017863967400411,44.76514377181076],[-1.020344605132542,44.76568610291367],[-1.019694273003259,44.764051322886274]],[[-1.035506020295206,44.957082233740714],[-1.035708877690886,44.95683442945013],[-1.035255678784589,44.95650388025685],[-1.035308737559611,44.95678424413197],[-1.035506020295206,44.957082233740714]],[[-0.979775252803831,44.93584157440049],[-0.978614469330406,44.93581891015098],[-0.97937488811798,44.93705856573598],[-0.979174314347153,44.93843479899542],[-0.980704091366195,44.937225905727615],[-0.979775252803831,44.93584157440049]],[[-0.962026562104925,44.87350725152512],[-0.960609384355917,44.87195323281466],[-0.958021360995673,44.87098721860773],[-0.956001138638124,44.8713554415082],[-0.954233881979022,44.87112470917607],[-0.952321766485755,44.87223377909967],[-0.949477047228216,44.87245043047281],[-0.948826162616698,44.87317975992033],[-0.950074089719079,44.8744200132755],[-0.954145611898162,44.874694161101296],[-0.957936072551629,44.87720828942313],[-0.961978680244642,44.87744627891937],[-0.962664183453356,44.87565833374526],[-0.962026562104925,44.87350725152512]],[[-1.033860679264713,44.846696770395546],[-1.033695868935636,44.84631302257598],[-1.030010837107833,44.84540642348522],[-1.027371060854978,44.84372493456526],[-1.027629404400873,44.844859417387035],[-1.026851282463806,44.84837689157988],[-1.029615103935827,44.84740336506078],[-1.033051108304291,44.8476707862419],[-1.033860679264713,44.846696770395546]],[[-1.041133540134302,44.951428394450694],[-1.041331255810712,44.951312681276676],[-1.040428305430802,44.95202939142013],[-1.040826419037489,44.95164739200543],[-1.041133540134302,44.951428394450694]],[[-1.039503353167148,44.951379085321015],[-1.03927895088482,44.952126098985055],[-1.040304763757956,44.9513283372206],[-1.039597883470466,44.95034549923488],[-1.039503353167148,44.951379085321015]],[[-1.016112567772419,44.93797602897675],[-1.016208265854294,44.93494577118971],[-1.018295203066891,44.93284745643877],[-1.020738514306713,44.93230198386504],[-1.022978206748032,44.93279603148431],[-1.02534829311219,44.932511977541616],[-1.027143118551632,44.93288900915683],[-1.029451095893535,44.93016812091721],[-1.031231698661627,44.92924216673521],[-1.034080128381869,44.9293375498946],[-1.037089628697016,44.930997038271734],[-1.037944232902596,44.93067095536116],[-1.039694401343163,44.92859152537612],[-1.042825595356787,44.92814423614522],[-1.044969504038665,44.92913932379596],[-1.045646326829971,44.9313634310996],[-1.046945263645137,44.93178073616292],[-1.050399443832126,44.931408082181385],[-1.051147973048248,44.93096974221869],[-1.049784706297114,44.92759161487028],[-1.050510694568224,44.92633869857397],[-1.052232359076292,44.925427375135165],[-1.05552323767636,44.92565232321945],[-1.057533242667865,44.927807396247765],[-1.058715324199126,44.92838224138575],[-1.062588046940466,44.92800505257358],[-1.063357787113996,44.92753436309903],[-1.062544388170659,44.926944923239695],[-1.059560132277252,44.92655483112003],[-1.05642749479339,44.92522789830428],[-1.054614229696634,44.923665477404434],[-1.053414757823629,44.92135814726737],[-1.051617347336838,44.9207293941046],[-1.050551092794565,44.91959693095542],[-1.046895727413279,44.92025382809954],[-1.03846668372269,44.91967899550963],[-1.035950371002488,44.91872806623881],[-1.033981013145927,44.91732529333953],[-1.032669656899173,44.915576724051625],[-1.032128575691871,44.91341250601617],[-1.025232040318375,44.91348773481064],[-1.024359857705095,44.91452613709725],[-1.026032579431123,44.916578434570745],[-1.027624219802734,44.91734766530551],[-1.03020009235992,44.91702406408759],[-1.032272704602824,44.91756132081431],[-1.033666816266589,44.91903739049373],[-1.033560157731281,44.92064537979706],[-1.032234866688246,44.92189866483806],[-1.030214905487664,44.92241533520567],[-1.026715714370291,44.92144240563089],[-1.024139618847003,44.92176592651737],[-1.021926220081565,44.92114678308231],[-1.022185642743773,44.92292983071842],[-1.020784372939111,44.924452532725226],[-1.018341404029633,44.92499800502468],[-1.016063629463624,44.924375359428815],[-1.014204955695626,44.926722047591596],[-1.015502873622935,44.92866079955203],[-1.015401303293905,44.93018436942506],[-1.014344407408102,44.93131226108279],[-1.012678897229328,44.93192773674749],[-1.013937711717422,44.93270558605594],[-1.014633638347974,44.933921038111535],[-1.014440770262729,44.93522599801853],[-1.013450585127899,44.93628257808439],[-1.011031963573634,44.936997627447155],[-1.008899747811871,44.93660906390605],[-1.006983847871485,44.937075393969806],[-1.004211247160779,44.93658133964786],[-1.00195849601243,44.93687589666736],[-0.999682823198131,44.936381750891485],[-0.997358275655279,44.936675887750006],[-0.995285291713915,44.936137976832526],[-0.99399656177861,44.93490305775413],[-0.993597607077569,44.935398654095906],[-0.995850112925277,44.93875406722231],[-1.000899548287104,44.93825593616548],[-1.004508954752083,44.93863200987651],[-1.007699677792869,44.939975216022496],[-1.009650419525855,44.941721369509686],[-1.012815696601388,44.94175926890147],[-1.013801801470454,44.939297060774095],[-1.016112567772419,44.93797602897675]],[[-0.991848378711889,44.934683498599234],[-0.990959087209688,44.93552932876908],[-0.992878234775715,44.93546045866387],[-0.993540331939933,44.93457746489324],[-0.99270330197466,44.93435776319973],[-0.991848378711889,44.934683498599234]],[[-1.039358681560175,44.93471366584047],[-1.039703892654247,44.93425166734825],[-1.039708152256124,44.93325727451604],[-1.03883761103762,44.93394380453181],[-1.038778215476338,44.93494917010283],[-1.039358681560175,44.93471366584047]],[[-1.024219653482011,44.91377419839264],[-1.024302349888979,44.91331049090497],[-1.02288150506718,44.914322726338625],[-1.023647497965686,44.914224450302584],[-1.024219653482011,44.91377419839264]],[[-1.006476520310323,44.90865854014605],[-1.00610504885757,44.90877317206138],[-1.005968082130397,44.90880513749439],[-1.006473558649968,44.90878220464073],[-1.006476520310323,44.90865854014605]],[[-1.08102299419089,44.7786630183794],[-1.081240813913836,44.779135498083996],[-1.082431250340658,44.7790433262578],[-1.082981027827821,44.77787680578812],[-1.081681861294187,44.777779544745464],[-1.08102299419089,44.7786630183794]],[[-1.035196942541081,44.88951763858112],[-1.034218817283107,44.88984820849725],[-1.033950405643432,44.89056063739823],[-1.035836817947579,44.889639173469135],[-1.035196942541081,44.88951763858112]],[[-1.073483912196215,44.975257671671315],[-1.072311301599503,44.97527847656489],[-1.07157734833292,44.97592917153359],[-1.072102359362334,44.977146736415364],[-1.073359481157386,44.977249311462124],[-1.074236660300853,44.9767679295759],[-1.074294469874787,44.976064488119015],[-1.073483912196215,44.975257671671315]],[[-1.074583201048893,44.97258175962782],[-1.073777712261679,44.972066150304066],[-1.072317887212058,44.97215546451783],[-1.07175118061956,44.972792637552246],[-1.072095221334441,44.973675659607366],[-1.072973065250618,44.97410181720171],[-1.073902322674809,44.973956216644545],[-1.074583201048893,44.97258175962782]],[[-1.078587191148859,44.953767539832974],[-1.077843660685396,44.95523569501968],[-1.078404124509057,44.956071555059154],[-1.081553277147405,44.95673262908313],[-1.084695427036076,44.95637705543551],[-1.085445549993651,44.955692487931756],[-1.084990168509141,44.953926770124774],[-1.085683793637655,44.95175151962691],[-1.082096297056114,44.95069351577397],[-1.078908421547865,44.9510438434218],[-1.078144489707141,44.95181829359181],[-1.078587191148859,44.953767539832974]],[[-1.087181296102292,44.96526061596604],[-1.085177235165658,44.96676361045177],[-1.081720356111523,44.96750547178782],[-1.08192829778324,44.96990742839021],[-1.081178799108697,44.971463935996994],[-1.081852192313174,44.97225674812747],[-1.084632941288907,44.97290021055067],[-1.086182740546677,44.97445085979849],[-1.087159216463824,44.97474998028804],[-1.08997621468843,44.97306185277757],[-1.093195085603234,44.97246578677412],[-1.093021572404767,44.97002307502887],[-1.093780702712208,44.968455822108176],[-1.093107186465199,44.96766308306421],[-1.090026654460471,44.96688029331634],[-1.088507431102955,44.965327523385106],[-1.087181296102292,44.96526061596604]],[[-1.087868954355929,44.964135040783646],[-1.088820968692052,44.96394058957438],[-1.089507877696854,44.96311163592868],[-1.088507442488081,44.96205483029169],[-1.087252004570932,44.96212197202503],[-1.086602188617077,44.96271776424689],[-1.086938931313348,44.9637095028538],[-1.087868954355929,44.964135040783646]],[[-1.016533352960492,44.918297313098435],[-1.016349810155766,44.91964593234316],[-1.014848388659649,44.92109346121085],[-1.014760894938072,44.92179097171333],[-1.015648802141771,44.920506764876954],[-1.017232547330586,44.91975201558586],[-1.01907156060919,44.91963173404682],[-1.020913956943739,44.92022329113181],[-1.017562468542294,44.916414951135046],[-1.015454078729736,44.91680471820746],[-1.016533352960492,44.918297313098435]],[[-1.010426867541989,44.91595388705155],[-1.00986899710065,44.916100154994275],[-1.011642510419923,44.91614601093935],[-1.011041855302751,44.91593167289334],[-1.010426867541989,44.91595388705155]],[[-0.956114999613739,44.88123801745769],[-0.955871568574216,44.88127262573717],[-0.955570541454493,44.88133778401639],[-0.956594433244349,44.88126990584799],[-0.956114999613739,44.88123801745769]],[[-0.931274424337254,44.88809327301447],[-0.932632154559419,44.8883802563956],[-0.931655166464681,44.886605148145684],[-0.930950682929326,44.887244049138346],[-0.931274424337254,44.88809327301447]],[[-0.967424977008473,44.91531855621771],[-0.965585994790926,44.915437982973295],[-0.962865888525225,44.91440230237462],[-0.960257221621637,44.91456438574948],[-0.958544723444194,44.91407347011563],[-0.957026656641222,44.912310803035204],[-0.957707287280169,44.910301660996275],[-0.959123765402698,44.90945994480202],[-0.960931328884317,44.90919208338928],[-0.964084024218138,44.91025776089832],[-0.966692479844247,44.91009558790715],[-0.96840492789113,44.91058637738444],[-0.969735555221175,44.91183667307356],[-0.969924704005172,44.91318489704062],[-0.969009224166291,44.91456449544799],[-0.967424977008473,44.91531855621771]],[[-0.953393090698743,44.92679380921419],[-0.950486431427718,44.926711272008795],[-0.948513361494383,44.92519276389807],[-0.948629663894436,44.92312787220882],[-0.950767027915343,44.92172617721099],[-0.953673429310729,44.921808706957954],[-0.955646519891531,44.92332712191691],[-0.955530475367116,44.925392021064596],[-0.953393090698743,44.92679380921419]],[[-0.969105435724993,44.93240855040175],[-0.966200742444831,44.93229267044848],[-0.964262263031472,44.93075171729257],[-0.964425511936103,44.92868842605954],[-0.966594678351912,44.92731143736895],[-0.969499114506552,44.927427306858846],[-0.971437622891624,44.92896816715168],[-0.971274631112513,44.93103146884811],[-0.969105435724993,44.93240855040175]],[[-1.144054545397726,44.95054300282637],[-1.143729515137016,44.95213616037722],[-1.141965308745017,44.95339737851052],[-1.140095074609589,44.95366616873971],[-1.137557705461061,44.953168691955696],[-1.134832986177996,44.953496250159695],[-1.134029207902796,44.954038110928536],[-1.134329112793284,44.95651610750676],[-1.13256740062968,44.95867993552649],[-1.13383703851194,44.960322919232816],[-1.13401807905323,44.96158566279477],[-1.132165771060661,44.9640227290513],[-1.13341738629678,44.96565293138621],[-1.13359843459885,44.96691567758325],[-1.131753722338631,44.96934817222694],[-1.133208279373162,44.97201581850742],[-1.131710659727182,44.97402027221272],[-1.128894709826716,44.97454522047453],[-1.126578805197945,44.97367328528546],[-1.125644593332321,44.972252851582205],[-1.126409958994001,44.969925513533944],[-1.125735963682592,44.96913297179159],[-1.122671766220443,44.96851573571291],[-1.120707333359169,44.968817490261486],[-1.118025756861011,44.968311613993315],[-1.115302567894549,44.968588807064044],[-1.112850572155422,44.96755262583087],[-1.112083480147553,44.966082654486904],[-1.112596055950633,44.96455787735604],[-1.114215448858816,44.96349222212039],[-1.117397651999091,44.96289302746308],[-1.117182512381999,44.96065376444852],[-1.117696231950928,44.95943802996203],[-1.119315380026354,44.95837230205942],[-1.122445672807584,44.957769471731275],[-1.122574226100322,44.95455326433154],[-1.124091455014452,44.953357108868644],[-1.127562062245036,44.95257486480768],[-1.127312680371468,44.95020423885483],[-1.128233771864894,44.94877962976497],[-1.130479241135291,44.94790382500037],[-1.133758192450246,44.94836371313658],[-1.137258927567165,44.94766929996731],[-1.13706153284862,44.94501410841449],[-1.138859172015817,44.94282878175971],[-1.137543100810268,44.941006171487984],[-1.137521878552431,44.93969412470761],[-1.138634715713818,44.93834038802268],[-1.140618868894483,44.93765388788808],[-1.143824781678862,44.938141390975],[-1.147237712749418,44.93798210309964],[-1.148967004095936,44.938886486072455],[-1.149693802840478,44.940092813727745],[-1.14939537842331,44.9416460048756],[-1.147822441501233,44.94325711643969],[-1.149142434747643,44.94520635746335],[-1.149023722805585,44.946771676989314],[-1.147389170164018,44.9481725135951],[-1.143962059867304,44.94880504343043],[-1.143613512106179,44.94946477331622],[-1.144054545397726,44.95054300282637]],[[-1.081710165956695,44.99734320037219],[-1.079731054652503,44.99582699257177],[-1.079842667537652,44.99376192394945],[-1.081979440446097,44.9923576786386],[-1.084889694826408,44.99243677860696],[-1.086868825970805,44.993952893221156],[-1.086757471679244,44.99601796899303],[-1.084620678930594,44.99742230749011],[-1.081710165956695,44.99734320037219]],[[-0.871940193183006,44.723651111671444],[-0.875057256778129,44.72498315179104],[-0.877244368331928,44.72706217358569],[-0.880224889479272,44.72743540956853],[-0.88194499734786,44.72834540020904],[-0.883664580663693,44.72743554822372],[-0.8855559014502,44.72730260632165],[-0.888563098781601,44.72859943048221],[-0.891149529207735,44.72858562201326],[-0.893862454721618,44.72984742432755],[-0.897469727197367,44.73013259455597],[-0.899216209363436,44.73178188139884],[-0.898819876457497,44.73382607522071],[-0.90082373753825,44.73348232322071],[-0.902589642355877,44.733852502730976],[-0.904928225678213,44.73603633194899],[-0.907638879443087,44.73612548257069],[-0.909315602037823,44.73676365344647],[-0.91030551520546,44.73781863369396],[-0.910514824188501,44.73902793542487],[-0.912653699887701,44.73912501715509],[-0.914832994055022,44.74026451001314],[-0.915799796891863,44.74026416745437],[-0.919051130067305,44.738974603360035],[-0.920915699729174,44.73923817824565],[-0.923123526988256,44.740347922453594],[-0.92630725864943,44.739066137759615],[-0.929118732995805,44.73936203857353],[-0.930610057399577,44.74051409747922],[-0.930982208339629,44.74184271143942],[-0.930225777241556,44.74331457298096],[-0.92850771053667,44.74422395120718],[-0.925955236631011,44.74424000341188],[-0.9232226530561,44.74300793754165],[-0.92086358951005,44.744119413025544],[-0.918746830347749,44.74434403988291],[-0.915303555714096,44.74299727110797],[-0.912302170453753,44.74427323814926],[-0.909824381820887,44.744129573977744],[-0.909889922055344,44.744673638330724],[-0.911244017651093,44.74593641426154],[-0.91444472293817,44.745642436244104],[-0.917041486968288,44.74662251511607],[-0.920234455633373,44.746332405046175],[-0.923215131400966,44.74735209939741],[-0.925774101757811,44.74699206023499],[-0.927825936097013,44.74527070692665],[-0.930368067283148,44.74510599033824],[-0.932246135971298,44.74592186854604],[-0.933557835862174,44.747657630601765],[-0.936714469993583,44.74791988408502],[-0.942753221504066,44.7502513092688],[-0.944933324605764,44.75018227126865],[-0.946629219167913,44.75069319916554],[-0.948452833183576,44.75294963512036],[-0.947681176744038,44.75504258106296],[-0.95032251669701,44.75614223372578],[-0.955554550274048,44.75734942520388],[-0.958164326148349,44.75548113476892],[-0.961404425032781,44.75549756315162],[-0.963336788023744,44.75703847833033],[-0.963197161100912,44.75906665826271],[-0.967011060213246,44.75886571895773],[-0.96900856886075,44.75952264421135],[-0.970273131466217,44.76138232581399],[-0.969473502306121,44.76320221498065],[-0.971858661853663,44.7638825763738],[-0.973112792628557,44.76566633909374],[-0.97549864386866,44.76681836046978],[-0.979316409229241,44.76575641346703],[-0.983010394769526,44.765873562051326],[-0.986360369910191,44.766988759290214],[-0.988646664180336,44.76870930697761],[-0.990027227049458,44.7665143426058],[-0.989950375379454,44.764133380917464],[-0.991856674493744,44.76263054962963],[-0.997220971437225,44.7623919851731],[-1.002123115104285,44.76390740934029],[-1.003124019543503,44.76589024993314],[-1.001866592292173,44.76775243881522],[-1.00029666525926,44.76835250244189],[-0.998553204010539,44.768379091139884],[-0.998039643835779,44.7699055148751],[-0.996367637840232,44.770988349048416],[-0.990115013417325,44.77139548938141],[-0.989688761758406,44.77467484236074],[-0.987576727571651,44.77710486914636],[-0.987562159565549,44.77934097309334],[-0.986189145927179,44.78046982360867],[-0.987113544672034,44.781681772800674],[-0.987023596679556,44.78317663094132],[-0.99123723561874,44.78625602103151],[-0.99135850619697,44.79025801389895],[-0.993785106399427,44.79133166058429],[-0.994889021075484,44.7926387010598],[-0.994693402563582,44.797300758638606],[-0.99348843209914,44.79834936072522],[-0.990244485705969,44.799618694761044],[-0.989789843641621,44.80040336541191],[-0.990686623695563,44.80258532367063],[-0.994559672903408,44.80396592619232],[-0.995769204109626,44.805011949402136],[-0.996002735820266,44.80682352043753],[-0.994369099042736,44.808424678612845],[-0.996506209098067,44.80962741773874],[-0.997225430048307,44.812078875360406],[-0.999269720122721,44.8128720708568],[-1.000429653105694,44.813891801514444],[-1.000678348414126,44.81566052420718],[-0.999564619248418,44.81701282559261],[-0.996840655567322,44.8177278842475],[-0.993882032533323,44.81682754147164],[-0.990898146071182,44.81678598329939],[-0.989414068462541,44.81608237292094],[-0.988561384820625,44.81500556665418],[-0.985393728756634,44.81432821874726],[-0.983606845546505,44.811725455653495],[-0.979073155581293,44.81213449202573],[-0.977499586080979,44.81153764053666],[-0.976461105761527,44.81045362642114],[-0.97678030611676,44.80811603743896],[-0.979667614527456,44.80673410597643],[-0.978902429425925,44.80460949134658],[-0.977189963243855,44.80409751425796],[-0.975911576491878,44.802873606401434],[-0.975242950618069,44.79894875616772],[-0.977878040679501,44.7966213706802],[-0.977034682562905,44.79446803595029],[-0.977549355298175,44.792943965752194],[-0.981838850548072,44.79087484947527],[-0.982299781237672,44.79017845444664],[-0.981108323785353,44.78745357455263],[-0.977818611268704,44.78672622647629],[-0.976121332309522,44.78510079744998],[-0.976374119571602,44.78324884883449],[-0.97872334019551,44.78145022128396],[-0.977868712174387,44.77964455149232],[-0.975618160379801,44.77987373578647],[-0.974266949509996,44.780628675646746],[-0.972519586758268,44.780877817686736],[-0.969278437615314,44.77964674439554],[-0.967226663986645,44.781368777669506],[-0.964034440686011,44.78136910101859],[-0.962557819613458,44.784554460612995],[-0.959910882721841,44.78581695350075],[-0.95765467530261,44.78558242895325],[-0.955957268346875,44.784418927500866],[-0.954190711574592,44.78481536803844],[-0.952324474894688,44.784552348992726],[-0.947436185798797,44.78131630500407],[-0.946035304979076,44.783583721975376],[-0.94092419581896,44.785343029469324],[-0.938456057357683,44.78547772797055],[-0.934381223849297,44.784560492742656],[-0.931174575530062,44.784800098159195],[-0.929358186195022,44.78384208668812],[-0.928632069804119,44.78214159518566],[-0.927225223002831,44.78132746966092],[-0.92650525057254,44.780119753936305],[-0.92763075833485,44.77748104768683],[-0.927415026069707,44.775487171270996],[-0.928291600435103,44.774292596462374],[-0.926301491928604,44.772935989947015],[-0.926165465431243,44.77090232132916],[-0.924433585456844,44.77025677806854],[-0.923220852667623,44.768459036210935],[-0.92109511066913,44.767315519418915],[-0.919540984046325,44.76732286532549],[-0.922029922271061,44.77045756171433],[-0.92229510533659,44.77242977244411],[-0.921745145127891,44.77437189544975],[-0.919175753200516,44.7770948845186],[-0.915107394922455,44.778633510273],[-0.912400258299959,44.778824344693454],[-0.909670022154715,44.778445040623495],[-0.905789024579174,44.77659961735458],[-0.904250399694837,44.774949088564036],[-0.903450754048254,44.7730514917954],[-0.903458883406291,44.77107026338176],[-0.90447041321002,44.768914038490834],[-0.901722413048749,44.76808720587921],[-0.899463451179968,44.77056492685151],[-0.897706476383345,44.771083760341405],[-0.894920254118002,44.77103206407252],[-0.893566310957576,44.77292559086486],[-0.891846747223914,44.77383440995631],[-0.888618580953332,44.773627319096704],[-0.886822360167727,44.7718144824393],[-0.885502854697328,44.7725399458096],[-0.883643162514473,44.77278200177131],[-0.881308079282052,44.77514739959343],[-0.878142262095862,44.776509145500825],[-0.874485727002103,44.776904192471136],[-0.87083929744969,44.77625349885679],[-0.867917839600239,44.77470992163079],[-0.866338760004505,44.77302615221159],[-0.865455440001324,44.770512814285546],[-0.86598654599322,44.76790590937521],[-0.867326744072599,44.76612022564387],[-0.870021667927618,44.764380465051005],[-0.873499022984727,44.76348505609389],[-0.877133704908476,44.76359738052805],[-0.877309261216554,44.762803973923944],[-0.876583570312028,44.76223354959129],[-0.873055206142181,44.761394341588165],[-0.871618031826265,44.76026470047954],[-0.869792826575141,44.76051548725779],[-0.86777732360106,44.76000153271584],[-0.866452554165722,44.75875007950979],[-0.866020209787352,44.756596906551245],[-0.863451468969981,44.756001004355426],[-0.862037843159922,44.75516021117736],[-0.861432312362604,44.75289215853594],[-0.8638042911246,44.75081855716174],[-0.862145144023396,44.750434138286835],[-0.860885976800476,44.74953652560962],[-0.860337551950941,44.74797500575349],[-0.861195471960736,44.746239977010134],[-0.859097033723412,44.745255876338774],[-0.857846420108832,44.74703606350356],[-0.855433960025954,44.74774768235293],[-0.851886641598149,44.74671456879446],[-0.848568189945937,44.74698331582573],[-0.846126752627105,44.74603456342861],[-0.84354162372641,44.746385422246696],[-0.841324129560992,44.74575511780425],[-0.837127765346491,44.74562396422664],[-0.834626974637355,44.74466455250723],[-0.831671416060453,44.744987125460675],[-0.828860767323967,44.74398003892611],[-0.827044883593673,44.744302804983775],[-0.825033080652801,44.74553517148644],[-0.822837099029402,44.74562384910643],[-0.820291114908825,44.7441326891709],[-0.820048405653657,44.74236361029496],[-0.821447517893669,44.74037500353224],[-0.819272700187831,44.73950682547941],[-0.816271478400722,44.7422026394131],[-0.811961558341094,44.74347212791963],[-0.807320182711788,44.74319759566057],[-0.804171922437514,44.74388578641918],[-0.801391958036243,44.743890425823146],[-0.798673875124575,44.74330076943603],[-0.795756108543665,44.74175530896621],[-0.793562085623016,44.73882251894912],[-0.793301572250789,44.736850026195256],[-0.793834669964257,44.734950121250286],[-0.796383189628825,44.7322181433894],[-0.800954402104705,44.730519941931234],[-0.801510730207232,44.72968350318499],[-0.801055878083619,44.729075501518906],[-0.797116489426657,44.727162632089936],[-0.794964504687905,44.7242626268609],[-0.794984276781503,44.72098186033794],[-0.797584770407062,44.71780052763224],[-0.795931456718822,44.716699697636734],[-0.793656199287245,44.716613586445504],[-0.792027223253021,44.71600335359945],[-0.790994078679491,44.71491764235262],[-0.790809880676738,44.71356920667872],[-0.792272860342635,44.71183295728943],[-0.794708761035584,44.711292494518474],[-0.796526343123699,44.71168709734664],[-0.798268392779618,44.71283034989432],[-0.800543504380359,44.71291636621085],[-0.803614793323894,44.71376705453097],[-0.804370788519442,44.71311142342832],[-0.804130150217535,44.711613089101526],[-0.80464835230243,44.71039890930064],[-0.807388342326457,44.70909587136299],[-0.80955963355631,44.70933986096632],[-0.811637890020323,44.71062050671213],[-0.813972890927674,44.71071702139509],[-0.816907134819828,44.71163612144214],[-0.817792550843583,44.710979741528824],[-0.817580844193896,44.70920377772627],[-0.818309180081934,44.70795247448891],[-0.820027918092987,44.707044817787015],[-0.821918703655596,44.70691296350459],[-0.825056795327839,44.708429333733655],[-0.827736815504766,44.70860604574539],[-0.830036719659374,44.709942680442175],[-0.832778341218217,44.71014108816794],[-0.834553853588671,44.71106518186485],[-0.835270364699321,44.713109417840805],[-0.834551456211075,44.71431716761111],[-0.832501717303619,44.71556681722403],[-0.83305008556707,44.7167595913071],[-0.83451446992942,44.71696470054532],[-0.83608529415756,44.71622014533478],[-0.83797117539436,44.71611042444353],[-0.8381759943268,44.71486852452423],[-0.839211467814305,44.71378395241975],[-0.840841652634256,44.713175475043585],[-0.842621547572681,44.7131760268217],[-0.845456261583474,44.714648080227484],[-0.848067752536781,44.71481091152129],[-0.850539322875321,44.7162004997433],[-0.85415166127376,44.71672881874438],[-0.855356707832207,44.71777633951756],[-0.855679192378838,44.719218918496146],[-0.857741106660198,44.721125635882345],[-0.859865662142851,44.72122565516595],[-0.862530183283513,44.72243803517787],[-0.863814940853491,44.7223123634276],[-0.865865530675978,44.72102534437076],[-0.868060484670145,44.720935814771906],[-0.869736306004139,44.721574581115966],[-0.870953247444518,44.72344049144041],[-0.871940193183006,44.723651111671444]],[[-0.870236209293138,44.745497392151435],[-0.867900303050218,44.74554242462267],[-0.867256753897171,44.746497284504684],[-0.870880941692114,44.74647305813896],[-0.871742658137151,44.74612506591596],[-0.870236209293138,44.745497392151435]],[[-0.923161387893115,44.75232281805824],[-0.922541403549015,44.75294914572279],[-0.922756337281185,44.75379624196235],[-0.922996290095739,44.75279366596189],[-0.923161387893115,44.75232281805824]],[[-0.887872945149312,44.76925450057291],[-0.88792120622775,44.768904903621255],[-0.88773131925984,44.7684212578793],[-0.887627552496164,44.76957561554314],[-0.887872945149312,44.76925450057291]],[[-0.982090948525959,44.79726325928314],[-0.982024523765104,44.79703645871164],[-0.981837853302906,44.797682368964985],[-0.982106284926889,44.79761231253601],[-0.982090948525959,44.79726325928314]],[[-0.941955494304429,44.85712439089157],[-0.94366909549527,44.858793200062046],[-0.943221733735305,44.86083506085501],[-0.940875293620632,44.8620538588037],[-0.938004343488652,44.861735575659004],[-0.936290820852155,44.86006667748086],[-0.93673842847161,44.85802484512664],[-0.939084790031939,44.856806136185625],[-0.941955494304429,44.85712439089157]],[[-0.886245326957084,44.873313485392465],[-0.887771020629862,44.872575472337296],[-0.889605800995052,44.87243598295834],[-0.891316425870795,44.872927954416845],[-0.892498958795653,44.87393521810957],[-0.892499646429872,44.876283875330934],[-0.889602160934765,44.87825108967236],[-0.886700480047898,44.87836967678555],[-0.884530831253565,44.87699464253384],[-0.88436418630411,44.87493152897446],[-0.886245326957084,44.873313485392465]],[[-0.932896294225895,44.930683220688906],[-0.930014928735437,44.93039815433622],[-0.928261356882569,44.928749245281516],[-0.928662747271732,44.92670246565175],[-0.930983794871084,44.92545677313685],[-0.933864911471252,44.92574181395539],[-0.935618554020449,44.927390633115785],[-0.935217412521577,44.92943743827965],[-0.932896294225895,44.930683220688906]],[[-0.917827798623347,44.96102197295518],[-0.916222002788398,44.96017216786514],[-0.913279874072095,44.959715204723395],[-0.911579229750023,44.958088699107414],[-0.911668535369481,44.956522388745604],[-0.913197581565014,44.954505625509995],[-0.910728424252032,44.952921657984504],[-0.910003707389175,44.95117669134114],[-0.910763473510153,44.94970486860041],[-0.912844243645314,44.94871659907211],[-0.915452090492167,44.948898093780976],[-0.917368878215489,44.95039834282965],[-0.917496377030222,44.9519633166774],[-0.915934119914741,44.95371412887401],[-0.916126075938495,44.95462979803346],[-0.9185178638513,44.955827861593],[-0.921459831256825,44.95628468565175],[-0.92316070749031,44.957911039307454],[-0.923161845787959,44.95926596456216],[-0.922012415766316,44.96060438228169],[-0.920009326049488,44.96126381661268],[-0.917827798623347,44.96102197295518]],[[-0.93277264712978,44.968142741837944],[-0.930920435337575,44.96945944608095],[-0.928070329245089,44.969560212159294],[-0.926062251325874,44.96859281993421],[-0.922580581771473,44.96784649069047],[-0.921540267969935,44.96676190979247],[-0.921343011791746,44.96545726030893],[-0.922035341672858,44.96424064927871],[-0.923453718191925,44.96339937436361],[-0.927958647366693,44.963145371520206],[-0.928852688229769,44.96071457082929],[-0.931483887005459,44.95904354167736],[-0.931070242430809,44.95712151083151],[-0.931622902016648,44.955824653712476],[-0.933269741203925,44.95478061945125],[-0.935394387134583,44.95455569974534],[-0.937904045179481,44.95560223056867],[-0.938636525281375,44.957602280679595],[-0.9377104736981,44.959025318794474],[-0.935529666638214,44.96022640049692],[-0.935900098358008,44.96222845413671],[-0.935379407122469,44.96348744728199],[-0.932728548128771,44.96515842588659],[-0.93277264712978,44.968142741837944]]]}},{"type":"Feature","properties":{"cluster_id":1,"snapshot_index":11,"estimated_time_utc":"2026-07-26T14:31:00Z","observed_until_utc":"2026-07-26T14:31:00Z","target_time_utc":"2026-07-26T14:31:00Z","arrival_h":74.88333333333334,"hours_ago":0.0,"supported_detections_cumulative":6108,"sources_cumulative":"MODIS_NRT, VIIRS_NOAA20_NRT, VIIRS_NOAA21_NRT, VIIRS_SNPP_NRT","last_source":"MODIS_NRT","last_satellite":"Aqua","last_instrument":"MODIS","detected_area_km2":428.20817148018267,"product_type":"cumulative_active_fire_detection_extent"},"geometry":{"type":"MultiLineString","coordinates":[[[-0.999538705781206,44.82130056328766],[-0.997768939405587,44.82322257019222],[-0.995090555128764,44.82390788743573],[-0.992453822547511,44.82304245350515],[-0.991449323412346,44.821103578200585],[-0.99196743934611,44.8198443786934],[-0.993275344273539,44.818687085785115],[-0.995999399805551,44.817972114442775],[-0.998874905995909,44.81904063700169],[-0.999538705781206,44.82130056328766]],[[-1.0378272505849,44.74271817173478],[-1.039805734950413,44.742033515077146],[-1.041697955455422,44.742163499271165],[-1.043419532172876,44.743069465241454],[-1.044705993066191,44.744964676682024],[-1.047882477220037,44.745004353157576],[-1.049822371107365,44.74582887165498],[-1.051755978970274,44.749904488177485],[-1.051208111155927,44.75120185464677],[-1.049679491632225,44.75220787926449],[-1.052096321212868,44.75148699642645],[-1.056662308028092,44.75160490703174],[-1.058739599038759,44.75258904227132],[-1.060149517217648,44.75464394219395],[-1.063566428688641,44.75437527120418],[-1.065564903751709,44.75503045464097],[-1.066792189475615,44.75662563806782],[-1.066399450793954,44.75830781874707],[-1.068358331202937,44.759619851540954],[-1.068656825540586,44.76135107720063],[-1.069734170244233,44.7621918533205],[-1.072011618733262,44.76207414534143],[-1.07391072383517,44.762865608159395],[-1.074811393582958,44.764058863420296],[-1.074761662341523,44.765464061255486],[-1.076167692356046,44.76701068131063],[-1.078807201613056,44.76677410457789],[-1.081184028836071,44.76728649873647],[-1.08341698148718,44.766994095758974],[-1.085736940219197,44.76750789279701],[-1.08835536797474,44.76723514379476],[-1.090365042326678,44.767896595975266],[-1.096084914426669,44.7686233226034],[-1.101322435778545,44.76595747118218],[-1.105038557161703,44.76555698407181],[-1.109529588978291,44.76630852369358],[-1.112966742202528,44.76423122944774],[-1.115589338849531,44.76345069653115],[-1.119221081079973,44.76331565854049],[-1.122710313668091,44.76418727743365],[-1.12491308220965,44.765466938417596],[-1.126792676963204,44.76768500130715],[-1.127358841139553,44.77028815897126],[-1.126494872377903,44.7732272167579],[-1.129078663601397,44.775482021825944],[-1.13026528288079,44.777668166911226],[-1.13327673692582,44.77670103381074],[-1.136909292192779,44.77656541562097],[-1.140399620820838,44.77743648163488],[-1.142609547565967,44.77872117256245],[-1.145541118935095,44.77898826680044],[-1.146858758532441,44.77990521561671],[-1.14741395569516,44.78115627855059],[-1.147075550641209,44.78244601942473],[-1.146072607807321,44.78338203586097],[-1.149009373481509,44.7833615828916],[-1.153540971405461,44.784408124571044],[-1.157253753349201,44.78811081207673],[-1.158322563206092,44.78799513253025],[-1.160509895431166,44.786445201664776],[-1.163012649940972,44.78548421169549],[-1.166620995583322,44.78487273383324],[-1.169435193696333,44.785327796181974],[-1.170769322433865,44.783560890922665],[-1.16887963763639,44.78168939811131],[-1.168034356183014,44.77968486430419],[-1.162055440000679,44.77904669378201],[-1.160474222789976,44.77963200598171],[-1.158692235835862,44.77963656313737],[-1.15471201859943,44.77760366715906],[-1.153974202029181,44.775605162322904],[-1.155485280729255,44.77379441139671],[-1.154825143072225,44.77212505824839],[-1.155771917676239,44.770480436899],[-1.158665942527024,44.76934799359157],[-1.161150068104798,44.769515862102935],[-1.162977020272122,44.77078693794504],[-1.164153444889336,44.77389365232994],[-1.165953234674651,44.77449977254668],[-1.168362297027483,44.77441009123878],[-1.170416986568818,44.77255146087338],[-1.172843997462543,44.771862585967305],[-1.174352637629608,44.77060096233561],[-1.177498648650525,44.7695239583383],[-1.17947351745263,44.769420625348616],[-1.180452730368576,44.767388243110304],[-1.183390275115744,44.76651191692107],[-1.185159064955198,44.76687759391761],[-1.186477066507178,44.767794067915844],[-1.187033025212942,44.76904492705352],[-1.186687469629292,44.770347156661785],[-1.191166344148387,44.76969462374229],[-1.195781924012885,44.77045165771378],[-1.200014512228039,44.76804844036244],[-1.204524725812457,44.767384581474964],[-1.207256394120316,44.76775662014262],[-1.209718908350886,44.76867747235124],[-1.21367026795153,44.77199495526023],[-1.215773252278885,44.77110845844199],[-1.218313767631852,44.77129375040051],[-1.221595617811318,44.77403316762135],[-1.224703093988355,44.774713674606886],[-1.227634313852207,44.77624783358513],[-1.229224283868797,44.77792644070055],[-1.230108417251562,44.78032935191312],[-1.232284418069227,44.780242859322854],[-1.234419696023339,44.781035821593754],[-1.23691978788482,44.78091072388281],[-1.238905982876835,44.781586006621936],[-1.239924012371753,44.782679549007455],[-1.240284925075514,44.784589902633755],[-1.24259926053531,44.785467100511525],[-1.243736268132567,44.78644444999767],[-1.244534221755485,44.789352963510765],[-1.244171748518764,44.79068300198139],[-1.242740745219479,44.7918178613821],[-1.240241678532905,44.79219558031854],[-1.238176450491346,44.79150185492727],[-1.236733164721459,44.79284605344108],[-1.239362721243725,44.79369728369001],[-1.241869681181042,44.793570686903216],[-1.243810247581695,44.79421638733943],[-1.245043442794046,44.79580961425513],[-1.244577226364441,44.79759824910684],[-1.242623126170513,44.79877027168178],[-1.239871137777846,44.79891717593677],[-1.240175251253848,44.8008154308602],[-1.238490947926917,44.80244794596911],[-1.236734327180849,44.80284480489593],[-1.234239653107045,44.80246484262642],[-1.233277372698224,44.80277224360304],[-1.231827416141646,44.80613862978606],[-1.229700127067585,44.80735057837621],[-1.228838149109544,44.81080959908547],[-1.225968016608096,44.813321764282016],[-1.2213720464528,44.81462844054818],[-1.218827531933093,44.81613156180773],[-1.216686844857407,44.816063315542124],[-1.214391046553304,44.81510623195024],[-1.211853388824048,44.815529842667424],[-1.210697569469446,44.816514981686076],[-1.208916992870313,44.81701776735036],[-1.208373860392422,44.81902886418428],[-1.206515462763628,44.82125676283469],[-1.202701571489684,44.82309975854356],[-1.199044317026322,44.823505513525],[-1.195213710050053,44.82292764812748],[-1.193283691683976,44.824036511368696],[-1.191479982483554,44.82430814397282],[-1.185391002429637,44.82309074415724],[-1.18274835423196,44.82413498648956],[-1.18205422694678,44.82542217060496],[-1.180587231822499,44.826285733162166],[-1.178468427102658,44.82651532717742],[-1.17661517146339,44.82594855764685],[-1.172210423135894,44.827175758398106],[-1.171261342822171,44.82884927346762],[-1.169231080916359,44.8296955939473],[-1.168685642325562,44.83108845836561],[-1.167230403627189,44.83206794545439],[-1.169039178223878,44.83388119359375],[-1.169866060650268,44.83577309549813],[-1.169109504394497,44.84003059090752],[-1.172177127376233,44.84291078593542],[-1.173233054549395,44.8464180701522],[-1.174475737482495,44.84688632304013],[-1.177728715308656,44.84593180701003],[-1.181365639519287,44.845794729037614],[-1.184036460974109,44.84635628938204],[-1.186409368012529,44.847474689926145],[-1.188590543453504,44.849549672597625],[-1.189418315052351,44.85144143841453],[-1.188697473803807,44.85577813766584],[-1.191276669972631,44.85795738308834],[-1.192376699849031,44.859825085278175],[-1.192380096061851,44.8631060363677],[-1.190249793263273,44.86596786581664],[-1.187234491381611,44.86757140813565],[-1.182488616368594,44.86820034728005],[-1.181204294288451,44.86884021001893],[-1.182371181517282,44.87176567564295],[-1.182505317222838,44.87509899648414],[-1.183729317269659,44.876881672813745],[-1.183432170452423,44.87843492512448],[-1.179234770008371,44.880916766612735],[-1.175750719199412,44.88108589733504],[-1.174207210985655,44.88395241792005],[-1.172096645796037,44.88498111426077],[-1.168231031932519,44.8851767298896],[-1.165012213116801,44.88375760525974],[-1.163660803780828,44.88477934990748],[-1.161901078440269,44.885175034061504],[-1.158627114651497,44.884302218131445],[-1.155397283801964,44.884431018549094],[-1.153653229828841,44.886189290109236],[-1.151671055155266,44.886876012094525],[-1.149486262742581,44.886664087056346],[-1.147847893518295,44.88563820420221],[-1.145195775709941,44.886502935294715],[-1.145418067795487,44.89022708278663],[-1.143269453270338,44.89313089928902],[-1.139448602423031,44.89497176268032],[-1.134513548051406,44.89569346838974],[-1.134253799325092,44.89644089948109],[-1.135507937602063,44.89954901394744],[-1.134652542933331,44.90309410152202],[-1.13771854020967,44.90597339200772],[-1.138622331518282,44.9091472108496],[-1.137745276781837,44.911706762756474],[-1.13565717625033,44.91376089282227],[-1.135659087949749,44.915750942586975],[-1.134597674699612,44.917984569120364],[-1.136841954470149,44.91637358497832],[-1.139688973711278,44.91626747175097],[-1.14186638348229,44.91763753052386],[-1.142021885982545,44.91974189454624],[-1.140699040540422,44.920996471417155],[-1.138680112624131,44.921515112442584],[-1.136221367932064,44.92100704308829],[-1.133692137485599,44.91910857157202],[-1.131110744892867,44.920719958633114],[-1.128628345521561,44.92129853981351],[-1.125792747513169,44.9215034328505],[-1.122890796633905,44.921067987155205],[-1.123165382725453,44.922496026190174],[-1.122441067185138,44.923749415052384],[-1.121007449854301,44.924576671605784],[-1.119195265088976,44.924826142627246],[-1.118034386828106,44.925642401757585],[-1.121139611401663,44.9264832990377],[-1.123509675507044,44.92831218448488],[-1.127631057696138,44.92638720884468],[-1.130737269041553,44.92686585469165],[-1.132943102006677,44.926561841324684],[-1.135305881331651,44.92706552709698],[-1.138679254676918,44.92690747480592],[-1.140883814499317,44.92831740693822],[-1.140868140523811,44.93062624115805],[-1.139104546346231,44.931887405859364],[-1.136048703487359,44.93242145419602],[-1.135818349072724,44.93575639868566],[-1.134381452944921,44.93688991123216],[-1.132619886116655,44.93728513775528],[-1.130473031996205,44.93692162295343],[-1.128972384129385,44.93577218416797],[-1.128591405814493,44.93448826054324],[-1.129359115587977,44.93283113975945],[-1.129092387840438,44.93208491199746],[-1.125940560260803,44.931246843669136],[-1.124049590179771,44.92953131768931],[-1.122721548034091,44.92955944880816],[-1.120517615904175,44.93111668350683],[-1.117491007818112,44.931629409516255],[-1.117502547950787,44.934449523826586],[-1.115753332629103,44.93657165766898],[-1.117005892890791,44.938203467910604],[-1.117177549455761,44.9395099242226],[-1.115337156786621,44.941901251539754],[-1.116576239948088,44.943523480359765],[-1.116747902788182,44.94482993939627],[-1.11523907899408,44.94659700319436],[-1.111970141396613,44.947172783740946],[-1.111285578563935,44.947682856688516],[-1.111588439834293,44.95016686271774],[-1.109813026730936,44.952337961419786],[-1.111148175520437,44.95417482031763],[-1.111043672381682,44.955782900030904],[-1.109407908252293,44.95718318185248],[-1.105882841865268,44.95796120215636],[-1.106127812250673,44.96032660754717],[-1.105164339520059,44.96178383878325],[-1.10362222299953,44.962507050150606],[-1.101306630871897,44.96271047867238],[-1.10058300714789,44.96330665776853],[-1.101017734613052,44.9652169173415],[-1.100284726300332,44.96726551139861],[-1.101015345301485,44.96783450595164],[-1.103432765918542,44.96829144412119],[-1.104700725663177,44.969186359160055],[-1.105260992024724,44.970702667581875],[-1.104712204597321,44.972000390071244],[-1.102059621685555,44.973266349210874],[-1.098862370312661,44.97278199380745],[-1.095511627083288,44.973228136008494],[-1.094970078556535,44.97391486347951],[-1.095440441126495,44.975372135841496],[-1.095096442720084,44.97661770369046],[-1.092604547911184,44.97810187769972],[-1.090051081344879,44.977943306026376],[-1.087527435024917,44.97593346671206],[-1.08604734521017,44.97601053832149],[-1.084263395044625,44.97777895281499],[-1.085595438533052,44.97973846161166],[-1.085474878501696,44.98130372846553],[-1.083837730632093,44.98270364441898],[-1.080381465806301,44.983445577408844],[-1.080589360911793,44.98584747544144],[-1.07966644898753,44.98727170484504],[-1.077047422013436,44.98817529187389],[-1.074282625342493,44.98766194499835],[-1.07165185406563,44.98793496483702],[-1.069567044011385,44.98743983565684],[-1.06629546955555,44.98788160546388],[-1.065753421386751,44.98856819352444],[-1.06610563717003,44.99081123732367],[-1.063857909438069,44.99289879085973],[-1.063500473154908,44.99509864854888],[-1.062060592568026,44.99623124532575],[-1.060296650504802,44.996625332470096],[-1.057578673274494,44.99613148737721],[-1.055282993481525,44.99643811026178],[-1.052928959153576,44.995937346662245],[-1.050652771037088,44.996238103989306],[-1.048243163388439,44.99573937229122],[-1.046323833460986,44.9960476218877],[-1.043673032722681,44.995553241065124],[-1.040643316239224,44.99578580312349],[-1.038496934158777,44.994790612740836],[-1.037727602587145,44.99305515406407],[-1.038278147457454,44.99175775472522],[-1.039593662553373,44.99083561219405],[-1.044352556107747,44.99046597366165],[-1.045043702289394,44.98835084463891],[-1.046528250214958,44.98694045064],[-1.045162050258712,44.98434037108544],[-1.045842819319164,44.98191204369979],[-1.042198128662221,44.98064963493013],[-1.040968580296961,44.978555265219676],[-1.042472486822279,44.976507928190976],[-1.046299584795551,44.97557601440514],[-1.046081666610678,44.973201484543665],[-1.047046871395336,44.971744760724896],[-1.049686062534714,44.97087240053655],[-1.052421274860065,44.97158019223216],[-1.053606746002639,44.9731460542687],[-1.052869016581197,44.9754936684305],[-1.053654710717217,44.976324251024316],[-1.056793942829835,44.97690728613585],[-1.059541181784903,44.9765843026189],[-1.060295174437417,44.97612593123581],[-1.059961754161636,44.974061810150054],[-1.060643311554106,44.97194189192646],[-1.056999111503986,44.97067997134755],[-1.05577213928641,44.96854166733196],[-1.057272327294387,44.96653824003614],[-1.060563813486896,44.96594068537126],[-1.061290223540702,44.9653687534175],[-1.060981199174206,44.962971574732386],[-1.062759553145326,44.96088568970019],[-1.061330653420548,44.958406828118214],[-1.061701745082343,44.957121414034255],[-1.063191797498642,44.95566310307339],[-1.062499743024674,44.95456220420276],[-1.059773318308399,44.95495808408494],[-1.057888771838413,44.95454075341361],[-1.055110982410153,44.95524601181964],[-1.053345807317672,44.954857691594675],[-1.051969895968456,44.95382261885038],[-1.05070078512563,44.95407424983223],[-1.050532655597866,44.955474844192025],[-1.049088347149794,44.95724049139606],[-1.05006920176744,44.958456839894],[-1.050088384428339,44.959768909804055],[-1.048686951781852,44.96129198012759],[-1.041535138549206,44.9630732364748],[-1.039696959919931,44.962936671217435],[-1.038185531090124,44.96221584102517],[-1.035276915667951,44.96260737859908],[-1.03470038514156,44.96332943486088],[-1.034963578939063,44.96518226378472],[-1.03357659171541,44.96666229551149],[-1.031814714241872,44.967183286409664],[-1.029821312574087,44.96700120073605],[-1.029280121453842,44.96860259338047],[-1.027347438904403,44.96973296652927],[-1.024321813422176,44.96976332468502],[-1.022021130659393,44.970662483026835],[-1.019351915654481,44.970613325016],[-1.017050913586451,44.97151252660617],[-1.015005348945974,44.971485659735144],[-1.012513685812181,44.972546665567755],[-1.012683254527781,44.974676065204804],[-1.010426828156488,44.97628317164665],[-1.007025510418772,44.97620924653886],[-1.005078069874826,44.976988177168096],[-1.003237144554088,44.97710822916565],[-1.001246868960046,44.976428685611],[-1.000127477125209,44.97508867376624],[-0.998787168147454,44.976926047909274],[-0.996822752902591,44.978333809880674],[-0.994367082419136,44.979276167567114],[-0.991631683104153,44.979671940568956],[-0.987957590693434,44.97929767320735],[-0.984482514832853,44.977839839522446],[-0.983511614323697,44.97784078148942],[-0.982754145772889,44.9784976903449],[-0.98227150407315,44.98181558853766],[-0.980929811748687,44.98360278206943],[-0.978174468502713,44.98536810615237],[-0.974738344412516,44.98624411505213],[-0.971946376741028,44.986253034586795],[-0.969214749045219,44.9856675181805],[-0.966896605933388,44.98456326313609],[-0.964718393054294,44.982483846961514],[-0.963896274514886,44.98059033775363],[-0.963893100785684,44.978565308296524],[-0.965151009385928,44.97608682776213],[-0.968113943602744,44.97365598371419],[-0.967285548738122,44.969289280380245],[-0.969283579447116,44.96603374889684],[-0.967411200449685,44.964103381062976],[-0.967282280618234,44.96253845921261],[-0.968445709306531,44.9611567315873],[-0.9706265961465,44.96048379906258],[-0.971162803900053,44.95864266174386],[-0.972708054398659,44.956415936428925],[-0.971819819807722,44.95552468818101],[-0.967685096271675,44.9555964965541],[-0.964194516587017,44.95470371828463],[-0.961450971679774,44.95293034901496],[-0.959872159184482,44.950546436398376],[-0.959882362097455,44.94726540426371],[-0.962027500969771,44.944407935427364],[-0.965053361920925,44.942810477546665],[-0.969570367360892,44.94217664061799],[-0.968709948464549,44.94107466625379],[-0.966147142167191,44.94021186036783],[-0.965261129107296,44.939060471804474],[-0.965258974161737,44.93770555523556],[-0.966711626027222,44.93619305606966],[-0.966959452781705,44.935062100797445],[-0.965052124632433,44.93311174341853],[-0.964169546384451,44.929185520871904],[-0.96531732656293,44.92784668009581],[-0.967257222472814,44.92719296525614],[-0.972974054040898,44.92836962887278],[-0.974754301353802,44.92759152932022],[-0.976529792278926,44.92746536322692],[-0.976608963466673,44.92533874010728],[-0.978804199517181,44.92392157788833],[-0.981008728259143,44.92385540440592],[-0.983596827235966,44.92479327387429],[-0.986799150953888,44.92454067864655],[-0.987113907082873,44.92362788215368],[-0.985587480839158,44.920599138043634],[-0.980675269502544,44.92083594733717],[-0.978949251424703,44.919928953625615],[-0.978193499057755,44.91850919282883],[-0.970508597438514,44.91804737056984],[-0.96751264756406,44.919077027858],[-0.964943444166684,44.91871609591588],[-0.963242545215569,44.917090400490444],[-0.963252552086976,44.91460383227612],[-0.959890822040004,44.91451509585243],[-0.958208212431576,44.913877653045034],[-0.957026656641222,44.912310803035204],[-0.957330249018587,44.910758146552965],[-0.959123765402698,44.90945994480202],[-0.961669094763333,44.90926489913713],[-0.964084024218138,44.91025776089832],[-0.966383132560429,44.910074191315],[-0.968146295967578,44.910463886447474],[-0.970638124893196,44.91316021206282],[-0.975184944655986,44.91341175138442],[-0.977467938185662,44.91249350644773],[-0.977321305084926,44.91039293112053],[-0.979289041952496,44.90887131569431],[-0.981411764760296,44.90864551992929],[-0.98424768542251,44.90967513034387],[-0.987654271827842,44.909603992763316],[-0.989622265088229,44.910767576064806],[-0.990113839177023,44.91251053212856],[-0.988334666416752,44.91444250788568],[-0.985087869572045,44.91482116752743],[-0.984339039960157,44.91525906036652],[-0.984245303537709,44.915944934012344],[-0.98591811507355,44.918479751552795],[-0.986276483000612,44.91877420545051],[-0.986065066104619,44.917069092160325],[-0.987181106834209,44.91571688318554],[-0.988861532432535,44.91507649031772],[-0.991005711344342,44.91514913477261],[-0.993346496886142,44.91680746332972],[-0.993524234696273,44.918070417249176],[-0.99283708360028,44.91939191221129],[-0.993595213996448,44.92041711526984],[-0.996345527875482,44.92098978439182],[-0.998721618896992,44.92070412080619],[-1.001193843268069,44.92119766448964],[-1.004262515158997,44.9207635106505],[-1.004818051393457,44.92010240020833],[-1.004590397312331,44.91758380492112],[-1.005580419288246,44.91652730972698],[-1.007051033858622,44.915929826060975],[-1.003450331227984,44.91310961830636],[-1.002727027378217,44.91190234649945],[-1.003233757272384,44.91007676435379],[-1.005301838309114,44.90891486583188],[-1.003587641719041,44.90880012722658],[-1.001282711206893,44.90962338714739],[-0.999504913664421,44.90950096805549],[-0.995007475879284,44.90783220370653],[-0.992472983531091,44.90585089757417],[-0.991143940080775,44.90275356215684],[-0.991958256589633,44.89910844178145],[-0.988601045811352,44.895713160492654],[-0.988062295323795,44.893769203265734],[-0.988391781379204,44.89167731767268],[-0.985770240503368,44.8908123256614],[-0.984140360046559,44.88847105151814],[-0.981744573506075,44.88845075236504],[-0.979547828851051,44.88745127596171],[-0.977509619338626,44.88936204024888],[-0.975013976085849,44.89052734398116],[-0.97708947526882,44.89194011141521],[-0.97764255451883,44.89350112635373],[-0.976646831864033,44.89517704021437],[-0.974381300784173,44.89602350474723],[-0.971279524852486,44.895337944172795],[-0.968403334504386,44.893093221763735],[-0.966981227802132,44.89089757036151],[-0.963346812897455,44.89142578551229],[-0.960046606434762,44.89023871849136],[-0.956843401660332,44.89027047448993],[-0.952913911309245,44.88781313706127],[-0.952678217850093,44.88960209714469],[-0.951159063054929,44.890795888084],[-0.948001034257353,44.89102425544431],[-0.945756001542324,44.89213384438041],[-0.942440503597412,44.89218782680166],[-0.939752939994668,44.89622040279579],[-0.943218834251727,44.895349147064145],[-0.946920106069167,44.89548471056573],[-0.950266758161661,44.89661662589528],[-0.952872413424695,44.89873579766001],[-0.955302913679822,44.898395651099236],[-0.95738258598219,44.899104609108605],[-0.958914108555494,44.89813995012871],[-0.960721308456537,44.89787209306251],[-0.96501496868984,44.89913895140933],[-0.96504661792512,44.89708839721157],[-0.966208744949502,44.89570672012874],[-0.968518145704186,44.89502456159774],[-0.970974228612326,44.89553633581258],[-0.972535428601766,44.897606337245335],[-0.972107897857987,44.90106734798194],[-0.969823794548572,44.902681119422965],[-0.971061763078175,44.904102280834486],[-0.971585999346564,44.9060163693966],[-0.971239677393786,44.90726152711418],[-0.96977369222244,44.908432835074464],[-0.967949811179594,44.908827666827044],[-0.963797548765524,44.90784144874388],[-0.96243702847378,44.90708550757531],[-0.961231558287169,44.908130088938],[-0.959520712068586,44.908623586164545],[-0.957684517724774,44.9084856677814],[-0.955634921698446,44.90759632034237],[-0.952049099006508,44.90783186402539],[-0.951668138347833,44.91139959200447],[-0.950348032865126,44.91314479467434],[-0.948421604847615,44.9145161876286],[-0.945909428124696,44.91547237009275],[-0.942313758524407,44.91585475427405],[-0.940242271415835,44.91716395714827],[-0.935606424174316,44.91784263316209],[-0.933299681164785,44.9187620692277],[-0.931804193419552,44.920327129945704],[-0.929643910509442,44.92158012228265],[-0.927064624694609,44.922333570110304],[-0.924288521556665,44.92252256583487],[-0.92161328355912,44.92214567783412],[-0.919148778590365,44.92121838494044],[-0.916179034926182,44.91865014658654],[-0.915290695466827,44.91543042239223],[-0.915842261754117,44.91348824227945],[-0.917389387339966,44.91140682335427],[-0.917154549342743,44.91063992026706],[-0.916288972428003,44.9103001546923],[-0.912269642648364,44.91042569937155],[-0.908782755494749,44.90953119408457],[-0.906043171038206,44.907756482246505],[-0.904297899134593,44.90476527669784],[-0.904481417548093,44.90209083428495],[-0.906075878856877,44.89971270441038],[-0.908829283612786,44.897949211319485],[-0.912905892154644,44.89702772646747],[-0.91137880185984,44.89602806755397],[-0.910193425031146,44.89385864004114],[-0.910799639533983,44.891590373329315],[-0.912975472353254,44.89055589778795],[-0.916574810743729,44.89096844392581],[-0.919408623458478,44.89011133177173],[-0.919347978196712,44.88929352074672],[-0.917449901100878,44.88903191449106],[-0.91582742089713,44.887970336445406],[-0.915308286532039,44.88675593372057],[-0.915632715280069,44.88550111405942],[-0.913193135258871,44.88551109155589],[-0.913222041482382,44.88685344618218],[-0.912324382220179,44.88804865493589],[-0.910484537943284,44.88883337988476],[-0.908578578853025,44.8888339541966],[-0.906957574358407,44.888206450781404],[-0.905944126816693,44.887109822859955],[-0.905838041849306,44.885586431223444],[-0.906789762072681,44.88432846479006],[-0.906127166727746,44.88327798292598],[-0.903047104555304,44.88323434693809],[-0.900808289570045,44.88600481955904],[-0.898869043915706,44.88665736623197],[-0.895964176114574,44.88663629295157],[-0.893556621200453,44.889206886642306],[-0.891413365493823,44.889575644785346],[-0.888715083596703,44.88866010171943],[-0.885019057260084,44.88882455475341],[-0.885102519767983,44.8899377597507],[-0.884382418856641,44.89114590491836],[-0.882946132243504,44.891970078883325],[-0.88113286160011,44.89221562693239],[-0.878515003781674,44.891316918686385],[-0.87758842405378,44.8891457870084],[-0.87911228840205,44.887338313283344],[-0.882171125109968,44.886885471793846],[-0.882229289851834,44.8853583466875],[-0.879715846534062,44.8868801214005],[-0.876811365899873,44.88696469938454],[-0.872095150289468,44.884346750916244],[-0.8711354141012,44.882439465478086],[-0.872692815716156,44.880368188725214],[-0.87588288125784,44.879936339400196],[-0.878187526239473,44.880971330680865],[-0.881773202557534,44.881744194965144],[-0.882876286050048,44.88305238792706],[-0.882810560534858,44.884561751365666],[-0.88353158321107,44.88404683970613],[-0.883593550632912,44.882902862876556],[-0.884476656474709,44.881750717419955],[-0.886019371850937,44.88103056494755],[-0.887795966536322,44.88090598438754],[-0.889796889637607,44.881564363731236],[-0.892051455829343,44.88310351748103],[-0.892770696873898,44.88430681769619],[-0.893616281709706,44.88433892735199],[-0.895039884834928,44.882581668343306],[-0.893710748666222,44.88150492683179],[-0.893335520567256,44.88022022402925],[-0.893856382291514,44.87896145960341],[-0.894939896580134,44.878125890786215],[-0.893895797916495,44.876100243309274],[-0.89516226339262,44.874195115677885],[-0.896796498918636,44.87358578152492],[-0.89864171414386,44.87359614946633],[-0.900216183852282,44.87419413136912],[-0.90124931791852,44.87527021570491],[-0.905031449877377,44.87555609309472],[-0.906860432997293,44.8763316611379],[-0.908203287759641,44.87511523222934],[-0.90820261659366,44.87424768718844],[-0.907069650754546,44.87283570904235],[-0.90706894981724,44.871566474921075],[-0.908256612036623,44.86900188839487],[-0.909996389769151,44.86790172298821],[-0.909809718818438,44.866616880809154],[-0.910456430975107,44.86544794450125],[-0.9086116201854,44.86311056015235],[-0.903786110607254,44.862755942556646],[-0.900175889336065,44.86380779270972],[-0.897497045367785,44.86290738693805],[-0.89657047395966,44.861485083248176],[-0.897057424642356,44.85974156229808],[-0.8986778789548,44.85867908320335],[-0.901143666807698,44.85826032831459],[-0.901699767642612,44.85742335069903],[-0.90090613551259,44.85646721951776],[-0.897828839937698,44.85651455073745],[-0.895887358022429,44.85568734169394],[-0.894930438290428,44.85404523642988],[-0.895479780870893,44.852483643127485],[-0.897411080168342,44.85135560317853],[-0.899611076782061,44.85126544433009],[-0.901552460689923,44.85209258707182],[-0.903336276484349,44.85429421784748],[-0.908635690145188,44.85455907764495],[-0.910748857504766,44.853720865679215],[-0.912585935209458,44.85360234870968],[-0.914570784612384,44.854283452592625],[-0.916279540107882,44.85604339805588],[-0.919449893238156,44.85621359915073],[-0.920592121268569,44.855215493021916],[-0.922290122972823,44.85470278602534],[-0.924127410260862,44.854819933490845],[-0.925612860924101,44.85549857639215],[-0.925365793346894,44.85326127933757],[-0.927619710163708,44.85165595932426],[-0.931351519233868,44.85187935007075],[-0.934209597285947,44.850862852692956],[-0.937800578981274,44.85107164565175],[-0.938941523134141,44.85046820566522],[-0.938578042426632,44.849194202081264],[-0.936301886301574,44.848177753696525],[-0.933791425099474,44.844773358652496],[-0.930665421327849,44.8448756825798],[-0.928957828101324,44.8445080734444],[-0.925747285669853,44.84147599900943],[-0.925640359554978,44.838971847717275],[-0.924528393684719,44.83678129122832],[-0.925889015780425,44.83481965944706],[-0.926022163504914,44.832697278360165],[-0.927460593391546,44.83156649975672],[-0.929696633879332,44.83117725527671],[-0.93173346979576,44.83018025631654],[-0.931446552151193,44.82822445882793],[-0.933193725640939,44.82657387966315],[-0.936949932638031,44.82596455834967],[-0.939314570144616,44.826197077470376],[-0.941920861699008,44.82530640105171],[-0.944605044580598,44.825515792341726],[-0.947200616897555,44.82462642683755],[-0.949872039781694,44.82484474319191],[-0.949671699529783,44.82239790113041],[-0.951122141327111,44.820849811552044],[-0.95351144580766,44.82033216993499],[-0.956332050922911,44.82088099622211],[-0.959460833930005,44.81987239551335],[-0.961593392841136,44.82026406925883],[-0.963060871107295,44.82143295747724],[-0.963377663825167,44.82294142698364],[-0.962595262205022,44.82462567072484],[-0.963831180480286,44.82616844145007],[-0.964007968239955,44.8274314061934],[-0.963281329545373,44.82868371767248],[-0.961561187702381,44.82959363496522],[-0.959727985619319,44.8297343112458],[-0.957467181370813,44.82919198691029],[-0.9574432066138,44.83099779809635],[-0.955807250536828,44.83239576381125],[-0.95403892701571,44.83276762157948],[-0.952101250005062,44.83251473746505],[-0.95130407155495,44.834632980840155],[-0.953922011462182,44.8367387581937],[-0.953874630568556,44.83887051645749],[-0.95490776176508,44.8404228303839],[-0.954742556120037,44.84229488489335],[-0.955204557652686,44.84297046234198],[-0.958177128281425,44.84306753903236],[-0.960529718932882,44.844780251222694],[-0.963763093948432,44.84389564400462],[-0.965001199324337,44.842196726810705],[-0.96757631233431,44.841512218073824],[-0.96773441269333,44.83953849495666],[-0.969581478375498,44.83822123054761],[-0.97421248360986,44.83804423768421],[-0.976397894630992,44.83865022820724],[-0.978422282661451,44.83832422938133],[-0.980678705585816,44.83890584607025],[-0.982607553940824,44.83777662042135],[-0.985603398400784,44.837527896071904],[-0.987811158922983,44.83549482158975],[-0.990260660944226,44.83514554065017],[-0.992526998784237,44.835987605710976],[-0.993497317748651,44.837441765030356],[-0.991491398396002,44.84210943009116],[-0.99323625813805,44.8431796624055],[-0.993788221902149,44.84474852479625],[-0.996282156798983,44.84325740300712],[-0.999520962050463,44.84371204376818],[-1.000927554868633,44.84523130035754],[-1.000514205041354,44.84723547742539],[-0.998553295064991,44.84840321316482],[-0.99599610812944,44.84842087958742],[-0.994003687388336,44.84728045556583],[-0.993451692728312,44.84571159295566],[-0.993356517913102,44.84856081942451],[-0.992200219481998,44.849583072154985],[-0.990754485758233,44.850060994516724],[-0.989485859913809,44.85184308218475],[-0.987875181814025,44.85247102173121],[-0.98753607397933,44.85526524892876],[-0.986238547599443,44.85653411353068],[-0.985784497482583,44.858395916832045],[-0.98443936121658,44.85935528677835],[-0.981988767070271,44.85970444195438],[-0.979685437318483,44.85886801850897],[-0.978199933441957,44.86087304091654],[-0.975519514787242,44.86155789411609],[-0.97374911425353,44.861188861325424],[-0.972018104497111,44.860080974061304],[-0.969454648456069,44.85990059146294],[-0.967842018893899,44.85912542964681],[-0.967163142518119,44.860193628296955],[-0.965784950401057,44.86099994185868],[-0.963595050126067,44.86124301396639],[-0.959313439308688,44.8629786061294],[-0.956809148393239,44.86297922000453],[-0.956160021805091,44.86509844349227],[-0.95368143242435,44.86617705763963],[-0.951168018835858,44.865838474008875],[-0.948074346960355,44.86399264586716],[-0.946356015512515,44.860969829719785],[-0.946263214381855,44.858960848683694],[-0.9437718192478,44.85930195866234],[-0.943399754824473,44.8606023018671],[-0.941960902194416,44.86173329771536],[-0.93909068041652,44.86205488627449],[-0.937148399446486,44.86122839747722],[-0.93528298738803,44.85902619810484],[-0.934971779246312,44.856227183346896],[-0.932255690368339,44.855853752979],[-0.928777282116058,44.8568878262409],[-0.92619731327747,44.85606150447824],[-0.926672993085486,44.85747876579293],[-0.926055473560654,44.86105723633984],[-0.924515183240676,44.862765602854026],[-0.922068578561919,44.86428494583926],[-0.923284659447889,44.865661054222755],[-0.923174941595481,44.86726890934439],[-0.922138260112189,44.86835432272357],[-0.920201724692874,44.869006975314],[-0.920065976589435,44.87041743242531],[-0.919054273832625,44.87151472825572],[-0.916024376253523,44.8722089400154],[-0.915513714314687,44.87270351933708],[-0.915711101111982,44.87505111957414],[-0.917403889417323,44.87548258427755],[-0.920280491573635,44.87527525838101],[-0.92222301013642,44.87610204593944],[-0.923181363412552,44.87805298488548],[-0.921848170443435,44.880172933622696],[-0.924103544424213,44.88037916234739],[-0.925740276590879,44.88141111477886],[-0.928672801960435,44.880552151493646],[-0.938415843290019,44.881514593257414],[-0.940695183423693,44.88315917192457],[-0.940336890298599,44.88547241511153],[-0.941719911397534,44.88530218992707],[-0.943985906804741,44.88352231196723],[-0.944183642158613,44.88224187502724],[-0.945174177382179,44.88118592980176],[-0.946854048326915,44.88054617906242],[-0.94921133094684,44.88047086233817],[-0.94999197016465,44.87963853703577],[-0.948775809558137,44.878480051985974],[-0.944757328835716,44.87822837219287],[-0.941417790305046,44.8760185148397],[-0.940456095290213,44.874332695612054],[-0.941216762495007,44.87259573851059],[-0.943354354691457,44.871596158240585],[-0.947069576942428,44.871594176364006],[-0.947423580428316,44.86881356714592],[-0.949081667832275,44.86737412478881],[-0.950789107461235,44.867004549976166],[-0.952556220296208,44.86723533683033],[-0.953851505978096,44.86633420839877],[-0.955558882591236,44.86596456036227],[-0.959121537936249,44.86700574033162],[-0.960946124055065,44.866693228800415],[-0.96259434907418,44.86402634463382],[-0.965804859535365,44.86256008000627],[-0.967672889303481,44.86229422909167],[-0.969692976237188,44.86280638405496],[-0.971136596896125,44.864316829623085],[-0.973037115484936,44.86457730169793],[-0.974628017539624,44.86560019486817],[-0.975141682832689,44.86742471480084],[-0.973697351217715,44.86934428543092],[-0.97591165912729,44.86908557873984],[-0.978046538532176,44.869833887005704],[-0.980613666238555,44.86984410681307],[-0.986960784181659,44.87309039676902],[-0.987920719473822,44.87473171758799],[-0.987459798310195,44.877034589173974],[-0.989353052704848,44.877780316289304],[-0.991510533599728,44.87799819790027],[-0.992948299033123,44.87882076712168],[-0.993714218013876,44.880335614298154],[-0.993161565352126,44.88242270051259],[-0.994695759973168,44.883607340872025],[-0.995889725898696,44.88360605914473],[-1.001774112703889,44.88119187102017],[-1.004376982734474,44.88121675395861],[-1.007710106263512,44.88037652834724],[-1.013450758833068,44.880184126483506],[-1.01580278242717,44.88086814715125],[-1.013448612711311,44.87595546324771],[-1.013722816014049,44.873939904403485],[-1.01509632959817,44.87131064919389],[-1.012026404430132,44.86801502751052],[-1.01148710877253,44.866071200903875],[-1.011764486939236,44.86409974712929],[-1.013353325132052,44.861720108229996],[-1.016101496066975,44.859953979222375],[-1.019590634766365,44.859070169052586],[-1.023818131659054,44.859316431324764],[-1.024030325111828,44.857013616722625],[-1.024979456026576,44.85531771939003],[-1.024145398390716,44.85437214621962],[-1.019594445107297,44.85700297116593],[-1.017760494207555,44.857144607422974],[-1.016062200997218,44.85666072088996],[-1.014487377283743,44.85698497334189],[-1.013313422448514,44.859733013226695],[-1.010968550425621,44.860953291625485],[-1.009183974162301,44.86095544576274],[-1.007548475297695,44.86034835547467],[-1.006279733537753,44.85817998245166],[-1.007493115854881,44.85634739138103],[-1.010566872832027,44.85520269125287],[-1.010369030393884,44.85265991288526],[-1.011993474390411,44.85074099746209],[-1.011728695907703,44.84999450799533],[-1.009823099125637,44.849052905287685],[-1.008937628816783,44.847901897559936],[-1.008934423919857,44.846547020448426],[-1.009814386409479,44.84539389323246],[-1.012820655279196,44.84452415839615],[-1.016050447575834,44.84569423827143],[-1.019059781769307,44.845972948533316],[-1.020565375303403,44.8433452118223],[-1.021909511143765,44.84238540924123],[-1.024359101363457,44.842035374901016],[-1.02656613001843,44.84283415162434],[-1.025419954826353,44.839323935826705],[-1.026977911752338,44.83591648830861],[-1.02469880754127,44.83482635843409],[-1.022967390894162,44.83333088008386],[-1.021603228564486,44.83015206086419],[-1.021880074511061,44.82818060480709],[-1.023430605424218,44.825836359863146],[-1.025438782061696,44.8244018270958],[-1.028128893275853,44.823419567572735],[-1.027885859112948,44.82154004665579],[-1.028733453931569,44.81867924277148],[-1.026150029808944,44.81642109303707],[-1.025071560161063,44.81459458124511],[-1.024784461470355,44.81262388396457],[-1.025313377256155,44.810678722498956],[-1.02724094575076,44.808379505411814],[-1.031018023582183,44.80657532585057],[-1.034737329605295,44.80617719040774],[-1.039183306967291,44.80691369086448],[-1.044315005383334,44.80429075550445],[-1.047975722252177,44.8039071386718],[-1.052430673982779,44.804646506942156],[-1.055539348483312,44.80274720350371],[-1.05228263836266,44.802844720806156],[-1.050572740901302,44.80235524121294],[-1.049242907758472,44.8011059581643],[-1.049112084037946,44.79954121213618],[-1.050005420919028,44.79834493421054],[-1.051840353812524,44.79755792273972],[-1.055332375475209,44.79798978831375],[-1.057782162807499,44.79771533371375],[-1.059021407599682,44.795273901766166],[-1.061974662592353,44.792838622863734],[-1.061058229566912,44.78913698462135],[-1.061963237099559,44.78653818554208],[-1.065480269373369,44.782929057627186],[-1.069652613188687,44.781700333358614],[-1.069294855022076,44.77971213766017],[-1.070016368388276,44.77767477842601],[-1.069400797848331,44.77714319452638],[-1.066972621406189,44.776647802111405],[-1.065677609116408,44.775714698039444],[-1.06515523739793,44.77419199660327],[-1.065908097252185,44.772299230605746],[-1.063403967925555,44.77261793150015],[-1.06162388741662,44.77224525595723],[-1.06067919396725,44.772596567187],[-1.059713540662369,44.77475487568705],[-1.056756381912609,44.77611851550264],[-1.054224377712609,44.77667556531542],[-1.052793988129851,44.77874207401081],[-1.050837847422159,44.780150701372776],[-1.048333416024478,44.781109156585494],[-1.044736107082434,44.78149485440792],[-1.040267531219961,44.78053674922917],[-1.036365114986479,44.77786808732149],[-1.030252479598015,44.77879271398194],[-1.027524967708273,44.77840360058991],[-1.024401337982116,44.77707582868018],[-1.022593738899683,44.775512960372104],[-1.021362012291445,44.77307512599412],[-1.021524586529975,44.7704434544931],[-1.022942687601502,44.768212485769254],[-1.021794119774742,44.76738478299499],[-1.02140041140872,44.77023572498241],[-1.020519902182406,44.77155212214364],[-1.019088666226048,44.77237802265759],[-1.016605713008737,44.772555427514305],[-1.014017819138354,44.77135267123487],[-1.011699677617376,44.771378099582925],[-1.010052412740808,44.77089440365662],[-1.008496493943013,44.76886910843366],[-1.009636571157,44.76677794762713],[-1.008293593805502,44.76566852972533],[-1.007574341342645,44.76343410327673],[-1.005886766272045,44.76408324761307],[-1.002671226920738,44.76427654715567],[-1.003126960785633,44.76584615026483],[-1.002577816246673,44.767143283301316],[-1.000937757222726,44.76818828079312],[-0.998553204010539,44.768379091139884],[-0.998185370102076,44.769710578446855],[-0.996749944377941,44.7708422497346],[-0.990135690956246,44.77138071745433],[-0.989688761758406,44.77467484236074],[-0.987576727571651,44.77710486914636],[-0.987562159565549,44.77934097309334],[-0.986189145927179,44.78046982360867],[-0.987113544672034,44.781681772800674],[-0.987023596679556,44.78317663094132],[-0.99123723561874,44.78625602103151],[-0.99135850619697,44.79025801389895],[-0.994004744879021,44.79148759580586],[-0.994965144125504,44.79289805842169],[-0.994454336553938,44.79472873533541],[-0.995035391989133,44.79601147872946],[-0.99466697528111,44.79734069798408],[-0.99348843209914,44.79834936072522],[-0.990244485705969,44.799618694761044],[-0.989783576032099,44.80031512504371],[-0.990686623695563,44.80258532367063],[-0.994301474526048,44.80384350033344],[-0.995595949522462,44.80477744677419],[-0.996017713492527,44.80678067727436],[-0.994369099042736,44.808424678612845],[-0.996506209098067,44.80962741773874],[-0.997225430048307,44.812078875360406],[-0.999555893053058,44.81304151254593],[-1.000660368322513,44.81434850514226],[-1.000663371928233,44.81570336812707],[-0.99978368655193,44.81685641151987],[-0.998244191967916,44.81757812850149],[-0.99640847346492,44.81769806153795],[-0.993882032533323,44.81682754147164],[-0.990898146071182,44.81678598329939],[-0.989414068462541,44.81608237292094],[-0.988561384820625,44.81500556665418],[-0.985987967218634,44.814646393513094],[-0.984693424593624,44.813712331850944],[-0.983500296609934,44.81168013610085],[-0.979073155581293,44.81213449202573],[-0.977453576668818,44.81150803317581],[-0.9764401370479,44.81041207610761],[-0.97678030611676,44.80811603743896],[-0.979667614527456,44.80673410597643],[-0.978902429425925,44.80460949134658],[-0.977189963243855,44.80409751425796],[-0.975911576491878,44.802873606401434],[-0.975242950618069,44.79894875616772],[-0.977878040679501,44.7966213706802],[-0.977034682562905,44.79446803595029],[-0.977549355298175,44.792943965752194],[-0.981838850548072,44.79087484947527],[-0.982299781237672,44.79017845444664],[-0.981108323785353,44.78745357455263],[-0.977818611268704,44.78672622647629],[-0.976121332309522,44.78510079744998],[-0.976374119571602,44.78324884883449],[-0.97872334019551,44.78145022128396],[-0.977868712174387,44.77964455149232],[-0.975618160379801,44.77987373578647],[-0.974266949509996,44.780628675646746],[-0.972519586758268,44.780877817686736],[-0.969278437615314,44.77964674439554],[-0.967226663986645,44.781368777669506],[-0.964034440686011,44.78136910101859],[-0.962557819613458,44.784554460612995],[-0.959910882721841,44.78581695350075],[-0.95765467530261,44.78558242895325],[-0.955957268346875,44.784418927500866],[-0.954190711574592,44.78481536803844],[-0.952324474894688,44.784552348992726],[-0.947436185798797,44.78131630500407],[-0.946035304979076,44.783583721975376],[-0.94092419581896,44.785343029469324],[-0.938456057357683,44.78547772797055],[-0.934381223849297,44.784560492742656],[-0.931174575530062,44.784800098159195],[-0.929358186195022,44.78384208668812],[-0.928632069804119,44.78214159518566],[-0.927225223002831,44.78132746966092],[-0.92650525057254,44.780119753936305],[-0.92763075833485,44.77748104768683],[-0.927415026069707,44.775487171270996],[-0.928291600435103,44.774292596462374],[-0.926301491928604,44.772935989947015],[-0.926165465431243,44.77090232132916],[-0.924433585456844,44.77025677806854],[-0.923220852667623,44.768459036210935],[-0.92109511066913,44.767315519418915],[-0.919540984046325,44.76732286532549],[-0.922029922271061,44.77045756171433],[-0.92229510533659,44.77242977244411],[-0.921745145127891,44.77437189544975],[-0.919221658263672,44.77706521759873],[-0.915167516445223,44.778622761599365],[-0.910561175153006,44.778635018234496],[-0.907162209231736,44.77749124020682],[-0.905201011329005,44.77608625142279],[-0.903896953174111,44.7743362451778],[-0.903362292929647,44.77239195575893],[-0.903690248744841,44.77030973807072],[-0.901775780565922,44.77047398422905],[-0.900197045286548,44.77004348719563],[-0.898131964934406,44.77102338443339],[-0.894812402637668,44.771080739685495],[-0.893566310957576,44.77292559086486],[-0.891788393199661,44.77384929178341],[-0.888869041338127,44.773722641345195],[-0.886255511706127,44.77457766466433],[-0.882847084267664,44.77392951470283],[-0.88059102440751,44.775569414428084],[-0.878083901671034,44.77652402012744],[-0.874485727002103,44.776904192471136],[-0.871755840103967,44.776523954986985],[-0.869298538381362,44.77559560058701],[-0.867325489495552,44.774199103443046],[-0.865539974911042,44.77112505425752],[-0.862450984366423,44.77106100226761],[-0.860430966006265,44.76930696507888],[-0.860416271888789,44.76799494607369],[-0.861523769587917,44.76554055806732],[-0.865102160723867,44.763630403005294],[-0.862436992305402,44.76313142751863],[-0.860986428246669,44.76158415384315],[-0.861230136664281,44.759539793558965],[-0.860126481773957,44.7569215415233],[-0.861913731309706,44.755027808948505],[-0.861317102561417,44.75372408363035],[-0.861661882767495,44.75243523627605],[-0.8638042911246,44.75081855716174],[-0.862145144023396,44.750434138286835],[-0.860885976800476,44.74953652560962],[-0.860337551950941,44.74797500575349],[-0.861195471960736,44.746239977010134],[-0.859097033723412,44.745255876338774],[-0.859272812027155,44.74723861226365],[-0.85831570430863,44.74864992814405],[-0.851874107203932,44.75063395841816],[-0.847122091815837,44.75039721259578],[-0.845427111082308,44.74988476225483],[-0.844042131679151,44.74840641761294],[-0.844061702074746,44.74637950812229],[-0.841324129560992,44.74575511780425],[-0.837067679068908,44.7456132157383],[-0.834626974637355,44.74466455250723],[-0.83136750754936,44.744943917201404],[-0.828741922683881,44.74397341861824],[-0.823795669706616,44.74569768312062],[-0.823252194652308,44.74730850813999],[-0.821264634347321,44.748450062287546],[-0.819492074909373,44.7485735731157],[-0.817785858985497,44.74808051602499],[-0.816058948349165,44.74584081467549],[-0.814668485014613,44.74685814325454],[-0.81269957576309,44.747227625039166],[-0.811989589873394,44.748572364609295],[-0.810518935218668,44.74943100231956],[-0.808771820043524,44.749677560365704],[-0.807197334995323,44.749378901361865],[-0.803953307483239,44.75044572248514],[-0.800260392184893,44.750563908509584],[-0.797603274213344,44.74998074440121],[-0.795268645387759,44.748851886170534],[-0.792570788922701,44.74931344539648],[-0.790310941451676,44.748467324552344],[-0.789431547215361,44.74731460948584],[-0.789433632928781,44.74595977749868],[-0.790535883934079,44.74465243779173],[-0.792226696799163,44.74401318668738],[-0.79224967511367,44.743392364908956],[-0.790311490908478,44.74443557859845],[-0.788115497705324,44.744523568020114],[-0.786439920352161,44.74388356174907],[-0.78542321779957,44.74276653482708],[-0.783085734301856,44.742083168784255],[-0.781941885720477,44.740744359938475],[-0.78215720335135,44.73856676698493],[-0.781025443605722,44.736336392319465],[-0.781579391360999,44.735040376105296],[-0.783222550867059,44.733998640470446],[-0.78580860799158,44.73384679908575],[-0.787052970999355,44.73300142147563],[-0.788757394783854,44.73263435572235],[-0.793392995350906,44.73343127088696],[-0.801461966111271,44.73003305746281],[-0.801147631705494,44.72913489649771],[-0.797116489426657,44.727162632089936],[-0.795251253812001,44.72493903007381],[-0.794702988355639,44.722996766934585],[-0.794969168998137,44.72102467493438],[-0.797584770407062,44.71780052763224],[-0.796043417736353,44.71673755333192],[-0.793299842892388,44.71653848413336],[-0.791488004490688,44.71557823859828],[-0.790770038484355,44.71383263294266],[-0.791768083766078,44.712158492164896],[-0.793307337314754,44.71143966933457],[-0.795140018204183,44.71132310174506],[-0.798268392779618,44.71283034989432],[-0.800603548786716,44.71292713437839],[-0.803498092856508,44.713796742504094],[-0.804370788519442,44.71311142342832],[-0.804130150217535,44.711613089101526],[-0.804680229184539,44.710361062367305],[-0.805992989910924,44.70944176911137],[-0.807758415156899,44.70907228698393],[-0.809832643072345,44.7094441321896],[-0.811637890020323,44.71062050671213],[-0.813972890927674,44.71071702139509],[-0.816907134819828,44.71163612144214],[-0.817792550843583,44.710979741528824],[-0.817580844193896,44.70920377772627],[-0.818272264643483,44.70798791565181],[-0.819685735714126,44.70714803527044],[-0.821487465731175,44.70688246061896],[-0.823305093016185,44.70727662324847],[-0.825056795327839,44.708429333733655],[-0.827736815504766,44.70860604574539],[-0.830036719659374,44.709942680442175],[-0.832482021107419,44.710076862799895],[-0.83431594833267,44.710861661694814],[-0.835195691978482,44.712014005271364],[-0.835194708663249,44.713368821381],[-0.834354840060213,44.714487812763615],[-0.832519587986989,44.71554364821147],[-0.834764021861093,44.71678459998538],[-0.836381741074738,44.71615614266101],[-0.83797117539436,44.71611042444353],[-0.83832115967275,44.71462462579218],[-0.839758333558583,44.713495030903225],[-0.842977948404299,44.71325097031908],[-0.845456261583474,44.714648080227484],[-0.848741226343923,44.715033452164356],[-0.850539322875321,44.7162004997433],[-0.853567942885494,44.71647919941172],[-0.855432152045172,44.71790630014448],[-0.858311515307795,44.7189137543091],[-0.863981622957974,44.720050158386805],[-0.865624900258306,44.721096380388914],[-0.868817420499021,44.72112896844624],[-0.87040237391973,44.72215330406504],[-0.870953247444518,44.72344049144041],[-0.873562593121167,44.72419822392094],[-0.875544119075901,44.72532718276196],[-0.877104942799114,44.724555473549735],[-0.878934925285041,44.72441616742877],[-0.881195137848427,44.72526047305045],[-0.882183279127179,44.72687905584048],[-0.884963241774953,44.72586270508745],[-0.887470006612129,44.726202771159436],[-0.888782199895493,44.72712276517568],[-0.889513510508369,44.72856536165814],[-0.893159521295639,44.72884632415557],[-0.895167086062012,44.729776194123],[-0.897830262991555,44.73030421892407],[-0.899231275982978,44.731824704051306],[-0.898819876457497,44.73382607522071],[-0.901974053957695,44.733645147804815],[-0.903496474842968,44.73438260933447],[-0.904928225678213,44.73603633194899],[-0.908722619587301,44.73644507669609],[-0.910160306441132,44.737574728174486],[-0.910514824188501,44.73902793542487],[-0.912653699887701,44.73912501715509],[-0.91531644327716,44.74033287106222],[-0.919051130067305,44.738974603360035],[-0.920915699729174,44.73923817824565],[-0.923123526988256,44.740347922453594],[-0.92630725864943,44.739066137759615],[-0.929118732995805,44.73936203857353],[-0.930610057399577,44.74051409747922],[-0.930982208339629,44.74184271143942],[-0.930225777241556,44.74331457298096],[-0.92850771053667,44.74422395120718],[-0.925955236631011,44.74424000341188],[-0.9232226530561,44.74300793754165],[-0.92086358951005,44.744119413025544],[-0.918746830347749,44.74434403988291],[-0.915303555714096,44.74299727110797],[-0.912302170453753,44.74427323814926],[-0.909824381820887,44.744129573977744],[-0.909889922055344,44.744673638330724],[-0.911244017651093,44.74593641426154],[-0.91444472293817,44.745642436244104],[-0.917041486968288,44.74662251511607],[-0.920234455633373,44.746332405046175],[-0.923215131400966,44.74735209939741],[-0.925774101757811,44.74699206023499],[-0.927186063804199,44.74553938513256],[-0.929596709422312,44.74502311206381],[-0.931312047917415,44.74411609515108],[-0.934209247944865,44.744199128923924],[-0.935679697927203,44.74505784391885],[-0.936913715951444,44.746987524190544],[-0.940053775455598,44.74679438700369],[-0.941758476009625,44.74716181325872],[-0.943395645786762,44.748557568248785],[-0.943484199314944,44.75022229084409],[-0.945594120174928,44.75029978223057],[-0.9471759164587,44.7510514845181],[-0.948461980553737,44.75299330053392],[-0.947970332792231,44.75528551262445],[-0.951566147975135,44.756210266838245],[-0.95385939801877,44.75553465661265],[-0.956733390031899,44.75630552415374],[-0.959169417299175,44.75526307150197],[-0.961677939434021,44.75560146152225],[-0.963336788023744,44.75703847833033],[-0.963197161100912,44.75906665826271],[-0.967011060213246,44.75886571895773],[-0.96900856886075,44.75952264421135],[-0.970273131466217,44.76138232581399],[-0.969473502306121,44.76320221498065],[-0.971568970082626,44.763716418570596],[-0.972813688579731,44.76482520449059],[-0.973785015921651,44.76420132402608],[-0.974125450019959,44.762108788107454],[-0.975441859962118,44.761034336471475],[-0.974497827963605,44.75980792543018],[-0.974621000610872,44.758242890519156],[-0.97565464050283,44.75715702739735],[-0.977284603933788,44.75654653288728],[-0.98045817809447,44.7570124987565],[-0.982593386231764,44.75948334644814],[-0.985320195022421,44.75942563242335],[-0.987028219429052,44.759916110614206],[-0.988236663543525,44.760962200129185],[-0.988573477527332,44.76232605038529],[-0.98910434673229,44.76200655624879],[-0.98875534518232,44.760099213797254],[-0.989649338894526,44.75890343864062],[-0.991543914167789,44.75810664670547],[-0.993956840860905,44.75825762956172],[-0.994133223127054,44.75721204110661],[-0.992440457130523,44.75571791598587],[-0.992096690277042,44.75416968155445],[-0.993059535205629,44.75271352847788],[-0.994953853762352,44.75191667998137],[-0.997150190563888,44.75200401273338],[-0.998908336723503,44.752946093953646],[-0.999601715340087,44.754161568963916],[-0.999468606370752,44.756041042637115],[-1.002248668513453,44.75907297433597],[-1.003096256949343,44.75910227935365],[-1.004047406011518,44.75745656370046],[-1.006287169973405,44.756583321843706],[-1.014945230912965,44.75734860822257],[-1.016380912402026,44.75539785575863],[-1.017910751402354,44.75454262864781],[-1.018248682994599,44.75323009646619],[-1.019362839986876,44.752230901087074],[-1.017681271061758,44.75100869053662],[-1.017336838501007,44.749460537050204],[-1.018371301280132,44.74715603272853],[-1.018489175352679,44.745100107170565],[-1.021303653314235,44.74277807815173],[-1.024039734405495,44.74209423098043],[-1.025744839943495,44.74246036429577],[-1.027026785840669,44.74334379363315],[-1.029928511093596,44.7432536361981],[-1.031649931667297,44.744159785388916],[-1.03240616620327,44.74598791765147],[-1.033362140559158,44.74626721937629],[-1.036471542229203,44.74434546098969],[-1.0378272505849,44.74271817173478]],[[-0.983242357202643,44.915618864933045],[-0.984044212861888,44.91510105463404],[-0.983989567304025,44.914332134054256],[-0.983112889903608,44.91380628710766],[-0.982064639692517,44.91389011836912],[-0.982356379652164,44.915613228403394],[-0.983242357202643,44.915618864933045]],[[-0.979377698982582,44.76574987828352],[-0.979672755168615,44.76572889733738],[-0.979772388582503,44.76546161944903],[-0.979231095610416,44.76576858551915],[-0.979377698982582,44.76574987828352]],[[-0.98869182092186,44.768001789291624],[-0.988165459169183,44.76789973741299],[-0.988646664180336,44.76870930697761],[-0.988945280552942,44.76812582088884],[-0.98869182092186,44.768001789291624]],[[-0.977238350940517,44.94377138994217],[-0.977549106186011,44.94130647359983],[-0.978479238215974,44.93925824838825],[-0.976159640184728,44.94015269926937],[-0.97544477434607,44.9419379478632],[-0.973471521190503,44.94293190890785],[-0.97589085196314,44.94406301670926],[-0.977238350940517,44.94377138994217]],[[-0.961463592299897,44.88511453901141],[-0.960694296647007,44.88575627454501],[-0.961975541180411,44.886230441118606],[-0.96163730809179,44.88488749198657],[-0.961463592299897,44.88511453901141]],[[-1.017784071417628,44.76051210314169],[-1.016654330346474,44.75994029820419],[-1.015338895123301,44.76213204790159],[-1.017393010532501,44.76331682448139],[-1.017863967400411,44.76514377181076],[-1.020344605132542,44.76568610291367],[-1.019607616537135,44.763435974580844],[-1.019808276975295,44.76073987994808],[-1.017784071417628,44.76051210314169]],[[-1.035352287686574,44.956870629597816],[-1.035494996530697,44.95708224954516],[-1.035255678784589,44.95650388025685],[-1.035277796026487,44.95669516017194],[-1.035352287686574,44.956870629597816]],[[-0.979918583789442,44.937766326392286],[-0.980704091366195,44.937225905727615],[-0.979725434070809,44.93635132444187],[-0.979156663840257,44.936494588156954],[-0.979174314347153,44.93843479899542],[-0.979918583789442,44.937766326392286]],[[-0.959040190237055,44.87133764595594],[-0.958145469692397,44.87099146231982],[-0.955939127526383,44.87135765251892],[-0.954233881979022,44.87112470917607],[-0.952321766485755,44.87223377909967],[-0.949369416688052,44.872497887108736],[-0.948893901571159,44.87353446607867],[-0.950191124940937,44.87444970121905],[-0.954092321687942,44.874671500389795],[-0.957936072551629,44.87720828942313],[-0.961978680244642,44.87744627891937],[-0.962664183453356,44.87565833374526],[-0.962265914461693,44.87362330748832],[-0.960609384355917,44.87195323281466],[-0.959040190237055,44.87133764595594]],[[-1.027631734626068,44.84459445685679],[-1.026851282463806,44.84837689157988],[-1.029615103935827,44.84740336506078],[-1.033051108304291,44.8476707862419],[-1.033962955458764,44.846877071502256],[-1.033695868935636,44.84631302257598],[-1.03006413015637,44.845429047542765],[-1.027371060854978,44.84372493456526],[-1.027631734626068,44.84459445685679]],[[-1.040871157625834,44.95148328816263],[-1.040558102504753,44.95175531385788],[-1.040428305430802,44.95202939142013],[-1.041331255810712,44.951312681276676],[-1.040871157625834,44.95148328816263]],[[-1.039937379189148,44.95060397474403],[-1.039597883470466,44.95034549923488],[-1.03927895088482,44.952126098985055],[-1.040256779044263,44.95150151885562],[-1.039937379189148,44.95060397474403]],[[-1.016103534037484,44.93520008750348],[-1.017748091676933,44.9332068117064],[-1.019629547093762,44.93238753196453],[-1.027143118551632,44.93288900915683],[-1.029647873908992,44.92999711766371],[-1.031894128844971,44.92912330931406],[-1.034136367291137,44.92935634727944],[-1.037089628697016,44.930997038271734],[-1.037944232902596,44.93067095536116],[-1.03964455690105,44.92861789996481],[-1.042520532926113,44.92810160464994],[-1.045006635249366,44.929174730471914],[-1.045646326829971,44.9313634310996],[-1.046198605521582,44.93166055865401],[-1.050516465807763,44.93137813199991],[-1.051289930697302,44.930456841763196],[-1.049963748962597,44.92885448231747],[-1.049868642668079,44.927288359193724],[-1.050968380830563,44.92597835793978],[-1.052648385066745,44.92533699874508],[-1.055782130264252,44.92577461127524],[-1.058590593063682,44.928357355471334],[-1.062467467692023,44.92802672384583],[-1.063357787113996,44.92753436309903],[-1.062544388170659,44.926944923239695],[-1.059560132277252,44.92655483112003],[-1.05642749479339,44.92522789830428],[-1.054614229696634,44.923665477404434],[-1.053414757823629,44.92135814726737],[-1.051617347336838,44.9207293941046],[-1.050551092794565,44.91959693095542],[-1.046895727413279,44.92025382809954],[-1.03846668372269,44.91967899550963],[-1.035950371002488,44.91872806623881],[-1.033981013145927,44.91732529333953],[-1.032669656899173,44.915576724051625],[-1.032128575691871,44.91341250601617],[-1.025352602690298,44.913466104028686],[-1.024359857705095,44.91452613709725],[-1.026032579431123,44.916578434570745],[-1.027624219802734,44.91734766530551],[-1.03020009235992,44.91702406408759],[-1.032272704602824,44.91756132081431],[-1.033666816266589,44.91903739049373],[-1.033560157731281,44.92064537979706],[-1.032234866688246,44.92189866483806],[-1.030214905487664,44.92241533520567],[-1.026715714370291,44.92144240563089],[-1.024139618847003,44.92176592651737],[-1.021926220081565,44.92114678308231],[-1.022185642743773,44.92292983071842],[-1.020784372939111,44.924452532725226],[-1.018341404029633,44.92499800502468],[-1.016063629463624,44.924375359428815],[-1.014204955695626,44.926722047591596],[-1.015502873622935,44.92866079955203],[-1.015401303293905,44.93018436942506],[-1.014344407408102,44.93131226108279],[-1.012678897229328,44.93192773674749],[-1.013937711717422,44.93270558605594],[-1.014633638347974,44.933921038111535],[-1.014440770262729,44.93522599801853],[-1.013450585127899,44.93628257808439],[-1.011464926492343,44.93696680742299],[-1.008899747811871,44.93660906390605],[-1.006548715891191,44.93707590555655],[-1.004211247160779,44.93658133964786],[-1.002331544766546,44.93687764000964],[-0.999682823198131,44.936381750891485],[-0.996682193897863,44.93660540744533],[-0.99504462436284,44.93599811877653],[-0.99399656177861,44.93490305775413],[-0.993573618858897,44.93557433074746],[-0.995850112925277,44.93875406722231],[-0.998976510638296,44.93828458723728],[-1.003675266416501,44.93845343666043],[-1.007025627222188,44.93958365663573],[-1.009650419525855,44.941721369509686],[-1.012011955309249,44.94196462711739],[-1.013128830470594,44.94148732212639],[-1.013974115899306,44.93911320355304],[-1.016387215259747,44.93767092774791],[-1.016103534037484,44.93520008750348]],[[-0.993176688374872,44.93530274888974],[-0.993524188832008,44.9345009482662],[-0.99270330197466,44.93435776319973],[-0.990959087209688,44.93552932876908],[-0.993176688374872,44.93530274888974]],[[-1.038819612665776,44.934031231629774],[-1.038778215476338,44.93494917010283],[-1.039632443427019,44.93442082940092],[-1.039708152256124,44.93325727451604],[-1.038819612665776,44.934031231629774]],[[-1.024261324861943,44.91369095128404],[-1.024302349888979,44.91331049090497],[-1.02288150506718,44.914322726338625],[-1.023754034911377,44.914178884433916],[-1.024261324861943,44.91369095128404]],[[-1.006046584867089,44.90878811467587],[-1.006473558649968,44.90878220464073],[-1.006476520310323,44.90865854014605],[-1.006391995709154,44.90868831479123],[-1.006046584867089,44.90878811467587]],[[-1.083071576677146,44.778072482251815],[-1.081476187344256,44.777877980086615],[-1.081240813913836,44.779135498083996],[-1.082636926880709,44.77894488910528],[-1.083071576677146,44.778072482251815]],[[-1.035564711380249,44.88955587973496],[-1.034394031197728,44.889723155322564],[-1.033950405643432,44.89056063739823],[-1.035836817947579,44.889639173469135],[-1.035564711380249,44.88955587973496]],[[-1.071435461172777,44.976442104715126],[-1.071995424437667,44.977101499569606],[-1.073106315866742,44.97726831155453],[-1.074018025804655,44.976989449156704],[-1.074367563830692,44.976329932407495],[-1.073870432982245,44.97546532922093],[-1.07289401553799,44.975166092029596],[-1.071939880077386,44.975499581811135],[-1.071435461172777,44.976442104715126]],[[-1.071969819028755,44.97239398915433],[-1.072325163589463,44.97387644646099],[-1.07408888615705,44.97384514815704],[-1.074675179698156,44.973014404061665],[-1.074307208834451,44.97229015064379],[-1.072886837585709,44.97201439131161],[-1.071969819028755,44.97239398915433]],[[-1.078404124509057,44.956071555059154],[-1.081553277147405,44.95673262908313],[-1.08501860693356,44.95623389267316],[-1.085460332725904,44.955512102578226],[-1.085022724355349,44.95366280577452],[-1.085775823768828,44.95218415226112],[-1.085407846225565,44.95145993995113],[-1.081965292763411,44.950686897643905],[-1.078585255964819,44.95118698820963],[-1.078143475745469,44.951908750079085],[-1.078587191148859,44.953767539832974],[-1.077837872384197,44.95532395682535],[-1.078404124509057,44.956071555059154]],[[-1.083777191433968,44.96711303597977],[-1.082283879450202,44.967187243581584],[-1.081556545862285,44.967736068890346],[-1.081957987422041,44.969687568310135],[-1.081178799108697,44.971463935996994],[-1.081645085678929,44.972159070987985],[-1.0845828828988,44.97287400279561],[-1.087037357639058,44.974747999728834],[-1.08997621468843,44.97306185277757],[-1.093195085603234,44.97246578677412],[-1.093021572404767,44.97002307502887],[-1.093780702712208,44.968455822108176],[-1.09331429645885,44.96776073873608],[-1.090317747027894,44.967046152066935],[-1.087921011245885,44.96516515409468],[-1.083777191433968,44.96711303597977]],[[-1.089380214315716,44.96251179700219],[-1.088507442488081,44.96205483029169],[-1.087048246950306,44.96221594503482],[-1.086570399136567,44.96288878495184],[-1.087010422481994,44.96378416136684],[-1.087868954355929,44.964135040783646],[-1.088820968692052,44.96394058957438],[-1.089380214315716,44.96251179700219]],[[-1.014848388659649,44.92109346121085],[-1.014760894938072,44.92179097171333],[-1.01569045361964,44.92047399829629],[-1.017590115314735,44.91967671909957],[-1.019376559151962,44.919674429786674],[-1.020913956943739,44.92022329113181],[-1.017562468542294,44.916414951135046],[-1.015454078729736,44.91680471820746],[-1.016366195697435,44.91782672019392],[-1.016544454937024,44.91908963763423],[-1.014848388659649,44.92109346121085]],[[-1.010918818610667,44.9159188576707],[-1.010547440919119,44.91593227231615],[-1.00986899710065,44.916100154994275],[-1.011642510419923,44.91614601093935],[-1.010918818610667,44.9159188576707]],[[-0.956096512376061,44.881380533937495],[-0.956594433244349,44.88126990584799],[-0.955570541454493,44.88133778401639],[-0.955848261699909,44.88138071255644],[-0.956096512376061,44.881380533937495]],[[-0.931689003800351,44.886946275456005],[-0.931655166464681,44.886605148145684],[-0.931022588472667,44.88707511510993],[-0.931083124189164,44.88786674223884],[-0.932632154559419,44.8883802563956],[-0.931689003800351,44.886946275456005]],[[-0.867235310534542,44.74633512187732],[-0.870880941692114,44.74647305813896],[-0.871742658137151,44.74612506591596],[-0.870698203599854,44.745422427464284],[-0.868676486102549,44.74544495882491],[-0.867697294152488,44.74563921473343],[-0.867235310534542,44.74633512187732]],[[-0.922836520396196,44.75345702391884],[-0.923056575530541,44.75257703142858],[-0.923174880229827,44.75229589742448],[-0.922565521452693,44.75286248156028],[-0.922756337281185,44.75379624196235],[-0.922836520396196,44.75345702391884]],[[-0.981824037690749,44.79744174702524],[-0.982106284926889,44.79761231253601],[-0.982024523765104,44.79703645871164],[-0.981872070889113,44.797268599091694],[-0.981824037690749,44.79744174702524]],[[-1.000196464883336,44.850783204660125],[-1.003071133473966,44.85129196551434],[-1.004579225445141,44.85329115001541],[-1.004044829523496,44.856475377363054],[-1.002753242262263,44.85741220918787],[-1.000993244460637,44.857805339796485],[-0.998248285670421,44.85712814214712],[-0.996980641080418,44.855268720049686],[-0.99736948368273,44.852279468885875],[-0.998549088738323,44.8512707468908],[-1.000196464883336,44.850783204660125]],[[-0.949245514878336,44.92605874228699],[-0.948285435073943,44.924107999471865],[-0.949548145397397,44.922246324223465],[-0.95229385328455,44.92156420897358],[-0.954914303350959,44.9224611864082],[-0.955874585480666,44.924411870987655],[-0.954612036373308,44.92627361932151],[-0.951866126160839,44.92695579280708],[-0.949245514878336,44.92605874228699]],[[-0.928697303847623,44.929478587212195],[-0.928245034404664,44.92743716796497],[-0.92995716674157,44.925766476020435],[-0.93283070075982,44.92544511717872],[-0.935182533294537,44.926661318789996],[-0.935635048958986,44.92870270932546],[-0.933922996116267,44.93037349020041],[-0.931049215876528,44.930694877753886],[-0.928697303847623,44.929478587212195]],[[-1.142292359181285,44.953269780659554],[-1.140157189732051,44.9536681876928],[-1.137557705461061,44.953168691955696],[-1.134832986177996,44.953496250159695],[-1.134029207902796,44.954038110928536],[-1.134329112793284,44.95651610750676],[-1.13256740062968,44.95867993552649],[-1.13383703851194,44.960322919232816],[-1.13401807905323,44.96158566279477],[-1.132165771060661,44.9640227290513],[-1.13341738629678,44.96565293138621],[-1.13359843459885,44.96691567758325],[-1.131753722338631,44.96934817222694],[-1.133208279373162,44.97201581850742],[-1.131660818218856,44.97404668839795],[-1.128894709826716,44.97454522047453],[-1.126578805197945,44.97367328528546],[-1.125644593332321,44.972252851582205],[-1.126409958994001,44.969925513533944],[-1.125735963682592,44.96913297179159],[-1.122671766220443,44.96851573571291],[-1.120707333359169,44.968817490261486],[-1.118025756861011,44.968311613993315],[-1.115302567894549,44.968588807064044],[-1.112813372682982,44.96751724143091],[-1.112083480147553,44.966082654486904],[-1.112596055950633,44.96455787735604],[-1.114215448858816,44.96349222212039],[-1.117397651999091,44.96289302746308],[-1.117182512381999,44.96065376444852],[-1.117696231950928,44.95943802996203],[-1.119315380026354,44.95837230205942],[-1.122445672807584,44.957769471731275],[-1.122574226100322,44.95455326433154],[-1.124091455014452,44.953357108868644],[-1.127562062245036,44.95257486480768],[-1.127312680371468,44.95020423885483],[-1.128233771864894,44.94877962976497],[-1.130479241135291,44.94790382500037],[-1.133758192450246,44.94836371313658],[-1.137258927567165,44.94766929996731],[-1.13706153284862,44.94501410841449],[-1.138853481027528,44.94291704639256],[-1.137456792298817,44.94070324784288],[-1.13817749211377,44.9387010907548],[-1.14068032757983,44.937647263156585],[-1.143824781678862,44.938141390975],[-1.146820879426338,44.93789340221847],[-1.148726993228131,44.9386836277156],[-1.149693802840478,44.940092813727745],[-1.14939537842331,44.9416460048756],[-1.147822441501233,44.94325711643969],[-1.14912712001588,44.945163566031056],[-1.149148615880752,44.94647561270674],[-1.147442388475557,44.948149684919606],[-1.143878957468829,44.94887360227362],[-1.143983992896646,44.95163864997912],[-1.142292359181285,44.953269780659554]],[[-1.079500300637955,44.99474247642406],[-1.080760241174308,44.992879274670074],[-1.083507809089067,44.992193904690126],[-1.08613365939918,44.99308780557089],[-1.087099719362741,44.99503739384466],[-1.085839941122458,44.99690066849815],[-1.083092170910237,44.99758609696277],[-1.080466158304054,44.99669212318252],[-1.079500300637955,44.99474247642406]],[[-0.861758571716917,44.84964401624719],[-0.864485798826918,44.84893226789107],[-0.867121771678891,44.84980074919391],[-0.868122491120799,44.85174076597893],[-0.866901610124621,44.85361592545616],[-0.864174186206658,44.854327734241565],[-0.861538046479568,44.853459181670075],[-0.860537523845624,44.8515191044558],[-0.861758571716917,44.84964401624719]],[[-0.890387803949597,44.87257516556271],[-0.892644443499021,44.87417915796711],[-0.892499646429872,44.876283875330934],[-0.889546030771575,44.87826997351541],[-0.88629886876361,44.87825144331243],[-0.884364449191117,44.87670912324336],[-0.884530476954257,44.87464598474749],[-0.887427954100115,44.872678904973846],[-0.890387803949597,44.87257516556271]],[[-0.914009903686494,44.959960047055134],[-0.912225199670569,44.959037152432785],[-0.911494116208674,44.95778559976414],[-0.911668535369481,44.956522388745604],[-0.913167289076397,44.95441992614941],[-0.910765486387528,44.95295710970191],[-0.910000816872214,44.95144165784525],[-0.911002416004009,44.949501347053534],[-0.913642672871806,44.94863222149147],[-0.91603850376827,44.949147405889],[-0.917480299697387,44.950651228743304],[-0.917481300582159,44.952006151174636],[-0.915934119914741,44.95371412887401],[-0.916051898022158,44.95455885537288],[-0.9185178638513,44.955827861593],[-0.921768539959271,44.95643356777137],[-0.923279648620006,44.9584780180536],[-0.922517260391309,44.96021489757849],[-0.920375917694413,44.961214103585135],[-0.918527814593209,44.9612040964963],[-0.916222002788398,44.96017216786514],[-0.914009903686494,44.959960047055134]],[[-0.928795206542004,44.96968428127733],[-0.922534473078866,44.96781685911373],[-0.921428796149351,44.966509026759596],[-0.921517839974104,44.964942704667294],[-0.923797273405583,44.963295827588276],[-0.927958647366693,44.963145371520206],[-0.928852688229769,44.96071457082929],[-0.931483887005459,44.95904354167736],[-0.931073250383511,44.95707741039356],[-0.931795536635261,44.955640923066575],[-0.933615564787544,44.95468104446676],[-0.936119086647775,44.95467972059491],[-0.938293006486065,44.95605377910134],[-0.938461877107419,44.95811686211893],[-0.935529666638214,44.96022640049692],[-0.935782229739684,44.962795547445616],[-0.93489890182941,44.96394812881623],[-0.932728548128771,44.96515842588659],[-0.933120424482503,44.96711854926951],[-0.932599625390449,44.968377531183094],[-0.93097664287,44.96944054080897],[-0.928795206542004,44.96968428127733]]]}},{"type":"Feature","properties":{"cluster_id":2,"snapshot_index":1,"estimated_time_utc":"2026-07-23T14:12:00Z","observed_until_utc":"2026-07-23T14:12:00Z","target_time_utc":"2026-07-23T14:12:00Z","arrival_h":0.0,"hours_ago":71.06666666666666,"supported_detections_cumulative":5,"sources_cumulative":"VIIRS_NOAA20_NRT","last_source":"VIIRS_NOAA20_NRT","last_satellite":"N20","last_instrument":"VIIRS","detected_area_km2":1.3083204703813471,"product_type":"cumulative_active_fire_detection_extent"},"geometry":{"type":"LineString","coordinates":[[-1.125831741379987,44.43517242375064],[-1.124288486610977,44.43470185815061],[-1.12299926649757,44.43594570340776],[-1.125100719203023,44.438653722805505],[-1.124200369460217,44.440870209057344],[-1.121607348230397,44.44177466484542],[-1.118881134175335,44.44110055777018],[-1.117618848052298,44.43924281134274],[-1.118498799237563,44.43671738981884],[-1.116908476657175,44.43539601979119],[-1.116385970598834,44.434138685372446],[-1.118761589484528,44.43002874836801],[-1.11696627904124,44.428161744105985],[-1.116656456159381,44.42661026285446],[-1.117329141046633,44.42543636722548],[-1.118731106392067,44.424592772412545],[-1.12125407281934,44.42439410770969],[-1.12341712506345,44.42542286870556],[-1.124144515633723,44.427122001296524],[-1.123226794687969,44.42932684852269],[-1.125613504602301,44.43178689723277],[-1.126534514292202,44.431984807540275],[-1.1301337692917,44.43142402903021],[-1.132673828094255,44.43290787204444],[-1.132801133867033,44.43497202299081],[-1.130854009834731,44.436496082782924],[-1.127973038994015,44.43658721209027],[-1.125831741379987,44.43517242375064]]}},{"type":"Feature","properties":{"cluster_id":2,"snapshot_index":2,"estimated_time_utc":"2026-07-23T15:54:00Z","observed_until_utc":"2026-07-23T15:54:00Z","target_time_utc":"2026-07-23T20:12:00Z","arrival_h":1.7,"hours_ago":69.36666666666666,"supported_detections_cumulative":11,"sources_cumulative":"MODIS_NRT, VIIRS_NOAA20_NRT","last_source":"MODIS_NRT","last_satellite":"Aqua","last_instrument":"MODIS","detected_area_km2":9.349142163202027,"product_type":"cumulative_active_fire_detection_extent"},"geometry":{"type":"MultiLineString","coordinates":[[[-1.116028748164328,44.414663688669094],[-1.11634362581538,44.41539961527752],[-1.119096840327483,44.41672938648735],[-1.121285454068697,44.41884519114924],[-1.122177855322774,44.4214002087439],[-1.121398839537088,44.42442296521694],[-1.123380275342265,44.42538749491166],[-1.124144008544129,44.427006341766024],[-1.126277515649651,44.42665291452136],[-1.131001328020278,44.42471189907172],[-1.133690777426522,44.424515755264466],[-1.13640542845055,44.424889488621204],[-1.138901468478608,44.425837966832745],[-1.140856321073207,44.42723862062207],[-1.142412982614462,44.42957671146911],[-1.142699418817392,44.43159090476706],[-1.141370855496838,44.434730158699],[-1.138133614277701,44.43704992590594],[-1.134002098690588,44.438055078199504],[-1.13027341828643,44.43976594311131],[-1.127623005267012,44.440149974919166],[-1.124933586382386,44.43997747153735],[-1.123609312891527,44.44125642690861],[-1.121044768762733,44.441766657781805],[-1.117952171430481,44.4434839593775],[-1.113405213432006,44.44414217768214],[-1.109076622485183,44.443211586478654],[-1.106300402021103,44.44141954427453],[-1.104558934318846,44.438432017235726],[-1.104731474578372,44.43575772217548],[-1.106304374429396,44.43337714501666],[-1.108976090970899,44.43163181302515],[-1.113410180321288,44.430657669655155],[-1.117966548840321,44.43132367542292],[-1.118701197686141,44.4296904723004],[-1.116791321294109,44.4278341487023],[-1.113291190359996,44.42847000764715],[-1.110478587885628,44.428277578378406],[-1.107206021411027,44.42717688446852],[-1.105202420103498,44.425749440668206],[-1.103452279039829,44.42271827042472],[-1.103831210322421,44.41880930333431],[-1.100260818610137,44.41682392440064],[-1.09833151527635,44.414531577818266],[-1.097791154523041,44.41197016307716],[-1.098334401237929,44.40998335688731],[-1.100224777931733,44.4077248402651],[-1.103176826661459,44.40615673944732],[-1.106741179003225,44.40551771804584],[-1.110375358990758,44.40590502903615],[-1.113526273904882,44.40725972775454],[-1.115714313248178,44.409375634020876],[-1.116606313699148,44.41193068581577],[-1.116028748164328,44.414663688669094]],[[-1.15680219238225,44.42214182070234],[-1.158039283587683,44.419661674286885],[-1.160506375898906,44.41770956139396],[-1.163827858496559,44.41658260536045],[-1.167498183900093,44.41645232205292],[-1.17095876379446,44.41733853915665],[-1.173682900434673,44.41910638155325],[-1.175255887165996,44.421486779416426],[-1.175438132921462,44.42411739173586],[-1.174201706935471,44.426597738411594],[-1.17173469960867,44.428550165740944],[-1.168412671977681,44.42967736619441],[-1.164741490796185,44.42980768072755],[-1.161280245682374,44.42892126336355],[-1.158556024057761,44.427153106530525],[-1.156983582359779,44.424772464247425],[-1.15680219238225,44.42214182070234]]]}},{"type":"Feature","properties":{"cluster_id":2,"snapshot_index":3,"estimated_time_utc":"2026-07-24T02:11:00Z","observed_until_utc":"2026-07-24T02:11:00Z","target_time_utc":"2026-07-24T02:12:00Z","arrival_h":11.983333333333333,"hours_ago":59.083333333333336,"supported_detections_cumulative":219,"sources_cumulative":"MODIS_NRT, VIIRS_NOAA20_NRT, VIIRS_NOAA21_NRT, VIIRS_SNPP_NRT","last_source":"VIIRS_SNPP_NRT","last_satellite":"N","last_instrument":"VIIRS","detected_area_km2":26.243822488999875,"product_type":"cumulative_active_fire_detection_extent"},"geometry":{"type":"MultiLineString","coordinates":[[[-1.187679288154686,44.39682183838762],[-1.190126499833848,44.39485756631581],[-1.193435694214236,44.39371418882003],[-1.197103192486312,44.393565721192374],[-1.200570836318174,44.39443475857435],[-1.203310854046147,44.3961890405663],[-1.204906123809533,44.39856156168789],[-1.205113664251411,44.401191180684584],[-1.20390169414281,44.403677569622474],[-1.201454579197056,44.405642155657816],[-1.198144849468402,44.40678578031114],[-1.194476497366132,44.40693428350882],[-1.191008181384315,44.40606504927291],[-1.188268066922955,44.40431045331744],[-1.186673332507842,44.40193768503831],[-1.186466645896133,44.39930803047159],[-1.187679288154686,44.39682183838762]],[[-1.161089646109438,44.41736455653186],[-1.164673404953144,44.41645975831873],[-1.169747954246703,44.41612765246205],[-1.173257289357293,44.41674769481809],[-1.175611971830261,44.41786613969467],[-1.177802741916667,44.41998082219201],[-1.17869771264514,44.42253538265609],[-1.178160468541472,44.425140944763676],[-1.176272621686501,44.427400815487324],[-1.174136579257717,44.42865832128461],[-1.171583028255644,44.429417299465605],[-1.166586039362901,44.42987208621757],[-1.163008014169569,44.42950134606252],[-1.159796600706344,44.42813332741013],[-1.157273137795477,44.425447841286434],[-1.156711851338541,44.42280109632652],[-1.157607673328418,44.420240761776036],[-1.152665815090934,44.42148979943107],[-1.147123094547822,44.42084099083469],[-1.14636856610061,44.421858362433746],[-1.147748665453704,44.42380514642164],[-1.148623507833746,44.427080342484],[-1.147493801770833,44.42932203532652],[-1.147560151378184,44.431178402102766],[-1.143946753811199,44.43434893078186],[-1.141096276814331,44.43502674578318],[-1.140240982233469,44.43581460189459],[-1.14104986003575,44.43771933111094],[-1.141050098277439,44.43970030676175],[-1.140247654983486,44.44159603052651],[-1.138711567922011,44.443243227240345],[-1.135814186743343,44.444793301224884],[-1.133173279253754,44.4453807399696],[-1.129499917141602,44.44526861067624],[-1.126876638603138,44.44449563100962],[-1.125049643928646,44.44588717811136],[-1.12239428043928,44.44605994830746],[-1.120274900669126,44.44685573851994],[-1.115985497534952,44.44699219708001],[-1.11247491480837,44.446370322156255],[-1.109466614490491,44.444781943459624],[-1.105818790154129,44.440906400869494],[-1.104549717358273,44.43838837026288],[-1.10482420367448,44.435536394550674],[-1.101387320135945,44.43382140942294],[-1.099246051898478,44.4309704697777],[-1.099052189439952,44.42829693448112],[-1.100564071977708,44.42517772812563],[-1.097930176042314,44.42246351269453],[-1.097111737115203,44.42057137970695],[-1.097318439852961,44.41586329511027],[-1.097964648293408,44.4146842775144],[-1.095951536296441,44.412713347320874],[-1.095133304502321,44.4108212079561],[-1.095291408875357,44.40818981061364],[-1.096626733472287,44.40574110747514],[-1.093335464002517,44.4016871689191],[-1.093066060279784,44.39971566525826],[-1.093934352185578,44.397201061235954],[-1.095455442070902,44.39554735593917],[-1.097580480982832,44.39428140414813],[-1.100126476978376,44.39351219922044],[-1.102874227698487,44.393305963048206],[-1.105645205110221,44.393695200695],[-1.108749587742684,44.395020479204135],[-1.110547416168131,44.396581703512894],[-1.111739360155807,44.39889243590002],[-1.114654453793212,44.399765575464194],[-1.117403644631184,44.39969476299547],[-1.119574811853511,44.40049536696602],[-1.122746804152564,44.400339537866195],[-1.12371159196835,44.398229883495965],[-1.1263025851444,44.39732539595395],[-1.129549102204356,44.39812443521673],[-1.1323399270412,44.39781533679008],[-1.134743533847734,44.39858671036144],[-1.137639680963553,44.398295311672854],[-1.140040212217977,44.39906471835621],[-1.142959433844516,44.398765286487496],[-1.144956442127798,44.399417333098334],[-1.148725746750347,44.398359603703106],[-1.152282833520507,44.39800312859268],[-1.154020015258477,44.39824632945246],[-1.157731615915743,44.401007509439566],[-1.159288253088542,44.403345334165095],[-1.15948487505305,44.40601873264088],[-1.158004588092762,44.4091577062369],[-1.160216468489788,44.411278038255425],[-1.161259760385766,44.41306516360126],[-1.161089646109438,44.41736455653186]]]}},{"type":"Feature","properties":{"cluster_id":2,"snapshot_index":4,"estimated_time_utc":"2026-07-24T03:49:00Z","observed_until_utc":"2026-07-24T03:49:00Z","target_time_utc":"2026-07-24T08:12:00Z","arrival_h":13.616666666666667,"hours_ago":57.45,"supported_detections_cumulative":357,"sources_cumulative":"MODIS_NRT, VIIRS_NOAA20_NRT, VIIRS_NOAA21_NRT, VIIRS_SNPP_NRT","last_source":"MODIS_NRT","last_satellite":"Aqua","last_instrument":"MODIS","detected_area_km2":33.9400267310156,"product_type":"cumulative_active_fire_detection_extent"},"geometry":{"type":"MultiLineString","coordinates":[[[-1.188223521690201,44.39623283819295],[-1.19094363896246,44.39446270573203],[-1.194401356002284,44.39357356445319],[-1.198070410512717,44.39370073453022],[-1.201392407553506,44.39482486207755],[-1.203861721569685,44.39677486173525],[-1.205102403960882,44.399253931900745],[-1.204925428320798,44.40188470015413],[-1.203357552176083,44.4042666492797],[-1.200637352011582,44.40603709623904],[-1.197178971580352,44.40692643834891],[-1.193509061785041,44.406799237791404],[-1.1901865185802,44.405674866307166],[-1.187717287456284,44.40372455215104],[-1.186477268456488,44.401245281154516],[-1.186655099381427,44.398614543381605],[-1.188223521690201,44.39623283819295]],[[-1.163827858496559,44.41658260536045],[-1.168823696178562,44.41612794642189],[-1.17151458884936,44.416310650777014],[-1.174075469946756,44.417055849527],[-1.176265888819275,44.4183343121481],[-1.178135966844268,44.420551196621396],[-1.17869771264514,44.42253538265609],[-1.17818099871037,44.42509932518949],[-1.176858695946637,44.42688851079714],[-1.174904977455294,44.42829000356912],[-1.172525490356464,44.42920966995849],[-1.16566155676348,44.42987235365168],[-1.163008014169569,44.42950134606252],[-1.160561020575847,44.42857958075047],[-1.157588208790943,44.425987485329266],[-1.156130852188913,44.42836906645936],[-1.153405290449154,44.43074180238501],[-1.155173280013991,44.43377565195094],[-1.155462997110785,44.435745717977206],[-1.15459404263305,44.43830494788474],[-1.153032314161592,44.439992313516186],[-1.150135491925907,44.441542761690265],[-1.147433965341004,44.44213716999098],[-1.143821705535419,44.44201889086143],[-1.140610013532864,44.44096664232109],[-1.138711567922011,44.443243227240345],[-1.135120152090065,44.44500350804767],[-1.134288179109044,44.44709649813352],[-1.132097825266934,44.44921203128799],[-1.128943874776278,44.450566011845105],[-1.125306575985894,44.45095224812503],[-1.122652309511943,44.450580265336995],[-1.120205061999722,44.449657595360826],[-1.1171807661971,44.44697484087434],[-1.114588780745285,44.44686029407915],[-1.111546219866561,44.448503200918495],[-1.107115975378509,44.44914420284989],[-1.103543797494614,44.44852000586766],[-1.100577146924238,44.446964005947926],[-1.099000298177524,44.4452837750597],[-1.098108567045347,44.442728542604215],[-1.098977707993049,44.43955139807291],[-1.102169274415235,44.43647841528677],[-1.099050957256444,44.43027790162052],[-1.099052189439952,44.42829693448112],[-1.100511239785882,44.42551528235764],[-1.100380926098735,44.42477544417633],[-1.099849651795781,44.4243673959577],[-1.097343059573229,44.42561365727094],[-1.093838853149734,44.42625009273258],[-1.091026427266636,44.4260571671578],[-1.088473106815104,44.42529805379545],[-1.085238255420858,44.42297706879043],[-1.083449653243367,44.418903781581484],[-1.078631092674881,44.41833416453403],[-1.074827329761802,44.41650969100364],[-1.072940540711402,44.41424953343197],[-1.072404200620208,44.411643899374134],[-1.073736046525475,44.40850551062338],[-1.076974293370581,44.40618766552436],[-1.081292709937117,44.405239894102294],[-1.086102683900502,44.40591230130044],[-1.08702164359756,44.405710547951244],[-1.089029919995147,44.40397595010878],[-1.092521381099668,44.402354906787394],[-1.09358592115992,44.397814592221145],[-1.095496661178079,44.39551456600883],[-1.099244021713367,44.39370835930053],[-1.102935726780659,44.393308002362495],[-1.105645205110221,44.393695200695],[-1.108081326335593,44.39462961318233],[-1.110515607036723,44.39654390847732],[-1.111739360155807,44.39889243590002],[-1.114528173642045,44.39974044709577],[-1.118700164197705,44.398512597932495],[-1.123164141156129,44.398813198145525],[-1.124557749218992,44.39772041416753],[-1.126364070281493,44.39732309023438],[-1.129549102204356,44.39812443521673],[-1.132703132118138,44.39786404841436],[-1.134431990035818,44.39850556627824],[-1.136150890917717,44.397578877261296],[-1.138030590177065,44.397441643415604],[-1.139717656146609,44.397949542073405],[-1.140882512430886,44.39898631825025],[-1.14431321186492,44.398453115956656],[-1.146432026952027,44.39884157847195],[-1.15222134870377,44.39800544878259],[-1.154347907738911,44.39836846997859],[-1.158818954267834,44.402378631387045],[-1.1613955946559,44.403126436948526],[-1.163543669777809,44.40437254393317],[-1.165454309306769,44.40662222931994],[-1.166015472312,44.40860646750713],[-1.165498311048139,44.41117033443122],[-1.161942604104568,44.41485129415458],[-1.163181776555137,44.41672265088973],[-1.163827858496559,44.41658260536045]]]}},{"type":"Feature","properties":{"cluster_id":2,"snapshot_index":5,"estimated_time_utc":"2026-07-24T13:55:00Z","observed_until_utc":"2026-07-24T13:55:00Z","target_time_utc":"2026-07-24T14:12:00Z","arrival_h":23.716666666666665,"hours_ago":47.35,"supported_detections_cumulative":492,"sources_cumulative":"MODIS_NRT, VIIRS_NOAA20_NRT, VIIRS_NOAA21_NRT, VIIRS_SNPP_NRT","last_source":"VIIRS_NOAA20_NRT","last_satellite":"N20","last_instrument":"VIIRS","detected_area_km2":34.09857786914846,"product_type":"cumulative_active_fire_detection_extent"},"geometry":{"type":"MultiLineString","coordinates":[[[-1.192611442693346,44.39389605872728],[-1.196244615485906,44.393507611851135],[-1.199808600662563,44.39414551354074],[-1.202760978160682,44.395712681233306],[-1.204652329636903,44.397970593357904],[-1.20519462647646,44.40057556371796],[-1.204305130758575,44.403131029184365],[-1.20211909569388,44.40524791111921],[-1.198969270904389,44.40660386792034],[-1.195335276210145,44.406992406989545],[-1.19177053257479,44.40635435678632],[-1.188817904355787,44.40478688687072],[-1.186926956765376,44.402528695851835],[-1.186385481827485,44.399923633298734],[-1.187275736004055,44.39736831634595],[-1.189462021789651,44.395251736634116],[-1.192611442693346,44.39389605872728]],[[-1.141232206874997,44.39874752330231],[-1.143781750942192,44.39787543143641],[-1.146776045444557,44.39873842433062],[-1.153677004632806,44.398147818193046],[-1.155251719183643,44.398896440914186],[-1.158818954267834,44.402378631387045],[-1.1613955946559,44.403126436948526],[-1.163543669777809,44.40437254393317],[-1.165475267115125,44.40666373717012],[-1.165934443349373,44.40988450093432],[-1.165124442956912,44.411824069239685],[-1.162149279818447,44.414453965023895],[-1.162059583726718,44.4153510490462],[-1.163181776555137,44.41672265088973],[-1.170667803536412,44.416192283189226],[-1.174075469946756,44.417055849527],[-1.17622435295059,44.41830171706113],[-1.177802741916667,44.41998082219201],[-1.178606592462385,44.421876162213884],[-1.17860814539143,44.423857123537054],[-1.177403331294367,44.42629955606668],[-1.175664771948309,44.42783971581745],[-1.173321491573233,44.428970889614774],[-1.166647558217987,44.42986975797489],[-1.16215149089363,44.42925206567962],[-1.158944749632164,44.42749346304566],[-1.157706247285594,44.42839856703028],[-1.15757122000228,44.42990122494369],[-1.15499615689062,44.433362541114775],[-1.155204434456658,44.43705599282311],[-1.153032314161592,44.439992313516186],[-1.150135491925907,44.441542761690265],[-1.147433965341004,44.44213716999098],[-1.144668821225606,44.442137466153675],[-1.140411510995551,44.44131562870779],[-1.138103256588173,44.443681923417785],[-1.135120152090065,44.44500350804767],[-1.134314344156203,44.447056531047224],[-1.132793005374801,44.448710811125785],[-1.129001832641581,44.450551007156065],[-1.125368138554374,44.45095427496462],[-1.121795645005377,44.45033066897384],[-1.118828397442489,44.44877515905993],[-1.1171807661971,44.44697484087434],[-1.114588780745285,44.44686029407915],[-1.112361930138941,44.44819108691263],[-1.108899586547664,44.44907767360127],[-1.106134103287515,44.449077003022644],[-1.102725546367173,44.44821132314984],[-1.099467684920173,44.44590594472132],[-1.098111763583896,44.44277262693829],[-1.098977707993049,44.43955139807291],[-1.102169274415235,44.43647841528677],[-1.099050957256444,44.43027790162052],[-1.099052189439952,44.42829693448112],[-1.100438597354417,44.42485017504981],[-1.099849651795781,44.4243673959577],[-1.096546785340942,44.425851888308536],[-1.092914446381225,44.42625408187721],[-1.090141962172602,44.42586451814549],[-1.087036323308846,44.42453869660989],[-1.084803020951103,44.42239264807483],[-1.083541199770584,44.418962934837595],[-1.077777409358322,44.41808022322239],[-1.075480396811827,44.416978460980154],[-1.073728625731514,44.41544621273967],[-1.072688054490775,44.41365825762083],[-1.072401331754521,44.41168799460934],[-1.073704519694224,44.408543430108345],[-1.076156190803852,44.40658168216842],[-1.07946836935066,44.40544172435156],[-1.082278285638277,44.405238053355006],[-1.086102683900502,44.40591230130044],[-1.08702164359756,44.405710547951244],[-1.089029919995147,44.40397595010878],[-1.092584440617751,44.40227901151641],[-1.093337834556217,44.39840680482194],[-1.094910175777736,44.39602643041903],[-1.097580480982832,44.39428140414813],[-1.100186154289785,44.39350135191725],[-1.103855128732036,44.393373190230605],[-1.107313300695304,44.39426139685243],[-1.110034338712371,44.39603079386208],[-1.111739360155807,44.39889243590002],[-1.114528173642045,44.39974044709577],[-1.118700164197705,44.398512597932495],[-1.123164141156129,44.398813198145525],[-1.124557749218992,44.39772041416753],[-1.126364070281493,44.39732309023438],[-1.129549102204356,44.39812443521673],[-1.132703132118138,44.39786404841436],[-1.134431990035818,44.39850556627824],[-1.135866729236266,44.397664052900105],[-1.137969657630232,44.39743531119481],[-1.139717656146609,44.397949542073405],[-1.140882512430886,44.39898631825025],[-1.141232206874997,44.39874752330231]]]}},{"type":"Feature","properties":{"cluster_id":2,"snapshot_index":6,"estimated_time_utc":"2026-07-24T14:54:00Z","observed_until_utc":"2026-07-24T14:54:00Z","target_time_utc":"2026-07-24T20:12:00Z","arrival_h":24.7,"hours_ago":46.36666666666667,"supported_detections_cumulative":500,"sources_cumulative":"MODIS_NRT, VIIRS_NOAA20_NRT, VIIRS_NOAA21_NRT, VIIRS_SNPP_NRT","last_source":"MODIS_NRT","last_satellite":"Aqua","last_instrument":"MODIS","detected_area_km2":34.639792104707624,"product_type":"cumulative_active_fire_detection_extent"},"geometry":{"type":"MultiLineString","coordinates":[[[-1.193495353819585,44.393703290959714],[-1.197164127465008,44.393572020684346],[-1.200623772924736,44.3944572967087],[-1.203347734685104,44.3962243871439],[-1.204921332839563,44.398604336635415],[-1.205104883441265,44.401234872464286],[-1.203870257237452,44.40371552622643],[-1.201405270656206,44.405668597509425],[-1.198085176969565,44.406796680755185],[-1.194415548301847,44.40692798249138],[-1.190955237751208,44.40604250639747],[-1.188231190432553,44.4042751015604],[-1.186658136371298,44.40189490750703],[-1.18647544079187,44.39926434021736],[-1.187710732086587,44.396783886524766],[-1.190175804226143,44.39483112964363],[-1.193495353819585,44.393703290959714]],[[-1.141494745613675,44.39856110128317],[-1.143843235963257,44.39787311595818],[-1.146776045444557,44.39873842433062],[-1.1519149410032,44.39802786102668],[-1.153735048158553,44.39816254325172],[-1.155251719183643,44.398896440914186],[-1.158818954267834,44.402378631387045],[-1.1613955946559,44.403126436948526],[-1.163543669777809,44.40437254393317],[-1.165121294166611,44.40605182013409],[-1.166012224818536,44.40856238583381],[-1.165477776605966,44.41121195138068],[-1.163559527668807,44.41349351086131],[-1.16503918418389,44.41643079163279],[-1.17151458884936,44.416310650777014],[-1.174075469946756,44.417055849527],[-1.176265888819275,44.4183343121481],[-1.178135966844268,44.420551196621396],[-1.178694454473047,44.422491301080164],[-1.178443052602459,44.42446405341407],[-1.177403331294367,44.42629955606668],[-1.174136579257717,44.42865832128461],[-1.171583028255644,44.429417299465605],[-1.166740090362134,44.4298629809964],[-1.164483655369482,44.43161411959462],[-1.162054508740871,44.43255998685767],[-1.159285194918214,44.43296212639013],[-1.15585232067913,44.43262232792809],[-1.15499615689062,44.433362541114775],[-1.155462997110785,44.435745717977206],[-1.154942061299763,44.43769121287586],[-1.152424148848246,44.440431088089774],[-1.148400567928799,44.44199694595404],[-1.14408430415822,44.44205564893726],[-1.142765088977609,44.44388534011013],[-1.140822768669082,44.44529536829703],[-1.137509493914334,44.446437191041646],[-1.134557155324131,44.44663268928545],[-1.132143352416972,44.44918228014669],[-1.129001832641581,44.450551007156065],[-1.125368138554374,44.45095427496462],[-1.121795645005377,44.45033066897384],[-1.118828397442489,44.44877515905993],[-1.1171807661971,44.44697484087434],[-1.114588780745285,44.44686029407915],[-1.112361930138941,44.44819108691263],[-1.108899586547664,44.44907767360127],[-1.106134103287515,44.449077003022644],[-1.102725546367173,44.44821132314984],[-1.099467684920173,44.44590594472132],[-1.098111763583896,44.44277262693829],[-1.098977707993049,44.43955139807291],[-1.102169274415235,44.43647841528677],[-1.099050957256444,44.43027790162052],[-1.099052189439952,44.42829693448112],[-1.100438597354417,44.42485017504981],[-1.099849651795781,44.4243673959577],[-1.096546785340942,44.425851888308536],[-1.092914446381225,44.42625408187721],[-1.090141962172602,44.42586451814549],[-1.087036323308846,44.42453869660989],[-1.084803020951103,44.42239264807483],[-1.083541199770584,44.418962934837595],[-1.077777409358322,44.41808022322239],[-1.075480396811827,44.416978460980154],[-1.073728625731514,44.41544621273967],[-1.072688054490775,44.41365825762083],[-1.072401331754521,44.41168799460934],[-1.073704519694224,44.408543430108345],[-1.076156190803852,44.40658168216842],[-1.07946836935066,44.40544172435156],[-1.082278285638277,44.405238053355006],[-1.086102683900502,44.40591230130044],[-1.08702164359756,44.405710547951244],[-1.089029919995147,44.40397595010878],[-1.092584440617751,44.40227901151641],[-1.093337834556217,44.39840680482194],[-1.094910175777736,44.39602643041903],[-1.097580480982832,44.39428140414813],[-1.100186154289785,44.39350135191725],[-1.103855128732036,44.393373190230605],[-1.107313300695304,44.39426139685243],[-1.110034338712371,44.39603079386208],[-1.111739360155807,44.39889243590002],[-1.114528173642045,44.39974044709577],[-1.118700164197705,44.398512597932495],[-1.123164141156129,44.398813198145525],[-1.124557749218992,44.39772041416753],[-1.1263025851444,44.39732539595395],[-1.129549102204356,44.39812443521673],[-1.132703132118138,44.39786404841436],[-1.134431990035818,44.39850556627824],[-1.135866729236266,44.397664052900105],[-1.137969657630232,44.39743531119481],[-1.139717656146609,44.397949542073405],[-1.140882512430886,44.39898631825025],[-1.141494745613675,44.39856110128317]]]}},{"type":"Feature","properties":{"cluster_id":2,"snapshot_index":7,"estimated_time_utc":"2026-07-25T01:49:00Z","observed_until_utc":"2026-07-25T01:49:00Z","target_time_utc":"2026-07-25T02:12:00Z","arrival_h":35.61666666666667,"hours_ago":35.45,"supported_detections_cumulative":529,"sources_cumulative":"MODIS_NRT, VIIRS_NOAA20_NRT, VIIRS_NOAA21_NRT, VIIRS_SNPP_NRT","last_source":"VIIRS_SNPP_NRT","last_satellite":"N","last_instrument":"VIIRS","detected_area_km2":34.87693761490087,"product_type":"cumulative_active_fire_detection_extent"},"geometry":{"type":"MultiLineString","coordinates":[[[-1.195259248707974,44.39351047230865],[-1.198896688657386,44.3938778130522],[-1.202061315005303,44.39521516165307],[-1.204271432281917,44.397318978826945],[-1.205190518759826,44.39986904330541],[-1.204678488917591,44.40247716406396],[-1.202813115612591,44.40474625944801],[-1.19987829476438,44.40633082032712],[-1.196320877680302,44.40698954583315],[-1.192682611876382,44.40662211780336],[-1.189517569411801,44.4052844927501],[-1.187307689511855,44.40318037189967],[-1.186389354851899,44.400630154410166],[-1.186902210548623,44.398022120937824],[-1.1887679999703,44.3957533020062],[-1.191702583441863,44.39416904480361],[-1.195259248707974,44.39351047230865]],[[-1.142089723657711,44.398247905257804],[-1.14458028608646,44.39790160893203],[-1.146776045444557,44.39873842433062],[-1.1519149410032,44.39802786102668],[-1.153735048158553,44.39816254325172],[-1.155251719183643,44.398896440914186],[-1.158818954267834,44.402378631387045],[-1.1613955946559,44.403126436948526],[-1.163543669777809,44.40437254393317],[-1.165121294166611,44.40605182013409],[-1.166012224818536,44.40856238583381],[-1.165477776605966,44.41121195138068],[-1.163559527668807,44.41349351086131],[-1.16503918418389,44.41643079163279],[-1.17151458884936,44.416310650777014],[-1.174075469946756,44.417055849527],[-1.17622435295059,44.41830171706113],[-1.177776194598442,44.41994098951101],[-1.17859732109036,44.42183252177569],[-1.178616950170091,44.42381343342534],[-1.177833309553718,44.42571313010345],[-1.176313817142628,44.42736799485347],[-1.174189298203088,44.42863548421236],[-1.171583028255644,44.429417299465605],[-1.166740090362134,44.4298629809964],[-1.162850601276845,44.43232128179641],[-1.159346717433335,44.43295980222006],[-1.15585232067913,44.43262232792809],[-1.15499615689062,44.433362541114775],[-1.155462997110785,44.435745717977206],[-1.154942061299763,44.43769121287586],[-1.152424148848246,44.440431088089774],[-1.148400567928799,44.44199694595404],[-1.14408430415822,44.44205564893726],[-1.142765088977609,44.44388534011013],[-1.140822768669082,44.44529536829703],[-1.137509493914334,44.446437191041646],[-1.134557155324131,44.44663268928545],[-1.132751769127583,44.448743615795564],[-1.12985394287286,44.45029353687654],[-1.126292946644629,44.45095001350965],[-1.122652309511943,44.450580265336995],[-1.119440675763329,44.44921105794373],[-1.117238319799286,44.44707352189435],[-1.115426793831187,44.44695400415235],[-1.11427469411328,44.44709720296138],[-1.112541413566186,44.44810723128165],[-1.112944996170569,44.449899992581656],[-1.11173637268656,44.45149968150059],[-1.109753528611453,44.452162407675594],[-1.107646618994825,44.45194308788104],[-1.10583120866355,44.45067126028512],[-1.105519432066935,44.44899075210888],[-1.102725546367173,44.44821132314984],[-1.099965931019271,44.44643510355776],[-1.098209016698034,44.44591969756816],[-1.096748759529971,44.44418544661433],[-1.096908246941434,44.44287853935242],[-1.098168054543495,44.44162371207499],[-1.099003894494002,44.43951143950584],[-1.102169274415235,44.43647841528677],[-1.099050957256444,44.43027790162052],[-1.099052189439952,44.42829693448112],[-1.100511239785882,44.42551528235764],[-1.100380926098735,44.42477544417633],[-1.099849651795781,44.4243673959577],[-1.097343059573229,44.42561365727094],[-1.093777335260316,44.42625238032394],[-1.090200017577025,44.42587927686844],[-1.087704792540618,44.42492969561395],[-1.084829503957437,44.422432503174086],[-1.083541199770584,44.418962934837595],[-1.077777409358322,44.41808022322239],[-1.075480396811827,44.416978460980154],[-1.073760420916521,44.415484018720576],[-1.072406651604965,44.412350427517126],[-1.07327359341548,44.409129444694614],[-1.075445259202222,44.40700489370173],[-1.078643581750548,44.40562274204759],[-1.082216774340997,44.40523600249374],[-1.086102683900502,44.40591230130044],[-1.08702164359756,44.405710547951244],[-1.089029919995147,44.40397595010878],[-1.092584440617751,44.40227901151641],[-1.093337834556217,44.39840680482194],[-1.094910175777736,44.39602643041903],[-1.097580480982832,44.39428140414813],[-1.100186154289785,44.39350135191725],[-1.103855128732036,44.393373190230605],[-1.107313300695304,44.39426139685243],[-1.110034338712371,44.39603079386208],[-1.111739360155807,44.39889243590002],[-1.114528173642045,44.39974044709577],[-1.118700164197705,44.398512597932495],[-1.123164141156129,44.398813198145525],[-1.124557749218992,44.39772041416753],[-1.1263025851444,44.39732539595395],[-1.129549102204356,44.39812443521673],[-1.132703132118138,44.39786404841436],[-1.134431990035818,44.39850556627824],[-1.136150890917717,44.397578877261296],[-1.138030590177065,44.397441643415604],[-1.139717656146609,44.397949542073405],[-1.140882512430886,44.39898631825025],[-1.142089723657711,44.398247905257804]]]}},{"type":"Feature","properties":{"cluster_id":2,"snapshot_index":8,"estimated_time_utc":"2026-07-25T04:27:00Z","observed_until_utc":"2026-07-25T04:27:00Z","target_time_utc":"2026-07-25T08:12:00Z","arrival_h":38.25,"hours_ago":32.81666666666667,"supported_detections_cumulative":560,"sources_cumulative":"MODIS_NRT, VIIRS_NOAA20_NRT, VIIRS_NOAA21_NRT, VIIRS_SNPP_NRT","last_source":"MODIS_NRT","last_satellite":"Aqua","last_instrument":"MODIS","detected_area_km2":38.12395458965102,"product_type":"cumulative_active_fire_detection_extent"},"geometry":{"type":"MultiLineString","coordinates":[[[-1.197164127465008,44.393572020684346],[-1.200623772924736,44.3944572967087],[-1.203347734685104,44.3962243871439],[-1.204921332839563,44.398604336635415],[-1.205104883441265,44.401234872464286],[-1.203870257237452,44.40371552622643],[-1.201405270656206,44.405668597509425],[-1.198085176969565,44.406796680755185],[-1.194415548301847,44.40692798249138],[-1.190955237751208,44.40604250639747],[-1.188231190432553,44.4042751015604],[-1.186658136371298,44.40189490750703],[-1.18647544079187,44.39926434021736],[-1.187710732086587,44.396783886524766],[-1.190175804226143,44.39483112964363],[-1.193495353819585,44.393703290959714],[-1.197164127465008,44.393572020684346]],[[-1.14311259358444,44.397948257778395],[-1.145237382297336,44.39801791238307],[-1.146776045444557,44.39873842433062],[-1.15222134870377,44.39800544878259],[-1.154020015258477,44.39824632945246],[-1.157145222244522,44.400495559466364],[-1.158818954267834,44.402378631387045],[-1.1613955946559,44.403126436948526],[-1.163585188123469,44.40440514359492],[-1.165454309306769,44.40662222931994],[-1.166012224818536,44.40856238583381],[-1.165477776605966,44.41121195138068],[-1.163559527668807,44.41349351086131],[-1.16503918418389,44.41643079163279],[-1.171574388506273,44.41632121640045],[-1.174847578002328,44.41741999291852],[-1.176815761455637,44.418810808631434],[-1.178135966844268,44.420551196621396],[-1.17869771264514,44.42253538265609],[-1.17842831425322,44.424506914663695],[-1.176895203058336,44.426852954516605],[-1.174954318090568,44.42826357331224],[-1.172525490356464,44.42920966995849],[-1.166740090362134,44.4298629809964],[-1.164483655369482,44.43161411959462],[-1.162054508740871,44.43255998685767],[-1.159285194918214,44.43296212639013],[-1.15585232067913,44.43262232792809],[-1.15499615689062,44.433362541114775],[-1.155189675221837,44.43709885120363],[-1.153032314161592,44.439992313516186],[-1.149225662323828,44.44181540303362],[-1.14408430415822,44.44205564893726],[-1.141533692124738,44.44487172768751],[-1.139244641531936,44.44598317732081],[-1.136788556542363,44.44654390532851],[-1.135331894437149,44.44808345104989],[-1.133194161033617,44.449340174597374],[-1.126231403208273,44.450952319244976],[-1.122652309511943,44.450580265336995],[-1.119895991829589,44.449479839939045],[-1.12026609735647,44.450992134907395],[-1.119754216656499,44.452251752324365],[-1.117521291367187,44.454764592434174],[-1.114567103186871,44.456333111676884],[-1.111061187241349,44.45697010353504],[-1.106648849756262,44.4563752264588],[-1.103687242929438,44.45695824930868],[-1.098885098393743,44.45536807688924],[-1.097444190463167,44.454231037456395],[-1.093815613136181,44.45409730692244],[-1.090541877063664,44.45299610552968],[-1.088574626728043,44.451603728226544],[-1.087256453203543,44.44986224410073],[-1.086700832000061,44.44792165380252],[-1.08697035076669,44.445906242111505],[-1.088507706832116,44.44356143502086],[-1.091016644239654,44.441631285803886],[-1.090106881490851,44.43789950357903],[-1.091441218629005,44.43471676769188],[-1.094680240233955,44.43239837481663],[-1.099449768277884,44.43144682190838],[-1.099043322532683,44.42834061830048],[-1.100523088764116,44.42500967203612],[-1.099849651795781,44.4243673959577],[-1.096546785340942,44.425851888308536],[-1.092852911853221,44.42625203693614],[-1.089343870240969,44.425629431078264],[-1.086990571272478,44.42450913919212],[-1.084803020951103,44.42239264807483],[-1.083541199770584,44.418962934837595],[-1.077777409358322,44.41808022322239],[-1.075480396811827,44.416978460980154],[-1.073728625731514,44.41544621273967],[-1.072672941376165,44.41361546418044],[-1.072404200620208,44.411643899374134],[-1.072924865017095,44.409742913622395],[-1.074213492006286,44.40799051254326],[-1.076205558586399,44.406555296406545],[-1.079528063195753,44.40543088818429],[-1.082278285638277,44.405238053355006],[-1.086102683900502,44.40591230130044],[-1.08702164359756,44.405710547951244],[-1.089029919995147,44.40397595010878],[-1.092584440617751,44.40227901151641],[-1.093337834556217,44.39840680482194],[-1.094910175777736,44.39602643041903],[-1.097580480982832,44.39428140414813],[-1.100186154289785,44.39350135191725],[-1.103855128732036,44.393373190230605],[-1.107313300695304,44.39426139685243],[-1.110034338712371,44.39603079386208],[-1.111739360155807,44.39889243590002],[-1.114528173642045,44.39974044709577],[-1.118700164197705,44.398512597932495],[-1.123164141156129,44.398813198145525],[-1.124557749218992,44.39772041416753],[-1.1263025851444,44.39732539595395],[-1.129549102204356,44.39812443521673],[-1.132703132118138,44.39786404841436],[-1.134431990035818,44.39850556627824],[-1.136150890917717,44.397578877261296],[-1.138030590177065,44.397441643415604],[-1.139717656146609,44.397949542073405],[-1.140882512430886,44.39898631825025],[-1.14311259358444,44.397948257778395]]]}},{"type":"Feature","properties":{"cluster_id":2,"snapshot_index":9,"estimated_time_utc":"2026-07-25T13:33:00Z","observed_until_utc":"2026-07-25T13:33:00Z","target_time_utc":"2026-07-25T14:12:00Z","arrival_h":47.35,"hours_ago":23.716666666666665,"supported_detections_cumulative":585,"sources_cumulative":"MODIS_NRT, VIIRS_NOAA20_NRT, VIIRS_NOAA21_NRT, VIIRS_SNPP_NRT","last_source":"VIIRS_NOAA20_NRT","last_satellite":"N20","last_instrument":"VIIRS","detected_area_km2":38.12395458965105,"product_type":"cumulative_active_fire_detection_extent"},"geometry":{"type":"MultiLineString","coordinates":[[[-1.199808600662563,44.39414551354074],[-1.202760978160682,44.395712681233306],[-1.204652329636903,44.397970593357904],[-1.20519462647646,44.40057556371796],[-1.204305130758575,44.403131029184365],[-1.20211909569388,44.40524791111921],[-1.198969270904389,44.40660386792034],[-1.195335276210145,44.406992406989545],[-1.19177053257479,44.40635435678632],[-1.188817904355787,44.40478688687072],[-1.186926956765376,44.402528695851835],[-1.186385481827485,44.399923633298734],[-1.187275736004055,44.39736831634595],[-1.189462021789651,44.395251736634116],[-1.192611442693346,44.39389605872728],[-1.196244615485906,44.393507611851135],[-1.199808600662563,44.39414551354074]],[[-1.144212737120437,44.39787438293571],[-1.146776045444557,44.39873842433062],[-1.15222134870377,44.39800544878259],[-1.154075766388256,44.39826506236869],[-1.157145222244522,44.400495559466364],[-1.158818954267834,44.402378631387045],[-1.16144852378643,44.403148994000205],[-1.164134818701824,44.40488170035783],[-1.165454309306769,44.40662222931994],[-1.166012224818536,44.40856238583381],[-1.165477776605966,44.41121195138068],[-1.163559527668807,44.41349351086131],[-1.16503918418389,44.41643079163279],[-1.171574388506273,44.41632121640045],[-1.174847578002328,44.41741999291852],[-1.176815761455637,44.418810808631434],[-1.178135966844268,44.420551196621396],[-1.17869771264514,44.42253538265609],[-1.17842831425322,44.424506914663695],[-1.176895203058336,44.426852954516605],[-1.174954318090568,44.42826357331224],[-1.172525490356464,44.42920966995849],[-1.166740090362134,44.4298629809964],[-1.164483655369482,44.43161411959462],[-1.162054508740871,44.43255998685767],[-1.159285194918214,44.43296212639013],[-1.15585232067913,44.43262232792809],[-1.15499615689062,44.433362541114775],[-1.155189675221837,44.43709885120363],[-1.153032314161592,44.439992313516186],[-1.149225662323828,44.44181540303362],[-1.14408430415822,44.44205564893726],[-1.141533692124738,44.44487172768751],[-1.139244641531936,44.44598317732081],[-1.136788556542363,44.44654390532851],[-1.135331894437149,44.44808345104989],[-1.133194161033617,44.449340174597374],[-1.126231403208273,44.450952319244976],[-1.122652309511943,44.450580265336995],[-1.119895991829589,44.449479839939045],[-1.12026609735647,44.450992134907395],[-1.119754216656499,44.452251752324365],[-1.117521291367187,44.454764592434174],[-1.114567103186871,44.456333111676884],[-1.111061187241349,44.45697010353504],[-1.106648849756262,44.4563752264588],[-1.103687242929438,44.45695824930868],[-1.098885098393743,44.45536807688924],[-1.097444190463167,44.454231037456395],[-1.093815613136181,44.45409730692244],[-1.090541877063664,44.45299610552968],[-1.088574626728043,44.451603728226544],[-1.087256453203543,44.44986224410073],[-1.086700832000061,44.44792165380252],[-1.08697035076669,44.445906242111505],[-1.088507706832116,44.44356143502086],[-1.091016644239654,44.441631285803886],[-1.090106881490851,44.43789950357903],[-1.091441218629005,44.43471676769188],[-1.094680240233955,44.43239837481663],[-1.099449768277884,44.43144682190838],[-1.099043322532683,44.42834061830048],[-1.100523088764116,44.42500967203612],[-1.099849651795781,44.4243673959577],[-1.096546785340942,44.425851888308536],[-1.092852911853221,44.42625203693614],[-1.089343870240969,44.425629431078264],[-1.086990571272478,44.42450913919212],[-1.084803020951103,44.42239264807483],[-1.083541199770584,44.418962934837595],[-1.077777409358322,44.41808022322239],[-1.075480396811827,44.416978460980154],[-1.073728625731514,44.41544621273967],[-1.072672941376165,44.41361546418044],[-1.072404200620208,44.411643899374134],[-1.072924865017095,44.409742913622395],[-1.074213492006286,44.40799051254326],[-1.076205558586399,44.406555296406545],[-1.079528063195753,44.40543088818429],[-1.082278285638277,44.405238053355006],[-1.086102683900502,44.40591230130044],[-1.08702164359756,44.405710547951244],[-1.089029919995147,44.40397595010878],[-1.092584440617751,44.40227901151641],[-1.093337834556217,44.39840680482194],[-1.094910175777736,44.39602643041903],[-1.097633198772845,44.394258604067176],[-1.101031493858358,44.39337899464045],[-1.104701432774261,44.39349207007675],[-1.107313300695304,44.39426139685243],[-1.110034338712371,44.39603079386208],[-1.111739360155807,44.39889243590002],[-1.114528173642045,44.39974044709577],[-1.118700164197705,44.398512597932495],[-1.123164141156129,44.398813198145525],[-1.124557749218992,44.39772041416753],[-1.1263025851444,44.39732539595395],[-1.129549102204356,44.39812443521673],[-1.132703132118138,44.39786404841436],[-1.134431990035818,44.39850556627824],[-1.136150890917717,44.397578877261296],[-1.138030590177065,44.397441643415604],[-1.139717656146609,44.397949542073405],[-1.140882512430886,44.39898631825025],[-1.142416433301032,44.398124147146795],[-1.144212737120437,44.39787438293571]]]}},{"type":"Feature","properties":{"cluster_id":2,"snapshot_index":10,"estimated_time_utc":"2026-07-26T01:49:00Z","observed_until_utc":"2026-07-26T01:49:00Z","target_time_utc":"2026-07-26T02:12:00Z","arrival_h":59.61666666666667,"hours_ago":11.45,"supported_detections_cumulative":589,"sources_cumulative":"MODIS_NRT, VIIRS_NOAA20_NRT, VIIRS_NOAA21_NRT, VIIRS_SNPP_NRT","last_source":"VIIRS_NOAA20_NRT","last_satellite":"N20","last_instrument":"VIIRS","detected_area_km2":38.12395458965098,"product_type":"cumulative_active_fire_detection_extent"},"geometry":{"type":"MultiLineString","coordinates":[[[-1.200623772924736,44.3944572967087],[-1.203347734685104,44.3962243871439],[-1.204921332839563,44.398604336635415],[-1.205104883441265,44.401234872464286],[-1.203870257237452,44.40371552622643],[-1.201405270656206,44.405668597509425],[-1.198085176969565,44.406796680755185],[-1.194415548301847,44.40692798249138],[-1.190955237751208,44.40604250639747],[-1.188231190432553,44.4042751015604],[-1.186658136371298,44.40189490750703],[-1.18647544079187,44.39926434021736],[-1.187710732086587,44.396783886524766],[-1.190175804226143,44.39483112964363],[-1.193495353819585,44.393703290959714],[-1.197164127465008,44.393572020684346],[-1.200623772924736,44.3944572967087]],[[-1.14458028608646,44.39790160893203],[-1.146776045444557,44.39873842433062],[-1.15222134870377,44.39800544878259],[-1.154075766388256,44.39826506236869],[-1.157145222244522,44.400495559466364],[-1.158818954267834,44.402378631387045],[-1.16144852378643,44.403148994000205],[-1.164134818701824,44.40488170035783],[-1.165454309306769,44.40662222931994],[-1.166012224818536,44.40856238583381],[-1.165477776605966,44.41121195138068],[-1.163559527668807,44.41349351086131],[-1.16503918418389,44.41643079163279],[-1.171574388506273,44.41632121640045],[-1.174847578002328,44.41741999291852],[-1.176815761455637,44.418810808631434],[-1.178135966844268,44.420551196621396],[-1.17869771264514,44.42253538265609],[-1.17842831425322,44.424506914663695],[-1.176895203058336,44.426852954516605],[-1.174954318090568,44.42826357331224],[-1.172525490356464,44.42920966995849],[-1.166740090362134,44.4298629809964],[-1.164483655369482,44.43161411959462],[-1.162054508740871,44.43255998685767],[-1.159285194918214,44.43296212639013],[-1.15585232067913,44.43262232792809],[-1.15499615689062,44.433362541114775],[-1.155189675221837,44.43709885120363],[-1.153032314161592,44.439992313516186],[-1.149225662323828,44.44181540303362],[-1.14408430415822,44.44205564893726],[-1.141533692124738,44.44487172768751],[-1.139244641531936,44.44598317732081],[-1.136788556542363,44.44654390532851],[-1.135331894437149,44.44808345104989],[-1.133194161033617,44.449340174597374],[-1.126231403208273,44.450952319244976],[-1.122652309511943,44.450580265336995],[-1.119895991829589,44.449479839939045],[-1.12026609735647,44.450992134907395],[-1.119754216656499,44.452251752324365],[-1.117521291367187,44.454764592434174],[-1.114567103186871,44.456333111676884],[-1.111061187241349,44.45697010353504],[-1.106648849756262,44.4563752264588],[-1.103687242929438,44.45695824930868],[-1.098885098393743,44.45536807688924],[-1.097444190463167,44.454231037456395],[-1.093815613136181,44.45409730692244],[-1.090541877063664,44.45299610552968],[-1.088574626728043,44.451603728226544],[-1.087256453203543,44.44986224410073],[-1.086700832000061,44.44792165380252],[-1.08697035076669,44.445906242111505],[-1.088507706832116,44.44356143502086],[-1.091016644239654,44.441631285803886],[-1.090106881490851,44.43789950357903],[-1.091441218629005,44.43471676769188],[-1.094680240233955,44.43239837481663],[-1.099449768277884,44.43144682190838],[-1.099043322532683,44.42834061830048],[-1.100523088764116,44.42500967203612],[-1.099849651795781,44.4243673959577],[-1.096546785340942,44.425851888308536],[-1.092852911853221,44.42625203693614],[-1.089343870240969,44.425629431078264],[-1.086990571272478,44.42450913919212],[-1.084803020951103,44.42239264807483],[-1.083541199770584,44.418962934837595],[-1.077777409358322,44.41808022322239],[-1.075480396811827,44.416978460980154],[-1.073728625731514,44.41544621273967],[-1.072672941376165,44.41361546418044],[-1.072404200620208,44.411643899374134],[-1.072924865017095,44.409742913622395],[-1.074213492006286,44.40799051254326],[-1.076205558586399,44.406555296406545],[-1.079528063195753,44.40543088818429],[-1.082278285638277,44.405238053355006],[-1.086102683900502,44.40591230130044],[-1.08702164359756,44.405710547951244],[-1.089029919995147,44.40397595010878],[-1.092584440617751,44.40227901151641],[-1.093337834556217,44.39840680482194],[-1.094910175777736,44.39602643041903],[-1.097633198772845,44.394258604067176],[-1.101031493858358,44.39337899464045],[-1.104701432774261,44.39349207007675],[-1.107313300695304,44.39426139685243],[-1.110034338712371,44.39603079386208],[-1.111739360155807,44.39889243590002],[-1.114528173642045,44.39974044709577],[-1.118700164197705,44.398512597932495],[-1.123164141156129,44.398813198145525],[-1.124557749218992,44.39772041416753],[-1.1263025851444,44.39732539595395],[-1.129549102204356,44.39812443521673],[-1.132703132118138,44.39786404841436],[-1.134431990035818,44.39850556627824],[-1.136150890917717,44.397578877261296],[-1.138030590177065,44.397441643415604],[-1.139717656146609,44.397949542073405],[-1.140882512430886,44.39898631825025],[-1.142700587436593,44.39803895459138],[-1.14458028608646,44.39790160893203]]]}},{"type":"Feature","properties":{"cluster_id":2,"snapshot_index":11,"estimated_time_utc":"2026-07-26T02:36:00Z","observed_until_utc":"2026-07-26T02:36:00Z","target_time_utc":"2026-07-26T08:12:00Z","arrival_h":60.4,"hours_ago":10.666666666666666,"supported_detections_cumulative":597,"sources_cumulative":"MODIS_NRT, VIIRS_NOAA20_NRT, VIIRS_NOAA21_NRT, VIIRS_SNPP_NRT","last_source":"VIIRS_NOAA21_NRT","last_satellite":"N21","last_instrument":"VIIRS","detected_area_km2":38.12395458965097,"product_type":"cumulative_active_fire_detection_extent"},"geometry":{"type":"MultiLineString","coordinates":[[[-1.201392407553506,44.39482486207755],[-1.203861721569685,44.39677486173525],[-1.205102403960882,44.399253931900745],[-1.204925428320798,44.40188470015413],[-1.203357552176083,44.4042666492797],[-1.200637352011582,44.40603709623904],[-1.197178971580352,44.40692643834891],[-1.193509061785041,44.406799237791404],[-1.1901865185802,44.405674866307166],[-1.187717287456284,44.40372455215104],[-1.186477268456488,44.401245281154516],[-1.186655099381427,44.398614543381605],[-1.188223521690201,44.39623283819295],[-1.19094363896246,44.39446270573203],[-1.194401356002284,44.39357356445319],[-1.198070410512717,44.39370073453022],[-1.201392407553506,44.39482486207755]],[[-1.145237382297336,44.39801791238307],[-1.146776045444557,44.39873842433062],[-1.15222134870377,44.39800544878259],[-1.154075766388256,44.39826506236869],[-1.157145222244522,44.400495559466364],[-1.158818954267834,44.402378631387045],[-1.16144852378643,44.403148994000205],[-1.164134818701824,44.40488170035783],[-1.165454309306769,44.40662222931994],[-1.166012224818536,44.40856238583381],[-1.165477776605966,44.41121195138068],[-1.163559527668807,44.41349351086131],[-1.16503918418389,44.41643079163279],[-1.171574388506273,44.41632121640045],[-1.174847578002328,44.41741999291852],[-1.176815761455637,44.418810808631434],[-1.178135966844268,44.420551196621396],[-1.17869771264514,44.42253538265609],[-1.17842831425322,44.424506914663695],[-1.176895203058336,44.426852954516605],[-1.174954318090568,44.42826357331224],[-1.172525490356464,44.42920966995849],[-1.166740090362134,44.4298629809964],[-1.164483655369482,44.43161411959462],[-1.162054508740871,44.43255998685767],[-1.159285194918214,44.43296212639013],[-1.15585232067913,44.43262232792809],[-1.15499615689062,44.433362541114775],[-1.155189675221837,44.43709885120363],[-1.153032314161592,44.439992313516186],[-1.149225662323828,44.44181540303362],[-1.14408430415822,44.44205564893726],[-1.141533692124738,44.44487172768751],[-1.139244641531936,44.44598317732081],[-1.136788556542363,44.44654390532851],[-1.135331894437149,44.44808345104989],[-1.133194161033617,44.449340174597374],[-1.126231403208273,44.450952319244976],[-1.122652309511943,44.450580265336995],[-1.119895991829589,44.449479839939045],[-1.12026609735647,44.450992134907395],[-1.119754216656499,44.452251752324365],[-1.117521291367187,44.454764592434174],[-1.114567103186871,44.456333111676884],[-1.111061187241349,44.45697010353504],[-1.106648849756262,44.4563752264588],[-1.103687242929438,44.45695824930868],[-1.098885098393743,44.45536807688924],[-1.097444190463167,44.454231037456395],[-1.093815613136181,44.45409730692244],[-1.090541877063664,44.45299610552968],[-1.088574626728043,44.451603728226544],[-1.087256453203543,44.44986224410073],[-1.086700832000061,44.44792165380252],[-1.08697035076669,44.445906242111505],[-1.088507706832116,44.44356143502086],[-1.091016644239654,44.441631285803886],[-1.090106881490851,44.43789950357903],[-1.091441218629005,44.43471676769188],[-1.094680240233955,44.43239837481663],[-1.099449768277884,44.43144682190838],[-1.099043322532683,44.42834061830048],[-1.100523088764116,44.42500967203612],[-1.099849651795781,44.4243673959577],[-1.096546785340942,44.425851888308536],[-1.092852911853221,44.42625203693614],[-1.089343870240969,44.425629431078264],[-1.086990571272478,44.42450913919212],[-1.084803020951103,44.42239264807483],[-1.083541199770584,44.418962934837595],[-1.077777409358322,44.41808022322239],[-1.075480396811827,44.416978460980154],[-1.073728625731514,44.41544621273967],[-1.072672941376165,44.41361546418044],[-1.072404200620208,44.411643899374134],[-1.072924865017095,44.409742913622395],[-1.074213492006286,44.40799051254326],[-1.076205558586399,44.406555296406545],[-1.079528063195753,44.40543088818429],[-1.082278285638277,44.405238053355006],[-1.086102683900502,44.40591230130044],[-1.08702164359756,44.405710547951244],[-1.089029919995147,44.40397595010878],[-1.092584440617751,44.40227901151641],[-1.093337834556217,44.39840680482194],[-1.094910175777736,44.39602643041903],[-1.097633198772845,44.394258604067176],[-1.101031493858358,44.39337899464045],[-1.104701432774261,44.39349207007675],[-1.107313300695304,44.39426139685243],[-1.110034338712371,44.39603079386208],[-1.111739360155807,44.39889243590002],[-1.114528173642045,44.39974044709577],[-1.118700164197705,44.398512597932495],[-1.123164141156129,44.398813198145525],[-1.124557749218992,44.39772041416753],[-1.1263025851444,44.39732539595395],[-1.129549102204356,44.39812443521673],[-1.132703132118138,44.39786404841436],[-1.134431990035818,44.39850556627824],[-1.136150890917717,44.397578877261296],[-1.138030590177065,44.397441643415604],[-1.139717656146609,44.397949542073405],[-1.140882512430886,44.39898631825025],[-1.142758487880251,44.39802394302364],[-1.145237382297336,44.39801791238307]]]}},{"type":"Feature","properties":{"cluster_id":2,"snapshot_index":12,"estimated_time_utc":"2026-07-26T13:16:00Z","observed_until_utc":"2026-07-26T13:16:00Z","target_time_utc":"2026-07-26T13:16:00Z","arrival_h":71.06666666666666,"hours_ago":0.0,"supported_detections_cumulative":599,"sources_cumulative":"MODIS_NRT, VIIRS_NOAA20_NRT, VIIRS_NOAA21_NRT, VIIRS_SNPP_NRT","last_source":"VIIRS_NOAA20_NRT","last_satellite":"N20","last_instrument":"VIIRS","detected_area_km2":38.12395458965098,"product_type":"cumulative_active_fire_detection_extent"},"geometry":{"type":"MultiLineString","coordinates":[[[-1.202107103394906,44.3952446708677],[-1.204297987632374,44.397358804713306],[-1.205193796261464,44.39991312364407],[-1.204657986435562,44.40251878814745],[-1.202771951986219,44.404779089651846],[-1.199822736444313,44.40634985738633],[-1.196259384916896,44.406991890617114],[-1.192624549550982,44.406607413215816],[-1.18947177946464,44.405254978166504],[-1.187281143384483,44.40314054181193],[-1.186386091951232,44.40058607349876],[-1.186922724456457,44.39798050024579],[-1.188809165154229,44.39572047717131],[-1.191758132538842,44.3941500119458],[-1.195320726870409,44.393508128097416],[-1.198954739556982,44.39389251424832],[-1.202107103394906,44.3952446708677]],[[-1.145908250966216,44.39823861556494],[-1.146776045444557,44.39873842433062],[-1.15222134870377,44.39800544878259],[-1.154075766388256,44.39826506236869],[-1.157145222244522,44.400495559466364],[-1.158818954267834,44.402378631387045],[-1.16144852378643,44.403148994000205],[-1.164134818701824,44.40488170035783],[-1.165454309306769,44.40662222931994],[-1.166012224818536,44.40856238583381],[-1.165477776605966,44.41121195138068],[-1.163559527668807,44.41349351086131],[-1.16503918418389,44.41643079163279],[-1.171574388506273,44.41632121640045],[-1.174847578002328,44.41741999291852],[-1.176815761455637,44.418810808631434],[-1.178135966844268,44.420551196621396],[-1.17869771264514,44.42253538265609],[-1.17842831425322,44.424506914663695],[-1.176895203058336,44.426852954516605],[-1.174954318090568,44.42826357331224],[-1.172525490356464,44.42920966995849],[-1.166740090362134,44.4298629809964],[-1.164483655369482,44.43161411959462],[-1.162054508740871,44.43255998685767],[-1.159285194918214,44.43296212639013],[-1.15585232067913,44.43262232792809],[-1.15499615689062,44.433362541114775],[-1.155189675221837,44.43709885120363],[-1.153032314161592,44.439992313516186],[-1.149225662323828,44.44181540303362],[-1.14408430415822,44.44205564893726],[-1.141533692124738,44.44487172768751],[-1.139244641531936,44.44598317732081],[-1.136788556542363,44.44654390532851],[-1.135331894437149,44.44808345104989],[-1.133194161033617,44.449340174597374],[-1.126231403208273,44.450952319244976],[-1.122652309511943,44.450580265336995],[-1.119895991829589,44.449479839939045],[-1.12026609735647,44.450992134907395],[-1.119754216656499,44.452251752324365],[-1.117521291367187,44.454764592434174],[-1.114567103186871,44.456333111676884],[-1.111061187241349,44.45697010353504],[-1.106648849756262,44.4563752264588],[-1.103687242929438,44.45695824930868],[-1.098885098393743,44.45536807688924],[-1.097444190463167,44.454231037456395],[-1.093815613136181,44.45409730692244],[-1.090541877063664,44.45299610552968],[-1.088574626728043,44.451603728226544],[-1.087256453203543,44.44986224410073],[-1.086700832000061,44.44792165380252],[-1.08697035076669,44.445906242111505],[-1.088507706832116,44.44356143502086],[-1.091016644239654,44.441631285803886],[-1.090106881490851,44.43789950357903],[-1.091441218629005,44.43471676769188],[-1.094680240233955,44.43239837481663],[-1.099449768277884,44.43144682190838],[-1.099043322532683,44.42834061830048],[-1.100523088764116,44.42500967203612],[-1.099849651795781,44.4243673959577],[-1.096546785340942,44.425851888308536],[-1.092852911853221,44.42625203693614],[-1.089343870240969,44.425629431078264],[-1.086990571272478,44.42450913919212],[-1.084803020951103,44.42239264807483],[-1.083541199770584,44.418962934837595],[-1.077777409358322,44.41808022322239],[-1.075480396811827,44.416978460980154],[-1.073728625731514,44.41544621273967],[-1.072672941376165,44.41361546418044],[-1.072404200620208,44.411643899374134],[-1.072924865017095,44.409742913622395],[-1.074213492006286,44.40799051254326],[-1.076205558586399,44.406555296406545],[-1.079528063195753,44.40543088818429],[-1.082278285638277,44.405238053355006],[-1.086102683900502,44.40591230130044],[-1.08702164359756,44.405710547951244],[-1.089029919995147,44.40397595010878],[-1.092584440617751,44.40227901151641],[-1.093337834556217,44.39840680482194],[-1.094910175777736,44.39602643041903],[-1.097633198772845,44.394258604067176],[-1.101031493858358,44.39337899464045],[-1.104701432774261,44.39349207007675],[-1.107313300695304,44.39426139685243],[-1.110034338712371,44.39603079386208],[-1.111739360155807,44.39889243590002],[-1.114528173642045,44.39974044709577],[-1.118700164197705,44.398512597932495],[-1.123164141156129,44.398813198145525],[-1.124557749218992,44.39772041416753],[-1.1263025851444,44.39732539595395],[-1.129549102204356,44.39812443521673],[-1.132703132118138,44.39786404841436],[-1.134431990035818,44.39850556627824],[-1.136150890917717,44.397578877261296],[-1.138030590177065,44.397441643415604],[-1.139717656146609,44.397949542073405],[-1.140882512430886,44.39898631825025],[-1.14311259358444,44.397948257778395],[-1.145908250966216,44.39823861556494]]]}}],"metadata":{"generated_at_utc":"2026-07-26T19:13:42.355626Z","product_type":"cumulative_active_fire_detection_extent","product_label":"Emprises cumulées des détections actives FIRMS","not_a_burn_perimeter":true,"not_a_continuous_fire_front":true,"not_an_arrival_time_interpolation":true,"snapshot_step_hours":6,"confidence_filter":{"VIIRS":["nominal","high"],"MODIS_minimum":30},"footprint_radius_m":{"VIIRS":300.0,"MODIS":750.0},"same_pass_neighbour_m":2000.0,"continuity_distance_m":3000.0,"clusters":[{"cluster_id":1,"first_supported_detection_utc":"2026-07-23T11:38:00Z","last_supported_detection_utc":"2026-07-26T14:31:00Z","pass_states":46,"published_snapshots":11,"final_detected_area_km2":428.20817148018267},{"cluster_id":2,"first_supported_detection_utc":"2026-07-23T14:12:00Z","last_supported_detection_utc":"2026-07-26T13:16:00Z","pass_states":28,"published_snapshots":12,"final_detected_area_km2":38.12395458965098}]},"bbox":[-1.2450894539120019,44.393305963048206,-0.7810254436057221,44.99758609696277]}