{
"type": "FeatureCollection",
"name": "isochrones",
"crs": { "type": "name", "properties": { "name": "urn:ogc:def:crs:OGC:1.3:CRS84" } },
"features": [
{ "type": "Feature", "properties": { "arrival_h": 6.0, "hours_ago": 35.094067985394346 }, "geometry": { "type": "LineString", "coordinates": [ [ -1.264367684856282, 44.766498811652632 ], [ -1.261042513966974, 44.764372816253712 ], [ -1.261042428351581, 44.764372761511076 ], [ -1.257717510660814, 44.762246672597669 ], [ -1.257717423464987, 44.762246616837722 ], [ -1.254392760337338, 44.760120430714331 ], [ -1.254392669813683, 44.760120372819252 ], [ -1.251238160638331, 44.76024154260967 ], [ -1.247913861428948, 44.758115160817347 ], [ -1.247913770112315, 44.75811510240343 ], [ -1.244759359264515, 44.758236085460069 ], [ -1.241604934686531, 44.758356976502569 ], [ -1.238450496536016, 44.758477777483719 ], [ -1.235296044933064, 44.758598489863502 ], [ -1.231972446308447, 44.756471631614922 ], [ -1.231972354096714, 44.756471572602777 ], [ -1.2288180012874, 44.756592103101887 ], [ -1.225494767744725, 44.754465053688165 ], [ -1.225494673917668, 44.754464993630251 ], [ -1.222340419646113, 44.754585338380359 ], [ -1.219186151819669, 44.754705592468952 ], [ -1.215863394982208, 44.752578256123613 ], [ -1.215863300015444, 44.752578195319266 ], [ -1.212709130914529, 44.75269826539747 ], [ -1.209554948215795, 44.752818243818702 ], [ -1.206400752034129, 44.752938131980031 ], [ -1.20324654241064, 44.753057930296116 ], [ -1.200092319325852, 44.753177638371959 ], [ -1.196938082690728, 44.75329725487974 ], [ -1.196937996772071, 44.753297322982014 ], [ -1.193951523656644, 44.755664377495052 ], [ -1.190797134660634, 44.755783820559365 ], [ -1.18764273243897, 44.755903176023196 ], [ -1.184321098323228, 44.753774893905678 ], [ -1.184321002902883, 44.753774832763078 ], [ -1.181166699776209, 44.753894006310276 ], [ -1.177845430793465, 44.751765532975845 ], [ -1.17784533385969, 44.751765470851062 ], [ -1.174691129570237, 44.751884458543842 ], [ -1.171536911815431, 44.752003354708229 ], [ -1.168382680700488, 44.752122160623998 ], [ -1.165228436265735, 44.752240876699048 ], [ -1.1620741785236, 44.752359502965696 ], [ -1.15891990748142, 44.752478039387526 ], [ -1.155765623122739, 44.752596485606183 ], [ -1.15261132537814, 44.752714840545281 ], [ -1.152611236520868, 44.752714910898042 ], [ -1.149622932778758, 44.755080766741841 ], [ -1.146468482894902, 44.755198947529841 ], [ -1.143314019829133, 44.755317039411118 ], [ -1.140159543554118, 44.755435041880475 ], [ -1.137005054102749, 44.755552955249392 ], [ -1.13368536376506, 44.753423161136539 ], [ -1.133685261485333, 44.753423095513668 ], [ -1.130530871387714, 44.75354082596246 ], [ -1.12721154747146, 44.751410841883889 ], [ -1.127211442626797, 44.751410774601915 ], [ -1.124057151739994, 44.75152831970658 ], [ -1.120902847605927, 44.751645774028248 ], [ -1.117748530318877, 44.751763138714843 ], [ -1.114429798645021, 44.749632775958673 ], [ -1.114429690401749, 44.74963270647094 ], [ -1.111275472515244, 44.749749887333273 ], [ -1.108121241439801, 44.749866977640366 ], [ -1.10496699722894, 44.749983977986133 ], [ -1.101812739906085, 44.750100888553781 ], [ -1.098658469475878, 44.750217709269386 ], [ -1.095504185929072, 44.750334439868318 ], [ -1.095504085520312, 44.75033451925475 ], [ -1.09251351904131, 44.752698820087311 ], [ -1.089359083705017, 44.752815376367487 ], [ -1.086041368592271, 44.750684167113718 ], [ -1.085878004225936, 44.748436421505509 ], [ -1.085714652936729, 44.746188677441495 ], [ -1.085714539545315, 44.746188604591232 ], [ -1.082397355001205, 44.744057293065403 ], [ -1.082397241641346, 44.744057220226566 ], [ -1.079080308353911, 44.741925810987894 ], [ -1.078917246992381, 44.739678062120099 ] ] } },
{ "type": "Feature", "properties": { "arrival_h": 6.0, "hours_ago": 35.094067985394346 }, "geometry": { "type": "LineString", "coordinates": [ [ -1.025301794156655, 44.741640735473091 ], [ -1.022308745617057, 44.744003129285574 ], [ -1.022308640975842, 44.744003211873363 ], [ -1.019315341060104, 44.746365526931001 ], [ -1.019315236576908, 44.746365609384377 ], [ -1.016321685161868, 44.748727845692059 ], [ -1.016321580857344, 44.748727927994793 ], [ -1.013327777898852, 44.751090085548213 ], [ -1.013327673785275, 44.751090167690634 ], [ -1.010333619247719, 44.75345224648126 ], [ -1.010333515332099, 44.753452328457882 ], [ -1.007339209182782, 44.755814328439946 ], [ -1.007339105422915, 44.755814410284088 ], [ -1.007499354885353, 44.7580622763546 ], [ -1.004504683557855, 44.760424204498669 ], [ -1.001189738857286, 44.758290452252773 ], [ -1.001029742257755, 44.756042576834446 ], [ -1.001029627320115, 44.756042502844096 ], [ -0.997715073570349, 44.753908650859643 ], [ -0.997714958398681, 44.753908576709641 ], [ -0.994400656396213, 44.751774627345519 ], [ -0.994400540896521, 44.751774552975263 ], [ -0.991245956684954, 44.751888316748122 ], [ -0.987932019240662, 44.749754175525361 ], [ -0.987931903535365, 44.749754101007845 ], [ -0.984618217773775, 44.747619862559638 ], [ -0.984618101784685, 44.747619787850269 ], [ -0.981463730739653, 44.747733272873049 ], [ -0.978309346973831, 44.747846668065861 ], [ -0.975154950499142, 44.747959973455337 ], [ -0.972000541326061, 44.748073189047787 ], [ -0.968846119464605, 44.748186314842989 ], [ -0.965691684924732, 44.748299350839922 ], [ -0.962537237716259, 44.748412297035564 ], [ -0.959382777848703, 44.748525153422598 ], [ -0.959382672849018, 44.748525236154137 ], [ -0.956386491774399, 44.750885854078916 ], [ -0.953231880912436, 44.750998535455572 ], [ -0.95007725742107, 44.7511111270355 ], [ -0.946922621309885, 44.751223628812411 ], [ -0.943767972588763, 44.751336040784089 ], [ -0.940613311267706, 44.7514483629501 ], [ -0.937458637356734, 44.751560595310259 ], [ -0.934303950865938, 44.751672737865348 ], [ -0.931149251805612, 44.751784790619141 ], [ -0.931149146614191, 44.751784873437522 ], [ -0.928151607749538, 44.75414473029592 ], [ -0.924996757847394, 44.754256607979002 ], [ -0.924996652706907, 44.754256690740739 ], [ -0.921998724035986, 44.756616383251142 ], [ -0.921998618998071, 44.756616465922427 ], [ -0.919000438727812, 44.758976079363009 ], [ -0.919000333787949, 44.758976161947409 ], [ -0.916001901899506, 44.761335696294999 ], [ -0.91600179704607, 44.761335778801715 ], [ -0.913003113525576, 44.763695233997083 ], [ -0.913003008699243, 44.763695316472784 ], [ -0.91315951040415, 44.76594332356435 ], [ -0.910160461712742, 44.768302705817597 ], [ -0.910160357090358, 44.768302788120266 ], [ -0.910316758049714, 44.770550802827046 ], [ -0.907317344181303, 44.772910112067763 ], [ -0.90731723971316, 44.77291019423653 ], [ -0.907473539781278, 44.775158216546068 ], [ -0.907629852249477, 44.777406240385211 ], [ -0.907786177186771, 44.779654265748171 ], [ -0.907942514617567, 44.781902292630804 ], [ -0.908098864545407, 44.784150321029649 ], [ -0.908255226966327, 44.786398350941525 ], [ -0.908411601819573, 44.788646382365279 ], [ -0.908567988909086, 44.790894415304493 ], [ -0.908568103309046, 44.790894489077417 ], [ -0.911881453647682, 44.79303103370745 ], [ -0.912037991426456, 44.795279065117214 ], [ -0.912038105421383, 44.795279138616827 ], [ -0.91535184650775, 44.797415583009418 ], [ -0.915508535092726, 44.799663612869274 ], [ -0.915508648791572, 44.799663686165914 ], [ -0.918822779820773, 44.801800030244962 ], [ -0.918822893312509, 44.801800103399195 ], [ -0.921980423520373, 44.80168839883369 ], [ -0.925294920748012, 44.803824551816128 ], [ -0.925295033364607, 44.803824624391737 ], [ -0.928609782272845, 44.80596067973346 ], [ -0.928609895127905, 44.805960752453892 ], [ -0.931767639564966, 44.805848769178986 ], [ -0.934925371423912, 44.805736696123098 ], [ -0.938240599905116, 44.807872466004838 ], [ -0.938240711907775, 44.807872538155905 ], [ -0.94139854449974, 44.80776028028825 ], [ -0.944714139534381, 44.809895858482072 ], [ -0.9447142502521, 44.809895929791111 ], [ -0.948030098737904, 44.812031410240969 ], [ -0.948188135464846, 44.814279404783072 ], [ -0.948346185022513, 44.816527400781609 ], [ -0.948504246512103, 44.818775398265331 ], [ -0.948504356724817, 44.818775469231277 ], [ -0.951820874548129, 44.820910843010445 ], [ -0.951979086512397, 44.823158838847597 ], [ -0.951979195898443, 44.823158909269637 ], [ -0.955296104208411, 44.825294182850641 ], [ -0.955296212233716, 44.82529425238819 ], [ -0.95861337347194, 44.827429429210248 ], [ -0.958613480685458, 44.827429498216837 ], [ -0.961930894833583, 44.829564577893713 ], [ -0.961931001244975, 44.829564646375673 ], [ -0.965248667387021, 44.831699628919679 ], [ -0.965248773975704, 44.831699697507396 ], [ -0.968407891408533, 44.831586668424478 ], [ -0.971725924609829, 44.833721460955282 ], [ -0.971726029729674, 44.833721528584277 ], [ -0.974885247813631, 44.833608315287677 ], [ -0.978044453163945, 44.833495012094673 ], [ -0.981362974258716, 44.835629520312821 ], [ -0.978363052757514, 44.83799081322428 ], [ -0.978362961347505, 44.837990885170655 ], [ -0.978522288359291, 44.840238855498775 ], [ -0.975522003033256, 44.842600074505221 ], [ -0.97552191080748, 44.842600147082564 ], [ -0.975681136638252, 44.844848124886987 ], [ -0.97584037354698, 44.847096104165487 ], [ -0.975999622807231, 44.849344084869067 ], [ -0.976158884840573, 44.851592066979293 ], [ -0.976318159488675, 44.853840050498526 ], [ -0.97631825550216, 44.853840112240007 ], [ -0.979637919787889, 44.855974687921183 ], [ -0.976636832996329, 44.858335957471539 ], [ -0.973317149461949, 44.856201286201603 ], [ -0.973317053635782, 44.856201224578427 ], [ -0.969997628044306, 44.854066459183279 ], [ -0.969997526637566, 44.854066393963421 ], [ -0.966837147891782, 44.854179467423556 ], [ -0.963676756406584, 44.854292450636827 ], [ -0.960357813614475, 44.852157400851901 ], [ -0.960357708671689, 44.852157333339022 ], [ -0.957197417975595, 44.852270132418013 ], [ -0.954037114515739, 44.85238284045662 ], [ -0.950876798360929, 44.852495458286405 ], [ -0.947716469547099, 44.852607986274236 ], [ -0.944556128109047, 44.852720424771967 ], [ -0.941238007813478, 44.850584808057292 ], [ -0.941237900321147, 44.85058473886864 ], [ -0.937920032215641, 44.848449026071656 ], [ -0.937762312813186, 44.846200991528654 ], [ -0.937762202687471, 44.846200920633308 ], [ -0.934602201920661, 44.84631307698109 ], [ -0.93128484045459, 44.844177168941627 ], [ -0.931284731098615, 44.844177098527709 ], [ -0.927967623245452, 44.842041093861965 ], [ -0.927967512564355, 44.842041022586116 ], [ -0.924807726196877, 44.842152898921839 ], [ -0.921647927208922, 44.842264684724931 ], [ -0.918488115658782, 44.842376380684627 ], [ -0.915171601712647, 44.840239995022678 ], [ -0.915171490021459, 44.840239923070669 ], [ -0.91201177951058, 44.84035143483549 ], [ -0.908852056424375, 44.840462856116737 ], [ -0.905692320778528, 44.840574186993628 ], [ -0.905692219133908, 44.840574266843923 ], [ -0.90268886960091, 44.842933509572404 ], [ -0.899528982796549, 44.843044665138187 ], [ -0.89636908348425, 44.843155730624972 ], [ -0.896368981310718, 44.843155810868105 ], [ -0.893365102701262, 44.845514802352604 ], [ -0.893365000911209, 44.845514882285151 ], [ -0.890360869608611, 44.847873794605007 ], [ -0.887200680536401, 44.847984599162835 ], [ -0.887200578179819, 44.847984679524188 ], [ -0.884196056498181, 44.850343426817524 ] ] } },
{ "type": "Feature", "properties": { "arrival_h": 6.0, "hours_ago": 35.094067985394346 }, "geometry": { "type": "LineString", "coordinates": [ [ -1.022853818124417, 44.79581846325415 ], [ -1.022692849075718, 44.793570590043046 ], [ -1.025688531189787, 44.791208136462984 ], [ -1.029006357541703, 44.79334118624628 ], [ -1.029167580807857, 44.795589050021121 ], [ -1.026171809585867, 44.79795160383118 ], [ -1.022853818124417, 44.79581846325415 ] ] } },
{ "type": "Feature", "properties": { "arrival_h": 6.0, "hours_ago": 35.094067985394346 }, "geometry": { "type": "LineString", "coordinates": [ [ -1.092240332003373, 45.009651471021712 ], [ -1.095244627940037, 45.007286987745843 ], [ -1.098413381680219, 45.007170254683622 ], [ -1.098413484272334, 45.007170173928671 ], [ -1.101417385620779, 45.004805526086436 ], [ -1.101417487803806, 45.004805445644024 ], [ -1.104421135961531, 45.002440718148009 ], [ -1.10442123796751, 45.002440637835491 ], [ -1.107424632715176, 45.000075830736186 ], [ -1.107424734580389, 45.000075750525021 ], [ -1.110427875921912, 44.997710864093712 ], [ -1.110427977987778, 44.99771078371505 ], [ -1.110262912804851, 44.995462898365446 ], [ -1.113265688099859, 44.993097938164908 ], [ -1.113265789872619, 44.993097858004788 ], [ -1.113100624726657, 44.990849979768171 ], [ -1.112935472887016, 44.988602102709208 ], [ -1.11593776851986, 44.986237073488887 ], [ -1.119105288682977, 44.986119751751254 ], [ -1.122272795551772, 44.986002339495322 ], [ -1.125440289119376, 44.985884836766431 ], [ -1.128773428115991, 44.988015025255635 ], [ -1.12877354080788, 44.988015097271862 ], [ -1.131941134496296, 44.987897409322755 ], [ -1.135108714929426, 44.987779631953892 ], [ -1.135108816410425, 44.987779551971641 ], [ -1.138110130484147, 44.985413925320508 ], [ -1.141277557549672, 44.985295972345476 ], [ -1.144444971267156, 44.985177929088479 ], [ -1.147612371664693, 44.985059796066047 ], [ -1.147612473026068, 44.985059716148811 ], [ -1.150613113706343, 44.982693754543646 ], [ -1.150613214250602, 44.982693675261302 ], [ -1.153613602357636, 44.980327633540924 ], [ -1.15678070930197, 44.980209240088385 ], [ -1.156780810139706, 44.980209160558672 ], [ -1.159780804586076, 44.977842955059934 ], [ -1.159780905232351, 44.977842875671875 ], [ -1.159613918662082, 44.975595076629865 ], [ -1.162613548436701, 44.973228796932517 ], [ -1.162613647922845, 44.973228718447515 ], [ -1.165613023891067, 44.97086235990357 ], [ -1.165613123908653, 44.970862280989998 ], [ -1.165445924683749, 44.968614495198473 ], [ -1.165278739520382, 44.966366710589107 ], [ -1.165111567405364, 44.964118927203181 ], [ -1.168110352994788, 44.961752506574285 ], [ -1.168110451824535, 44.961752428580475 ], [ -1.167943179834977, 44.959504652465867 ], [ -1.167775923100504, 44.957256877502061 ], [ -1.167775813739516, 44.957256807646104 ], [ -1.164443015687079, 44.955127805725773 ], [ -1.164275912305135, 44.952880028376057 ], [ -1.164108822896515, 44.950632252235039 ], [ -1.16410871459878, 44.95063218304378 ], [ -1.160776448486397, 44.948503074702451 ], [ -1.160609513369823, 44.946255296163166 ], [ -1.160609405799988, 44.946255227425539 ], [ -1.15727753351864, 44.944126016457872 ], [ -1.157277427329674, 44.944125948594341 ], [ -1.15394580748837, 44.941996638219706 ], [ -1.153945701843795, 44.941996570695828 ], [ -1.15061433377191, 44.939867161518855 ], [ -1.150614229403895, 44.939867094802757 ], [ -1.147283110343245, 44.937737586444683 ], [ -1.150281244417849, 44.935371660001756 ], [ -1.150281337004723, 44.935371586934046 ], [ -1.153279215711655, 44.933005582362199 ], [ -1.153279309571949, 44.933005508280793 ], [ -1.153112714724823, 44.930757729081442 ], [ -1.156110230067569, 44.928391650405295 ], [ -1.156110322686527, 44.928391577292452 ], [ -1.155943628017496, 44.926143805452547 ], [ -1.158940778764106, 44.923777653183379 ], [ -1.158940870716303, 44.923777580585785 ], [ -1.158774077585035, 44.921529816072081 ], [ -1.158607299500885, 44.919282052773234 ], [ -1.158440534872551, 44.917034290752177 ], [ -1.158273782251845, 44.914786530066458 ], [ -1.161270232132451, 44.912420319452067 ], [ -1.161270319388926, 44.912420250544017 ], [ -1.164266513691992, 44.910053961023593 ], [ -1.164266601038433, 44.910053892036352 ], [ -1.167262542499363, 44.907687523013813 ], [ -1.167262629259475, 44.907687454481596 ], [ -1.170258318456853, 44.905321003810585 ], [ -1.173421157048728, 44.905202139846338 ], [ -1.176583982189037, 44.905083185214288 ], [ -1.179746794005473, 44.904964141764225 ], [ -1.179746883585997, 44.904964070978288 ], [ -1.182741898010319, 44.90259728708017 ], [ -1.185904556729677, 44.902478069544493 ], [ -1.185904646028866, 44.902477998966738 ], [ -1.188899268369161, 44.900111050992003 ], [ -1.192061773900523, 44.89999165848468 ], [ -1.192061863595033, 44.899991587580253 ], [ -1.19505609331985, 44.897624477751727 ], [ -1.195056181385453, 44.897624408126774 ], [ -1.198050160323646, 44.895257220274743 ], [ -1.198050249717542, 44.895257149591302 ], [ -1.197881972822342, 44.893009463769587 ], [ -1.200875590129839, 44.89064220113984 ], [ -1.200875677014939, 44.890642132429612 ], [ -1.203869039300682, 44.888274792332361 ], [ -1.203869127989602, 44.888274722187376 ], [ -1.203700638905449, 44.886027050080884 ], [ -1.206693639414444, 44.883659636765387 ], [ -1.206693727584538, 44.883659567020104 ], [ -1.206525140886132, 44.881411902387853 ], [ -1.206356568469541, 44.879164239057857 ], [ -1.209349092948475, 44.876796758211178 ], [ -1.209349179766815, 44.87679668952228 ], [ -1.209180505690255, 44.874549033844389 ], [ -1.212172665233398, 44.872181480271358 ], [ -1.212172751924448, 44.872181411672699 ], [ -1.212003980500289, 44.869933763500988 ], [ -1.211835225054447, 44.867686116584004 ], [ -1.211666483756038, 44.86543847099459 ], [ -1.211497756011293, 44.863190826758618 ], [ -1.21132904176353, 44.86094318388151 ], [ -1.211160341008845, 44.858695542366782 ], [ -1.210991653745217, 44.856447902217795 ], [ -1.210822979970744, 44.854200263437946 ], [ -1.210654319685941, 44.851952626030553 ], [ -1.210485672956275, 44.849704989996404 ], [ -1.210317040427991, 44.847457355314319 ], [ -1.210148423108199, 44.84520972194936 ], [ -1.210148333646, 44.845209664753604 ], [ -1.206820549511606, 44.843081994370671 ], [ -1.209811144150872, 44.840714516423986 ], [ -1.212970261545804, 44.840594530795492 ], [ -1.216129365485209, 44.840474455830247 ], [ -1.216129446460924, 44.840474391712156 ], [ -1.219119498315777, 44.83810666665687 ], [ -1.222278449104403, 44.837986415393914 ], [ -1.225437386434593, 44.837866075138876 ], [ -1.225437467411664, 44.837866011001566 ], [ -1.228426988183178, 44.835498037614087 ], [ -1.231585772529401, 44.835377523856558 ], [ -1.231585852544467, 44.835377460468521 ], [ -1.23457498274673, 44.833009322899024 ], [ -1.23773361401525, 44.83288863472103 ], [ -1.237733694038552, 44.832888571313781 ], [ -1.240722432930615, 44.830520273115319 ], [ -1.240722509874159, 44.830520212141174 ], [ -1.243711000027982, 44.828151834575451 ], [ -1.2437110761729, 44.828151774227088 ], [ -1.246699315205439, 44.825783317457109 ], [ -1.246699390627178, 44.825783257674871 ], [ -1.249687378446983, 44.823414721255325 ], [ -1.249687452530649, 44.823414662526801 ], [ -1.252675189583016, 44.821046043438663 ], [ -1.255833109527292, 44.820924840952067 ], [ -1.255833185890339, 44.820924780404511 ], [ -1.258820529116782, 44.818555997686609 ], [ -1.261978295917881, 44.818434620884481 ], [ -1.261978372674396, 44.818434560012761 ], [ -1.2649653243565, 44.816065617137113 ], [ -1.264965397235871, 44.816065559333374 ], [ -1.267952100822907, 44.813696532594435 ] ] } },
{ "type": "Feature", "properties": { "arrival_h": 6.0, "hours_ago": 35.094067985394346 }, "geometry": { "type": "LineString", "coordinates": [ [ -0.888713235130583, 44.91553941930016 ], [ -0.892033190972756, 44.917676644098201 ], [ -0.892033304407691, 44.917676717117587 ], [ -0.895353513121268, 44.919813843694897 ], [ -0.895353626619916, 44.919813916746385 ], [ -0.898674088301122, 44.921950945469376 ], [ -0.898674201808371, 44.921951018517476 ], [ -0.901994916215446, 44.924087949418194 ], [ -0.90199503000575, 44.92408802263953 ], [ -0.905159476918984, 44.923976792819552 ], [ -0.90848055840895, 44.926113531680336 ], [ -0.908480672110524, 44.926113604829901 ], [ -0.91164522042933, 44.926002190510594 ], [ -0.91480975618964, 44.925890686341944 ], [ -0.917974279368488, 44.925779092139784 ], [ -0.92113878995162, 44.925667407844955 ], [ -0.924303287928674, 44.925555633454074 ], [ -0.927467773289465, 44.925443768966424 ], [ -0.930632246023492, 44.925331814376634 ], [ -0.933796706120445, 44.925219769682137 ], [ -0.936961153569958, 44.925107634879602 ], [ -0.940125588365914, 44.924995410026099 ], [ -0.943290010515216, 44.924883095363576 ], [ -0.943290111722895, 44.924883015897727 ], [ -0.94629614113823, 44.922522613096447 ], [ -0.949460411395327, 44.922410122280382 ], [ -0.952783091585922, 44.924545538359929 ], [ -0.949777224050651, 44.92690611731652 ], [ -0.949777123525988, 44.926906196256319 ], [ -0.946771004888473, 44.929266695314077 ], [ -0.94360634236635, 44.929379108585216 ], [ -0.943606240463835, 44.929379188590957 ], [ -0.940599730977478, 44.931739521525998 ], [ -0.940599628915568, 44.931739601647443 ], [ -0.937592866553153, 44.934099855121758 ], [ -0.93442791299552, 44.934212007737159 ], [ -0.931262946803, 44.934324070494668 ], [ -0.928097967983234, 44.934436043359419 ], [ -0.924775646512124, 44.932299885320823 ], [ -0.924775532731132, 44.932299812158448 ], [ -0.921610655209924, 44.93241160040364 ], [ -0.918445765059479, 44.932523298275925 ], [ -0.915280862303578, 44.932634905969984 ], [ -0.912115946953019, 44.932746423495189 ], [ -0.908951019006625, 44.932857850689238 ], [ -0.908950915679757, 44.932857931736812 ], [ -0.905942763011967, 44.935217328980272 ], [ -0.902777683374034, 44.935328580346301 ], [ -0.902777579872127, 44.935328661514887 ], [ -0.899769035148474, 44.937687893225977 ], [ -0.896603803854667, 44.937798968910748 ], [ -0.896603700083945, 44.937799050273846 ], [ -0.893594763368363, 44.940158116212658 ], [ -0.893594659701996, 44.940158197484337 ], [ -0.890585469726892, 44.942517183840728 ] ] } },
{ "type": "Feature", "properties": { "arrival_h": 6.0, "hours_ago": 35.094067985394346 }, "geometry": { "type": "LineString", "coordinates": [ [ -0.892928321767051, 44.976239995120714 ], [ -0.896252031917611, 44.97837713049983 ], [ -0.896252147705634, 44.978377204946618 ], [ -0.899576111294444, 44.980514242173726 ], [ -0.899576227143455, 44.980514316650648 ], [ -0.902900444128688, 44.982651255828763 ], [ -0.902900560109047, 44.982651330381003 ], [ -0.906068312203859, 44.982540073300129 ], [ -0.909236051717605, 44.982428726060249 ], [ -0.91256075069859, 44.984565377931226 ], [ -0.912560866602302, 44.984565452413385 ], [ -0.915728707685884, 44.984453920193019 ], [ -0.919053774365016, 44.986590379252775 ], [ -0.919053890286913, 44.986590453731651 ], [ -0.922221832908723, 44.986478736587244 ], [ -0.92554726725696, 44.988615002811848 ], [ -0.925547383227479, 44.98861507730701 ], [ -0.928715427355136, 44.988503175283746 ], [ -0.931883458829596, 44.98839118314082 ], [ -0.935051477637434, 44.988279100831569 ], [ -0.9382194837687, 44.988166928358964 ], [ -0.941387477216979, 44.988054665776154 ], [ -0.94138758213577, 44.988054583491682 ], [ -0.944397076950554, 44.985694192416219 ], [ -0.94756491821474, 44.985581754024828 ], [ -0.950732746764032, 44.985469225484707 ], [ -0.950732851683282, 44.985469143176552 ], [ -0.953741813991254, 44.983108501222453 ], [ -0.953741918767165, 44.983108419017036 ], [ -0.956750627708238, 44.980747697213545 ], [ -0.956750732397397, 44.980747615066477 ], [ -0.959759187925545, 44.978386813292083 ], [ -0.962926585250399, 44.978273937674359 ], [ -0.966253084161349, 44.980408982280487 ], [ -0.966253199884859, 44.980409056550691 ], [ -0.969579952215013, 44.982544002807948 ], [ -0.969580067989416, 44.982544077101743 ], [ -0.972907073804542, 44.984678925144387 ], [ -0.972907189589933, 44.984678999436134 ], [ -0.976234448832192, 44.98681374927942 ], [ -0.976234564709354, 44.98681382362097 ], [ -0.979402405079002, 44.986700478435822 ], [ -0.982730031886943, 44.988835035436203 ], [ -0.982730147687638, 44.98883510971379 ], [ -0.985898089178221, 44.988721579594923 ], [ -0.98906601783098, 44.988607959348982 ], [ -0.992233933626831, 44.988494248850685 ], [ -0.99556215624646, 44.990628423432447 ], [ -0.995562271543445, 44.990628497360454 ], [ -0.998890747579388, 44.992762573563333 ], [ -0.998890863012393, 44.992762647569492 ], [ -1.002058993731312, 44.992648657097256 ], [ -1.005227111554782, 44.99253457643848 ], [ -1.00855606990549, 44.994668365158539 ], [ -1.008717050155729, 44.996916399063146 ], [ -1.008717165170436, 44.996916472777322 ], [ -1.01204651687361, 44.999050159399729 ], [ -1.012207650057457, 45.001298190999748 ], [ -1.012368796246756, 45.00354622377327 ], [ -1.012529955172203, 45.005794257726649 ], [ -1.012530070418868, 45.005794331570776 ], [ -1.015860094483805, 45.007927909269092 ], [ -1.015860209443404, 45.007927982920272 ], [ -1.019190487577796, 45.010061462431651 ], [ -1.019351939167415, 45.012309490550656 ] ] } },
{ "type": "Feature", "properties": { "arrival_h": 12.0, "hours_ago": 29.094067985394346 }, "geometry": { "type": "LineString", "coordinates": [ [ -1.264367685879498, 44.766498825137013 ], [ -1.261042495039475, 44.764372816982068 ], [ -1.261042429373956, 44.764372774995437 ], [ -1.257717491734004, 44.762246673325464 ], [ -1.257717424486525, 44.762246630322061 ], [ -1.254392741411237, 44.760120431441557 ], [ -1.254392670834384, 44.760120386303605 ], [ -1.251238161658283, 44.760241556094094 ], [ -1.247913842503449, 44.758115161543458 ], [ -1.247913771131426, 44.758115115887833 ], [ -1.244759360282875, 44.758236098944529 ], [ -1.241604935704137, 44.758356989987071 ], [ -1.23845049755287, 44.758477790968236 ], [ -1.235296045949164, 44.758598503348068 ], [ -1.231972427383305, 44.756471632338325 ], [ -1.231972355111974, 44.756471586087301 ], [ -1.228818002301911, 44.756592116586482 ], [ -1.225494748820194, 44.754465054410439 ], [ -1.225494674931339, 44.754465007114817 ], [ -1.222340420659032, 44.754585351864968 ], [ -1.219186152831837, 44.754705605953632 ], [ -1.215863376058201, 44.752578256844245 ], [ -1.215863301026772, 44.752578208803897 ], [ -1.212709131925104, 44.752698278882164 ], [ -1.209554949225617, 44.752818257303417 ], [ -1.206400753043197, 44.752938145464775 ], [ -1.203246543418955, 44.753057943780881 ], [ -1.200092320333413, 44.753177651856767 ], [ -1.196938083697533, 44.753297268364534 ], [ -1.196938015696555, 44.753297322264601 ], [ -1.193951524662779, 44.755664390979952 ], [ -1.190797135666015, 44.755783834044259 ], [ -1.187642733443597, 44.755903189508167 ], [ -1.184321079398422, 44.753774894620925 ], [ -1.184321003906673, 44.753774846247993 ], [ -1.181166700779247, 44.753894019795261 ], [ -1.177845411869269, 44.751765533689984 ], [ -1.177845334861892, 44.751765484336026 ], [ -1.174691130571685, 44.751884472028827 ], [ -1.171536912816125, 44.752003368193272 ], [ -1.168382681700429, 44.752122174109076 ], [ -1.165228437264922, 44.752240890184154 ], [ -1.162074179522032, 44.752359516450809 ], [ -1.158919908479099, 44.752478052872689 ], [ -1.155765624119663, 44.752596499091347 ], [ -1.152611326374308, 44.752714854030444 ], [ -1.152611255445681, 44.752714910188217 ], [ -1.149622933774257, 44.755080780227104 ], [ -1.146468483889645, 44.755198961015111 ], [ -1.143314020823121, 44.755317052896416 ], [ -1.140159544547352, 44.755435055365794 ], [ -1.137005055095229, 44.755552968734733 ], [ -1.133685344839811, 44.753423161843138 ], [ -1.133685262476976, 44.75342310899898 ], [ -1.130530872378605, 44.753540839447815 ], [ -1.127211528546836, 44.751410842589387 ], [ -1.127211443616851, 44.751410788087256 ], [ -1.124057152729296, 44.751528333191963 ], [ -1.120902848594474, 44.751645787513652 ], [ -1.11774853130667, 44.751763152200276 ], [ -1.114429779720873, 44.749632776661983 ], [ -1.114429691388707, 44.749632719956374 ], [ -1.111275473501448, 44.749749900818713 ], [ -1.10812124242525, 44.749866991125856 ], [ -1.104966998213635, 44.74998399147163 ], [ -1.101812740890027, 44.750100902039286 ], [ -1.098658470459065, 44.750217722754932 ], [ -1.095504186911504, 44.750334453353901 ], [ -1.095504104444895, 44.750334518554666 ], [ -1.092513520023068, 44.752698833572929 ], [ -1.089359084686021, 44.752815389853119 ], [ -1.086041349667455, 44.750684167812189 ], [ -1.085877985301883, 44.748436422203952 ], [ -1.085714634013441, 44.746188678139887 ], [ -1.085714540525327, 44.74618861807685 ], [ -1.082397336078593, 44.744057293763255 ], [ -1.082397242620527, 44.744057233712219 ], [ -1.079080289431975, 44.741925811685157 ], [ -1.078917228071204, 44.73967806281734 ] ] } },
{ "type": "Feature", "properties": { "arrival_h": 12.0, "hours_ago": 29.094067985394346 }, "geometry": { "type": "LineString", "coordinates": [ [ -1.025301813079126, 44.741640734785037 ], [ -1.022308746581836, 44.744003142771717 ], [ -1.022308659899145, 44.744003211185785 ], [ -1.019315342024204, 44.74636554041718 ], [ -1.019315255501045, 44.746365608697324 ], [ -1.016321686125293, 44.748727859178281 ], [ -1.016321599782314, 44.748727927308245 ], [ -1.013327778861599, 44.751090099034492 ], [ -1.013327692711078, 44.751090167004605 ], [ -1.010333620209789, 44.753452259967553 ], [ -1.010333534258735, 44.753452327772344 ], [ -1.007339210144175, 44.755814341926296 ], [ -1.007339124350385, 44.755814409599076 ], [ -1.007499373813587, 44.758062275669559 ], [ -1.004504684518648, 44.760424217985062 ], [ -1.0011897199289, 44.758290452936741 ], [ -1.00102972333013, 44.756042577518372 ], [ -1.001029628279999, 44.756042516330481 ], [ -0.997715054643405, 44.753908651543021 ], [ -0.997714959357734, 44.753908590196048 ], [ -0.994400637469952, 44.751774628028322 ], [ -0.994400541854743, 44.751774566461691 ], [ -0.991245957642422, 44.751888330234578 ], [ -0.987932000315004, 44.74975417620707 ], [ -0.987931904492003, 44.749754114494323 ], [ -0.984618198848799, 44.747619863240772 ], [ -0.984618102740492, 44.747619801336761 ], [ -0.981463731694705, 44.747733286359569 ], [ -0.97830934792813, 44.747846681552403 ], [ -0.975154951452686, 44.7479599869419 ], [ -0.972000542278853, 44.748073202534393 ], [ -0.968846120416641, 44.748186328329602 ], [ -0.965691685876014, 44.748299364326577 ], [ -0.962537238666787, 44.748412310522241 ], [ -0.959382778798477, 44.748525166909296 ], [ -0.959382691774601, 44.74852523547731 ], [ -0.956386492723494, 44.75088586756565 ], [ -0.953231881860778, 44.750998548942349 ], [ -0.950077258368657, 44.751111140522305 ], [ -0.946922622256719, 44.751223642299244 ], [ -0.943767973534842, 44.751336054270965 ], [ -0.940613312213031, 44.75144837643699 ], [ -0.937458638301304, 44.75156060879717 ], [ -0.934303951809753, 44.751672751352295 ], [ -0.931149252748674, 44.751784804106123 ], [ -0.931149165541209, 44.751784872765512 ], [ -0.92815160869192, 44.754144743782916 ], [ -0.924996758789021, 44.754256621466027 ], [ -0.92499667163483, 44.754256690069781 ], [ -0.921998724976935, 44.75661639673821 ], [ -0.921998637926824, 44.756616465251994 ], [ -0.919000439668083, 44.758976092850119 ], [ -0.919000352717533, 44.758976161277495 ], [ -0.916001902839097, 44.761335709782131 ], [ -0.916001815976486, 44.761335778132292 ], [ -0.913003114464488, 44.763695247484264 ], [ -0.91300302763049, 44.763695315803879 ], [ -0.913159529336155, 44.76594332289541 ], [ -0.910160462651049, 44.768302719304828 ], [ -0.910160376023192, 44.768302787451837 ], [ -0.910316776983307, 44.770550802158596 ], [ -0.907317345119004, 44.772910125555015 ], [ -0.90731725864758, 44.772910193568606 ], [ -0.907473558716457, 44.775158215878108 ], [ -0.907629871185413, 44.777406239717209 ], [ -0.907786196123463, 44.77965426508014 ], [ -0.907942533555017, 44.781902291962751 ], [ -0.908098883483613, 44.784150320361562 ], [ -0.908255245905291, 44.786398350273416 ], [ -0.908411620759292, 44.788646381697149 ], [ -0.908568007849559, 44.790894414636327 ], [ -0.908568102370744, 44.790894475590065 ], [ -0.911881472588844, 44.793031033038716 ], [ -0.912038010368369, 44.795279064448465 ], [ -0.912038104482175, 44.795279125129483 ], [ -0.915351865450355, 44.797415582340093 ], [ -0.915508554036079, 44.799663612199929 ], [ -0.915508647851457, 44.799663672678577 ], [ -0.918822798764808, 44.801800029575055 ], [ -0.918822892371564, 44.801800089911872 ], [ -0.921980422578672, 44.801688385346402 ], [ -0.925294939692661, 44.803824551145105 ], [ -0.925295032422075, 44.803824610904435 ], [ -0.928609801218174, 44.805960679061876 ], [ -0.928609894184543, 44.80596073896664 ], [ -0.931767638620846, 44.805848755691748 ], [ -0.934925370479036, 44.805736682635867 ], [ -0.938240618850982, 44.807872465331606 ], [ -0.938240710962068, 44.807872524668703 ], [ -0.941398543553278, 44.807760266801083 ], [ -0.944714158480867, 44.809895857807717 ], [ -0.944714249304806, 44.809895916303951 ], [ -0.948030117685088, 44.812031409566075 ], [ -0.948188154412783, 44.814279404108134 ], [ -0.948346203971207, 44.816527400106658 ], [ -0.948504265461544, 44.818775397590329 ], [ -0.948504355776462, 44.818775455744102 ], [ -0.951820893498278, 44.820910842334897 ], [ -0.951979105463283, 44.823158838172013 ], [ -0.951979194949181, 44.823158895782484 ], [ -0.955296123159993, 44.825294182174503 ], [ -0.95529621128362, 44.825294238901016 ], [ -0.958613392424212, 44.827429428533527 ], [ -0.958613479734529, 44.82742948472967 ], [ -0.961930913786545, 44.829564577216438 ], [ -0.961931000293215, 44.829564632888541 ], [ -0.96524868634066, 44.831699628241829 ], [ -0.96524877302311, 44.831699684020279 ], [ -0.968407890455182, 44.831586654937368 ], [ -0.971725943564089, 44.833721460276337 ], [ -0.97172602877549, 44.833721515097196 ], [ -0.974885246858691, 44.833608301800609 ], [ -0.978044452208244, 44.833494998607598 ], [ -0.981362993213609, 44.835629519632214 ], [ -0.978363053713365, 44.837990826711369 ], [ -0.978362980303171, 44.837990884490566 ], [ -0.978522307315753, 44.840238854818644 ], [ -0.975522003988503, 44.842600087992324 ], [ -0.975521929764726, 44.842600146402944 ], [ -0.975681155596288, 44.84484812420736 ], [ -0.975840392505785, 44.847096103485811 ], [ -0.975999641766801, 44.849344084189362 ], [ -0.976158903800909, 44.851592066299574 ], [ -0.976318178449774, 44.853840049818764 ], [ -0.976318254546527, 44.853840098752798 ], [ -0.979637938749748, 44.85597468724086 ], [ -0.976636833952119, 44.858335970958805 ], [ -0.973317130500015, 44.856201286880847 ], [ -0.973317054590734, 44.856201238065665 ], [ -0.969997609083116, 44.85406645986194 ], [ -0.969997527591682, 44.854066407450645 ], [ -0.966837148845142, 44.854179480910801 ], [ -0.963676757359187, 44.854292464124107 ], [ -0.960357794653854, 44.852157401528906 ], [ -0.960357709623455, 44.852157346826289 ], [ -0.957197418926606, 44.852270145905308 ], [ -0.954037115465992, 44.852382853943951 ], [ -0.950876799310426, 44.852495471773757 ], [ -0.947716470495839, 44.852607999761602 ], [ -0.94455612905703, 44.852720438259354 ], [ -0.941237988853187, 44.850584808731043 ], [ -0.941237901268295, 44.850584752356042 ], [ -0.937920013256028, 44.848449026744852 ], [ -0.937762293854364, 44.846200992201808 ], [ -0.937762203633709, 44.846200934120695 ], [ -0.934602202866143, 44.846313090468541 ], [ -0.931284821496365, 44.844177169613666 ], [ -0.931284732043263, 44.844177112015146 ], [ -0.927967604287921, 44.84204109453345 ], [ -0.927967513508171, 44.842041036073581 ], [ -0.924807727139937, 44.842152912409311 ], [ -0.921647928151226, 44.842264698212439 ], [ -0.918488116600328, 44.84237639417217 ], [ -0.915171582755585, 44.840239995691974 ], [ -0.915171490962172, 44.840239936558206 ], [ -0.912011780450536, 44.840351448323055 ], [ -0.908852057363575, 44.84046286960433 ], [ -0.905692321716971, 44.84057420048125 ], [ -0.90569223809119, 44.840574266176247 ], [ -0.902688870538671, 44.842933523060076 ], [ -0.899528983733554, 44.843044678625887 ], [ -0.896369084420497, 44.843155744112686 ], [ -0.896369000268974, 44.84315581020202 ], [ -0.893365103636827, 44.845514815840332 ], [ -0.893365019870303, 44.845514881619579 ], [ -0.890360870543494, 44.847873808092793 ], [ -0.887200681470527, 44.847984612650635 ], [ -0.887200597139813, 44.84798467885966 ], [ -0.884196057431625, 44.850343440305359 ] ] } },
{ "type": "Feature", "properties": { "arrival_h": 12.0, "hours_ago": 29.094067985394346 }, "geometry": { "type": "LineString", "coordinates": [ [ -1.022853799183525, 44.795818463941849 ], [ -1.022692830135596, 44.79357059073071 ], [ -1.025688530223382, 44.791208122976556 ], [ -1.029006376481679, 44.793341185557544 ], [ -1.029167599748605, 44.795589049332357 ], [ -1.026171810552507, 44.797951617317672 ], [ -1.022853799183525, 44.795818463941849 ] ] } },
{ "type": "Feature", "properties": { "arrival_h": 12.0, "hours_ago": 29.094067985394346 }, "geometry": { "type": "LineString", "coordinates": [ [ -1.031854558383746, 44.899164719224544 ], [ -1.030242858487191, 44.898812693438984 ], [ -1.027012579013067, 44.897987541286341 ], [ -1.024637272250936, 44.897172837582225 ], [ -1.023754675934851, 44.896776005312176 ], [ -1.021111783930947, 44.895046821419214 ], [ -1.020393525068329, 44.894122292059762 ], [ -1.019663690348815, 44.892845487998784 ], [ -1.019689212785483, 44.890590779478174 ], [ -1.020074199254431, 44.889667808841935 ], [ -1.020919930432324, 44.888292413930031 ], [ -1.022910515771779, 44.88596649002038 ], [ -1.022974405714485, 44.885899887234039 ], [ -1.025623095696157, 44.883614337322925 ], [ -1.025960320604415, 44.883331421634225 ], [ -1.028779458559524, 44.881246000707563 ], [ -1.028970500681974, 44.881104503050004 ], [ -1.031997901507931, 44.879120402609622 ], [ -1.032459585495914, 44.878858533673473 ], [ -1.035041754283068, 44.877367909930278 ], [ -1.036909175757547, 44.876442942718121 ], [ -1.038100780082421, 44.875828754851184 ], [ -1.041171816863154, 44.87445857520553 ], [ -1.042367811899628, 44.873990402986642 ], [ -1.044248137158843, 44.873163679288453 ], [ -1.047321953473895, 44.871835957864164 ], [ -1.04810944499771, 44.871527254157847 ], [ -1.050386136163992, 44.870376731942706 ], [ -1.052733220385822, 44.869104633163666 ], [ -1.053425016870986, 44.868569427078029 ], [ -1.055679348972468, 44.866743151515465 ], [ -1.056387983104962, 44.865714758924234 ], [ -1.057325271349371, 44.864429146596535 ], [ -1.058279047561636, 44.862140438143463 ], [ -1.058978774269889, 44.859861016917435 ], [ -1.059114122243164, 44.859590561738237 ], [ -1.06045334714053, 44.857553228596686 ], [ -1.061979390925326, 44.855396642877452 ], [ -1.062153728749385, 44.855237148155695 ], [ -1.064712053009717, 44.852889599107328 ], [ -1.064946912248748, 44.852620239194096 ], [ -1.066504170616849, 44.850570081721287 ], [ -1.067090666413428, 44.848294752227439 ], [ -1.067471031576374, 44.846026980226654 ], [ -1.067607259767616, 44.845609718074272 ], [ -1.068224432579866, 44.843745522794336 ], [ -1.06936070756232, 44.841450009640177 ], [ -1.070351409746513, 44.839763978033581 ], [ -1.070769999739967, 44.839144460428209 ], [ -1.072465751197892, 44.836828369806412 ], [ -1.073239204673741, 44.835905733498663 ], [ -1.074612623422299, 44.834495672154894 ], [ -1.076203045372712, 44.833100197130946 ], [ -1.077398918523029, 44.832139414237979 ], [ -1.079202755046932, 44.830792302809144 ], [ -1.080628114200765, 44.829766778490793 ], [ -1.082216164078211, 44.828676121356921 ], [ -1.084212776397845, 44.827380945324713 ], [ -1.085242940378371, 44.826746684739433 ], [ -1.088281971162939, 44.824988313958769 ], [ -1.088304422060255, 44.824976290741134 ], [ -1.091343781667483, 44.823545082464932 ], [ -1.093505178293058, 44.822530522208879 ], [ -1.09440882419402, 44.822148245224774 ], [ -1.097482120449481, 44.820866514704989 ], [ -1.099457973121613, 44.820056684508771 ], [ -1.100559004915342, 44.819635753341728 ], [ -1.103645913526563, 44.818543913349743 ], [ -1.106475278033362, 44.817543076369986 ], [ -1.106732996696372, 44.81745601461342 ], [ -1.109827137633478, 44.816466093907643 ], [ -1.112910481049893, 44.815330156861194 ], [ -1.113622599533318, 44.815024177717568 ], [ -1.11597968057461, 44.814002868388769 ], [ -1.118342039161055, 44.81259504194341 ], [ -1.119013016856794, 44.812188533974791 ], [ -1.121609832328456, 44.810219688988617 ], [ -1.122014092421067, 44.809937265548683 ], [ -1.124712300916634, 44.80785038488073 ], [ -1.125011660509352, 44.807641437129689 ], [ -1.127996986032863, 44.805474198519278 ], [ -1.128017403970313, 44.805460089533717 ], [ -1.131034957691399, 44.803442404464498 ], [ -1.13161530409728, 44.803085467295368 ], [ -1.13406881589798, 44.801649099620434 ], [ -1.136062289570939, 44.800665679751823 ], [ -1.137124987540111, 44.800161282247359 ], [ -1.14020765477811, 44.799035036336619 ], [ -1.143314495173316, 44.798238089885636 ], [ -1.144201167557809, 44.798107677456464 ], [ -1.146446571106596, 44.797784106528617 ], [ -1.149603859396659, 44.797672002508556 ], [ -1.151712233001093, 44.797826489270939 ], [ -1.152787120800818, 44.797911288405437 ], [ -1.155998067113627, 44.79852428606555 ], [ -1.159236599142995, 44.799508776767333 ], [ -1.15989306144651, 44.799773569014619 ], [ -1.162525936985211, 44.801177190727024 ], [ -1.163582896112708, 44.801888909480866 ], [ -1.165590069138194, 44.804067406525213 ], [ -1.165965164832836, 44.804863660519111 ], [ -1.166571276139531, 44.806284455152138 ], [ -1.16674192313537, 44.808531979249828 ], [ -1.166351852467295, 44.810076234374115 ], [ -1.166170085393189, 44.810807419862329 ], [ -1.164870479090167, 44.813110209119777 ], [ -1.16352971147754, 44.814718216109014 ], [ -1.162906539723452, 44.815437935437089 ], [ -1.160572761053823, 44.817547119058283 ], [ -1.160284258160892, 44.817790335523426 ], [ -1.157563476787985, 44.819673200746621 ], [ -1.156714986920714, 44.820178184520337 ], [ -1.15451106405831, 44.821219417940846 ], [ -1.151419548372355, 44.822238979627947 ], [ -1.14880844403298, 44.82272833005073 ], [ -1.148294591778829, 44.82280736813464 ], [ -1.145143644808439, 44.823024491247331 ], [ -1.141981713234348, 44.82309295681128 ], [ -1.138819429126185, 44.823156654392292 ], [ -1.135667652551197, 44.823363008297399 ], [ -1.132534756724207, 44.823826103319448 ], [ -1.129426063105863, 44.824618870043288 ], [ -1.126343625034151, 44.825769979099903 ], [ -1.126210168647116, 44.825825718004161 ], [ -1.12326486608242, 44.826972817041174 ], [ -1.120430136081157, 44.82829459566554 ], [ -1.12020216239517, 44.82839613128845 ], [ -1.11714448452867, 44.829890006923499 ], [ -1.115725605575554, 44.830723233821402 ], [ -1.114104081692194, 44.831621739428925 ], [ -1.11178345154754, 44.833123387981956 ], [ -1.111079666171575, 44.833574252701922 ], [ -1.108390945272138, 44.835503025951766 ], [ -1.108070704142095, 44.835740718623036 ], [ -1.105452062260676, 44.837865756311793 ], [ -1.105082361567228, 44.838192222260069 ], [ -1.102897898550087, 44.840214166878376 ], [ -1.10212035603529, 44.841007584610857 ], [ -1.100494200311699, 44.842556948665518 ], [ -1.099165118900119, 44.843919608910731 ], [ -1.09801747108854, 44.844902371631363 ], [ -1.096191517573282, 44.846584141652393 ], [ -1.095173406771468, 44.847261298845609 ], [ -1.09316720119186, 44.848557117000816 ], [ -1.090157537803286, 44.849700264977535 ], [ -1.090084024824681, 44.849725312819508 ], [ -1.086960961626495, 44.85034748463346 ], [ -1.083831752811371, 44.850886067144629 ], [ -1.080713233066835, 44.851572385794178 ], [ -1.077852243718588, 44.852407246326081 ], [ -1.077611654543083, 44.852492820259897 ], [ -1.074532395504586, 44.853721967831532 ], [ -1.072362730883229, 44.854862780806613 ], [ -1.071509560058384, 44.855730550147271 ], [ -1.070123048854169, 44.857198824032999 ], [ -1.0690144697953, 44.859493330161854 ], [ -1.068679658947662, 44.860402888586577 ], [ -1.067827802844097, 44.861790687186655 ], [ -1.066547936088362, 44.864091446224727 ], [ -1.065866793189588, 44.86531673587497 ], [ -1.064828346471032, 44.866408301157286 ], [ -1.063240119782024, 44.868720314845632 ], [ -1.062978003595759, 44.869188971024165 ], [ -1.061797981023151, 44.871026954431869 ], [ -1.060988273211162, 44.873310426213934 ], [ -1.060441795041401, 44.875584258597598 ], [ -1.060308393089973, 44.876094882684988 ], [ -1.059887803735762, 44.877858363205654 ], [ -1.059405989798566, 44.880129824572862 ], [ -1.05903866740776, 44.882397096168368 ], [ -1.058796249706093, 44.884659798766748 ], [ -1.05863754761621, 44.886919440104599 ], [ -1.058466547165208, 44.889179532085258 ], [ -1.058207764988209, 44.890873764397647 ], [ -1.058116041106186, 44.891446188563954 ], [ -1.05735107340768, 44.893727996376754 ], [ -1.055974133314854, 44.896032162772471 ], [ -1.055448795529674, 44.896566430702222 ], [ -1.053314169904807, 44.898383168816984 ], [ -1.052445554645505, 44.89888702980555 ], [ -1.04936634288382, 44.900159030636566 ], [ -1.046240829189676, 44.900791250991425 ], [ -1.043069843338272, 44.900793733691366 ], [ -1.039872902930103, 44.900435892023125 ], [ -1.036667597002477, 44.899961188513068 ], [ -1.033459671753214, 44.899449224947546 ], [ -1.031854558383746, 44.899164719224544 ] ] } },
{ "type": "Feature", "properties": { "arrival_h": 12.0, "hours_ago": 29.094067985394346 }, "geometry": { "type": "LineString", "coordinates": [ [ -1.092240312991144, 45.009651471721291 ], [ -1.095244626953162, 45.007286974259188 ], [ -1.098413380692583, 45.007170241196995 ], [ -1.098413465261034, 45.007170174629302 ], [ -1.101417384632461, 45.004805512599866 ], [ -1.101417468793343, 45.004805446345152 ], [ -1.104421134972532, 45.002440704661467 ], [ -1.104421218957885, 45.002440638537138 ], [ -1.107424631725495, 45.000075817249666 ], [ -1.107424715571603, 45.0000757512272 ], [ -1.110427874931549, 44.99771085060722 ], [ -1.110427958979834, 44.997710784417734 ], [ -1.110262893797653, 44.995462899068094 ], [ -1.113265687108896, 44.993097924678459 ], [ -1.113265770866272, 44.993097858707948 ], [ -1.11310060572106, 44.990849980471303 ], [ -1.112935453882168, 44.988602103412326 ], [ -1.115937767528373, 44.986237060002473 ], [ -1.11910528769073, 44.986119738264883 ], [ -1.122272794558765, 44.986002326008965 ], [ -1.125440288125608, 44.985884823280109 ], [ -1.128773447120422, 44.98801502454981 ], [ -1.128773539813273, 44.988015083785598 ], [ -1.131941133500929, 44.987897395836491 ], [ -1.135108713933299, 44.987779618467663 ], [ -1.135108797406152, 44.987779552678539 ], [ -1.138110129487337, 44.985413911834293 ], [ -1.141277556552103, 44.985295958859311 ], [ -1.144444970268828, 44.985177915602335 ], [ -1.147612370665605, 44.985059782579931 ], [ -1.147612454022876, 44.985059716857833 ], [ -1.150613112706575, 44.98269374105756 ], [ -1.150613195248239, 44.982693675970843 ], [ -1.153613601357187, 44.980327620054879 ], [ -1.156780708300762, 44.980209226602376 ], [ -1.156780791138268, 44.980209161269265 ], [ -1.159780803584189, 44.977842941573968 ], [ -1.159780886231752, 44.977842876382972 ], [ -1.159613899662221, 44.975595077340941 ], [ -1.162613547434213, 44.973228783446572 ], [ -1.162613628923831, 44.973228719159088 ], [ -1.1656130228879, 44.970862346417668 ], [ -1.165613104910485, 44.970862281702097 ], [ -1.165445905686326, 44.96861449591055 ], [ -1.165278720523709, 44.966366711301148 ], [ -1.165111548409439, 44.964118927915202 ], [ -1.168110351991183, 44.961752493088419 ], [ -1.168110432829472, 44.961752429293007 ], [ -1.16794316084066, 44.959504653178357 ], [ -1.167775904106956, 44.957256878214515 ], [ -1.16777581474296, 44.957256821131956 ], [ -1.164442996694173, 44.95512780643768 ], [ -1.164275893312997, 44.952880029087922 ], [ -1.16410880390515, 44.950632252946889 ], [ -1.164108715601224, 44.950632196529618 ], [ -1.160776429495677, 44.94850307541374 ], [ -1.16060949437989, 44.946255296874412 ], [ -1.160609406801514, 44.946255240911427 ], [ -1.157277514529369, 44.944126017168536 ], [ -1.157277428330361, 44.944125962080243 ], [ -1.153945788499772, 44.941996638929815 ], [ -1.153945702843643, 44.94199658418178 ], [ -1.150614314783976, 44.939867162228381 ], [ -1.150614230402905, 44.939867108288723 ], [ -1.147283091355943, 44.937737587153656 ], [ -1.150281243418999, 44.935371646515804 ], [ -1.150281318018289, 44.935371587643523 ], [ -1.153279214712126, 44.933005568876276 ], [ -1.15327929058637, 44.933005508990789 ], [ -1.153112695739955, 44.930757729791402 ], [ -1.156110229067442, 44.928391636919415 ], [ -1.15611030370253, 44.928391578002945 ], [ -1.155943609034209, 44.926143806162997 ], [ -1.158940777763381, 44.923777639697548 ], [ -1.158940851733895, 44.923777581296726 ], [ -1.158774058603351, 44.921529816783007 ], [ -1.158607280519945, 44.919282053484132 ], [ -1.158440515892356, 44.917034291463047 ], [ -1.158273763272378, 44.914786530777299 ], [ -1.161270231131363, 44.912420305966243 ], [ -1.161270300410331, 44.912420251255369 ], [ -1.164266512690227, 44.910053947537811 ], [ -1.164266582060678, 44.910053892748216 ], [ -1.16726254149692, 44.90768750952806 ], [ -1.167262610282551, 44.90768745519398 ], [ -1.17025831745373, 44.905320990324846 ], [ -1.173421156044849, 44.905202126360635 ], [ -1.176583981184401, 44.905083171728627 ], [ -1.179746793000083, 44.904964128278642 ], [ -1.179746864610189, 44.904964071692788 ], [ -1.182741897004247, 44.902597273594559 ], [ -1.18590455572285, 44.902478056058975 ], [ -1.185904627053973, 44.902477999682297 ], [ -1.188899267361654, 44.900111037506463 ], [ -1.192061772892261, 44.899991644999204 ], [ -1.192061844621064, 44.899991588296842 ], [ -1.195056092310909, 44.897624464266279 ], [ -1.195056162412303, 44.897624408843889 ], [ -1.19805015931403, 44.895257206789339 ], [ -1.198050230745245, 44.895257150308936 ], [ -1.197881953850741, 44.893009464487186 ], [ -1.200875589119625, 44.890642187654478 ], [ -1.200875658044209, 44.890642133147715 ], [ -1.203869038289793, 44.888274778847034 ], [ -1.203869109019733, 44.888274722905997 ], [ -1.203700619936273, 44.886027050799477 ], [ -1.206693638402959, 44.883659623280096 ], [ -1.206693708616258, 44.883659567739215 ], [ -1.206525121918565, 44.881411903106937 ], [ -1.206356549502694, 44.879164239776912 ], [ -1.209349091936476, 44.876796744725951 ], [ -1.20934916080087, 44.876796690241846 ], [ -1.209180486725003, 44.874549034563941 ], [ -1.212172664220803, 44.872181466786159 ], [ -1.212172732960097, 44.872181412392727 ], [ -1.212003961536652, 44.869933764220995 ], [ -1.211835206091553, 44.86768611730399 ], [ -1.211666464793896, 44.86543847171454 ], [ -1.211497737049899, 44.863190827478526 ], [ -1.211329022802888, 44.860943184601417 ], [ -1.211160322048954, 44.858695543086647 ], [ -1.210991634786077, 44.856447902937639 ], [ -1.210822961012354, 44.854200264157754 ], [ -1.210654300728301, 44.851952626750325 ], [ -1.210485653999386, 44.84970499071617 ], [ -1.21031702147186, 44.847457356034042 ], [ -1.210148404152849, 44.845209722669047 ], [ -1.210148334657627, 44.845209678238753 ], [ -1.206820530556797, 44.84308199508979 ], [ -1.209811143139401, 44.840714502938766 ], [ -1.21297026053358, 44.84059451731035 ], [ -1.216129364472231, 44.84047444234519 ], [ -1.216129427507256, 44.84047439243286 ], [ -1.21911949730212, 44.838106653171756 ], [ -1.222278448089992, 44.837986401908857 ], [ -1.225437385419429, 44.837866061653905 ], [ -1.225437448458996, 44.837866011723868 ], [ -1.228426987167333, 44.835498024129066 ], [ -1.231585771512807, 44.83537751037165 ], [ -1.231585833592704, 44.835377461191868 ], [ -1.234574981729456, 44.833009309414066 ], [ -1.237733612997225, 44.832888621236201 ], [ -1.237733675087709, 44.832888572038179 ], [ -1.240722431911914, 44.830520259630475 ], [ -1.240722490924115, 44.830520212866084 ], [ -1.243710999008606, 44.828151821090643 ], [ -1.243711057223682, 44.828151774952502 ], [ -1.246699314185388, 44.825783303972322 ], [ -1.246699371678788, 44.825783258400804 ], [ -1.249687377426256, 44.823414707770567 ], [ -1.249687433583079, 44.823414663253239 ], [ -1.252675188561612, 44.821046029953919 ], [ -1.255833108505138, 44.820924827467408 ], [ -1.255833166943717, 44.820924781131986 ], [ -1.258820528093948, 44.818555984201922 ], [ -1.261978294894298, 44.818434607399894 ], [ -1.261978353728699, 44.818434560741302 ], [ -1.26496532333224, 44.81606560365254 ], [ -1.264965378290962, 44.816065560062434 ], [ -1.26795209979797, 44.813696519109818 ] ] } },
{ "type": "Feature", "properties": { "arrival_h": 12.0, "hours_ago": 29.094067985394346 }, "geometry": { "type": "LineString", "coordinates": [ [ -0.888713234194969, 44.915539405812076 ], [ -0.892033209956241, 44.917676643432841 ], [ -0.892033303471243, 44.917676703629517 ], [ -0.895353532105434, 44.919813843028976 ], [ -0.895353625682633, 44.919813903258344 ], [ -0.898674107285973, 44.921950944802866 ], [ -0.898674200870256, 44.921951005029449 ], [ -0.901994935200979, 44.924087948751122 ], [ -0.9019950290668, 44.924088009151539 ], [ -0.905159475979276, 44.923976779331582 ], [ -0.908480577395091, 44.926113531012163 ], [ -0.908480671169981, 44.926113591341959 ], [ -0.911645219488027, 44.92600217702266 ], [ -0.914809755247577, 44.925890672854052 ], [ -0.917974278425666, 44.925779078651907 ], [ -0.921138789008041, 44.925667394357106 ], [ -0.924303286984335, 44.925555619966261 ], [ -0.927467772344367, 44.925443755478639 ], [ -0.930632245077634, 44.925331800888856 ], [ -0.933796705173828, 44.925219756194402 ], [ -0.936961152622582, 44.925107621391881 ], [ -0.94012558741778, 44.924995396538392 ], [ -0.943290009566322, 44.924883081875926 ], [ -0.943290092737565, 44.924883016571847 ], [ -0.946296140188653, 44.922522599608811 ], [ -0.94946041044499, 44.922410108792761 ], [ -0.952783110571055, 44.924545537684189 ], [ -0.949777225001138, 44.926906130804127 ], [ -0.949777142511933, 44.926906195581083 ], [ -0.946771005838278, 44.929266708801705 ], [ -0.943606343315395, 44.929379122072874 ], [ -0.943606259450673, 44.92937918791678 ], [ -0.940599731925841, 44.931739535013705 ], [ -0.94059964790324, 44.931739600973785 ], [ -0.937592867500833, 44.934099868609508 ], [ -0.93442791394244, 44.934212021224916 ], [ -0.931262947749159, 44.934324083982467 ], [ -0.928097968928635, 44.934436056847247 ], [ -0.924775627524083, 44.932299885991775 ], [ -0.924775533675698, 44.932299825646282 ], [ -0.921610656153731, 44.932411613891517 ], [ -0.918445766002526, 44.932523311763788 ], [ -0.915280863245866, 44.932634919457882 ], [ -0.912115947894548, 44.93274643698313 ], [ -0.908951019947394, 44.932857864177208 ], [ -0.908950934668172, 44.932857931068554 ], [ -0.905942763952054, 44.93521734246827 ], [ -0.902777684313361, 44.935328593834321 ], [ -0.902777598861449, 44.935328660847688 ], [ -0.899769036087116, 44.937687906714025 ], [ -0.896603804792549, 44.937798982398839 ], [ -0.896603719074174, 44.93779904960769 ], [ -0.893594764305561, 44.940158129700784 ], [ -0.893594678693061, 44.940158196818714 ], [ -0.890585470663406, 44.942517197328883 ] ] } },
{ "type": "Feature", "properties": { "arrival_h": 12.0, "hours_ago": 29.094067985394346 }, "geometry": { "type": "LineString", "coordinates": [ [ -0.89292832082941, 44.976239981632446 ], [ -0.896252050921581, 44.978377129833724 ], [ -0.896252146767158, 44.978377191458385 ], [ -0.899576130299098, 44.980514241507073 ], [ -0.899576226204144, 44.980514303162437 ], [ -0.902900463134026, 44.982651255161535 ], [ -0.902900559168899, 44.982651316892799 ], [ -0.906068311262951, 44.982540059811967 ], [ -0.909236050775935, 44.982428712572116 ], [ -0.912560769704462, 44.984565377262342 ], [ -0.912560865659797, 44.984565438925252 ], [ -0.915728706742617, 44.984453906704914 ], [ -0.919053793371498, 44.986590378582783 ], [ -0.919053889342811, 44.986590440243575 ], [ -0.92222183196386, 44.986478723099196 ], [ -0.925547286264051, 44.988615002140754 ], [ -0.92554738228178, 44.988615063818983 ], [ -0.928715426408676, 44.988503161795748 ], [ -0.931883457882376, 44.98839116965285 ], [ -0.935051476689452, 44.988279087343614 ], [ -0.938219482819958, 44.988166914871037 ], [ -0.941387476267477, 44.988054652288263 ], [ -0.941387563129058, 44.988054584165489 ], [ -0.944397076000366, 44.985694178928362 ], [ -0.947564917263791, 44.985581740536972 ], [ -0.950732745812325, 44.985469211996922 ], [ -0.950732832677561, 44.985469143851965 ], [ -0.953741813038863, 44.983108487734683 ], [ -0.953741899762278, 44.983108419692947 ], [ -0.956750626755162, 44.980747683725795 ], [ -0.956750713393346, 44.980747615742899 ], [ -0.959759186971783, 44.978386799804369 ], [ -0.962926584295878, 44.978273924186681 ], [ -0.96625310316517, 44.980408981602451 ], [ -0.966253198929502, 44.980409043063034 ], [ -0.969579971219517, 44.982544002129337 ], [ -0.969580067033221, 44.982544063614121 ], [ -0.97290709280973, 44.984678924465186 ], [ -0.9729071886329, 44.984678985948513 ], [ -0.976234467838062, 44.986813748599666 ], [ -0.976234563751485, 44.986813810133391 ], [ -0.979402404120373, 44.986700464948278 ], [ -0.982730050893422, 44.988835034755347 ], [ -0.982730146728171, 44.988835096226246 ], [ -0.985898088217993, 44.988721566107401 ], [ -0.989066016869992, 44.98860794586151 ], [ -0.992233932665082, 44.988494235363206 ], [ -0.995562175253397, 44.990628422749403 ], [ -0.995562270580857, 44.990628483873017 ], [ -0.998890766587007, 44.992762572879705 ], [ -0.998890862048968, 44.992762634082069 ], [ -1.002058992767125, 44.992648643609833 ], [ -1.005227110589835, 44.9925345629511 ], [ -1.008556088913648, 44.994668364473263 ], [ -1.008717069164641, 44.996916398377842 ], [ -1.008717164204573, 44.996916459289963 ], [ -1.012046535883214, 44.99905015871385 ], [ -1.012207669067818, 45.001298190313854 ], [ -1.012368815257876, 45.003546223087348 ], [ -1.01252997418408, 45.005794257040684 ], [ -1.012530069451935, 45.005794318083431 ], [ -1.015860113496369, 45.007927908582566 ], [ -1.015860208475632, 45.007927969432956 ], [ -1.019190506591047, 45.010061461744549 ], [ -1.019351958181424, 45.01230948986354 ] ] } },
{ "type": "Feature", "properties": { "arrival_h": 18.0, "hours_ago": 23.094067985394346 }, "geometry": { "type": "LineString", "coordinates": [ [ -1.264367686902725, 44.766498838621565 ], [ -1.261042476111747, 44.764372817710445 ], [ -1.261042430396344, 44.764372788479939 ], [ -1.257717472806967, 44.762246674053266 ], [ -1.257717425508075, 44.762246643806577 ], [ -1.254392722484911, 44.76012043216879 ], [ -1.254392671855097, 44.760120399788114 ], [ -1.251238162678245, 44.760241569578717 ], [ -1.247913823577723, 44.75811516226959 ], [ -1.247913772150549, 44.758115129372378 ], [ -1.244759361301247, 44.758236112429138 ], [ -1.241604936721756, 44.758357003471723 ], [ -1.238450498569734, 44.75847780445293 ], [ -1.235296046965276, 44.758598516832798 ], [ -1.231972408457936, 44.756471633061736 ], [ -1.231972356127246, 44.756471599571995 ], [ -1.228818003316434, 44.756592130071247 ], [ -1.225494729895437, 44.754465055132734 ], [ -1.225494675945021, 44.754465020599532 ], [ -1.222340421671963, 44.754585365349769 ], [ -1.219186153844016, 44.754705619438468 ], [ -1.215863357133967, 44.752578257564906 ], [ -1.215863302038112, 44.752578222288683 ], [ -1.212709132935692, 44.752698292367015 ], [ -1.209554950235451, 44.752818270788289 ], [ -1.206400754052278, 44.752938158949704 ], [ -1.203246544427282, 44.753057957265824 ], [ -1.200092321340986, 44.753177665341724 ], [ -1.196938084704349, 44.753297281849498 ], [ -1.196938034621265, 44.75329732154718 ], [ -1.193951525668927, 44.755664404465008 ], [ -1.190797136671407, 44.755783847529351 ], [ -1.187642734448237, 44.755903202993274 ], [ -1.184321060473388, 44.753774895336186 ], [ -1.184321004910474, 44.753774859733078 ], [ -1.181166701782298, 44.753894033280424 ], [ -1.177845392944847, 44.75176553440415 ], [ -1.177845335864103, 44.75176549782114 ], [ -1.174691131573145, 44.751884485514019 ], [ -1.171536913816832, 44.75200338167847 ], [ -1.168382682700382, 44.75212218759431 ], [ -1.16522843826412, 44.75224090366941 ], [ -1.162074180520478, 44.752359529936108 ], [ -1.15891990947679, 44.752478066357988 ], [ -1.1557656251166, 44.75259651257668 ], [ -1.152611327370488, 44.752714867515785 ], [ -1.152611274370721, 44.752714909478364 ], [ -1.149622934769767, 44.755080793712537 ], [ -1.1464684848844, 44.755198974500537 ], [ -1.14331402181712, 44.755317066381849 ], [ -1.140159545540597, 44.755435068851263 ], [ -1.137005056087721, 44.755552982220252 ], [ -1.133685325914335, 44.753423162549744 ], [ -1.133685263468631, 44.753423122484456 ], [ -1.130530873369507, 44.753540852933348 ], [ -1.127211509621985, 44.751410843294892 ], [ -1.127211444606917, 44.751410801572774 ], [ -1.124057153718608, 44.75152834667751 ], [ -1.120902849583033, 44.751645800999221 ], [ -1.117748532294475, 44.751763165685873 ], [ -1.114429760796499, 44.749632777365299 ], [ -1.114429692375676, 44.749632733441942 ], [ -1.111275474487664, 44.749749914304338 ], [ -1.108121243410713, 44.749867004611488 ], [ -1.104966999198343, 44.749984004957312 ], [ -1.10181274187398, 44.750100915524982 ], [ -1.098658471442265, 44.750217736240657 ], [ -1.095504187893948, 44.750334466839625 ], [ -1.095504123369705, 44.750334517854576 ], [ -1.092513521004838, 44.752698847058703 ], [ -1.089359085667035, 44.752815403338936 ], [ -1.086041330742411, 44.750684168510652 ], [ -1.085877966377604, 44.748436422902387 ], [ -1.085714615089927, 44.746188678838294 ], [ -1.085714541505351, 44.746188631562624 ], [ -1.082397317155754, 44.744057294461093 ], [ -1.082397243599719, 44.744057247198008 ], [ -1.079080270509811, 44.741925812382441 ], [ -1.078917209149799, 44.739678063514582 ] ] } },
{ "type": "Feature", "properties": { "arrival_h": 18.0, "hours_ago": 23.094067985394346 }, "geometry": { "type": "LineString", "coordinates": [ [ -1.025301832001825, 44.74164073409694 ], [ -1.022308747546626, 44.744003156258024 ], [ -1.022308678822676, 44.744003210498207 ], [ -1.019315342988317, 44.746365553903516 ], [ -1.019315274425409, 44.746365608010251 ], [ -1.016321687088729, 44.748727872664659 ], [ -1.016321618707512, 44.74872792662169 ], [ -1.013327779824359, 44.751090112520913 ], [ -1.013327711637109, 44.751090166318555 ], [ -1.010333621171871, 44.753452273454016 ], [ -1.0103335531856, 44.753452327086805 ], [ -1.00733921110558, 44.755814355412788 ], [ -1.007339143278082, 44.755814408914041 ], [ -1.007499392742048, 44.758062274984496 ], [ -1.004504685479453, 44.760424231471625 ], [ -1.001189701000287, 44.758290453620717 ], [ -1.00102970440228, 44.756042578202333 ], [ -1.001029629239895, 44.756042529817023 ], [ -0.997715035716235, 44.753908652226414 ], [ -0.9977149603168, 44.753908603682618 ], [ -0.994400618543463, 44.751774628711125 ], [ -0.994400542812977, 44.751774579948282 ], [ -0.991245958599902, 44.751888343721205 ], [ -0.987931981389119, 44.749754176888786 ], [ -0.987931905448652, 44.749754127980943 ], [ -0.984618179923595, 44.747619863921912 ], [ -0.984618103696312, 44.747619814823409 ], [ -0.98146373264977, 44.747733299846239 ], [ -0.97830934888244, 44.747846695039108 ], [ -0.975154952406242, 44.747960000428641 ], [ -0.972000543231654, 44.74807321602114 ], [ -0.968846121368689, 44.748186341816393 ], [ -0.965691686827308, 44.748299377813403 ], [ -0.962537239617327, 44.748412324009074 ], [ -0.959382779748263, 44.748525180396157 ], [ -0.959382710700412, 44.748525234800468 ], [ -0.956386493672602, 44.750885881052561 ], [ -0.953231882809132, 44.750998562429267 ], [ -0.950077259316256, 44.751111154009259 ], [ -0.946922623203563, 44.751223655786227 ], [ -0.943767974480932, 44.751336067757975 ], [ -0.940613313158366, 44.751448389924036 ], [ -0.937458639245886, 44.751560622284231 ], [ -0.93430395275358, 44.751672764839391 ], [ -0.931149253691746, 44.751784817593226 ], [ -0.931149184468453, 44.751784872093495 ], [ -0.928151609634315, 44.754144757270076 ], [ -0.924996759730661, 44.754256634953229 ], [ -0.924996690562979, 44.754256689398829 ], [ -0.921998725917895, 44.756616410225433 ], [ -0.921998656855806, 44.756616464581526 ], [ -0.919000440608364, 44.758976106337371 ], [ -0.919000371647346, 44.75897616060756 ], [ -0.916001903778698, 44.76133572326944 ], [ -0.916001834907129, 44.761335777462868 ], [ -0.913003115403409, 44.763695260971588 ], [ -0.913003046561962, 44.76369531513496 ], [ -0.913159548268386, 44.76594332222647 ], [ -0.910160463589367, 44.768302732792215 ], [ -0.910160394956251, 44.768302786783401 ], [ -0.910316795917126, 44.770550801490124 ], [ -0.907317346056716, 44.772910139042466 ], [ -0.907317277582227, 44.772910192900653 ], [ -0.907473577651862, 44.775158215210126 ], [ -0.907629890121575, 44.777406239049213 ], [ -0.907786215060382, 44.77965426441213 ], [ -0.907942552492694, 44.781902291294692 ], [ -0.908098902422046, 44.784150319693481 ], [ -0.908255264844481, 44.786398349605321 ], [ -0.908411639699239, 44.788646381029025 ], [ -0.908568026790258, 44.790894413968168 ], [ -0.90856810143243, 44.790894462102543 ], [ -0.911881491530235, 44.793031032369996 ], [ -0.91203802931051, 44.795279063779709 ], [ -0.912038103542956, 44.795279111641975 ], [ -0.915351884393185, 44.797415581670769 ], [ -0.915508572979658, 44.799663611530583 ], [ -0.915508646911332, 44.799663659191062 ], [ -0.918822817709071, 44.801800028905134 ], [ -0.918822891430608, 44.801800076424378 ], [ -0.921980421636961, 44.801688371858937 ], [ -0.925294958637539, 44.80382455047409 ], [ -0.925295031479532, 44.803824597416998 ], [ -0.928609820163729, 44.805960678390292 ], [ -0.928609893241168, 44.80596072547921 ], [ -0.931767637676715, 44.80584874220434 ], [ -0.93492536953415, 44.805736669148487 ], [ -0.938240637797078, 44.807872464658381 ], [ -0.93824071001635, 44.807872511181344 ], [ -0.941398542606803, 44.807760253313738 ], [ -0.944714177427581, 44.809895857133377 ], [ -0.9447142483575, 44.809895902816628 ], [ -0.948030136632501, 44.812031408891158 ], [ -0.948188173360948, 44.814279403433197 ], [ -0.948346222920128, 44.816527399431685 ], [ -0.948504284411212, 44.818775396915342 ], [ -0.948504354828097, 44.818775442256765 ], [ -0.951820912448656, 44.820910841659341 ], [ -0.951979124414398, 44.823158837496422 ], [ -0.951979193999907, 44.823158882295132 ], [ -0.955296142111803, 44.825294181498336 ], [ -0.955296210333512, 44.825294225413693 ], [ -0.958613411376711, 44.827429427856806 ], [ -0.95861347878359, 44.827429471242361 ], [ -0.961930932739734, 44.829564576539141 ], [ -0.961930999341442, 44.829564619401239 ], [ -0.965248705294527, 44.831699627563992 ], [ -0.965248772070505, 44.831699670533013 ], [ -0.968407889501819, 44.831586641450087 ], [ -0.971725962518577, 44.833721459597356 ], [ -0.971726027821295, 44.833721501609944 ], [ -0.974885245903737, 44.833608288313357 ], [ -0.978044451252533, 44.833494985120353 ], [ -0.981363012168732, 44.835629518951592 ], [ -0.978363054669228, 44.837990840198607 ], [ -0.978362999259065, 44.837990883810448 ], [ -0.978522326272444, 44.840238854138519 ], [ -0.975522004943763, 44.842600101479611 ], [ -0.9755219487222, 44.842600145723331 ], [ -0.97568117455455, 44.844848123527711 ], [ -0.975840411464817, 44.847096102806155 ], [ -0.975999660726599, 44.849344083509656 ], [ -0.976158922761471, 44.851592065619833 ], [ -0.9763181974111, 44.853840049139009 ], [ -0.976318253590881, 44.853840085265425 ], [ -0.979637957711835, 44.855974686560529 ], [ -0.97663683490792, 44.858335984446242 ], [ -0.973317111537852, 44.856201287560097 ], [ -0.973317055545699, 44.856201251553067 ], [ -0.969997590121698, 44.854066460540629 ], [ -0.96999752854581, 44.854066420938032 ], [ -0.966837149798514, 44.854179494398224 ], [ -0.963676758311802, 44.854292477611573 ], [ -0.960357775693006, 44.85215740220594 ], [ -0.960357710575234, 44.852157360313697 ], [ -0.957197419877628, 44.852270159392781 ], [ -0.954037116416257, 44.85238286743143 ], [ -0.950876800259933, 44.852495485261272 ], [ -0.947716471444589, 44.852608013249124 ], [ -0.944556130005022, 44.852720451746933 ], [ -0.941237969892669, 44.850584809404793 ], [ -0.941237902215454, 44.850584765843593 ], [ -0.937919994296188, 44.848449027418042 ], [ -0.937762274895314, 44.846200992874984 ], [ -0.937762204579959, 44.846200947608246 ], [ -0.934602203811637, 44.846313103956128 ], [ -0.931284802537912, 44.844177170285732 ], [ -0.931284732987924, 44.844177125502739 ], [ -0.927967585330164, 44.842041095204941 ], [ -0.927967514451999, 44.842041049561189 ], [ -0.924807728083007, 44.842152925896954 ], [ -0.92164792909354, 44.842264711700103 ], [ -0.918488117541886, 44.84237640765987 ], [ -0.915171563798295, 44.840239996361277 ], [ -0.915171491902896, 44.840239950045913 ], [ -0.912011781390505, 44.840351461810791 ], [ -0.908852058302786, 44.840462883092087 ], [ -0.905692322655424, 44.84057421396902 ], [ -0.905692257048699, 44.840574265508558 ], [ -0.902688871476444, 44.842933536547903 ], [ -0.89952898467057, 44.843044692113729 ], [ -0.896369085356756, 44.843155757600542 ], [ -0.896369019227459, 44.843155809535929 ], [ -0.893365104572403, 44.845514829328231 ], [ -0.893365038829624, 44.845514880953999 ], [ -0.89036087147839, 44.847873821580734 ], [ -0.887200682404664, 44.847984626138583 ], [ -0.887200616100033, 44.847984678195125 ], [ -0.884196058365081, 44.850343453793364 ] ] } },
{ "type": "Feature", "properties": { "arrival_h": 18.0, "hours_ago": 23.094067985394346 }, "geometry": { "type": "LineString", "coordinates": [ [ -1.035365404900763, 44.908052401783671 ], [ -1.034068024972179, 44.907905280644336 ], [ -1.030861351216326, 44.907416634629556 ], [ -1.027645639271512, 44.906801304633149 ], [ -1.025016138019122, 44.90617429529388 ], [ -1.024418294711312, 44.906022837774742 ], [ -1.021169107598521, 44.904938475033426 ], [ -1.01935101811141, 44.90412575357972 ], [ -1.017885291954474, 44.903369027779121 ], [ -1.015719447237853, 44.902003394134908 ], [ -1.014556511173006, 44.901168891312743 ], [ -1.012908352637237, 44.899851269236748 ], [ -1.011169860195169, 44.898156011999916 ], [ -1.010730775976092, 44.897676193457194 ], [ -1.009307253593116, 44.8954738476545 ], [ -1.008484832862249, 44.893249781784505 ], [ -1.008085596676771, 44.891010431992193 ], [ -1.007978630795975, 44.888760528923399 ], [ -1.008131013790533, 44.886501261190254 ], [ -1.008594104681842, 44.884230771433984 ], [ -1.009423891870278, 44.881947031522039 ], [ -1.009935283080661, 44.880891732572543 ], [ -1.010664064812465, 44.879648452542028 ], [ -1.012202631262691, 44.877339068504966 ], [ -1.012792496993161, 44.876519911378409 ], [ -1.014029069676763, 44.875019246308241 ], [ -1.015715421128734, 44.873072223635639 ], [ -1.016083485081408, 44.872691138475808 ], [ -1.018400424360628, 44.870353480052607 ], [ -1.018671288307296, 44.870089375827732 ], [ -1.020961078214307, 44.86800693512005 ], [ -1.021647949130714, 44.867400920851949 ], [ -1.023735241035928, 44.865652581259525 ], [ -1.02463966121492, 44.864926191161253 ], [ -1.026800126312676, 44.863287598666759 ], [ -1.02764808058344, 44.862687806988944 ], [ -1.030319889180731, 44.860905997764604 ], [ -1.030673129505255, 44.860684183367908 ], [ -1.033708110563751, 44.858821647741834 ], [ -1.034209818988153, 44.858510814031582 ], [ -1.036749515797409, 44.857051130812884 ], [ -1.038388333693198, 44.856104977094667 ], [ -1.039796464682853, 44.855360201396969 ], [ -1.042846576752577, 44.853715643327945 ], [ -1.042894673374647, 44.853687022602259 ], [ -1.045891536578, 44.852002014626571 ], [ -1.046970335479928, 44.851284588962969 ], [ -1.048910937575441, 44.849936613809085 ], [ -1.050159821225614, 44.848914361367619 ], [ -1.051893645205932, 44.847365963422448 ], [ -1.052684751326368, 44.846568321709071 ], [ -1.054775722893456, 44.844238087016372 ], [ -1.05483110221229, 44.844172662855478 ], [ -1.056505199965972, 44.841921032990534 ], [ -1.057713226709049, 44.840218498760024 ], [ -1.058115099555268, 44.839608324861096 ], [ -1.059629971224945, 44.837299069551669 ], [ -1.060569748392343, 44.8359159327429 ], [ -1.06118379522144, 44.834988363999571 ], [ -1.062811940613544, 44.832674910316889 ], [ -1.063446275714366, 44.831895733141415 ], [ -1.064784491745029, 44.830348802906975 ], [ -1.066386647726219, 44.828762618525687 ], [ -1.067238149819834, 44.828005006678332 ], [ -1.069372072750719, 44.826255544495858 ], [ -1.070197788122221, 44.825642574222421 ], [ -1.072384203898036, 44.824120265355212 ], [ -1.073679954185545, 44.823260854538056 ], [ -1.07541040894661, 44.822181959763341 ], [ -1.077620632134345, 44.820862150790227 ], [ -1.078448327125352, 44.820407706473191 ], [ -1.081500901315117, 44.818837639995095 ], [ -1.08234036993942, 44.818434606513122 ], [ -1.08456531395157, 44.817432583949525 ], [ -1.087635222268532, 44.816105045358562 ], [ -1.087936617653012, 44.815974524208869 ], [ -1.090705735309427, 44.814787714506984 ], [ -1.093594517859387, 44.813511866432215 ], [ -1.093773370661173, 44.81343279919502 ], [ -1.096843590050528, 44.812115247550338 ], [ -1.099437530065376, 44.811042056773047 ], [ -1.099917668531904, 44.810852442864331 ], [ -1.102996202659359, 44.809652430594809 ], [ -1.105581528627292, 44.808560772295905 ], [ -1.106067857041943, 44.808360033746858 ], [ -1.109131274581182, 44.806956905163212 ], [ -1.110738385672684, 44.80611575164032 ], [ -1.112180417249993, 44.805360818167706 ], [ -1.115018775135078, 44.803703027697189 ], [ -1.115216400988429, 44.803587416651439 ], [ -1.118242575473666, 44.801682761607793 ], [ -1.11878772678347, 44.801309138527685 ], [ -1.121252328370525, 44.799557009282523 ], [ -1.122085705037672, 44.798932633432074 ], [ -1.124248617096912, 44.797250898920971 ], [ -1.125161897664915, 44.796564279399952 ], [ -1.127247157846137, 44.794978705635934 ], [ -1.128433987621616, 44.794188532849873 ], [ -1.130267186844343, 44.793001989303335 ], [ -1.132439343262192, 44.791785332817874 ], [ -1.1333070689748, 44.791297907978084 ], [ -1.136359951171155, 44.789772808368269 ], [ -1.137392076815372, 44.78934660001778 ], [ -1.139431699657155, 44.788505922806635 ], [ -1.142531703872715, 44.78762403057852 ], [ -1.145662643001607, 44.787162591383684 ], [ -1.14882041177676, 44.787065070941871 ], [ -1.151998985101346, 44.787249114363938 ], [ -1.155194247784447, 44.787658432664898 ], [ -1.158403063918097, 44.788250135294057 ], [ -1.159590018412733, 44.788515347953428 ], [ -1.161622461884795, 44.788983679606403 ], [ -1.164847665589421, 44.789794308351226 ], [ -1.167659885587022, 44.79046597412664 ], [ -1.168070087204134, 44.790566093688206 ], [ -1.171279524002387, 44.791161724242308 ], [ -1.174475700814905, 44.791577909514523 ], [ -1.17766560975439, 44.791909085647255 ], [ -1.180645194896194, 44.792230656413274 ], [ -1.180857101171292, 44.792260927644705 ], [ -1.18406079979862, 44.792776032724085 ], [ -1.187271559448688, 44.793384983571691 ], [ -1.190482575041633, 44.793996340236397 ], [ -1.19108006833218, 44.794090359885566 ], [ -1.193712981968243, 44.794866402824432 ], [ -1.196958883044495, 44.795942402461208 ], [ -1.197404101709404, 44.796104924001874 ], [ -1.197926241908078, 44.79833912143863 ], [ -1.197190892799489, 44.79904736840092 ], [ -1.195951746237206, 44.800667892346368 ], [ -1.194243803063224, 44.801975474369534 ], [ -1.193038608198013, 44.803032146730992 ], [ -1.191242898174983, 44.804186504720207 ], [ -1.189536439937261, 44.805418588594257 ], [ -1.188227228246519, 44.806202634271166 ], [ -1.185973285597398, 44.807807214244612 ], [ -1.185217678756371, 44.808303712279404 ], [ -1.183049475837243, 44.810171585194553 ], [ -1.182246980182142, 44.810929398848515 ], [ -1.18092806692064, 44.812505603948232 ], [ -1.179344482311429, 44.814475083986139 ], [ -1.179081777821729, 44.81482920374674 ], [ -1.177171306918533, 44.817155187770545 ], [ -1.176434411605994, 44.817923809121424 ], [ -1.174860905390831, 44.819496199104442 ], [ -1.173470352421722, 44.820650952482261 ], [ -1.171845174931661, 44.821863705491673 ], [ -1.170459863722479, 44.82275683957252 ], [ -1.16782886072394, 44.824268747631869 ], [ -1.167420259892616, 44.824473450480916 ], [ -1.164355613909281, 44.82585487679485 ], [ -1.161800008648305, 44.82674920809324 ], [ -1.161266913691621, 44.826913729461545 ], [ -1.158155323028634, 44.827665019058358 ], [ -1.155023924602026, 44.828149716861432 ], [ -1.15187901967395, 44.828452428421016 ], [ -1.148728358709452, 44.828677619945424 ], [ -1.145577766534243, 44.8289039954836 ], [ -1.142433148489402, 44.829211588668301 ], [ -1.139301805722483, 44.829699605121242 ], [ -1.138572594266488, 44.829872700545621 ], [ -1.136192229438481, 44.830483697525324 ], [ -1.13310704923829, 44.831600239432738 ], [ -1.131353115202604, 44.832395879101966 ], [ -1.130041667158903, 44.832987461962524 ], [ -1.126980841997448, 44.834438641900427 ], [ -1.126102412972494, 44.834845315520042 ], [ -1.123911766278615, 44.835779586504657 ], [ -1.120849666037212, 44.837217458768087 ], [ -1.120695571399246, 44.837300291383855 ], [ -1.117806183778648, 44.838911169459628 ], [ -1.1166020894078, 44.839706236319735 ], [ -1.114793666686686, 44.841029688904911 ], [ -1.113491309430765, 44.842075568895112 ], [ -1.111814666085119, 44.843608731039339 ], [ -1.110962556371029, 44.84442323103832 ], [ -1.108871140805756, 44.846675993177364 ], [ -1.10879690524651, 44.846757376878685 ], [ -1.106837329274171, 44.849083844451179 ], [ -1.105956156216168, 44.850137667676734 ], [ -1.104854954969205, 44.851411116991585 ], [ -1.103022640179865, 44.853350731938598 ], [ -1.102617252726243, 44.853747794810552 ], [ -1.100047830191865, 44.856003163358537 ], [ -1.09991847839804, 44.856101466717611 ], [ -1.097039577926937, 44.858201352066359 ], [ -1.096583960840977, 44.858478548158573 ], [ -1.094013647548266, 44.860160403226523 ], [ -1.09279906689893, 44.860872139402531 ], [ -1.090997864956649, 44.862261446223918 ], [ -1.089829162328981, 44.86323554679084 ], [ -1.088244589248634, 44.865547822231285 ], [ -1.088100763106781, 44.865994313493275 ], [ -1.087520603744424, 44.867828366876296 ], [ -1.087256946744923, 44.870091948168827 ], [ -1.087203650520334, 44.872347780332078 ], [ -1.087152806565676, 44.874603523589727 ], [ -1.086764779640528, 44.87687168806999 ], [ -1.08585224970239, 44.878637891501668 ], [ -1.085494050597529, 44.879172355829304 ], [ -1.082891465501494, 44.881512118489233 ], [ -1.082878407743457, 44.881522500309494 ], [ -1.079872782510472, 44.883594491668454 ], [ -1.079480388767178, 44.883901341467016 ], [ -1.076885209505287, 44.886107844221414 ], [ -1.076756373100005, 44.886255311691841 ], [ -1.075088356321935, 44.888570437745443 ], [ -1.074031855139291, 44.890472443722075 ], [ -1.073842747614705, 44.890870030938956 ], [ -1.072775621038869, 44.893163058687627 ], [ -1.071680361933028, 44.89545710664617 ], [ -1.071279367815198, 44.896232404569332 ], [ -1.070494514700968, 44.897754464251591 ], [ -1.069023871160363, 44.900062247526854 ], [ -1.068433299103146, 44.900710387617778 ], [ -1.066562764558219, 44.902406297280315 ], [ -1.065437314550448, 44.9031270699328 ], [ -1.06237509969461, 44.904633164404991 ], [ -1.061889361012681, 44.904831256632548 ], [ -1.059286330424979, 44.905774682037759 ], [ -1.056187147182776, 44.906773907624085 ], [ -1.053867853634896, 44.907378316262673 ], [ -1.053073086416805, 44.907568779207828 ], [ -1.049940123107875, 44.908103114051826 ], [ -1.046790832817884, 44.908411995099861 ], [ -1.043627364707337, 44.908524696029829 ], [ -1.04045153185063, 44.908465914160054 ], [ -1.03726484116881, 44.908256169845984 ], [ -1.035365404900763, 44.908052401783671 ] ] } },
{ "type": "Feature", "properties": { "arrival_h": 18.0, "hours_ago": 23.094067985394346 }, "geometry": { "type": "LineString", "coordinates": [ [ -1.022853780242407, 44.795818464629541 ], [ -1.022692811195246, 44.79357059141838 ], [ -1.025688529256963, 44.791208109489958 ], [ -1.029006395421883, 44.793341184868801 ], [ -1.029167618689579, 44.795589048643585 ], [ -1.026171811519159, 44.797951630804342 ], [ -1.022853780242407, 44.795818464629541 ] ] } },
{ "type": "Feature", "properties": { "arrival_h": 18.0, "hours_ago": 23.094067985394346 }, "geometry": { "type": "LineString", "coordinates": [ [ -1.092240293978687, 45.009651472420892 ], [ -1.095244625966273, 45.007286960772362 ], [ -1.098413379704935, 45.007170227710219 ], [ -1.098413446249509, 45.007170175329932 ], [ -1.101417383644131, 45.004805499113111 ], [ -1.101417449782651, 45.004805447046316 ], [ -1.10442113398352, 45.002440691174755 ], [ -1.104421199948032, 45.002440639238813 ], [ -1.107424630735802, 45.000075803762996 ], [ -1.107424696562588, 45.000075751929373 ], [ -1.110427873941176, 44.997710837120593 ], [ -1.110427939971662, 44.997710785120425 ], [ -1.110262874790227, 44.995462899770764 ], [ -1.113265686117921, 44.993097911191867 ], [ -1.113265751859697, 44.993097859411122 ], [ -1.113100586715233, 44.990849981174449 ], [ -1.112935434877092, 44.988602104115429 ], [ -1.115937766536875, 44.98623704651591 ], [ -1.119105286698471, 44.986119724778348 ], [ -1.122272793565746, 44.98600231252248 ], [ -1.125440287131829, 44.985884809793639 ], [ -1.128773466125081, 44.988015023844 ], [ -1.128773538818655, 44.988015070299134 ], [ -1.131941132505549, 44.98789738235007 ], [ -1.135108712937161, 44.987779604981277 ], [ -1.135108778401654, 44.987779553385437 ], [ -1.138110128490518, 44.985413898347929 ], [ -1.141277555554524, 44.985295945372975 ], [ -1.144444969270488, 44.985177902116057 ], [ -1.147612369666505, 44.985059769093667 ], [ -1.147612435019455, 44.98505971756687 ], [ -1.150613111706795, 44.982693727571331 ], [ -1.15061317624565, 44.982693676680391 ], [ -1.153613600356726, 44.980327606568686 ], [ -1.156780707299542, 44.980209213116211 ], [ -1.156780772136602, 44.980209161979872 ], [ -1.15978080258229, 44.977842928087831 ], [ -1.159780867230923, 44.977842877094091 ], [ -1.159613880662131, 44.975595078052031 ], [ -1.162613546431714, 44.973228769960478 ], [ -1.16261360992459, 44.973228719870697 ], [ -1.165613021884722, 44.97086233293161 ], [ -1.16561308591209, 44.97086228241421 ], [ -1.165445886688674, 44.968614496622635 ], [ -1.16527870152681, 44.966366712013205 ], [ -1.165111529413287, 44.964118928627215 ], [ -1.168110350987566, 44.96175247960241 ], [ -1.168110413834181, 44.961752430005546 ], [ -1.167943141846116, 44.959504653890868 ], [ -1.167775885113178, 44.957256878927005 ], [ -1.167775815746417, 44.957256834617958 ], [ -1.164442977701041, 44.955127807149587 ], [ -1.164275874320631, 44.9528800297998 ], [ -1.164108784913558, 44.950632253658739 ], [ -1.16410871660368, 44.950632210015641 ], [ -1.160776410504729, 44.948503076125014 ], [ -1.160609475389728, 44.946255297585665 ], [ -1.160609407803051, 44.946255254397464 ], [ -1.157277495539869, 44.944126017879221 ], [ -1.15727742933106, 44.944125975566301 ], [ -1.153945769510945, 44.941996639639932 ], [ -1.153945703843503, 44.941996597667853 ], [ -1.150614295795814, 44.939867162937929 ], [ -1.150614231401926, 44.93986712177486 ], [ -1.147283072368412, 44.937737587862642 ], [ -1.150281242420137, 44.935371633029675 ], [ -1.150281299031628, 44.935371588353007 ], [ -1.153279213712586, 44.933005555390203 ], [ -1.153279271600564, 44.933005509700791 ], [ -1.153112676754859, 44.930757730501362 ], [ -1.156110228067303, 44.928391623433377 ], [ -1.156110284718306, 44.928391578713416 ], [ -1.155943590050694, 44.926143806873448 ], [ -1.158940776762643, 44.923777626211546 ], [ -1.15894083275126, 44.923777582007695 ], [ -1.158774039621439, 44.921529817493948 ], [ -1.158607261538778, 44.919282054195044 ], [ -1.158440496911932, 44.917034292173931 ], [ -1.158273744292683, 44.914786531488133 ], [ -1.161270230130265, 44.91242029248027 ], [ -1.161270281431509, 44.912420251966729 ], [ -1.164266511688451, 44.910053934051859 ], [ -1.164266563082695, 44.910053893460095 ], [ -1.167262540494467, 44.907687496042165 ], [ -1.1672625913054, 44.907687455906355 ], [ -1.170258316450596, 44.905320976838929 ], [ -1.173421155040958, 44.905202112874782 ], [ -1.176583980179752, 44.905083158242817 ], [ -1.179746791994677, 44.904964114792861 ], [ -1.179746845634152, 44.90496407240731 ], [ -1.182741895998162, 44.902597260108799 ], [ -1.18590455471601, 44.902478042573257 ], [ -1.185904608078852, 44.902478000397835 ], [ -1.188899266354134, 44.900111024020767 ], [ -1.192061771883987, 44.899991631513572 ], [ -1.192061825646868, 44.899991589013467 ], [ -1.195056091301957, 44.897624450780675 ], [ -1.195056143438924, 44.897624409561011 ], [ -1.198050158304401, 44.895257193303785 ], [ -1.198050211772724, 44.895257151026563 ], [ -1.197881934878913, 44.893009465204806 ], [ -1.200875588109399, 44.890642174168931 ], [ -1.200875639073251, 44.890642133865839 ], [ -1.203869037278893, 44.888274765361551 ], [ -1.203869090049636, 44.88827472362464 ], [ -1.203700600966869, 44.88602705151807 ], [ -1.206693637391463, 44.883659609794663 ], [ -1.206693689647751, 44.883659568458313 ], [ -1.206525102950769, 44.881411903826027 ], [ -1.206356530535621, 44.879164240495975 ], [ -1.209349090924464, 44.876796731240532 ], [ -1.209349141834699, 44.876796690961413 ], [ -1.209180467759523, 44.874549035283465 ], [ -1.212172663208197, 44.872181453300804 ], [ -1.212172713995519, 44.872181413112791 ], [ -1.212003942572787, 44.86993376494101 ], [ -1.211835187128431, 44.867686118023983 ], [ -1.211666445831524, 44.865438472434512 ], [ -1.21149771808828, 44.863190828198462 ], [ -1.211329003842019, 44.860943185321304 ], [ -1.211160303088835, 44.858695543806519 ], [ -1.210991615826709, 44.856447903657468 ], [ -1.210822942053735, 44.854200264877583 ], [ -1.210654281770433, 44.851952627470105 ], [ -1.210485635042269, 44.849704991435921 ], [ -1.210317002515502, 44.847457356753758 ], [ -1.21014838519727, 44.845209723388749 ], [ -1.210148335669267, 44.845209691724072 ], [ -1.206820511601761, 44.84308199580893 ], [ -1.209811142127918, 44.84071448945339 ], [ -1.212970259521344, 44.840594503825052 ], [ -1.216129363459242, 44.840474428859949 ], [ -1.21612940855336, 44.840474393153578 ], [ -1.219119496288451, 44.838106639686501 ], [ -1.222278447075569, 44.837986388423651 ], [ -1.225437384404252, 44.837866048168763 ], [ -1.225437429506099, 44.83786601244617 ], [ -1.228426986151478, 44.835498010643917 ], [ -1.2315857704962, 44.835377496886572 ], [ -1.231585814640715, 44.835377461915222 ], [ -1.234574980712169, 44.83300929592896 ], [ -1.237733611979187, 44.832888607751173 ], [ -1.237733656136638, 44.832888572762585 ], [ -1.240722430893199, 44.830520246145483 ], [ -1.240722471973842, 44.830520213590987 ], [ -1.243710997989216, 44.828151807605664 ], [ -1.243711038274238, 44.828151775677938 ], [ -1.246699313165324, 44.825783290487387 ], [ -1.246699352730171, 44.825783259126737 ], [ -1.249687376405519, 44.82341469428566 ], [ -1.249687414635283, 44.82341466397969 ], [ -1.252675187540196, 44.821046016469005 ], [ -1.255833107482971, 44.820924813982579 ], [ -1.255833147996869, 44.820924781859482 ], [ -1.258820527071102, 44.818555970717057 ], [ -1.261978293870702, 44.818434593915136 ], [ -1.261978334782774, 44.81843456146985 ], [ -1.264965322307969, 44.816065590167788 ], [ -1.264965359345825, 44.816065560791479 ], [ -1.26795209877302, 44.813696505625053 ] ] } },
{ "type": "Feature", "properties": { "arrival_h": 18.0, "hours_ago": 23.094067985394346 }, "geometry": { "type": "LineString", "coordinates": [ [ -0.888713233259343, 44.915539392323836 ], [ -0.892033228939953, 44.917676642767461 ], [ -0.892033302534784, 44.917676690141313 ], [ -0.89535355108983, 44.919813842363027 ], [ -0.895353624745341, 44.919813889770154 ], [ -0.898674126271053, 44.921950944136356 ], [ -0.898674199932129, 44.921950991541287 ], [ -0.901994954186739, 44.92408794808405 ], [ -0.901995028127838, 44.924087995663385 ], [ -0.905159475039554, 44.923976765843449 ], [ -0.908480596381461, 44.926113530343976 ], [ -0.908480670229426, 44.926113577853847 ], [ -0.911645218546713, 44.926002163534598 ], [ -0.914809754305504, 44.925890659365997 ], [ -0.917974277482834, 44.925779065163873 ], [ -0.921138788064448, 44.925667380869093 ], [ -0.924303286039985, 44.925555606478277 ], [ -0.927467771399258, 44.925443741990676 ], [ -0.930632244131765, 44.925331787400921 ], [ -0.9337967042272, 44.925219742706481 ], [ -0.936961151675195, 44.925107607903996 ], [ -0.940125586469634, 44.924995383050543 ], [ -0.943290008617418, 44.924883068388098 ], [ -0.943290073752007, 44.924883017245968 ], [ -0.946296139239065, 44.922522586121005 ], [ -0.949460409494642, 44.922410095304997 ], [ -0.952783129556416, 44.924545537008449 ], [ -0.949777225951638, 44.926906144291912 ], [ -0.949777161498107, 44.926906194905854 ], [ -0.946771006788094, 44.92926672228954 ], [ -0.943606344264451, 44.929379135560694 ], [ -0.943606278437741, 44.929379187242603 ], [ -0.940599732874214, 44.931739548501554 ], [ -0.940599666891142, 44.931739600300105 ], [ -0.937592868448522, 44.934099882097406 ], [ -0.93442791488937, 44.934212034712843 ], [ -0.931262948695331, 44.934324097470416 ], [ -0.928097969874048, 44.934436070335224 ], [ -0.924775608535814, 44.93229988666274 ], [ -0.924775534620274, 44.932299839134267 ], [ -0.921610657097549, 44.932411627379537 ], [ -0.918445766945584, 44.932523325251857 ], [ -0.915280864188165, 44.932634932945959 ], [ -0.912115948836088, 44.932746450471242 ], [ -0.908951020888174, 44.932857877665327 ], [ -0.908950953656813, 44.932857930400289 ], [ -0.905942764892151, 44.935217355956439 ], [ -0.902777685252698, 44.935328607322511 ], [ -0.902777617851, 44.935328660180474 ], [ -0.89976903702577, 44.937687920202265 ], [ -0.896603805730442, 44.937798995887078 ], [ -0.896603738064631, 44.937799048941542 ], [ -0.89359476524277, 44.940158143189059 ], [ -0.893594697684355, 44.940158196153064 ], [ -0.890585471599932, 44.942517210817215 ] ] } },
{ "type": "Feature", "properties": { "arrival_h": 18.0, "hours_ago": 23.094067985394346 }, "geometry": { "type": "LineString", "coordinates": [ [ -0.892928319891759, 44.976239968144043 ], [ -0.896252069925779, 44.978377129167633 ], [ -0.896252145828671, 44.978377177969982 ], [ -0.899576149303982, 44.980514240840414 ], [ -0.899576225264819, 44.980514289674034 ], [ -0.902900482139592, 44.982651254494286 ], [ -0.902900558228739, 44.982651303404445 ], [ -0.906068310322031, 44.982540046323621 ], [ -0.909236049834255, 44.982428699083812 ], [ -0.912560788710563, 44.984565376593451 ], [ -0.91256086471728, 44.984565425436962 ], [ -0.91572870579934, 44.984453893216646 ], [ -0.919053812378208, 44.986590377912798 ], [ -0.919053888398697, 44.986590426755342 ], [ -0.922221831018985, 44.986478709610978 ], [ -0.92554730527137, 44.988615001469647 ], [ -0.925547381336069, 44.988615050330786 ], [ -0.928715425462205, 44.988503148307593 ], [ -0.931883456935143, 44.988391156164703 ], [ -0.935051475741459, 44.988279073855509 ], [ -0.938219481871204, 44.988166901382961 ], [ -0.941387475317963, 44.988054638800229 ], [ -0.941387544122118, 44.988054584839297 ], [ -0.944397075050168, 44.98569416544035 ], [ -0.947564916312833, 44.985581727048988 ], [ -0.950732744860605, 44.985469198508959 ], [ -0.95073281367161, 44.985469144527372 ], [ -0.953741812086458, 44.983108474246755 ], [ -0.953741880757163, 44.983108420368879 ], [ -0.956750625802073, 44.980747670237896 ], [ -0.956750694389068, 44.980747616419343 ], [ -0.959759186018011, 44.978386786316499 ], [ -0.962926583341345, 44.978273910698846 ], [ -0.96625312216922, 44.980408980924381 ], [ -0.966253197974132, 44.98040902957522 ], [ -0.96957999022425, 44.982544001450712 ], [ -0.969580066077014, 44.982544050126322 ], [ -0.972907111815147, 44.984678923785985 ], [ -0.972907187675857, 44.984678972460756 ], [ -0.976234486844162, 44.986813747919904 ], [ -0.976234562793604, 44.986813796645642 ], [ -0.97940240316173, 44.986700451460536 ], [ -0.982730069900129, 44.988835034074476 ], [ -0.982730145768692, 44.988835082738532 ], [ -0.985898087257753, 44.988721552619729 ], [ -0.989066015908991, 44.988607932373853 ], [ -0.99223393170332, 44.988494221875591 ], [ -0.995562194260561, 44.990628422066337 ], [ -0.995562269618258, 44.990628470385403 ], [ -0.998890785594852, 44.992762572196057 ], [ -0.99889086108553, 44.992762620594483 ], [ -1.002058991802928, 44.992648630122297 ], [ -1.005227109624876, 44.992534549463578 ], [ -1.008556107922036, 44.994668363787966 ], [ -1.008717088173783, 44.99691639769253 ], [ -1.008717163238699, 44.996916445802441 ], [ -1.012046554893045, 44.999050158027963 ], [ -1.012207688078409, 45.001298189627953 ], [ -1.012368834269224, 45.003546222401404 ], [ -1.012529993196184, 45.005794256354704 ], [ -1.012530068484989, 45.005794304595909 ], [ -1.015860132509161, 45.007927907896018 ], [ -1.015860207507847, 45.007927955945448 ], [ -1.019190525604526, 45.010061461057447 ], [ -1.019351977195661, 45.01230948917641 ] ] } },
{ "type": "Feature", "properties": { "arrival_h": 24.0, "hours_ago": 17.094067985394346 }, "geometry": { "type": "LineString", "coordinates": [ [ -1.264367687925965, 44.766498852106267 ], [ -1.261042457183792, 44.764372818438837 ], [ -1.261042431418743, 44.764372801964612 ], [ -1.257717453879703, 44.762246674781082 ], [ -1.257717426529639, 44.762246657291271 ], [ -1.254392703558357, 44.760120432896031 ], [ -1.254392672875822, 44.760120413272773 ], [ -1.251238163698222, 44.760241583063461 ], [ -1.247913804651768, 44.758115162995736 ], [ -1.247913773169686, 44.7581151428571 ], [ -1.244759362319631, 44.758236125913918 ], [ -1.241604937739387, 44.758357016956545 ], [ -1.238450499586611, 44.758477817937759 ], [ -1.235296047981401, 44.758598530317705 ], [ -1.231972389532342, 44.756471633785139 ], [ -1.231972357142531, 44.756471613056839 ], [ -1.228818004330967, 44.756592143556155 ], [ -1.225494710970451, 44.754465055855036 ], [ -1.225494676958716, 44.754465034084419 ], [ -1.222340422684907, 44.754585378834726 ], [ -1.219186154856208, 44.754705632923461 ], [ -1.215863338209506, 44.752578258285567 ], [ -1.215863303049463, 44.75257823577364 ], [ -1.212709133946293, 44.752698305852022 ], [ -1.209554951245298, 44.752818284273353 ], [ -1.206400755061371, 44.752938172434767 ], [ -1.203246545435621, 44.753057970750937 ], [ -1.200092322348569, 44.753177678826852 ], [ -1.196938085711178, 44.753297295334626 ], [ -1.196938053546203, 44.753297320829766 ], [ -1.193951526675087, 44.755664417950236 ], [ -1.190797137676812, 44.755783861014592 ], [ -1.187642735452889, 44.755903216478565 ], [ -1.184321041548126, 44.753774896051453 ], [ -1.184321005914288, 44.753774873218319 ], [ -1.18116670278536, 44.753894046765716 ], [ -1.177845374020197, 44.751765535118317 ], [ -1.177845336866329, 44.751765511306431 ], [ -1.174691132574618, 44.751884498999353 ], [ -1.171536914817552, 44.752003395163847 ], [ -1.168382683700346, 44.752122201079693 ], [ -1.165228439263331, 44.752240917154829 ], [ -1.162074181518934, 44.752359543421541 ], [ -1.158919910474493, 44.752478079843463 ], [ -1.155765626113548, 44.752596526062177 ], [ -1.152611328366681, 44.752714881001289 ], [ -1.152611293295988, 44.75271490876851 ], [ -1.149622935765289, 44.755080807198119 ], [ -1.146468485879166, 44.755198987986134 ], [ -1.143314022811132, 44.755317079867481 ], [ -1.140159546533855, 44.755435082336909 ], [ -1.137005057080225, 44.755552995705919 ], [ -1.133685306988631, 44.753423163256357 ], [ -1.133685264460297, 44.753423135970102 ], [ -1.130530874360422, 44.753540866419044 ], [ -1.127211490696906, 44.751410844000418 ], [ -1.127211445596995, 44.751410815058435 ], [ -1.124057154707933, 44.751528360163213 ], [ -1.120902850571604, 44.751645814484959 ], [ -1.117748533282292, 44.751763179171647 ], [ -1.114429741871898, 44.74963277806863 ], [ -1.114429693362658, 44.749632746927695 ], [ -1.111275475473892, 44.749749927790127 ], [ -1.108121244396187, 44.749867018097298 ], [ -1.104967000183063, 44.749984018443129 ], [ -1.101812742857945, 44.750100929010834 ], [ -1.098658472425475, 44.750217749726538 ], [ -1.095504188876405, 44.75033448032552 ], [ -1.095504142294742, 44.750334517154492 ], [ -1.092513521986618, 44.752698860544633 ], [ -1.089359086648063, 44.752815416824895 ], [ -1.086041311817141, 44.750684169209123 ], [ -1.085877947453098, 44.748436423600843 ], [ -1.085714596166185, 44.746188679536715 ], [ -1.085714542485388, 44.746188645048569 ], [ -1.082397298232687, 44.744057295158939 ], [ -1.082397244578924, 44.744057260683974 ], [ -1.07908025158742, 44.741925813079725 ], [ -1.078917190228166, 44.73967806421183 ] ] } },
{ "type": "Feature", "properties": { "arrival_h": 24.0, "hours_ago": 17.094067985394346 }, "geometry": { "type": "LineString", "coordinates": [ [ -1.025301850924752, 44.741640733408822 ], [ -1.022308748511428, 44.744003169744495 ], [ -1.022308697746433, 44.744003209810622 ], [ -1.019315343952442, 44.746365567390029 ], [ -1.019315293350001, 44.74636560732317 ], [ -1.016321688052176, 44.748727886151208 ], [ -1.016321637632936, 44.7487279259351 ], [ -1.013327780787129, 44.751090126007497 ], [ -1.013327730563368, 44.751090165632498 ], [ -1.010333622133965, 44.753452286940636 ], [ -1.010333572112692, 44.753452326401259 ], [ -1.007339212066997, 44.755814368899436 ], [ -1.007339162206008, 44.755814408229 ], [ -1.007499411670735, 44.758062274299434 ], [ -1.00450468644027, 44.76042424495833 ], [ -1.001189682071446, 44.758290454304706 ], [ -1.001029685474202, 44.756042578886273 ], [ -1.001029630199803, 44.756042543303749 ], [ -0.997715016788839, 44.7539086529098 ], [ -0.997714961275876, 44.753908617169358 ], [ -0.994400599616748, 44.751774629393964 ], [ -0.994400543771223, 44.751774593435037 ], [ -0.991245959557394, 44.751888357207967 ], [ -0.987931962463008, 44.749754177570502 ], [ -0.987931906405312, 44.749754141467733 ], [ -0.984618160998164, 44.747619864603081 ], [ -0.984618104652141, 44.747619828310214 ], [ -0.981463733604845, 44.747733313333079 ], [ -0.978309349836762, 44.747846708525969 ], [ -0.975154953359809, 44.747960013915524 ], [ -0.972000544184468, 44.748073229508066 ], [ -0.968846122320749, 44.748186355303339 ], [ -0.965691687778613, 44.748299391300371 ], [ -0.962537240567877, 44.748412337496077 ], [ -0.95938278069806, 44.748525193883204 ], [ -0.95938272962645, 44.748525234123633 ], [ -0.95638649462172, 44.750885894539628 ], [ -0.953231883757495, 44.75099857591637 ], [ -0.950077260263865, 44.75111116749639 ], [ -0.946922624150419, 44.751223669273379 ], [ -0.943767975427034, 44.751336081245135 ], [ -0.940613314103714, 44.751448403411246 ], [ -0.937458640190479, 44.751560635771469 ], [ -0.934303953697419, 44.751672778326657 ], [ -0.931149254634831, 44.751784831080528 ], [ -0.931149203395924, 44.751784871421485 ], [ -0.928151610576719, 44.754144770757399 ], [ -0.924996760672312, 44.75425664844056 ], [ -0.924996709491357, 44.754256688727857 ], [ -0.921998726858866, 44.756616423712828 ], [ -0.921998675785014, 44.75661646391108 ], [ -0.919000441548656, 44.758976119824794 ], [ -0.919000390577385, 44.758976159937603 ], [ -0.916001904718311, 44.761335736756905 ], [ -0.916001853837998, 44.761335776793423 ], [ -0.913003116342343, 44.76369527445911 ], [ -0.913003065493662, 44.763695314466034 ], [ -0.913159567200844, 44.765943321557508 ], [ -0.910160464527695, 44.768302746279744 ], [ -0.910160413889539, 44.768302786114972 ], [ -0.910316814851172, 44.77055080082166 ], [ -0.90731734699444, 44.772910152530038 ], [ -0.907317296517101, 44.772910192232693 ], [ -0.907473596587496, 44.775158214542152 ], [ -0.907629909057965, 44.777406238381204 ], [ -0.907786233997528, 44.779654263744099 ], [ -0.907942571430597, 44.781902290626626 ], [ -0.908098921360707, 44.7841503190254 ], [ -0.908255283783898, 44.786398348937198 ], [ -0.908411658639413, 44.788646380360866 ], [ -0.908568045731185, 44.790894413299988 ], [ -0.908568100494106, 44.790894448614871 ], [ -0.911881510471852, 44.793031031701247 ], [ -0.912038048252877, 44.795279063110932 ], [ -0.912038102603726, 44.79527909815431 ], [ -0.915351903336245, 44.797415581001431 ], [ -0.915508591923466, 44.799663610861209 ], [ -0.915508645971195, 44.799663645703397 ], [ -0.918822836653562, 44.801800028235206 ], [ -0.91882289048964, 44.801800062936742 ], [ -0.921980420695237, 44.801688358371308 ], [ -0.925294977582644, 44.803824549803046 ], [ -0.925295030536977, 44.803824583929391 ], [ -0.928609839109511, 44.80596067771868 ], [ -0.928609892297783, 44.805960711991631 ], [ -0.931767636732573, 44.805848728716782 ], [ -0.934925368589252, 44.805736655660951 ], [ -0.938240656743399, 44.80787246398512 ], [ -0.938240709070621, 44.807872497693822 ], [ -0.941398541660317, 44.807760239826237 ], [ -0.944714196374523, 44.809895856459029 ], [ -0.944714247410183, 44.809895889329134 ], [ -0.94803015558014, 44.812031408216249 ], [ -0.948188192309342, 44.814279402758245 ], [ -0.948346241869275, 44.816527398756712 ], [ -0.948504303361107, 44.818775396240333 ], [ -0.948504353879721, 44.818775428769271 ], [ -0.951820931399259, 44.820910840983764 ], [ -0.951979143365739, 44.823158836820831 ], [ -0.951979193050621, 44.823158868807646 ], [ -0.955296161063841, 44.825294180822191 ], [ -0.955296209383395, 44.825294211926206 ], [ -0.958613430329439, 44.827429427180071 ], [ -0.958613477832639, 44.827429457754889 ], [ -0.96193095169315, 44.829564575861838 ], [ -0.961930998389658, 44.829564605913774 ], [ -0.965248724248621, 44.83169962688612 ], [ -0.965248771117889, 44.831699657045561 ], [ -0.968407888548443, 44.831586627962636 ], [ -0.971725981473292, 44.833721458918383 ], [ -0.971726026867089, 44.833721488122535 ], [ -0.974885244948773, 44.833608274825963 ], [ -0.978044450296811, 44.833494971632973 ], [ -0.981363031124081, 44.835629518270963 ], [ -0.978363055625103, 44.837990853686001 ], [ -0.978363018215187, 44.837990883130352 ], [ -0.978522345229361, 44.840238853458374 ], [ -0.975522005899033, 44.842600114967055 ], [ -0.9755219676799, 44.842600145043697 ], [ -0.975681193513042, 44.844848122848056 ], [ -0.975840430424077, 44.847096102126457 ], [ -0.975999679686623, 44.849344082829958 ], [ -0.976158941722261, 44.851592064940085 ], [ -0.976318216372654, 44.853840048459254 ], [ -0.976318252635226, 44.853840071777896 ], [ -0.979637976674149, 44.855974685880192 ], [ -0.976636835863733, 44.858335997933835 ], [ -0.973317092575463, 44.856201288239347 ], [ -0.973317056500675, 44.856201265040639 ], [ -0.969997571160054, 44.854066461219297 ], [ -0.969997529499949, 44.854066434425562 ], [ -0.966837150751896, 44.854179507885803 ], [ -0.963676759264427, 44.854292491099173 ], [ -0.960357756731929, 44.852157402882973 ], [ -0.960357711527024, 44.852157373801305 ], [ -0.957197420828662, 44.852270172880409 ], [ -0.954037117366534, 44.85238288091908 ], [ -0.950876801209452, 44.852495498748951 ], [ -0.94771647239335, 44.852608026736831 ], [ -0.944556130953027, 44.852720465234654 ], [ -0.941237950931923, 44.850584810078573 ], [ -0.941237903162625, 44.850584779331321 ], [ -0.937919975336121, 44.848449028091238 ], [ -0.937762255936037, 44.846200993548159 ], [ -0.937762205526219, 44.846200961095953 ], [ -0.934602204757142, 44.846313117443884 ], [ -0.931284783579231, 44.844177170957806 ], [ -0.931284733932595, 44.84417713899051 ], [ -0.92796756637218, 44.842041095876439 ], [ -0.927967515395837, 44.84204106304896 ], [ -0.92480772902609, 44.842152939384754 ], [ -0.921647930035865, 44.842264725187945 ], [ -0.918488118483455, 44.842376421147726 ], [ -0.915171544840778, 44.840239997030579 ], [ -0.915171492843632, 44.840239963533769 ], [ -0.912011782330484, 44.840351475298682 ], [ -0.90885205924201, 44.840462896580021 ], [ -0.90569232359389, 44.840574227456962 ], [ -0.905692276006436, 44.840574264840868 ], [ -0.902688872414229, 44.842933550035873 ], [ -0.899528985607598, 44.843044705601734 ], [ -0.896369086293025, 44.843155771088561 ], [ -0.896369038186171, 44.843155808869831 ], [ -0.893365105507991, 44.845514842816314 ], [ -0.893365057789173, 44.845514880288405 ], [ -0.890360872413296, 44.847873835068839 ], [ -0.887200683338813, 44.847984639626709 ], [ -0.887200635060482, 44.847984677530604 ], [ -0.884196059298547, 44.850343467281554 ] ] } },
{ "type": "Feature", "properties": { "arrival_h": 24.0, "hours_ago": 17.094067985394346 }, "geometry": { "type": "LineString", "coordinates": [ [ -1.267452469413084, 44.807122359254379 ], [ -1.264408719607383, 44.808736852499024 ], [ -1.263546079068997, 44.809357892621499 ], [ -1.26137801543636, 44.810525477641548 ], [ -1.259179037421699, 44.811779908009647 ], [ -1.25833675695797, 44.812177389026125 ], [ -1.255263638201967, 44.81341115515751 ], [ -1.252289506524308, 44.814298553264152 ], [ -1.252166488090902, 44.814329278456952 ], [ -1.249043906866495, 44.814912585035891 ], [ -1.245903581530579, 44.815262002890279 ], [ -1.242743374235333, 44.815348722780804 ], [ -1.239564107029083, 44.815183044958765 ], [ -1.237265550442367, 44.814873984552158 ], [ -1.236366155462069, 44.814769375707243 ], [ -1.233152254969303, 44.814143431584704 ], [ -1.229915720654865, 44.813215977961299 ], [ -1.229160372512381, 44.812929530231131 ], [ -1.226665765646901, 44.812108709016123 ], [ -1.223652149311085, 44.810885560771972 ], [ -1.223401119314608, 44.810804303966343 ], [ -1.220165542810803, 44.809884612387954 ], [ -1.216972435891725, 44.809528983323908 ], [ -1.213832080877363, 44.809875741958507 ], [ -1.210728262167005, 44.810710193845914 ], [ -1.208873034754731, 44.811447838156404 ], [ -1.207663519614886, 44.812067295389035 ], [ -1.205012222487907, 44.813848400540905 ], [ -1.204655214394936, 44.814180011399046 ], [ -1.202687870136453, 44.816190567101025 ], [ -1.201729076580457, 44.817393728335915 ], [ -1.200811964141121, 44.818515683854706 ], [ -1.198988091446248, 44.820838793648662 ], [ -1.198834077679227, 44.821028232894051 ], [ -1.197031253435494, 44.823166904166605 ], [ -1.195913557000823, 44.824326188442043 ], [ -1.194708145928985, 44.82550883646438 ], [ -1.192947354071081, 44.827017017986435 ], [ -1.191865701971407, 44.827870353923011 ], [ -1.189943938731413, 44.829212997806081 ], [ -1.188255963938906, 44.830260782113726 ], [ -1.18691100821308, 44.831016320110614 ], [ -1.183853372127267, 44.832490697866405 ], [ -1.183350712186824, 44.832699975253149 ], [ -1.180776297919116, 44.833706158124649 ], [ -1.177679961156363, 44.834664503395224 ], [ -1.175149036881006, 44.835263122970353 ], [ -1.174566850578291, 44.83539863791961 ], [ -1.171440903062253, 44.835961043241966 ], [ -1.16830086395193, 44.836334441829734 ], [ -1.165148129144021, 44.836537221005457 ], [ -1.161983891426355, 44.836585081035004 ], [ -1.158809600030597, 44.836497228517381 ], [ -1.155627481781651, 44.83630343014638 ], [ -1.152898207136264, 44.836098798811754 ], [ -1.152442801522659, 44.836074610704799 ], [ -1.149266300853741, 44.835956005164967 ], [ -1.146101950984793, 44.836001632930362 ], [ -1.142954033783876, 44.836269885304397 ], [ -1.141366987865836, 44.836530112788417 ], [ -1.139824170782384, 44.836783254407806 ], [ -1.136711532381537, 44.837531034222565 ], [ -1.133612490181063, 44.838464475991792 ], [ -1.131683737814394, 44.839145285393471 ], [ -1.130524477742497, 44.839549114198029 ], [ -1.127448289269309, 44.840796080575451 ], [ -1.125740931779053, 44.841620473386044 ], [ -1.124399277299961, 44.842414654229351 ], [ -1.122143781178091, 44.84400815500868 ], [ -1.121401573812666, 44.844734257803154 ], [ -1.119861099904534, 44.846346884393107 ], [ -1.118494586985928, 44.848293345990982 ], [ -1.118230713703293, 44.848661340587824 ], [ -1.117094754706874, 44.850957416013443 ], [ -1.116310039552348, 44.853240442376404 ], [ -1.115884271386802, 44.855510142846512 ], [ -1.115879246259622, 44.855833826526975 ], [ -1.1157981765411, 44.857767238336976 ], [ -1.115183325040345, 44.860043953251157 ], [ -1.113122254647436, 44.861451603330316 ], [ -1.111420687073564, 44.862437380296399 ], [ -1.110075935445224, 44.863127498402875 ], [ -1.107029983559222, 44.864810812450131 ], [ -1.106957465054337, 44.864856609395829 ], [ -1.105013585292532, 44.867182451020717 ], [ -1.106257834935575, 44.869390297247321 ], [ -1.107413604135341, 44.870050891305311 ], [ -1.110656925322637, 44.871057514700361 ], [ -1.113814238796808, 44.87088961393011 ], [ -1.116875184540914, 44.86940871041908 ], [ -1.117375156264321, 44.868978249127416 ], [ -1.119595083542422, 44.866641922263888 ], [ -1.11981399887479, 44.866266786747516 ], [ -1.120910207436532, 44.86433916203741 ], [ -1.122691140381537, 44.862289945245557 ], [ -1.122931517440175, 44.862010138193675 ], [ -1.125702430071807, 44.860143046373274 ], [ -1.126365534618817, 44.859628527669663 ], [ -1.128752816016015, 44.858530530561133 ], [ -1.131843584636573, 44.857468727039809 ], [ -1.133750212152267, 44.857099633214979 ], [ -1.134971386127325, 44.856910971600911 ], [ -1.138126027034164, 44.856717912166843 ], [ -1.141298493238572, 44.856766581225877 ], [ -1.141833147593025, 44.856798089909823 ], [ -1.144486558390629, 44.857026279529094 ], [ -1.147680213666659, 44.857361113234859 ], [ -1.150877252617419, 44.857741080642008 ], [ -1.154091781777464, 44.858356617924954 ], [ -1.154764336113572, 44.858568405818893 ], [ -1.157425499636207, 44.860579716328928 ], [ -1.157545536205248, 44.860718156692705 ], [ -1.157856254201399, 44.862960477205455 ], [ -1.157654645937426, 44.863672083943314 ], [ -1.157232966382746, 44.8652378064521 ], [ -1.156104608120019, 44.867534055397776 ], [ -1.154897424587592, 44.869236569064299 ], [ -1.15451314632555, 44.869847634719115 ], [ -1.152594219694248, 44.872173445482503 ], [ -1.151991554727655, 44.872800102952716 ], [ -1.150493795938138, 44.874506008699342 ], [ -1.149064222007389, 44.876078386349796 ], [ -1.148339664641205, 44.876840535434383 ], [ -1.146117918370869, 44.879104575966643 ], [ -1.146027219413982, 44.879180931082779 ], [ -1.143118177550737, 44.881411585017041 ], [ -1.142862503444628, 44.881553096681102 ], [ -1.140063332799768, 44.882975355155601 ], [ -1.137018806108443, 44.884025072869157 ], [ -1.136971577955875, 44.884040956625299 ], [ -1.133856053114037, 44.884785573181361 ], [ -1.130723283864027, 44.885297090789464 ], [ -1.127575010005421, 44.885598624030962 ], [ -1.124405469817152, 44.885611345666845 ], [ -1.121206037324268, 44.885217198893528 ], [ -1.11914610143731, 44.884689948665233 ], [ -1.11797372292623, 44.884374507654911 ], [ -1.114728053163849, 44.883348356366426 ], [ -1.111680798882593, 44.882712892509169 ], [ -1.11150771406646, 44.882666045614734 ], [ -1.10834481508015, 44.882766763678326 ], [ -1.108073004061096, 44.88284651545105 ], [ -1.105229355805791, 44.883515691176513 ], [ -1.102133151314749, 44.884528928665866 ], [ -1.10014342011618, 44.885393688796107 ], [ -1.099055226112507, 44.88579371510518 ], [ -1.096006358446566, 44.887458180403144 ], [ -1.095482991175682, 44.887819674666169 ], [ -1.092995360972598, 44.889643933850749 ], [ -1.092310508722096, 44.89019059557333 ], [ -1.09002507669695, 44.892391049976638 ], [ -1.089880199988873, 44.892534070786823 ], [ -1.087952617428265, 44.89485897200904 ], [ -1.08712087478148, 44.896048740451327 ], [ -1.086301134891699, 44.89717367125526 ], [ -1.08481803895357, 44.899482146046211 ], [ -1.084266023960899, 44.900389082239428 ], [ -1.083390436303427, 44.901788556837062 ], [ -1.081740904570026, 44.904103107063442 ], [ -1.08139388786435, 44.904497972370201 ], [ -1.079469843118456, 44.906440470889216 ], [ -1.078420211249677, 44.907216773240201 ], [ -1.07575046009313, 44.90883096394667 ], [ -1.075379148138644, 44.909012477717859 ], [ -1.072304628418319, 44.910350202056755 ], [ -1.069601834719035, 44.911310394113372 ], [ -1.069211679779424, 44.911435972150009 ], [ -1.066108358205123, 44.912380295011992 ], [ -1.062995635057925, 44.913196255430449 ], [ -1.05987321652526, 44.91387950633181 ], [ -1.059593585920684, 44.913930654339111 ], [ -1.056741318218231, 44.914432725025357 ], [ -1.053600698491877, 44.914866100799742 ], [ -1.050451904344821, 44.915186927537029 ], [ -1.047294842538664, 44.915393652663141 ], [ -1.04412927413168, 44.915482697745809 ], [ -1.040954923367736, 44.915449960997542 ], [ -1.037771307497605, 44.915288452420022 ], [ -1.034577677190444, 44.914987454163011 ], [ -1.033755331074267, 44.914872369142294 ], [ -1.031373948558387, 44.914545465506649 ], [ -1.0281590344017, 44.913947015956012 ], [ -1.024931161388395, 44.913167025890345 ], [ -1.024250745399197, 44.912963452728107 ], [ -1.021690802384211, 44.912211641676805 ], [ -1.018434721296981, 44.911035282189047 ], [ -1.018183313081527, 44.910929405008531 ], [ -1.015161777998075, 44.909621475839955 ], [ -1.013590428994718, 44.908841745789644 ], [ -1.011868565743187, 44.907922014319517 ], [ -1.009774074167744, 44.906725866099016 ], [ -1.008555290344523, 44.905939045833492 ], [ -1.00654296708854, 44.904588746667109 ], [ -1.0052099246135, 44.903503465653095 ], [ -1.003950369828273, 44.902428515225395 ], [ -1.002017883694246, 44.900244435187638 ], [ -1.001779722767865, 44.899875008130053 ], [ -1.000612045364284, 44.898041348625412 ], [ -0.999675362091375, 44.895821345108565 ], [ -0.999085789127779, 44.893588831943454 ], [ -0.998705910684397, 44.891348764149768 ], [ -0.998413356774366, 44.889105551698918 ], [ -0.998150782220661, 44.886861260854303 ], [ -0.99795218715089, 44.884614666830466 ], [ -0.997885571887973, 44.882363319906062 ], [ -0.997998143699621, 44.880105518939978 ], [ -0.998313882336073, 44.87784039855778 ], [ -0.998847028103928, 44.875567442942156 ], [ -0.999611585192042, 44.873286143202151 ], [ -0.999843246146914, 44.872727815515717 ], [ -1.000624170283172, 44.870995894379426 ], [ -1.001904217256788, 44.868695987592396 ], [ -1.002644587425164, 44.867567917801495 ], [ -1.003484835313851, 44.86638521759221 ], [ -1.00539578437445, 44.864062495690753 ], [ -1.005551397727206, 44.863892589624967 ], [ -1.007682390798748, 44.861726165791772 ], [ -1.008511747672944, 44.860971977973477 ], [ -1.010382187824446, 44.859374845993671 ], [ -1.011503886631433, 44.858500272631865 ], [ -1.013512485160116, 44.857007877901495 ], [ -1.014515991792618, 44.856311263960393 ], [ -1.017001988578632, 44.854627805128736 ], [ -1.017538779827217, 44.854274675761459 ], [ -1.020565335707843, 44.85229365861332 ], [ -1.020646364999202, 44.852241999572023 ], [ -1.023591304310826, 44.850307346526854 ], [ -1.024322294570265, 44.849854920056671 ], [ -1.026619471788941, 44.848354584257009 ], [ -1.028110843357946, 44.847463618868034 ], [ -1.029652736538683, 44.84647566815292 ], [ -1.032043470345081, 44.845066940118684 ], [ -1.032689848966975, 44.84465304641467 ], [ -1.035723706288389, 44.842787811733253 ], [ -1.035907548458619, 44.842672606557379 ], [ -1.038746222911959, 44.840767682348826 ], [ -1.039417913281306, 44.840291014075063 ], [ -1.041750532997373, 44.838497635483449 ], [ -1.04242530889845, 44.837927639434533 ], [ -1.044729720957565, 44.835882220323079 ], [ -1.04503651138972, 44.835578630539459 ], [ -1.047456544712797, 44.833236532916395 ], [ -1.047690978118606, 44.833021890603817 ], [ -1.049793260602703, 44.830897420404028 ], [ -1.050648049531491, 44.830107649942789 ], [ -1.052143170415472, 44.828557771133028 ], [ -1.053604668904452, 44.827191320554306 ], [ -1.054556153952006, 44.826215759907953 ], [ -1.056568200984489, 44.824374840309858 ], [ -1.057098753934526, 44.823868946973924 ], [ -1.05954966049954, 44.82181035211223 ], [ -1.059912839611098, 44.821512126878886 ], [ -1.062557497842595, 44.819614130977946 ], [ -1.063282271596309, 44.819134872450491 ], [ -1.065589871592619, 44.817759966922765 ], [ -1.067498168728289, 44.816726447595435 ], [ -1.068639926521722, 44.816152513257236 ], [ -1.071701993547671, 44.814713049398335 ], [ -1.072672559286767, 44.814282635157753 ], [ -1.074772707456764, 44.813394830678433 ], [ -1.077848987983924, 44.812155171351336 ], [ -1.078717928987711, 44.811806516826323 ], [ -1.080926887690632, 44.810939576586492 ], [ -1.084004444076847, 44.809721006542375 ], [ -1.084975369283044, 44.809322234815411 ], [ -1.087081682100162, 44.808499810536354 ], [ -1.090161656894744, 44.807317944324765 ], [ -1.0914624937332, 44.806829101787464 ], [ -1.093248600756911, 44.806233392255898 ], [ -1.096339284192233, 44.805201660419264 ], [ -1.098842032732778, 44.804302564862105 ], [ -1.099423993027382, 44.804089541000288 ], [ -1.102496900343485, 44.802817436107411 ], [ -1.104585320284187, 44.801836136516663 ], [ -1.105555264669194, 44.801348189108623 ], [ -1.108600390768033, 44.799700063266073 ], [ -1.10909581103681, 44.799415118345152 ], [ -1.111634798267215, 44.797907862809289 ], [ -1.113081046259351, 44.797013403994022 ], [ -1.114662797221146, 44.796030733366187 ], [ -1.116704741731467, 44.794624969755233 ], [ -1.117674372498949, 44.793932224884323 ], [ -1.119756100598679, 44.792257691567521 ], [ -1.120661710225551, 44.791506272853916 ], [ -1.122604496444012, 44.789897874725476 ], [ -1.123646198804222, 44.789044938304102 ], [ -1.125651655916243, 44.787530575616991 ], [ -1.126642906046676, 44.786753431604474 ], [ -1.128898707264423, 44.78515573483466 ], [ -1.129648731375331, 44.7845892192694 ], [ -1.132410155090157, 44.782770927455793 ], [ -1.132666604594816, 44.782591868945275 ], [ -1.135701631709484, 44.780830401134466 ], [ -1.136733365634218, 44.780355686187072 ], [ -1.138759378123404, 44.779379874054577 ], [ -1.14184382325759, 44.778293606974508 ], [ -1.143786623128704, 44.777838161890372 ], [ -1.144952947089034, 44.77754342183848 ], [ -1.148084173554919, 44.777093679057735 ], [ -1.151235685429219, 44.776919106855644 ], [ -1.154405290562222, 44.776989430469079 ], [ -1.157592056458988, 44.777291485126362 ], [ -1.157748752157568, 44.777314927378768 ], [ -1.160790389767919, 44.77774919841562 ], [ -1.163995306223427, 44.778294949854185 ], [ -1.167193465785748, 44.77874866396386 ], [ -1.170374320784852, 44.778968445420979 ], [ -1.172945350387125, 44.778997348458219 ], [ -1.173541441807199, 44.779002903037231 ], [ -1.176704385049189, 44.778981015884284 ], [ -1.179870442203148, 44.779000930244599 ], [ -1.183043720246019, 44.779117716663521 ], [ -1.186227087101259, 44.779369646774718 ], [ -1.189422511431907, 44.779782812901949 ], [ -1.192630920700844, 44.780369271178408 ], [ -1.193143942633823, 44.78048847640467 ], [ -1.19584638057506, 44.781049153289551 ], [ -1.199069152892926, 44.781825744230986 ], [ -1.201258368794099, 44.782434965463324 ], [ -1.202296870530207, 44.782667169294754 ], [ -1.20551626577294, 44.783396029340778 ], [ -1.208723300626834, 44.783958684386164 ], [ -1.211912081878563, 44.784276911572093 ], [ -1.212024841041519, 44.784280071291526 ], [ -1.215081880532136, 44.784341554111791 ], [ -1.218237190088285, 44.784213033330175 ], [ -1.220314239644714, 44.783964555902166 ], [ -1.221371830038884, 44.78380952609956 ], [ -1.224475648480487, 44.782996626906019 ], [ -1.227561764474527, 44.781949572219986 ], [ -1.229159473614706, 44.781373180481566 ], [ -1.230634718700377, 44.78072916476097 ], [ -1.233713933696709, 44.779593529542204 ], [ -1.236588909075386, 44.778835234996372 ], [ -1.236816486152159, 44.778768949175571 ], [ -1.239940976213035, 44.778236202212874 ], [ -1.243089134048284, 44.778017561664953 ], [ -1.246258327134528, 44.778077497316879 ], [ -1.249023968799044, 44.778358883389814 ], [ -1.249447971653462, 44.778407664470663 ], [ -1.252659635170391, 44.779028159707138 ], [ -1.255895180278894, 44.779962904254297 ], [ -1.256865720047287, 44.780311823225126 ], [ -1.259160985257989, 44.781295302242746 ], [ -1.261432528712189, 44.782390276469151 ], [ -1.262455135493618, 44.78299917428722 ], [ -1.265732201847201, 44.784475325086078 ] ] } },
{ "type": "Feature", "properties": { "arrival_h": 24.0, "hours_ago": 17.094067985394346 }, "geometry": { "type": "LineString", "coordinates": [ [ -1.022853761301061, 44.795818465317225 ], [ -1.02269279225467, 44.79357059210605 ], [ -1.025688528290535, 44.791208096003189 ], [ -1.029006414362314, 44.793341184180058 ], [ -1.029167637630782, 44.795589047954806 ], [ -1.026171812485823, 44.79795164429116 ], [ -1.022853761301061, 44.795818465317225 ] ] } },
{ "type": "Feature", "properties": { "arrival_h": 24.0, "hours_ago": 17.094067985394346 }, "geometry": { "type": "LineString", "coordinates": [ [ -1.092240274966002, 45.009651473120485 ], [ -1.095244624979373, 45.007286947285394 ], [ -1.098413378717275, 45.007170214223272 ], [ -1.098413427237755, 45.007170176030598 ], [ -1.10141738265579, 45.004805485626214 ], [ -1.101417430771732, 45.004805447747472 ], [ -1.104421132994497, 45.002440677687872 ], [ -1.104421180937951, 45.002440639940488 ], [ -1.107424629746097, 45.000075790276156 ], [ -1.107424677553345, 45.000075752631545 ], [ -1.11042787295079, 44.997710823633788 ], [ -1.110427920963262, 44.997710785823109 ], [ -1.110262855782573, 44.995462900473427 ], [ -1.113265685126933, 44.993097897705091 ], [ -1.113265732852894, 44.993097860114311 ], [ -1.11310056770918, 44.990849981877602 ], [ -1.112935415871788, 44.988602104818568 ], [ -1.115937765545365, 44.986237033029184 ], [ -1.1191052857062, 44.986119711291636 ], [ -1.122272792572715, 44.986002299035796 ], [ -1.125440286138037, 44.985884796306991 ], [ -1.128773485129968, 44.988015023138168 ], [ -1.128773537824024, 44.988015056812536 ], [ -1.131941131510158, 44.987897368863486 ], [ -1.135108711941009, 44.987779591494736 ], [ -1.135108759396926, 44.987779554092342 ], [ -1.138110127493686, 44.985413884861401 ], [ -1.141277554556931, 44.985295931886476 ], [ -1.144444968272135, 44.985177888629572 ], [ -1.147612368667392, 44.985059755607253 ], [ -1.147612416015807, 44.985059718275913 ], [ -1.150613110707002, 44.982693714084924 ], [ -1.150613157242831, 44.98269367738996 ], [ -1.153613599356254, 44.980327593082293 ], [ -1.15678070629831, 44.980209199629876 ], [ -1.156780753134709, 44.980209162690478 ], [ -1.159780801580377, 44.977842914601531 ], [ -1.159780848229868, 44.977842877805202 ], [ -1.159613861661815, 44.975595078763128 ], [ -1.162613545429203, 44.973228756474221 ], [ -1.16261359092512, 44.973228720582291 ], [ -1.165613020881531, 44.970862319445381 ], [ -1.165613066913467, 44.97086228312633 ], [ -1.165445867690794, 44.968614497334713 ], [ -1.165278682529682, 44.966366712725275 ], [ -1.165111510416905, 44.964118929339257 ], [ -1.168110349983936, 44.961752466116238 ], [ -1.168110394838663, 44.961752430718086 ], [ -1.167943122851342, 44.959504654603371 ], [ -1.167775866119172, 44.957256879639495 ], [ -1.167775816749885, 44.957256848104137 ], [ -1.164442958707678, 44.955127807861516 ], [ -1.164275855328036, 44.952880030511679 ], [ -1.164108765921738, 44.950632254370589 ], [ -1.16410871760615, 44.950632223501835 ], [ -1.160776391513554, 44.948503076836303 ], [ -1.160609456399337, 44.946255298296919 ], [ -1.1606094088046, 44.946255267883679 ], [ -1.157277476550143, 44.944126018589913 ], [ -1.157277430331771, 44.944125989052544 ], [ -1.153945750521891, 44.941996640350048 ], [ -1.153945704843375, 44.941996611154131 ], [ -1.150614276807424, 44.939867163647484 ], [ -1.150614232400959, 44.939867135261132 ], [ -1.147283053380654, 44.937737588571622 ], [ -1.150281241421262, 44.935371619543382 ], [ -1.15028128004474, 44.935371589062505 ], [ -1.153279212713034, 44.93300554190396 ], [ -1.15327925261453, 44.933005510410787 ], [ -1.153112657769535, 44.930757731211344 ], [ -1.156110227067151, 44.928391609947148 ], [ -1.156110265733855, 44.928391579423909 ], [ -1.15594357106695, 44.926143807583905 ], [ -1.158940775761893, 44.92377761272536 ], [ -1.158940813768397, 44.923777582718671 ], [ -1.1587740206393, 44.921529818204888 ], [ -1.158607242557381, 44.919282054905963 ], [ -1.158440477931281, 44.917034292884821 ], [ -1.15827372531276, 44.914786532199003 ], [ -1.161270229129155, 44.912420278994134 ], [ -1.161270262452459, 44.91242025267811 ], [ -1.164266510686663, 44.910053920565765 ], [ -1.164266544104484, 44.91005389417198 ], [ -1.167262539491999, 44.907687482556071 ], [ -1.167262572328019, 44.90768745661876 ], [ -1.170258315447449, 44.905320963352857 ], [ -1.173421154037055, 44.90520209938876 ], [ -1.176583979175093, 44.905083144756823 ], [ -1.179746790989261, 44.904964101306952 ], [ -1.179746826657887, 44.904964073121818 ], [ -1.182741894992066, 44.902597246622868 ], [ -1.185904553709159, 44.902478029087405 ], [ -1.185904589103505, 44.902478001113415 ], [ -1.188899265346604, 44.900111010534914 ], [ -1.192061770875701, 44.899991618027784 ], [ -1.192061806672444, 44.899991589730078 ], [ -1.195056090292993, 44.897624437294908 ], [ -1.195056124465319, 44.897624410278148 ], [ -1.198050157294761, 44.895257179818067 ], [ -1.198050192799973, 44.895257151744218 ], [ -1.197881915906858, 44.893009465922425 ], [ -1.200875587099161, 44.890642160683235 ], [ -1.200875620102065, 44.890642134583963 ], [ -1.20386903626798, 44.888274751875919 ], [ -1.203869071079312, 44.888274724343269 ], [ -1.203700581997237, 44.886027052236692 ], [ -1.206693636379954, 44.883659596309066 ], [ -1.206693670679016, 44.883659569177446 ], [ -1.206525083982745, 44.881411904545111 ], [ -1.206356511568319, 44.879164241215037 ], [ -1.209349089912439, 44.876796717754978 ], [ -1.209349122868298, 44.87679669168098 ], [ -1.209180448793815, 44.874549036003003 ], [ -1.212172662195578, 44.872181439815286 ], [ -1.212172695030713, 44.872181413832834 ], [ -1.212003923608695, 44.86993376566106 ], [ -1.211835168165081, 44.867686118743983 ], [ -1.211666426868926, 44.865438473154477 ], [ -1.211497699126433, 44.863190828918398 ], [ -1.211328984880922, 44.860943186041212 ], [ -1.21116028412849, 44.858695544526419 ], [ -1.210991596867112, 44.856447904377326 ], [ -1.210822923094891, 44.854200265597399 ], [ -1.210654262812338, 44.851952628189913 ], [ -1.210485616084925, 44.849704992155672 ], [ -1.210316983558917, 44.847457357473509 ], [ -1.210148366241466, 44.845209724108443 ], [ -1.210148336680917, 44.845209705209548 ], [ -1.206820492646498, 44.84308199652807 ], [ -1.209811141116422, 44.840714475967836 ], [ -1.212970258509095, 44.840594490339576 ], [ -1.216129362446241, 44.840474415374565 ], [ -1.216129389599236, 44.840474393874295 ], [ -1.21911949527477, 44.838106626201075 ], [ -1.222278446061134, 44.837986374938289 ], [ -1.225437383389065, 44.837866034683465 ], [ -1.225437410552975, 44.837866013168487 ], [ -1.22842698513561, 44.835497997158576 ], [ -1.23158576947958, 44.835377483401331 ], [ -1.231585795688497, 44.835377462638576 ], [ -1.234574979694871, 44.833009282443697 ], [ -1.237733610961137, 44.832888594266016 ], [ -1.237733637185339, 44.832888573486997 ], [ -1.240722429874473, 44.830520232660312 ], [ -1.240722453023342, 44.830520214315925 ], [ -1.243710996969815, 44.828151794120544 ], [ -1.243711019324566, 44.828151776403359 ], [ -1.246699312145247, 44.825783277002273 ], [ -1.246699333781327, 44.825783259852685 ], [ -1.249687375384767, 44.823414680800589 ], [ -1.249687395687259, 44.823414664706135 ], [ -1.252675186518768, 44.821046002983906 ], [ -1.255833106460791, 44.8209248004976 ], [ -1.255833129049792, 44.820924782586978 ], [ -1.258820526048245, 44.81855595723205 ], [ -1.261978292847094, 44.818434580430235 ], [ -1.261978315836623, 44.818434562198398 ], [ -1.264965321283686, 44.816065576682881 ], [ -1.264965340400462, 44.816065561520546 ], [ -1.267952097748059, 44.813696492140124 ] ] } },
{ "type": "Feature", "properties": { "arrival_h": 24.0, "hours_ago": 17.094067985394346 }, "geometry": { "type": "LineString", "coordinates": [ [ -0.888713232323705, 44.915539378835433 ], [ -0.892033247923893, 44.917676642102094 ], [ -0.892033301598314, 44.917676676652938 ], [ -0.895353570074454, 44.919813841697099 ], [ -0.895353623808037, 44.919813876281808 ], [ -0.898674145256361, 44.921950943469845 ], [ -0.898674198993989, 44.921950978052934 ], [ -0.901994973172727, 44.924087947416972 ], [ -0.901995027188866, 44.924087982175067 ], [ -0.905159474099824, 44.923976752355152 ], [ -0.908480615368058, 44.926113529675781 ], [ -0.90848066928886, 44.926113564365572 ], [ -0.911645217605388, 44.926002150046344 ], [ -0.91480975336342, 44.925890645877779 ], [ -0.91797427653999, 44.925779051675676 ], [ -0.921138787120846, 44.925667367380925 ], [ -0.924303285095622, 44.925555592990143 ], [ -0.927467770454136, 44.925443728502572 ], [ -0.930632243185886, 44.925331773912838 ], [ -0.933796703280561, 44.925219729218419 ], [ -0.936961150727797, 44.925107594415955 ], [ -0.940125585521477, 44.924995369562545 ], [ -0.943290007668501, 44.924883054900114 ], [ -0.943290054766221, 44.924883017920109 ], [ -0.946296138289464, 44.922522572633042 ], [ -0.949460408544282, 44.922410081817048 ], [ -0.952783148542006, 44.924545536332687 ], [ -0.949777226902149, 44.926906157779868 ], [ -0.949777180484507, 44.926906194230604 ], [ -0.946771007737921, 44.92926673577751 ], [ -0.943606345213519, 44.929379149048692 ], [ -0.943606297425036, 44.929379186568404 ], [ -0.940599733822599, 44.931739561989588 ], [ -0.940599685879269, 44.931739599626439 ], [ -0.937592869396224, 44.934099895585476 ], [ -0.934427915836313, 44.934212048200934 ], [ -0.931262949641513, 44.934324110958521 ], [ -0.928097970819471, 44.934436083823371 ], [ -0.924775589547319, 44.93229988733372 ], [ -0.924775535564863, 44.932299852622428 ], [ -0.921610658041378, 44.932411640867713 ], [ -0.918445767888655, 44.932523338740062 ], [ -0.915280865130477, 44.932634946434199 ], [ -0.91211594977764, 44.932746463959504 ], [ -0.908951021828967, 44.932857891153624 ], [ -0.908950972645684, 44.932857929732023 ], [ -0.905942765832259, 44.935217369444764 ], [ -0.902777686192047, 44.935328620810843 ], [ -0.902777636840778, 44.935328659513267 ], [ -0.899769037964436, 44.937687933690654 ], [ -0.896603806668347, 44.937799009375503 ], [ -0.896603757055315, 44.937799048275387 ], [ -0.893594766179991, 44.940158156677498 ], [ -0.893594716675875, 44.94015819548742 ], [ -0.890585472536469, 44.942517224305696 ] ] } },
{ "type": "Feature", "properties": { "arrival_h": 24.0, "hours_ago": 17.094067985394346 }, "geometry": { "type": "LineString", "coordinates": [ [ -0.892928318954095, 44.976239954655455 ], [ -0.896252088930205, 44.978377128501521 ], [ -0.896252144890172, 44.978377164481422 ], [ -0.899576168309091, 44.980514240173733 ], [ -0.899576224325486, 44.980514276185509 ], [ -0.902900501145387, 44.982651253827044 ], [ -0.902900557288568, 44.982651289915921 ], [ -0.906068309381099, 44.982540032835118 ], [ -0.909236048892562, 44.982428685595309 ], [ -0.912560807716893, 44.984565375924561 ], [ -0.912560863774753, 44.984565411948523 ], [ -0.915728704856052, 44.984453879728221 ], [ -0.919053831385148, 44.986590377242777 ], [ -0.919053887454572, 44.986590413266931 ], [ -0.9222218300741, 44.986478696122603 ], [ -0.925547324278917, 44.988615000798539 ], [ -0.925547380390347, 44.988615036842432 ], [ -0.928715424515721, 44.988503134819261 ], [ -0.9318834559879, 44.988391142676399 ], [ -0.935051474793455, 44.98827906036724 ], [ -0.938219480922439, 44.988166887894721 ], [ -0.941387474368437, 44.988054625312003 ], [ -0.941387525114951, 44.988054585513119 ], [ -0.944397074099957, 44.985694151952138 ], [ -0.947564915361863, 44.98558171356084 ], [ -0.950732743908873, 44.985469185020818 ], [ -0.950732794665433, 44.985469145202778 ], [ -0.953741811134043, 44.983108460758643 ], [ -0.953741861751821, 44.983108421044797 ], [ -0.956750624848973, 44.980747656749848 ], [ -0.956750675384561, 44.98074761709578 ], [ -0.959759185064228, 44.978386772828486 ], [ -0.962926582386801, 44.978273897210833 ], [ -0.966253141173497, 44.980408980246303 ], [ -0.966253197018751, 44.980409016087251 ], [ -0.96958000922921, 44.98254400077208 ], [ -0.969580065120796, 44.982544036638373 ], [ -0.972907130820791, 44.984678923106806 ], [ -0.972907186718801, 44.984678958972822 ], [ -0.976234505850488, 44.986813747240127 ], [ -0.976234561835711, 44.986813783157722 ], [ -0.979402402203077, 44.986700437972644 ], [ -0.982730088907063, 44.988835033393592 ], [ -0.982730144809201, 44.988835069250669 ], [ -0.985898086297502, 44.988721539131888 ], [ -0.989066014947979, 44.988607918886025 ], [ -0.992233930741547, 44.988494208387792 ], [ -0.995562213267955, 44.990628421383249 ], [ -0.995562268655648, 44.990628456897646 ], [ -0.998890804602928, 44.992762571512429 ], [ -0.998890860122082, 44.992762607106748 ], [ -1.002058990838718, 44.992648616634575 ], [ -1.005227108659906, 44.992534535975885 ], [ -1.008556126930651, 44.994668363102683 ], [ -1.008717107183151, 44.996916397007226 ], [ -1.008717162272814, 44.996916432314762 ], [ -1.012046573903105, 44.999050157342083 ], [ -1.012207707089226, 45.001298188942023 ], [ -1.012368853280801, 45.003546221715453 ], [ -1.012530012208518, 45.005794255668746 ], [ -1.012530067518033, 45.005794291108245 ], [ -1.01586015152218, 45.007927907209464 ], [ -1.015860206540052, 45.007927942457776 ], [ -1.019190544618233, 45.010061460370345 ], [ -1.019351996210126, 45.012309488489258 ] ] } },
{ "type": "Feature", "properties": { "arrival_h": 30.0, "hours_ago": 11.094067985394346 }, "geometry": { "type": "LineString", "coordinates": [ [ -1.092240255953088, 45.009651473820064 ], [ -1.095244623992461, 45.007286933798248 ], [ -1.098413377729603, 45.007170200736162 ], [ -1.098413408225773, 45.007170176731243 ], [ -1.101417381667436, 45.00480547213914 ], [ -1.101417411760585, 45.004805448448629 ], [ -1.104421132005461, 45.002440664200833 ], [ -1.104421161927642, 45.002440640642163 ], [ -1.107424628756381, 45.000075776789153 ], [ -1.107424658543874, 45.000075753333739 ], [ -1.110427871960392, 44.99771081014682 ], [ -1.110427901954634, 44.997710786525829 ], [ -1.110262836774691, 44.995462901176097 ], [ -1.113265684135933, 44.993097884218173 ], [ -1.113265713845863, 44.993097860817493 ], [ -1.113100548702897, 44.99084998258077 ], [ -1.112935396866255, 44.988602105521693 ], [ -1.115937764553842, 44.986237019542294 ], [ -1.119105284713918, 44.986119697804789 ], [ -1.122272791579672, 44.986002285548963 ], [ -1.125440285144234, 44.985884782820186 ], [ -1.128773504135084, 44.988015022432336 ], [ -1.128773536829382, 44.988015043325774 ], [ -1.131941130514755, 44.987897355376738 ], [ -1.135108710944847, 44.987779578008016 ], [ -1.13510874039197, 44.98777955479926 ], [ -1.138110126496841, 44.985413871374718 ], [ -1.141277553559327, 44.985295918399828 ], [ -1.144444967273771, 44.985177875142952 ], [ -1.147612367668268, 44.985059742120654 ], [ -1.14761239701193, 44.985059718984985 ], [ -1.150613109707198, 44.982693700598368 ], [ -1.150613138239786, 44.982693678099523 ], [ -1.153613598355768, 44.980327579595759 ], [ -1.156780705297067, 44.980209186143391 ], [ -1.156780734132587, 44.980209163401099 ], [ -1.159780800578454, 44.977842901115082 ], [ -1.159780829228584, 44.977842878516334 ], [ -1.159613842661269, 44.975595079474225 ], [ -1.162613544426678, 44.973228742987779 ], [ -1.162613571925421, 44.973228721293914 ], [ -1.165613019878329, 44.970862305958995 ], [ -1.165613047914616, 44.970862283838457 ], [ -1.165445848692687, 44.968614498046819 ], [ -1.165278663532325, 44.966366713437331 ], [ -1.165111491420296, 44.964118930051292 ], [ -1.168110348980295, 44.961752452629895 ], [ -1.168110375842915, 44.961752431430632 ], [ -1.167943103856341, 44.959504655315911 ], [ -1.167775847124939, 44.957256880351984 ], [ -1.167775817753366, 44.957256861590459 ], [ -1.16444293971409, 44.95512780857343 ], [ -1.164275836335216, 44.952880031223586 ], [ -1.16410874692969, 44.950632255082454 ], [ -1.164108718608631, 44.95063223698817 ], [ -1.16077637252215, 44.948503077547592 ], [ -1.160609437408719, 44.946255299008179 ], [ -1.160609409806161, 44.946255281370043 ], [ -1.157277457560188, 44.944126019300612 ], [ -1.157277431332493, 44.944126002538951 ], [ -1.153945731532609, 44.941996641060186 ], [ -1.153945705843258, 44.941996624640545 ], [ -1.150614257818806, 44.939867164357054 ], [ -1.150614233400005, 44.939867148747595 ], [ -1.147283034392669, 44.937737589280623 ], [ -1.150281240422375, 44.935371606056925 ], [ -1.150281261057623, 44.935371589772011 ], [ -1.153279211713471, 44.933005528417567 ], [ -1.153279233628269, 44.933005511120797 ], [ -1.153112638783983, 44.930757731921325 ], [ -1.156110226066988, 44.928391596460791 ], [ -1.156110246749175, 44.928391580134395 ], [ -1.155943552082979, 44.926143808294384 ], [ -1.158940774761132, 44.923777599239024 ], [ -1.158940794785307, 44.923777583429654 ], [ -1.158774001656933, 44.921529818915843 ], [ -1.158607223575758, 44.919282055616875 ], [ -1.158440458950401, 44.917034293595712 ], [ -1.158273706332609, 44.914786532909872 ], [ -1.161270228128033, 44.912420265507834 ], [ -1.161270243473181, 44.912420253389485 ], [ -1.164266509684863, 44.910053907079494 ], [ -1.164266525126047, 44.910053894883866 ], [ -1.167262538489521, 44.907687469069835 ], [ -1.167262553350412, 44.90768745733115 ], [ -1.170258314444291, 44.905320949866628 ], [ -1.17342115303314, 44.905202085902566 ], [ -1.176583978170421, 44.9050831312707 ], [ -1.179746789983833, 44.904964087820865 ], [ -1.179746807681397, 44.904964073836361 ], [ -1.182741893985958, 44.902597233136781 ], [ -1.185904552702294, 44.902478015601389 ], [ -1.185904570127929, 44.902478001829003 ], [ -1.188899264339059, 44.900110997048891 ], [ -1.192061769867403, 44.899991604541832 ], [ -1.192061787697793, 44.899991590446731 ], [ -1.195056089284017, 44.897624423808978 ], [ -1.195056105491485, 44.897624410995292 ], [ -1.198050156285109, 44.895257166332172 ], [ -1.198050173826996, 44.895257152461866 ], [ -1.197881896934574, 44.893009466640045 ], [ -1.200875586088912, 44.89064214719739 ], [ -1.200875601130651, 44.890642135302116 ], [ -1.203869035257054, 44.888274738390102 ], [ -1.20386905210876, 44.888274725061919 ], [ -1.203700563027377, 44.886027052955306 ], [ -1.206693635368433, 44.883659582823299 ], [ -1.206693651710053, 44.883659569896572 ], [ -1.206525065014494, 44.881411905264208 ], [ -1.206356492600789, 44.879164241934106 ], [ -1.209349088900403, 44.876796704269246 ], [ -1.209349103901673, 44.876796692400561 ], [ -1.20918042982788, 44.874549036722556 ], [ -1.212172661182947, 44.872181426329618 ], [ -1.21217267606568, 44.872181414552898 ], [ -1.212003904644375, 44.869933766381074 ], [ -1.211835149201505, 44.867686119463983 ], [ -1.2116664079061, 44.865438473874455 ], [ -1.211497680164357, 44.863190829638349 ], [ -1.211328965919597, 44.860943186761141 ], [ -1.211160265167916, 44.858695545246285 ], [ -1.21099157790729, 44.856447905097191 ], [ -1.210822904135818, 44.854200266317235 ], [ -1.210654243854016, 44.851952628909714 ], [ -1.210485597127353, 44.849704992875445 ], [ -1.210316964602104, 44.847457358193253 ], [ -1.210148347285433, 44.845209724828166 ], [ -1.21014833769258, 44.84520971869518 ], [ -1.207617307891416, 44.84530579315927 ], [ -1.208152310482375, 44.847539523638943 ], [ -1.208287971027391, 44.849788409606894 ], [ -1.208252415901385, 44.852043794520455 ], [ -1.208197261038967, 44.85429992464902 ], [ -1.208138305102203, 44.856556200442455 ], [ -1.20807610848726, 44.858812600612929 ], [ -1.208055570183674, 44.859554876081511 ], [ -1.207508083178429, 44.861088191032124 ], [ -1.206684584317846, 44.863373467384491 ], [ -1.205847750873164, 44.86565924233966 ], [ -1.205428347934547, 44.866785529458717 ], [ -1.202546690992835, 44.86803839168148 ], [ -1.202358836992354, 44.868121420268544 ], [ -1.199260686839208, 44.86907658303096 ], [ -1.196172485131145, 44.870166067897976 ], [ -1.195204674610203, 44.870570319853073 ], [ -1.193099645479471, 44.87146258980146 ], [ -1.190045744714804, 44.873014476848525 ], [ -1.19003742963797, 44.873019625372734 ], [ -1.187009800648358, 44.874809109838957 ], [ -1.186116189802331, 44.875421669988128 ], [ -1.183984063500201, 44.876743099975691 ], [ -1.182340688689632, 44.877818071813138 ], [ -1.180955449847901, 44.87864121549282 ], [ -1.178179965811202, 44.880228841392729 ], [ -1.177914694854261, 44.880379002466583 ], [ -1.174872602765004, 44.882101273144038 ], [ -1.173951876843432, 44.882641977526369 ], [ -1.171851971336181, 44.884114481062305 ], [ -1.170805233001224, 44.885014299056948 ], [ -1.168885628551794, 44.886860852887018 ], [ -1.168455958195039, 44.887356574388839 ], [ -1.166404051572117, 44.889687630659679 ], [ -1.165959930621436, 44.890158190613981 ], [ -1.164351145488724, 44.892018681826002 ], [ -1.163026543787536, 44.893356515690179 ], [ -1.162057064118329, 44.8943587348733 ], [ -1.160063219235974, 44.896155746909919 ], [ -1.159428637694266, 44.896711265333522 ], [ -1.157070587892149, 44.898563598612128 ], [ -1.156373142383959, 44.899079720075775 ], [ -1.15405512067548, 44.900666614188943 ], [ -1.152802426058896, 44.901467359816579 ], [ -1.151022316217958, 44.902538431443745 ], [ -1.148648273543478, 44.903876681796206 ], [ -1.147976273701878, 44.904233971555982 ], [ -1.144919310857267, 44.905784210806978 ], [ -1.143830121278151, 44.906310624987846 ], [ -1.141852430222146, 44.907202409024926 ], [ -1.138776255947916, 44.908496736628287 ], [ -1.138070327470257, 44.908779449031321 ], [ -1.135690224903208, 44.909659291903758 ], [ -1.132595596889483, 44.910706876842283 ], [ -1.130706013111166, 44.911307668131791 ], [ -1.129494159635813, 44.911663507797741 ], [ -1.126388238667675, 44.912560576856485 ], [ -1.123285100719425, 44.913496745413468 ], [ -1.122213609712099, 44.913877266393371 ], [ -1.120190576680216, 44.91455143090878 ], [ -1.11710443941753, 44.915721802181622 ], [ -1.115449969110318, 44.916382124353298 ], [ -1.114020285564066, 44.916920866611477 ], [ -1.110928758105828, 44.918021103573096 ], [ -1.108234950778008, 44.918903251662435 ], [ -1.107830145751012, 44.919026234885528 ], [ -1.104719129892526, 44.919863422659169 ], [ -1.101597359820455, 44.920554830099093 ], [ -1.098463932267905, 44.921087775887415 ], [ -1.095318679810741, 44.921459608749267 ], [ -1.09216360971902, 44.921697453086601 ], [ -1.08899954187221, 44.921812238405458 ], [ -1.085826408690388, 44.921802752046453 ], [ -1.082646642646991, 44.921702098835851 ], [ -1.079463242018465, 44.92155126002335 ], [ -1.076280193995089, 44.921404943042823 ], [ -1.073101864983299, 44.921323245577661 ], [ -1.069930428278863, 44.921336250099877 ], [ -1.066766749265717, 44.921456105826948 ], [ -1.063610987473552, 44.921685262599638 ], [ -1.060460364720226, 44.9219856246457 ], [ -1.057310033201222, 44.922290386691429 ], [ -1.054156847253078, 44.922556069316293 ], [ -1.050999713293098, 44.922767450875057 ], [ -1.047838052471242, 44.922916389526961 ], [ -1.044671380538319, 44.922996028578879 ], [ -1.041499219972939, 44.922999582674073 ], [ -1.038320692323619, 44.92291467980354 ], [ -1.035134203273637, 44.922718964318648 ], [ -1.031937578100852, 44.922381939729405 ], [ -1.028728251293471, 44.92186757301954 ], [ -1.028523781906756, 44.921823752501041 ], [ -1.025507876082625, 44.921198454509067 ], [ -1.022271082506656, 44.920299372773535 ], [ -1.020955776720644, 44.919844239752244 ], [ -1.019019752577462, 44.919196009302688 ], [ -1.015753994711458, 44.917889368739012 ], [ -1.015515576600005, 44.917787304277113 ], [ -1.012484647879982, 44.916530367554195 ], [ -1.010589543162465, 44.915711547629215 ], [ -1.009210573011105, 44.915102946997578 ], [ -1.005933693030749, 44.913633843977223 ], [ -1.00591621502977, 44.913626469962701 ], [ -1.002658347270931, 44.912183729883608 ], [ -1.001251144935337, 44.911540912013251 ], [ -0.999373706204783, 44.910600845904654 ], [ -0.997249701365951, 44.909431280989367 ], [ -0.99606335474679, 44.908654549746089 ], [ -0.994129706129786, 44.907289809753699 ], [ -0.992703360338182, 44.906007827430876 ], [ -0.991745932413659, 44.905121791158344 ], [ -0.989940043352856, 44.902932960729963 ], [ -0.989228008665749, 44.90173515463097 ], [ -0.988603501607934, 44.900727244261745 ], [ -0.987641585033113, 44.898508059615182 ], [ -0.987038405656384, 44.896275985674549 ], [ -0.986710136179878, 44.894034037759567 ], [ -0.986535271401525, 44.891786581466484 ], [ -0.986315924949417, 44.889540724657614 ], [ -0.985904083656661, 44.887301783297261 ], [ -0.985354832278364, 44.885067777878554 ], [ -0.984766384886067, 44.882835180328065 ], [ -0.984693233892387, 44.882545802272496 ], [ -0.984148770140881, 44.880603630123822 ], [ -0.983620573752656, 44.878368869704296 ], [ -0.983242421430455, 44.876128723631901 ], [ -0.983039556317279, 44.873882286640729 ], [ -0.983023937091065, 44.871629129649563 ], [ -0.983206082482773, 44.869368874300903 ], [ -0.983597038868206, 44.867110906090339 ], [ -0.983598745912196, 44.867101060841698 ], [ -0.984180726074125, 44.864826447559558 ], [ -0.98500902612252, 44.862542982964705 ], [ -0.986109453374308, 44.860249733111921 ], [ -0.986259391966589, 44.859977947318654 ], [ -0.987461641381761, 44.857947420846116 ], [ -0.989094179489609, 44.855635007669676 ], [ -0.98911725911176, 44.855604997211799 ], [ -0.991060806568726, 44.853310546275686 ], [ -0.99204859745347, 44.852271116189605 ], [ -0.993393770543859, 44.850972856290248 ], [ -0.995020210113268, 44.849507839222078 ], [ -0.996103386835804, 44.84862154125603 ], [ -0.99801605798273, 44.847088812722191 ], [ -0.999152138933867, 44.846257924722174 ], [ -1.001023806060269, 44.844840266794385 ], [ -1.002342152413161, 44.8438891188258 ], [ -1.004029481134804, 44.842565956353617 ], [ -1.005315449214613, 44.841528041252026 ], [ -1.00701745600412, 44.840047024144845 ], [ -1.007951232676266, 44.839179076650687 ], [ -1.009985847400094, 44.837257621816512 ], [ -1.010411692303029, 44.836836384610486 ], [ -1.012830156274919, 44.834495152299276 ], [ -1.012947932663054, 44.834384048922743 ], [ -1.015268961987789, 44.832153125106167 ], [ -1.015913213056622, 44.831559301226932 ], [ -1.017794661034135, 44.829807889812678 ], [ -1.01888612262854, 44.828845219539566 ], [ -1.020457687503298, 44.827457611093394 ], [ -1.021870661782927, 44.826297418684796 ], [ -1.023361588109128, 44.825098520461495 ], [ -1.024871856538883, 44.823985663287061 ], [ -1.02668311102043, 44.822724177746089 ], [ -1.02789202623799, 44.821941784786326 ], [ -1.0305570952166, 44.820329640664383 ], [ -1.03092767727677, 44.820116542245657 ], [ -1.033974298440871, 44.818446666122973 ], [ -1.034987322357464, 44.817914710999943 ], [ -1.037028679271065, 44.816887160717101 ], [ -1.03992638214944, 44.815481047413876 ], [ -1.040088500546049, 44.815405547903794 ], [ -1.043152539855606, 44.813984677865818 ], [ -1.045253390893164, 44.81303299150138 ], [ -1.046220384481735, 44.812618688501892 ], [ -1.049293184013726, 44.811323402101799 ], [ -1.051175783390868, 44.810562903118544 ], [ -1.052371647335858, 44.810108486309936 ], [ -1.05545654477744, 44.808984430491421 ], [ -1.058263445845994, 44.808049816535394 ], [ -1.058548499386454, 44.807959654023705 ], [ -1.061646314822203, 44.807017392350183 ], [ -1.064750823629545, 44.806168963934518 ], [ -1.067648019979116, 44.805451970307971 ], [ -1.06786107819305, 44.805401073978274 ], [ -1.070974422611597, 44.804676898581185 ], [ -1.074091039383011, 44.803998854829771 ], [ -1.077208261550533, 44.803330099146415 ], [ -1.079771941831025, 44.802752480047154 ], [ -1.080323053408951, 44.802628823009179 ], [ -1.083434172611768, 44.801878011213716 ], [ -1.086547470909571, 44.801158205539387 ], [ -1.089660957518911, 44.800441993992798 ], [ -1.090952607762733, 44.80008645288337 ], [ -1.092755796774914, 44.799470865390546 ], [ -1.095825088813848, 44.79815075960709 ], [ -1.096939393784126, 44.797611430270578 ], [ -1.098868947854733, 44.796484003057259 ], [ -1.101034885786412, 44.79520608773754 ], [ -1.101899449945341, 44.794636716653628 ], [ -1.104762180683131, 44.792814225010829 ], [ -1.10492390313251, 44.792709294353884 ], [ -1.107954771015572, 44.790872349906643 ], [ -1.108769648456512, 44.790411836758253 ], [ -1.110992460135149, 44.78913124685333 ], [ -1.112789376196436, 44.788008837793463 ], [ -1.114018785033272, 44.787237440676691 ], [ -1.116242463371452, 44.785626738879934 ], [ -1.117023432263797, 44.785050510424433 ], [ -1.119141628580461, 44.783265122767475 ], [ -1.120000790862804, 44.782494546370906 ], [ -1.121634201404769, 44.780918553589885 ], [ -1.122948906136879, 44.779543660664693 ], [ -1.12389441981123, 44.778580573686689 ], [ -1.125884132583474, 44.776421377008582 ], [ -1.126068804107951, 44.776245740179242 ], [ -1.128424705949609, 44.773904093162045 ], [ -1.128833595266217, 44.773497213210696 ], [ -1.13118281847734, 44.771547388116069 ], [ -1.131815442707659, 44.771017612193923 ], [ -1.134512560165666, 44.769169268193615 ], [ -1.134827084204696, 44.7689464558485 ], [ -1.13786068803068, 44.767176524470756 ], [ -1.138755345974382, 44.766756919679501 ], [ -1.14091330449355, 44.765667148310627 ], [ -1.143984621595158, 44.764413539324785 ], [ -1.144343560678989, 44.764294051610655 ], [ -1.147066132421003, 44.763299853551544 ], [ -1.150160944969626, 44.762367877654825 ], [ -1.152702286515588, 44.761727017586843 ], [ -1.153265802034973, 44.761573134262967 ], [ -1.156376319002382, 44.760856028481889 ], [ -1.159493838652686, 44.760234533393188 ], [ -1.162616786238069, 44.759687173291653 ], [ -1.165743666876173, 44.759193613082793 ], [ -1.167742114089619, 44.758908045658416 ], [ -1.168873842371343, 44.758745128176173 ], [ -1.172007314065882, 44.758341635986291 ], [ -1.175146476379806, 44.758015271021144 ], [ -1.178301395100086, 44.757901270062725 ], [ -1.181472694130681, 44.758007539361003 ], [ -1.184651782387245, 44.758218181450196 ], [ -1.185183993418812, 44.758250134870188 ], [ -1.187845788352473, 44.758628632430352 ], [ -1.191014964318083, 44.758705364207856 ], [ -1.194152007877364, 44.758351273665298 ], [ -1.196151561433343, 44.757835022689186 ], [ -1.197264262341519, 44.757665659459413 ], [ -1.200387943458796, 44.757133882148594 ], [ -1.203526059117723, 44.756795823285394 ], [ -1.206671420495499, 44.756554995996098 ], [ -1.209816465185451, 44.756310210661006 ], [ -1.212973314183282, 44.756223193735046 ], [ -1.216159503102512, 44.756527371965426 ], [ -1.219340034004716, 44.756755625905853 ], [ -1.222508705673229, 44.756825580381118 ], [ -1.222557804607137, 44.756831093527609 ], [ -1.225729834117357, 44.75759308823568 ], [ -1.228942941808795, 44.758252731347646 ], [ -1.23182422500771, 44.758731297896418 ], [ -1.232149389754954, 44.758822834653685 ], [ -1.235373195112654, 44.759622324190858 ], [ -1.238547595419075, 44.759765380276356 ], [ -1.241703790390168, 44.759666901495081 ], [ -1.244866416328552, 44.759653629744697 ], [ -1.248060175158949, 44.760052197989573 ], [ -1.247913785725587, 44.758115163721868 ], [ -1.247913774188832, 44.758115156341972 ], [ -1.244759363338027, 44.758236139398861 ], [ -1.24160493875703, 44.758357030441509 ], [ -1.238450500603501, 44.758477831422773 ], [ -1.235296048997538, 44.758598543802762 ], [ -1.231972370606518, 44.756471634508543 ], [ -1.231972358157827, 44.756471626541838 ], [ -1.228818005345513, 44.756592157041247 ], [ -1.225494692045238, 44.754465056577338 ], [ -1.225494677972423, 44.754465047569454 ], [ -1.222340423697862, 44.754585392319839 ], [ -1.21918615586841, 44.754705646408617 ], [ -1.215863319284817, 44.752578259006221 ], [ -1.215863304060828, 44.752578249258775 ], [ -1.212709134956905, 44.752698319337199 ], [ -1.209554952255157, 44.752818297758559 ], [ -1.206400756070476, 44.752938185920009 ], [ -1.203246546443971, 44.7530579842362 ], [ -1.200092323356167, 44.753177692312143 ], [ -1.196938086718019, 44.753297308819903 ], [ -1.196938072471368, 44.753297320112331 ], [ -1.193951527681258, 44.755664431435626 ], [ -1.190797138682229, 44.755783874499997 ], [ -1.187642736457552, 44.755903229963998 ], [ -1.184321022622639, 44.753774896766735 ], [ -1.184321006918113, 44.75377488670371 ], [ -1.181166703788435, 44.753894060251206 ], [ -1.177845355095321, 44.751765535832476 ], [ -1.177845337868564, 44.751765524791871 ], [ -1.174691133576103, 44.751884512484843 ], [ -1.171536915818282, 44.752003408649372 ], [ -1.168382684700324, 44.752122214565247 ], [ -1.165228440262555, 44.752240930640426 ], [ -1.162074182517404, 44.752359556907159 ], [ -1.158919911472207, 44.752478093329103 ], [ -1.155765627110508, 44.752596539547838 ], [ -1.152611329362885, 44.752714894486935 ], [ -1.152611312221484, 44.752714908058664 ], [ -1.149622936760822, 44.755080820683865 ], [ -1.146468486873944, 44.755199001471894 ], [ -1.143314023805156, 44.755317093353263 ], [ -1.140159547527125, 44.755435095822719 ], [ -1.13700505807274, 44.755553009191765 ], [ -1.133685288062702, 44.753423163962992 ], [ -1.133685265451976, 44.753423149455905 ], [ -1.130530875351348, 44.753540879904882 ], [ -1.127211471771602, 44.751410844705923 ], [ -1.127211446587085, 44.751410828544266 ], [ -1.124057155697269, 44.75152837364908 ], [ -1.120902851560186, 44.751645827970847 ], [ -1.117748534270121, 44.751763192657563 ], [ -1.114429722947069, 44.749632778771968 ], [ -1.114429694349651, 44.749632760413604 ], [ -1.111275476460132, 44.749749941276065 ], [ -1.108121245381671, 44.74986703158325 ], [ -1.104967001167794, 44.749984031929124 ], [ -1.101812743841922, 44.750100942496836 ], [ -1.098658473408697, 44.750217763212554 ], [ -1.095504189858872, 44.750334493811572 ], [ -1.095504161220006, 44.75033451645438 ], [ -1.092513522968412, 44.752698874030763 ], [ -1.089359087629101, 44.752815430311031 ], [ -1.086041292891644, 44.750684169907608 ], [ -1.085877928528365, 44.7484364242993 ], [ -1.085714577242216, 44.746188680235143 ], [ -1.085714543465436, 44.746188658534663 ], [ -1.082397279309394, 44.744057295856798 ], [ -1.082397245558139, 44.744057274170103 ], [ -1.079080232664802, 44.74192581377703 ], [ -1.078917171306308, 44.739678064909107 ] ] } },
{ "type": "Feature", "properties": { "arrival_h": 30.0, "hours_ago": 11.094067985394346 }, "geometry": { "type": "LineString", "coordinates": [ [ -1.025301869847905, 44.741640732720725 ], [ -1.022308749476241, 44.744003183231129 ], [ -1.022308716670419, 44.744003209123015 ], [ -1.019315344916579, 44.746365580876692 ], [ -1.019315312274819, 44.74636560663609 ], [ -1.016321689015635, 44.748727899637913 ], [ -1.016321656558588, 44.748727925248538 ], [ -1.013327781749911, 44.751090139494238 ], [ -1.013327749489852, 44.751090164946433 ], [ -1.01033362309607, 44.753452300427426 ], [ -1.010333591040011, 44.753452325715706 ], [ -1.007339213028424, 44.755814382386269 ], [ -1.00733918113416, 44.755814407543966 ], [ -1.007499430599651, 44.758062273614364 ], [ -1.004504687401098, 44.760424258445227 ], [ -1.001189663142379, 44.758290454988696 ], [ -1.001029666545898, 44.756042579570256 ], [ -1.001029631159722, 44.756042556790625 ], [ -0.997714997861215, 44.7539086535932 ], [ -0.997714962234964, 44.753908630656255 ], [ -0.994400580689806, 44.751774630076802 ], [ -0.994400544729479, 44.751774606921941 ], [ -0.991245960514897, 44.751888370694928 ], [ -0.987931943536669, 44.749754178252225 ], [ -0.987931907361984, 44.749754154954708 ], [ -0.984618142072506, 44.747619865284236 ], [ -0.984618105607982, 44.747619841797182 ], [ -0.981463734559933, 44.747733326820075 ], [ -0.978309350791095, 44.747846722013009 ], [ -0.975154954313389, 44.747960027402577 ], [ -0.972000545137293, 44.748073242995154 ], [ -0.968846123272819, 44.748186368790464 ], [ -0.965691688729929, 44.74829940478751 ], [ -0.96253724151844, 44.748412350983259 ], [ -0.959382781647868, 44.748525207370399 ], [ -0.959382748552716, 44.748525233446792 ], [ -0.95638649557085, 44.750885908026845 ], [ -0.953231884705871, 44.750998589403622 ], [ -0.950077261211488, 44.751111180983685 ], [ -0.946922625097285, 44.751223682760674 ], [ -0.943767976373147, 44.751336094732487 ], [ -0.940613315049072, 44.751448416898597 ], [ -0.937458641135083, 44.751560649258863 ], [ -0.934303954641268, 44.751672791814066 ], [ -0.931149255577926, 44.751784844567972 ], [ -0.931149222323623, 44.751784870749461 ], [ -0.928151611519136, 44.754144784244886 ], [ -0.924996761613974, 44.754256661928082 ], [ -0.92499672841996, 44.754256688056877 ], [ -0.921998727799849, 44.756616437200378 ], [ -0.92199869471445, 44.756616463240618 ], [ -0.91900044248896, 44.758976133312387 ], [ -0.919000409507652, 44.758976159267647 ], [ -0.916001905657935, 44.761335750244527 ], [ -0.916001872769095, 44.761335776123985 ], [ -0.913003117281287, 44.763695287946753 ], [ -0.91300308442559, 44.763695313797101 ], [ -0.913159586133529, 44.765943320888553 ], [ -0.910160465466036, 44.768302759767451 ], [ -0.910160432823055, 44.768302785446522 ], [ -0.910316833785446, 44.770550800153188 ], [ -0.907317347932176, 44.772910166017802 ], [ -0.907317315452202, 44.772910191564741 ], [ -0.907473615523355, 44.775158213874157 ], [ -0.907629927994581, 44.777406237713187 ], [ -0.907786252934903, 44.77965426307604 ], [ -0.907942590368728, 44.781902289958559 ], [ -0.908098940299595, 44.784150318357298 ], [ -0.908255302723543, 44.786398348269074 ], [ -0.908411677579815, 44.788646379692722 ], [ -0.90856806467234, 44.790894412631815 ], [ -0.90856809955577, 44.790894435127043 ], [ -0.911881529413696, 44.793031031032505 ], [ -0.912038067195472, 44.795279062442162 ], [ -0.912038101664484, 44.79527908466649 ], [ -0.915351922279531, 44.797415580332085 ], [ -0.915508610867501, 44.79966361019185 ], [ -0.915508645031048, 44.799663632215577 ], [ -0.918822855598278, 44.801800027565271 ], [ -0.918822889548662, 44.801800049448936 ], [ -0.921980419753501, 44.801688344883516 ], [ -0.925294996527977, 44.803824549132003 ], [ -0.92529502959441, 44.80382457044162 ], [ -0.928609858055521, 44.805960677047082 ], [ -0.928609891354385, 44.805960698503867 ], [ -0.93176763578842, 44.805848715229025 ], [ -0.934925367644341, 44.805736642173237 ], [ -0.938240675689948, 44.807872463311867 ], [ -0.938240708124881, 44.807872484206143 ], [ -0.94139854071382, 44.807760226338551 ], [ -0.944714215321691, 44.80989585578466 ], [ -0.944714246462854, 44.809895875841484 ], [ -0.948030174528007, 44.812031407541333 ], [ -0.948188211257962, 44.814279402083301 ], [ -0.94834626081865, 44.816527398081725 ], [ -0.94850432231123, 44.818775395565325 ], [ -0.948504352931332, 44.818775415281614 ], [ -0.951820950350091, 44.820910840308187 ], [ -0.951979162317308, 44.823158836145225 ], [ -0.951979192101325, 44.823158855319988 ], [ -0.955296180016105, 44.825294180146003 ], [ -0.955296208433265, 44.825294198438563 ], [ -0.958613449282393, 44.827429426503329 ], [ -0.958613476881677, 44.827429444267253 ], [ -0.961930970646793, 44.829564575184527 ], [ -0.961930997437863, 44.829564592426152 ], [ -0.965248743202944, 44.831699626208227 ], [ -0.96524877016526, 44.831699643557947 ], [ -0.968407887595058, 44.831586614475043 ], [ -0.971726000428235, 44.833721458239403 ], [ -0.971726025912872, 44.833721474634977 ], [ -0.974885243993797, 44.833608261338391 ], [ -0.978044449341076, 44.833494958145387 ], [ -0.981363050079656, 44.835629517590327 ], [ -0.978363056580989, 44.837990867173559 ], [ -0.978363037171535, 44.837990882450221 ], [ -0.978522364186505, 44.840238852778228 ], [ -0.975522006854315, 44.842600128454656 ], [ -0.975521986637829, 44.84260014436407 ], [ -0.975681212471759, 44.844848122168379 ], [ -0.975840449383565, 44.84709610144678 ], [ -0.975999698646876, 44.849344082150246 ], [ -0.976158960683278, 44.851592064260352 ], [ -0.976318235334435, 44.853840047779464 ], [ -0.976318251679559, 44.85384005829021 ], [ -0.979637995636692, 44.855974685199854 ], [ -0.976636836819556, 44.858336011421585 ], [ -0.973317073612847, 44.856201288918619 ], [ -0.973317057455663, 44.856201278528374 ], [ -0.969997552198181, 44.854066461898 ], [ -0.969997530454099, 44.854066447913262 ], [ -0.96683715170529, 44.854179521373538 ], [ -0.963676760217065, 44.854292504586944 ], [ -0.960357737770626, 44.852157403560021 ], [ -0.960357712478825, 44.852157387289054 ], [ -0.957197421779707, 44.852270186368202 ], [ -0.954037118316822, 44.852382894406908 ], [ -0.950876802158982, 44.852495512236779 ], [ -0.947716473342123, 44.852608040224695 ], [ -0.944556131901044, 44.852720478722532 ], [ -0.94123793197095, 44.850584810752352 ], [ -0.941237904109807, 44.850584792819213 ], [ -0.937919956375825, 44.848449028764449 ], [ -0.937762236976532, 44.846200994221341 ], [ -0.937762206472492, 44.846200974583823 ], [ -0.934602205702659, 44.846313130931804 ], [ -0.931284764620323, 44.844177171629873 ], [ -0.931284734877278, 44.844177152478444 ], [ -0.927967547413968, 44.842041096547945 ], [ -0.927967516339687, 44.842041076536894 ], [ -0.924807729969184, 44.842152952872731 ], [ -0.921647930978202, 44.842264738675937 ], [ -0.918488119425035, 44.84237643463576 ], [ -0.915171525883034, 44.840239997699918 ], [ -0.915171493784379, 44.840239977021803 ], [ -0.912011783270475, 44.840351488786752 ], [ -0.908852060181242, 44.840462910068098 ], [ -0.905692324532366, 44.840574240945074 ], [ -0.9056922949644, 44.840574264173163 ], [ -0.902688873352024, 44.842933563524028 ], [ -0.899528986544634, 44.843044719089896 ], [ -0.896369087229306, 44.843155784576759 ], [ -0.896369057145111, 44.843155808203718 ], [ -0.893365106443591, 44.84551485630454 ], [ -0.893365076748949, 44.845514879622819 ], [ -0.890360873348212, 44.847873848557107 ], [ -0.887200684272972, 44.847984653114999 ], [ -0.887200654021158, 44.847984676866055 ], [ -0.884196060232026, 44.850343480769887 ] ] } },
{ "type": "Feature", "properties": { "arrival_h": 30.0, "hours_ago": 11.094067985394346 }, "geometry": { "type": "LineString", "coordinates": [ [ -1.251296013773274, 44.761006389284546 ], [ -1.254534655997376, 44.761996072157388 ], [ -1.254392684631576, 44.760120433623278 ], [ -1.25439267389656, 44.760120426757616 ], [ -1.25123816471821, 44.760241596548397 ], [ -1.249219840976515, 44.760319075245057 ], [ -1.251296013773274, 44.761006389284546 ] ] } },
{ "type": "Feature", "properties": { "arrival_h": 30.0, "hours_ago": 11.094067985394346 }, "geometry": { "type": "LineString", "coordinates": [ [ -1.257830231337575, 44.763735647000068 ], [ -1.257717434952213, 44.762246675508891 ], [ -1.257717427551214, 44.762246670776101 ], [ -1.255267416095421, 44.762340858820217 ], [ -1.257830231337575, 44.763735647000068 ] ] } },
{ "type": "Feature", "properties": { "arrival_h": 30.0, "hours_ago": 11.094067985394346 }, "geometry": { "type": "LineString", "coordinates": [ [ -1.261127374446252, 44.765493113659531 ], [ -1.261042438255611, 44.764372819167207 ], [ -1.261042432441155, 44.764372815449434 ], [ -1.259128715176747, 44.764446445772847 ], [ -1.261127374446252, 44.765493113659531 ] ] } },
{ "type": "Feature", "properties": { "arrival_h": 30.0, "hours_ago": 11.094067985394346 }, "geometry": { "type": "LineString", "coordinates": [ [ -1.022853742359488, 44.795818466004938 ], [ -1.022692773313866, 44.793570592793728 ], [ -1.025688527324094, 44.79120808251627 ], [ -1.029006433302973, 44.793341183491293 ], [ -1.029167656572211, 44.795589047266034 ], [ -1.026171813452497, 44.797951657778121 ], [ -1.022853742359488, 44.795818466004938 ] ] } },
{ "type": "Feature", "properties": { "arrival_h": 30.0, "hours_ago": 11.094067985394346 }, "geometry": { "type": "LineString", "coordinates": [ [ -1.264965320259389, 44.816065563197803 ], [ -1.264965321454871, 44.816065562249626 ], [ -1.264948080647125, 44.815838599225316 ], [ -1.264575245208502, 44.816080572642605 ], [ -1.264965320259389, 44.816065563197803 ] ] } },
{ "type": "Feature", "properties": { "arrival_h": 30.0, "hours_ago": 11.094067985394346 }, "geometry": { "type": "LineString", "coordinates": [ [ -1.261978291823474, 44.818434566945143 ], [ -1.261978296890244, 44.818434562926953 ], [ -1.261914494692113, 44.817594097006108 ], [ -1.260046517705596, 44.818508830334217 ], [ -1.261978291823474, 44.818434566945143 ] ] } },
{ "type": "Feature", "properties": { "arrival_h": 30.0, "hours_ago": 11.094067985394346 }, "geometry": { "type": "LineString", "coordinates": [ [ -1.2558331054386, 44.820924787012459 ], [ -1.25583311010249, 44.820924783314489 ], [ -1.255776068569021, 44.820172324239415 ], [ -1.253900214731372, 44.820998983020075 ], [ -1.2558331054386, 44.820924787012459 ] ] } },
{ "type": "Feature", "properties": { "arrival_h": 30.0, "hours_ago": 11.094067985394346 }, "geometry": { "type": "LineString", "coordinates": [ [ -1.249687374364004, 44.823414667315362 ], [ -1.249687376739008, 44.823414665432608 ], [ -1.249652374416669, 44.822952281564113 ], [ -1.248901396363257, 44.82344479664355 ], [ -1.249687374364004, 44.823414667315362 ] ] } },
{ "type": "Feature", "properties": { "arrival_h": 30.0, "hours_ago": 11.094067985394346 }, "geometry": { "type": "LineString", "coordinates": [ [ -1.246699311125159, 44.825783263517032 ], [ -1.246699314832255, 44.825783260578632 ], [ -1.246641358763565, 44.825017140313903 ], [ -1.245509098336116, 44.825828852303573 ], [ -1.246699311125159, 44.825783263517032 ] ] } },
{ "type": "Feature", "properties": { "arrival_h": 30.0, "hours_ago": 11.094067985394346 }, "geometry": { "type": "LineString", "coordinates": [ [ -1.243710995950402, 44.828151780635245 ], [ -1.243711000374664, 44.828151777128816 ], [ -1.243639775463323, 44.827209626186715 ], [ -1.242254219127493, 44.828207536309542 ], [ -1.243710995950402, 44.828151780635245 ] ] } },
{ "type": "Feature", "properties": { "arrival_h": 30.0, "hours_ago": 11.094067985394346 }, "geometry": { "type": "LineString", "coordinates": [ [ -1.240722428855734, 44.830520219174986 ], [ -1.240722434072615, 44.83052021504087 ], [ -1.24063713617338, 44.829391154172185 ], [ -1.238882519102702, 44.83059058309118 ], [ -1.240722428855734, 44.830520219174986 ] ] } },
{ "type": "Feature", "properties": { "arrival_h": 30.0, "hours_ago": 11.094067985394346 }, "geometry": { "type": "LineString", "coordinates": [ [ -1.23457497867756, 44.833009268958286 ], [ -1.237733609943075, 44.832888580780669 ], [ -1.237733618233814, 44.832888574211417 ], [ -1.237616672240035, 44.831339572392949 ], [ -1.234551946253899, 44.832703950651386 ], [ -1.233821565946244, 44.833038043125754 ], [ -1.23457497867756, 44.833009268958286 ] ] } },
{ "type": "Feature", "properties": { "arrival_h": 30.0, "hours_ago": 11.094067985394346 }, "geometry": { "type": "LineString", "coordinates": [ [ -1.22842698411973, 44.835497983673093 ], [ -1.231585768462948, 44.835377469915933 ], [ -1.231585776736053, 44.835377463361972 ], [ -1.231470047843944, 44.833842419355491 ], [ -1.228391445802932, 44.835026219827263 ], [ -1.227249665673379, 44.835542877971186 ], [ -1.22842698411973, 44.835497983673093 ] ] } },
{ "type": "Feature", "properties": { "arrival_h": 30.0, "hours_ago": 11.094067985394346 }, "geometry": { "type": "LineString", "coordinates": [ [ -1.219119494261076, 44.838106612715471 ], [ -1.222278445046686, 44.837986361452757 ], [ -1.225437382373864, 44.837866021198018 ], [ -1.225437391599624, 44.83786601389081 ], [ -1.225310305678178, 44.836177941959164 ], [ -1.222202556539208, 44.836977521613626 ], [ -1.219092881469009, 44.837752569413055 ], [ -1.218144230902972, 44.838143719448695 ], [ -1.219119494261076, 44.838106612715471 ] ] } },
{ "type": "Feature", "properties": { "arrival_h": 30.0, "hours_ago": 11.094067985394346 }, "geometry": { "type": "LineString", "coordinates": [ [ -1.212970257496835, 44.840594476853944 ], [ -1.216129361433227, 44.840474401888997 ], [ -1.216129370644885, 44.840474394595041 ], [ -1.216000773527312, 44.838762546800716 ], [ -1.212899962573619, 44.839657971789435 ], [ -1.210068828723579, 44.840704678664089 ], [ -1.212970257496835, 44.840594476853944 ] ] } },
{ "type": "Feature", "properties": { "arrival_h": 30.0, "hours_ago": 11.094067985394346 }, "geometry": { "type": "LineString", "coordinates": [ [ -0.888713231388058, 44.915539365346881 ], [ -0.892033266908061, 44.917676641436707 ], [ -0.892033300661831, 44.917676663164407 ], [ -0.895353589059305, 44.919813841031136 ], [ -0.895353622870721, 44.919813862793283 ], [ -0.898674164241896, 44.921950942803328 ], [ -0.898674198055841, 44.921950964564445 ], [ -0.901994992158943, 44.924087946749886 ], [ -0.901995026249882, 44.924087968686592 ], [ -0.905159473160079, 44.923976738866692 ], [ -0.908480634354884, 44.926113529007587 ], [ -0.908480668348283, 44.926113550877147 ], [ -0.911645216664051, 44.926002136557933 ], [ -0.914809752421324, 44.92589063238939 ], [ -0.917974275597136, 44.925779038187308 ], [ -0.921138786177232, 44.925667353892592 ], [ -0.92430328415125, 44.92555557950184 ], [ -0.927467769509004, 44.925443715014275 ], [ -0.930632242239994, 44.925331760424584 ], [ -0.933796702333911, 44.925219715730201 ], [ -0.936961149780388, 44.925107580927765 ], [ -0.940125584573308, 44.924995356074369 ], [ -0.943290006719574, 44.924883041411967 ], [ -0.943290035780207, 44.924883018594251 ], [ -0.946296137339853, 44.922522559144909 ], [ -0.949460407593912, 44.922410068328951 ], [ -0.952783167527822, 44.924545535656918 ], [ -0.949777227852671, 44.926906171267973 ], [ -0.949777199471138, 44.926906193555354 ], [ -0.94677100868776, 44.929266749265651 ], [ -0.943606346162598, 44.929379162536847 ], [ -0.943606316412559, 44.92937918589422 ], [ -0.940599734770995, 44.931739575477778 ], [ -0.940599704867626, 44.931739598952753 ], [ -0.937592870343937, 44.934099909073709 ], [ -0.934427916783266, 44.934212061689188 ], [ -0.931262950587708, 44.93432412444681 ], [ -0.928097971764907, 44.934436097311675 ], [ -0.924775570558595, 44.932299888004685 ], [ -0.924775536509463, 44.932299866110753 ], [ -0.921610658985218, 44.932411654356066 ], [ -0.918445768831737, 44.932523352228451 ], [ -0.915280866072799, 44.932634959922616 ], [ -0.912115950719202, 44.932746477447928 ], [ -0.908951022769769, 44.932857904642077 ], [ -0.908950991634783, 44.932857929063744 ], [ -0.905942766772379, 44.935217382933246 ], [ -0.902777687131407, 44.93532863429936 ], [ -0.902777655830784, 44.935328658846039 ], [ -0.899769038903111, 44.937687947179207 ], [ -0.896603807606264, 44.93779902286407 ], [ -0.896603776046229, 44.937799047609218 ], [ -0.893594767117224, 44.940158170166114 ], [ -0.893594735667625, 44.940158194821763 ], [ -0.890585473473016, 44.942517237794341 ] ] } },
{ "type": "Feature", "properties": { "arrival_h": 30.0, "hours_ago": 11.094067985394346 }, "geometry": { "type": "LineString", "coordinates": [ [ -0.89292831801642, 44.97623994116671 ], [ -0.896252107934858, 44.978377127835408 ], [ -0.896252143951662, 44.978377150992699 ], [ -0.89957618731443, 44.980514239507052 ], [ -0.899576223386139, 44.980514262696786 ], [ -0.902900520151408, 44.982651253159794 ], [ -0.902900556348387, 44.982651276427234 ], [ -0.906068308440157, 44.982540019346459 ], [ -0.90923604795086, 44.982428672106693 ], [ -0.912560826723451, 44.984565375255656 ], [ -0.912560862832213, 44.984565398459907 ], [ -0.915728703912752, 44.984453866239654 ], [ -0.919053850392314, 44.986590376572771 ], [ -0.919053886510436, 44.986590399778379 ], [ -0.922221829129202, 44.986478682634058 ], [ -0.925547343286693, 44.988615000127417 ], [ -0.925547379444613, 44.988615023353923 ], [ -0.928715423569227, 44.988503121330773 ], [ -0.931883455040644, 44.988391129187946 ], [ -0.935051473845439, 44.988279046878795 ], [ -0.938219479973663, 44.988166874406303 ], [ -0.9413874734189, 44.988054611823635 ], [ -0.941387506107556, 44.988054586186948 ], [ -0.944397073149736, 44.985694138463799 ], [ -0.94756491441088, 44.985581700072522 ], [ -0.950732742957131, 44.985469171532543 ], [ -0.950732775659027, 44.985469145878199 ], [ -0.953741810181616, 44.983108447270396 ], [ -0.95374184274625, 44.983108421720736 ], [ -0.956750623895863, 44.980747643261616 ], [ -0.956750656379826, 44.980747617772238 ], [ -0.959759184110432, 44.978386759340296 ], [ -0.962926581432247, 44.978273883722686 ], [ -0.966253160178002, 44.980408979568246 ], [ -0.966253196063359, 44.98040900259911 ], [ -0.969580028234398, 44.982544000093434 ], [ -0.969580064164567, 44.982544023150247 ], [ -0.972907149826664, 44.984678922427584 ], [ -0.972907185761735, 44.984678945484717 ], [ -0.976234524857044, 44.986813746560358 ], [ -0.976234560877807, 44.986813769669652 ], [ -0.979402401244412, 44.986700424484603 ], [ -0.982730107914227, 44.988835032712693 ], [ -0.982730143849698, 44.988835055762635 ], [ -0.985898085337239, 44.988721525643882 ], [ -0.989066013986955, 44.988607905398048 ], [ -0.992233929779763, 44.988494194899857 ], [ -0.995562232275577, 44.990628420700169 ], [ -0.995562267693026, 44.990628443409712 ], [ -0.998890823611231, 44.992762570828774 ], [ -0.998890859158622, 44.992762593618849 ], [ -1.002058989874497, 44.992648603146677 ], [ -1.005227107694925, 44.992534522488 ], [ -1.008556145939493, 44.994668362417372 ], [ -1.008717126192749, 44.996916396321893 ], [ -1.008717161306917, 44.996916418826927 ], [ -1.012046592913393, 44.999050156656168 ], [ -1.012207726100272, 45.001298188256087 ], [ -1.012368872292605, 45.003546221029502 ], [ -1.012530031221078, 45.005794254982767 ], [ -1.012530066551065, 45.00579427762041 ], [ -1.015860170535428, 45.007927906522916 ], [ -1.015860205572245, 45.007927928969977 ], [ -1.019190563632169, 45.010061459683214 ], [ -1.01935201522482, 45.012309487802121 ] ] } },
{ "type": "Feature", "properties": { "arrival_h": 36.0, "hours_ago": 5.0940679853943465 }, "geometry": { "type": "LineString", "coordinates": [ [ -1.025301888771284, 44.741640732032607 ], [ -1.022308750441066, 44.744003196717919 ], [ -1.022308735594632, 44.744003208435416 ], [ -1.019315345880726, 44.746365594363517 ], [ -1.019315331199863, 44.746365605948995 ], [ -1.016321689979107, 44.748727913124789 ], [ -1.016321675484466, 44.748727924561948 ], [ -1.013327782712705, 44.751090152981149 ], [ -1.013327768416565, 44.751090164260361 ], [ -1.010333624058186, 44.753452313914366 ], [ -1.010333609967557, 44.753452325030139 ], [ -1.007339213989864, 44.755814395873259 ], [ -1.007339200062539, 44.755814406858917 ], [ -1.007499449528792, 44.758062272929294 ], [ -1.004504688361937, 44.760424271932251 ], [ -1.001189644213084, 44.758290455672693 ], [ -1.001029647617366, 44.756042580254224 ], [ -1.001029632119652, 44.756042570277678 ], [ -0.997714978933362, 44.7539086542766 ], [ -0.997714963194065, 44.753908644143308 ], [ -0.994400561762635, 44.751774630759634 ], [ -0.994400545687748, 44.751774620409023 ], [ -0.991245961472411, 44.751888384182024 ], [ -0.987931924610103, 44.749754178933962 ], [ -0.987931908318668, 44.749754168441825 ], [ -0.98461812314662, 44.74761986596539 ], [ -0.984618106563835, 44.74761985528432 ], [ -0.981463735515031, 44.747733340307249 ], [ -0.97830935174544, 44.747846735500204 ], [ -0.975154955266979, 44.747960040889794 ], [ -0.972000546090128, 44.7480732564824 ], [ -0.968846124224901, 44.748186382277737 ], [ -0.965691689681258, 44.748299418274819 ], [ -0.962537242469014, 44.748412364470582 ], [ -0.959382782597687, 44.748525220857736 ], [ -0.959382767479209, 44.748525232769921 ], [ -0.956386496519992, 44.750885921514246 ], [ -0.953231885654259, 44.750998602891059 ], [ -0.95007726215912, 44.751111194471115 ], [ -0.946922626044163, 44.751223696248161 ], [ -0.943767977319271, 44.751336108219995 ], [ -0.940613315994441, 44.75144843038612 ], [ -0.937458642079698, 44.7515606627464 ], [ -0.93430395558513, 44.751672805301666 ], [ -0.931149256521033, 44.751784858055601 ], [ -0.931149241251549, 44.751784870077415 ], [ -0.928151612461565, 44.754144797732543 ], [ -0.924996762555648, 44.754256675415753 ], [ -0.924996747348792, 44.75425668738589 ], [ -0.921998728740844, 44.756616450688085 ], [ -0.921998713644112, 44.756616462570136 ], [ -0.919000443429275, 44.758976146800137 ], [ -0.919000428438145, 44.758976158597683 ], [ -0.916001906597571, 44.761335763732312 ], [ -0.91600189170042, 44.761335775454526 ], [ -0.913003118220243, 44.763695301434581 ], [ -0.913003103357744, 44.76369531312816 ], [ -0.913159605066443, 44.765943320219591 ], [ -0.910160466404387, 44.768302773255343 ], [ -0.910160451756796, 44.768302784778072 ], [ -0.910316852719947, 44.77055079948471 ], [ -0.907317348869922, 44.772910179505729 ], [ -0.907317334387532, 44.772910190896759 ], [ -0.907473634459442, 44.775158213206154 ], [ -0.907629946931426, 44.777406237045149 ], [ -0.907786271872504, 44.779654262407995 ], [ -0.907942609307087, 44.781902289290478 ], [ -0.908098959238711, 44.784150317689189 ], [ -0.908255321663417, 44.786398347600951 ], [ -0.908411696520442, 44.788646379024549 ], [ -0.90856808361372, 44.790894411963627 ], [ -0.908568098617423, 44.790894421639031 ], [ -0.911881548355769, 44.79303103036375 ], [ -0.912038086138295, 44.795279061773378 ], [ -0.912038100725231, 44.795279071178491 ], [ -0.915351941223045, 44.79741557966274 ], [ -0.915508629811763, 44.799663609522462 ], [ -0.915508644090889, 44.799663618727585 ], [ -0.918822874543223, 44.801800026895336 ], [ -0.918822888607671, 44.801800035960959 ], [ -0.921980418811754, 44.80168833139556 ], [ -0.925295015473537, 44.803824548460952 ], [ -0.925295028651833, 44.803824556953693 ], [ -0.92860987700176, 44.805960676375456 ], [ -0.928609890410977, 44.805960685015961 ], [ -0.931767634844256, 44.805848701741155 ], [ -0.934925366699421, 44.805736628685359 ], [ -0.938240694636726, 44.807872462638606 ], [ -0.938240707179129, 44.807872470718301 ], [ -0.941398539767312, 44.807760212850731 ], [ -0.944714234269087, 44.809895855110298 ], [ -0.944714245515514, 44.809895862353692 ], [ -0.948030193476101, 44.812031406866382 ], [ -0.94818823020681, 44.814279401408328 ], [ -0.948346279768254, 44.816527397406738 ], [ -0.948504341261579, 44.818775394890302 ], [ -0.948504351982933, 44.818775401793793 ], [ -0.951820969301149, 44.820910839632596 ], [ -0.951979181269104, 44.823158835469606 ], [ -0.951979191152017, 44.823158841832182 ], [ -0.955296198968597, 44.825294179469822 ], [ -0.955296207483124, 44.825294184950749 ], [ -0.958613468235574, 44.827429425826573 ], [ -0.958613475930703, 44.827429430779461 ], [ -0.961930989600664, 44.829564574507224 ], [ -0.961930996486056, 44.829564578938374 ], [ -0.965248762157493, 44.831699625530355 ], [ -0.965248769212621, 44.83169963007019 ], [ -0.968407886641659, 44.831586600987272 ], [ -0.971726019383405, 44.833721457560408 ], [ -0.971726024958642, 44.833721461147235 ], [ -0.974885243038809, 44.83360824785067 ], [ -0.977375072124945, 44.833518959022761 ], [ -0.97478786884166, 44.83223295385249 ], [ -0.972393328529349, 44.831443878786821 ], [ -0.971504341139944, 44.830587856730659 ], [ -0.969606752430537, 44.829290014440204 ], [ -0.969696812978637, 44.827033123820335 ], [ -0.971156979421047, 44.825677039055563 ], [ -0.972385871767122, 44.824683136549659 ], [ -0.974161686825838, 44.823387286306428 ], [ -0.975666007415091, 44.822311881303392 ], [ -0.977179887095773, 44.821291408256727 ], [ -0.97922317998598, 44.819930576502308 ], [ -0.980206058140208, 44.819311078025599 ], [ -0.983009638012301, 44.817540910043093 ], [ -0.983237218014603, 44.81740400463169 ], [ -0.986269658250899, 44.815517784622791 ], [ -0.986842955761153, 44.815149419188344 ], [ -0.989299296074915, 44.813594897863439 ], [ -0.990581027875093, 44.812761215352936 ], [ -0.992325042108505, 44.811620099602116 ], [ -0.994231870346769, 44.810376019718959 ], [ -0.995350373383161, 44.809642378508435 ], [ -0.997962446076026, 44.80798781838967 ], [ -0.998379799191039, 44.807725081211011 ], [ -1.001415486908923, 44.805898498242577 ], [ -1.001955340039195, 44.805590009622179 ], [ -1.004458807711079, 44.804181663637692 ], [ -1.006380684735053, 44.803176413101482 ], [ -1.007511155174712, 44.802593868702083 ], [ -1.010571953133522, 44.801126759249989 ], [ -1.011441063479161, 44.800739641501863 ], [ -1.013640543228591, 44.799770853917082 ], [ -1.016720502494437, 44.798575928734309 ], [ -1.018232224565653, 44.798239874497739 ], [ -1.019840217114624, 44.79793829264645 ], [ -1.021302043642973, 44.798128509426405 ], [ -1.023028423568406, 44.798257909182354 ], [ -1.026194791754832, 44.798272247579639 ], [ -1.027229722387881, 44.797913226926312 ], [ -1.026171814419184, 44.797951671265274 ], [ -1.022853723417687, 44.795818466692658 ], [ -1.022692754372835, 44.793570593481405 ], [ -1.025688526357641, 44.791208069029189 ], [ -1.029006452243859, 44.793341182802529 ], [ -1.029167675513869, 44.795589046577227 ], [ -1.029279622100861, 44.797149748928149 ], [ -1.031736780703203, 44.795495593629262 ], [ -1.032274499419138, 44.794775723769028 ], [ -1.035335952549434, 44.793331978210773 ], [ -1.036678054103414, 44.793061945897975 ], [ -1.038455367785664, 44.792696640465344 ], [ -1.041584691915843, 44.792199929258949 ], [ -1.044719822599354, 44.791784547073675 ], [ -1.04786020442157, 44.79144259790494 ], [ -1.051005423663283, 44.791168174498409 ], [ -1.054155059671639, 44.790955291263955 ], [ -1.057308646369487, 44.790797351754414 ], [ -1.060465524157668, 44.790685102133729 ], [ -1.063624357347495, 44.790599970186875 ], [ -1.066782409302079, 44.790504088357366 ], [ -1.069936294275137, 44.790350746582071 ], [ -1.073083465615635, 44.790104952505189 ], [ -1.076220585467204, 44.789720916080753 ], [ -1.078537420274539, 44.78927512312778 ], [ -1.07934029233349, 44.789097572399918 ], [ -1.082428809276914, 44.788045869614152 ], [ -1.085120561643024, 44.78677876822659 ], [ -1.085487928804046, 44.786591407357591 ], [ -1.088519539729208, 44.784761016521678 ], [ -1.089116557805424, 44.784377533376535 ], [ -1.091543162994188, 44.782823565691757 ], [ -1.09284564383496, 44.781986006149495 ], [ -1.09456508102423, 44.780865492417611 ], [ -1.09659492061741, 44.779593597010205 ], [ -1.097589105176575, 44.778939104688639 ], [ -1.10047744107936, 44.777196118564611 ], [ -1.100619174652964, 44.777098314728143 ], [ -1.103630717887012, 44.775006469470462 ], [ -1.103878659266179, 44.774816328593388 ], [ -1.106139937978925, 44.772478694606086 ], [ -1.10656881469378, 44.771912548255635 ], [ -1.107705369232619, 44.770166820985104 ], [ -1.10907972795495, 44.767862012152428 ], [ -1.109396462968725, 44.767312498845889 ], [ -1.110336119424502, 44.765561562641167 ], [ -1.11165489874528, 44.76325878042757 ], [ -1.112197688269258, 44.762357557548114 ], [ -1.113036702231105, 44.760953639365731 ], [ -1.114539974534818, 44.758643965032448 ], [ -1.11503771827289, 44.757939356727576 ], [ -1.116237440584048, 44.756327048278287 ], [ -1.117988403363992, 44.755037717682136 ], [ -1.119907725053791, 44.753936708399017 ], [ -1.121053816596521, 44.75370516497555 ], [ -1.124180362261751, 44.753207779986482 ], [ -1.12734251527319, 44.753196034456963 ], [ -1.127211452846068, 44.751410845411456 ], [ -1.127211447577187, 44.751410842030253 ], [ -1.124057156686618, 44.75152838713511 ], [ -1.12090285254878, 44.751645841456906 ], [ -1.11774853525796, 44.751763206143643 ], [ -1.114429704022014, 44.749632779475313 ], [ -1.114429695336657, 44.74963277389967 ], [ -1.111275477446384, 44.749749954762173 ], [ -1.108121246367169, 44.749867045069379 ], [ -1.104967002152537, 44.749984045415268 ], [ -1.101812744825911, 44.750100955983008 ], [ -1.098658474391932, 44.750217776698754 ], [ -1.095504190841351, 44.750334507297779 ], [ -1.095504180145497, 44.750334515754282 ], [ -1.092513523950217, 44.75269888751702 ], [ -1.089359088610151, 44.752815443797296 ], [ -1.08604127396592, 44.750684170606107 ], [ -1.085877909603405, 44.748436424997763 ], [ -1.085714558318021, 44.746188680933571 ], [ -1.085714544445496, 44.746188672020935 ], [ -1.082397260385873, 44.744057296554658 ], [ -1.082397246537367, 44.744057287656382 ], [ -1.079080213741957, 44.741925814474314 ], [ -1.078917152384221, 44.739678065606377 ] ] } },
{ "type": "Feature", "properties": { "arrival_h": 36.0, "hours_ago": 5.0940679853943465 }, "geometry": { "type": "LineString", "coordinates": [ [ -1.130532088689384, 44.753557392632331 ], [ -1.133742880295375, 44.754206640915577 ], [ -1.133685269136544, 44.753423164669641 ], [ -1.133685266443666, 44.753423162941871 ], [ -1.130530876342286, 44.753540893390905 ], [ -1.130440370940597, 44.753544269942985 ], [ -1.130532088689384, 44.753557392632331 ] ] } },
{ "type": "Feature", "properties": { "arrival_h": 36.0, "hours_ago": 5.0940679853943465 }, "geometry": { "type": "LineString", "coordinates": [ [ -0.978434789477614, 44.839003001150253 ], [ -0.979080815306209, 44.837965127556899 ], [ -0.978363057536886, 44.837990880661295 ], [ -0.978363056128111, 44.837990881770104 ], [ -0.978434789477614, 44.839003001150253 ] ] } },
{ "type": "Feature", "properties": { "arrival_h": 36.0, "hours_ago": 5.0940679853943465 }, "geometry": { "type": "LineString", "coordinates": [ [ -1.092240236939947, 45.009651474519671 ], [ -1.095244623005538, 45.007286920310953 ], [ -1.098413376741919, 45.007170187248889 ], [ -1.098413389213562, 45.00717017743191 ], [ -1.101417380679071, 45.004805458651894 ], [ -1.101417392749209, 45.004805449149814 ], [ -1.104421131016414, 45.002440650713631 ], [ -1.104421142917104, 45.002440641343853 ], [ -1.107424627766653, 45.000075763301986 ], [ -1.107424639534175, 45.000075754035954 ], [ -1.110427870969983, 44.997710796659689 ], [ -1.110427882945778, 44.997710787228542 ], [ -1.11026281776658, 44.995462901878795 ], [ -1.113265683144922, 44.993097870731077 ], [ -1.113265694838604, 44.993097861520688 ], [ -1.113100529696387, 44.990849983283937 ], [ -1.112935377860495, 44.988602106224825 ], [ -1.115937763562307, 44.986237006055219 ], [ -1.119105283721624, 44.986119684317764 ], [ -1.122272790586618, 44.986002272061967 ], [ -1.125440284150419, 44.985884769333204 ], [ -1.128773523140427, 44.988015021726483 ], [ -1.128773535834728, 44.988015029838834 ], [ -1.13194112951934, 44.98789734188982 ], [ -1.135108709948672, 44.987779564521141 ], [ -1.135108721386787, 44.987779555506201 ], [ -1.138110125499985, 44.98541385788787 ], [ -1.141277552561711, 44.985295904912995 ], [ -1.144444966275395, 44.985177861656169 ], [ -1.147612366669133, 44.985059728633885 ], [ -1.147612378007826, 44.985059719694029 ], [ -1.150613108707381, 44.982693687111642 ], [ -1.150613119236511, 44.982693678809092 ], [ -1.153613597355271, 44.980327566109061 ], [ -1.15678070429581, 44.980209172656735 ], [ -1.156780715130237, 44.980209164111727 ], [ -1.159780799576518, 44.977842887628462 ], [ -1.159780810227072, 44.977842879227481 ], [ -1.159613823660496, 44.975595080185343 ], [ -1.162613543424143, 44.973228729501201 ], [ -1.162613552925495, 44.973228722005537 ], [ -1.165613018875115, 44.970862292472447 ], [ -1.165613028915538, 44.970862284550584 ], [ -1.165445829694351, 44.968614498758924 ], [ -1.165278644534742, 44.966366714149416 ], [ -1.165111472423459, 44.964118930763348 ], [ -1.168110347976641, 44.961752439143396 ], [ -1.16811035684694, 44.961752432143193 ], [ -1.167943084861111, 44.959504656028436 ], [ -1.167775828130478, 44.957256881064474 ], [ -1.167775818756859, 44.957256875076958 ], [ -1.164442920720273, 44.955127809285358 ], [ -1.164275817342165, 44.952880031935493 ], [ -1.164108727937414, 44.950632255794332 ], [ -1.164108719611123, 44.950632250474662 ], [ -1.160776353530518, 44.948503078258895 ], [ -1.160609418417873, 44.946255299719468 ], [ -1.160609410807734, 44.946255294856556 ], [ -1.157277438570005, 44.944126020011311 ], [ -1.157277432333228, 44.9441260160255 ], [ -1.153945712543099, 44.941996641770317 ], [ -1.153945706843155, 44.941996638127129 ], [ -1.150614238829961, 44.939867165066623 ], [ -1.150614234399062, 44.939867162234215 ], [ -1.147283015404455, 44.937737589989609 ], [ -1.147254931026393, 44.937358151723565 ], [ -1.146865604077363, 44.937753174940703 ], [ -1.146989114556167, 44.940002568174087 ], [ -1.147527158298658, 44.941035944227146 ], [ -1.148051214669281, 44.942216917338229 ], [ -1.14777200519713, 44.944343418540711 ], [ -1.14461592053866, 44.944583426828459 ], [ -1.141431926679471, 44.944446151172343 ], [ -1.13824286672198, 44.94423998476644 ], [ -1.135050283565356, 44.94398567240966 ], [ -1.131854366435241, 44.943685667595659 ], [ -1.128655134764923, 44.943340127098466 ], [ -1.12614134060781, 44.943032927991524 ], [ -1.125453266241332, 44.942958147768579 ], [ -1.122251078369548, 44.942571142855556 ], [ -1.119046552659805, 44.942151644230151 ], [ -1.115839892575978, 44.941702345016694 ], [ -1.112928512640756, 44.941268971781689 ], [ -1.112631705188781, 44.941231445450157 ], [ -1.10942670040443, 44.940803112463897 ], [ -1.106221391259121, 44.940369865888712 ], [ -1.103015896313734, 44.939933313261101 ], [ -1.099965550539663, 44.939494254503316 ], [ -1.099808996756714, 44.939476789307847 ], [ -1.096604222077774, 44.939048522483908 ], [ -1.093392609022483, 44.938525884852936 ], [ -1.090172177347174, 44.937881522553099 ], [ -1.089167748762992, 44.937638367959835 ], [ -1.086949308049044, 44.937202631060252 ], [ -1.08372221770533, 44.936464655809871 ], [ -1.080695129003627, 44.935696057798694 ], [ -1.080489915335913, 44.935653845303939 ], [ -1.077265843223432, 44.934954771866266 ], [ -1.074042005633592, 44.934257725360617 ], [ -1.071505166670857, 44.933779423350785 ], [ -1.070826491028389, 44.933674056000548 ], [ -1.067627909042833, 44.933322650472405 ], [ -1.064439891132468, 44.933116255009523 ], [ -1.061259177434565, 44.933010232024316 ], [ -1.058082318812217, 44.932957188172004 ], [ -1.054907896151232, 44.932937635954232 ], [ -1.05173515222361, 44.932941181073232 ], [ -1.04856296118096, 44.932952294104751 ], [ -1.045391873585546, 44.932978619765947 ], [ -1.042223885517659, 44.93304786691057 ], [ -1.039058823812455, 44.933157734051235 ], [ -1.035891434268805, 44.933235360282744 ], [ -1.032716762270588, 44.93321181879211 ], [ -1.029532853176897, 44.93305968609252 ], [ -1.029505397120773, 44.933057252537793 ], [ -1.026342037584524, 44.932811094002105 ], [ -1.023138724082928, 44.932387924998828 ], [ -1.019920137371755, 44.931751066771135 ], [ -1.017887914825258, 44.931224312372841 ], [ -1.016687599269117, 44.930918440282802 ], [ -1.013444915784621, 44.929942710317285 ], [ -1.011244760306311, 44.929210638088428 ], [ -1.010195099571621, 44.928865625538684 ], [ -1.006947532052879, 44.927818153301871 ], [ -1.004952293685641, 44.927183939266108 ], [ -1.003702520236166, 44.92680466534469 ], [ -1.000463584377611, 44.925874566624103 ], [ -0.998031140647481, 44.925179536900565 ], [ -0.997226227387077, 44.924965006512998 ], [ -0.993990577580486, 44.924077836910634 ], [ -0.991029807387096, 44.923177604203175 ], [ -0.990748064071554, 44.923092733859512 ], [ -0.987502007684034, 44.92205613374383 ], [ -0.98496835845848, 44.921141525338676 ], [ -0.984245040416117, 44.920864249603163 ], [ -0.980975943068185, 44.919499523014338 ], [ -0.980020913283346, 44.919065210136708 ], [ -0.977689376305257, 44.917886269416762 ], [ -0.975988078553022, 44.916955943264398 ], [ -0.974380069687309, 44.915949511348288 ], [ -0.972655871680037, 44.914821477075733 ], [ -0.971040351120279, 44.913580096306006 ], [ -0.969868570162536, 44.912667439851965 ], [ -0.96765767664098, 44.910599628491966 ], [ -0.967546241944372, 44.910496726896497 ], [ -0.965522979636236, 44.908315291575185 ], [ -0.964198984107359, 44.90653883404282 ], [ -0.96387190339454, 44.906120538332338 ], [ -0.962436375321036, 44.903918073272351 ], [ -0.961287260259901, 44.901705375154812 ], [ -0.960562395981323, 44.899952284334319 ], [ -0.960354211991461, 44.899484961472922 ], [ -0.959566340541499, 44.897259365552159 ], [ -0.958958922681145, 44.895027331665375 ], [ -0.958497574908848, 44.892790088304409 ], [ -0.958148201535676, 44.89054885263625 ], [ -0.957874254774646, 44.888304928615028 ], [ -0.957634283713006, 44.886059794672001 ], [ -0.957380450570146, 44.883815156795514 ], [ -0.957054234640857, 44.881573101727028 ], [ -0.956574552637474, 44.879336520233252 ], [ -0.955879143023355, 44.877107630648851 ], [ -0.955757382842371, 44.876788762948699 ], [ -0.954920936812816, 44.874888107522366 ], [ -0.953940079296211, 44.872669387588694 ], [ -0.953065935577242, 44.87044686121434 ], [ -0.952336575874593, 44.868219174269292 ], [ -0.951850750630739, 44.866326817128957 ], [ -0.951754755654728, 44.865986230862774 ], [ -0.951311365225463, 44.86374835717421 ], [ -0.951048150215389, 44.861504067453573 ], [ -0.950969911597832, 44.859253191234821 ], [ -0.951222786409064, 44.857409702052237 ], [ -0.951276268288915, 44.856988617561427 ], [ -0.954200129358582, 44.8546964801195 ], [ -0.954319142261383, 44.854626519235659 ], [ -0.957329774139326, 44.854147154538559 ], [ -0.960496672680384, 44.854126490704935 ], [ -0.960357718809094, 44.852157404237076 ], [ -0.960357713430637, 44.852157400776967 ], [ -0.957197422730762, 44.852270199856136 ], [ -0.95403711926712, 44.852382907894878 ], [ -0.950876803108525, 44.852495525724777 ], [ -0.947716474290907, 44.8526080537127 ], [ -0.944556132849071, 44.85272049221058 ], [ -0.941237913009749, 44.850584811426131 ], [ -0.941237905057, 44.850584806307253 ], [ -0.937919937415303, 44.848449029437674 ], [ -0.937762218016799, 44.846200994894517 ], [ -0.937762207418774, 44.846200988071864 ], [ -0.934602206648186, 44.846313144419881 ], [ -0.931284745661187, 44.844177172301954 ], [ -0.931284735821973, 44.844177165966521 ], [ -0.92796752845553, 44.842041097219465 ], [ -0.927967517283549, 44.842041090024985 ], [ -0.924807730912289, 44.84215296636085 ], [ -0.921647931920551, 44.842264752164105 ], [ -0.918488120366627, 44.842376448123936 ], [ -0.915171506925061, 44.840239998369242 ], [ -0.915171494725138, 44.840239990509993 ], [ -0.912011784210477, 44.840351502274977 ], [ -0.908852061120488, 44.840462923556352 ], [ -0.905692325470854, 44.840574254433328 ], [ -0.905692313922591, 44.840574263505452 ], [ -0.90268887428983, 44.842933577012339 ], [ -0.899528987481684, 44.843044732578228 ], [ -0.896369088165598, 44.843155798065112 ], [ -0.896369076104278, 44.843155807537606 ], [ -0.893365107379201, 44.845514869792922 ], [ -0.893365095708953, 44.845514878957218 ], [ -0.890360874283141, 44.847873862045525 ], [ -0.887200685207143, 44.847984666603452 ], [ -0.887200672982061, 44.847984676201499 ], [ -0.884196061165515, 44.850343494258361 ] ] } },
{ "type": "Feature", "properties": { "arrival_h": 36.0, "hours_ago": 5.0940679853943465 }, "geometry": { "type": "LineString", "coordinates": [ [ -0.975657881069855, 44.84451846823444 ], [ -0.976509682113099, 44.842564731449521 ], [ -0.975522007809608, 44.842600141942413 ], [ -0.975522005595984, 44.842600143684429 ], [ -0.975657881069855, 44.84451846823444 ] ] } },
{ "type": "Feature", "properties": { "arrival_h": 36.0, "hours_ago": 5.0940679853943465 }, "geometry": { "type": "LineString", "coordinates": [ [ -0.963682354210345, 44.854371706175534 ], [ -0.966858353645274, 44.854479465245142 ], [ -0.970040654815403, 44.854676039694802 ], [ -0.969997533236082, 44.854066462576704 ], [ -0.969997531408262, 44.854066461401132 ], [ -0.966837152658696, 44.854179534861423 ], [ -0.963676761169713, 44.854292518074878 ], [ -0.96313971111107, 44.854311708526097 ], [ -0.963682354210345, 44.854371706175534 ] ] } },
{ "type": "Feature", "properties": { "arrival_h": 36.0, "hours_ago": 5.0940679853943465 }, "geometry": { "type": "LineString", "coordinates": [ [ -0.888713230452398, 44.91553935185815 ], [ -0.892033285892457, 44.917676640771312 ], [ -0.892033299725339, 44.917676649675712 ], [ -0.895353608044385, 44.91981384036518 ], [ -0.895353621933394, 44.919813849304603 ], [ -0.898674183227658, 44.92195094213681 ], [ -0.898674197117679, 44.921950951075779 ], [ -0.901995011145386, 44.924087946082793 ], [ -0.901995025310887, 44.924087955197948 ], [ -0.905159472220325, 44.923976725378061 ], [ -0.908480653341937, 44.926113528339393 ], [ -0.908480667407694, 44.926113537388559 ], [ -0.911645215722704, 44.92600212306936 ], [ -0.914809751479217, 44.92589061890083 ], [ -0.917974274654269, 44.925779024698791 ], [ -0.921138785233606, 44.925667340404104 ], [ -0.924303283206864, 44.925555566013358 ], [ -0.927467768563861, 44.92544370152585 ], [ -0.930632241294092, 44.92533174693618 ], [ -0.933796701387249, 44.925219702241797 ], [ -0.936961148832966, 44.92510756743939 ], [ -0.940125583625128, 44.924995342586037 ], [ -0.943290005770635, 44.92488302792367 ], [ -0.943290016793965, 44.9248830192684 ], [ -0.94629613639023, 44.922522545656626 ], [ -0.94946040664353, 44.922410054840675 ], [ -0.952783186513867, 44.924545534981156 ], [ -0.949777228803204, 44.926906184756234 ], [ -0.949777218457995, 44.926906192880097 ], [ -0.94677100963761, 44.929266762753954 ], [ -0.943606347111689, 44.929379176025172 ], [ -0.943606335400311, 44.929379185220014 ], [ -0.940599735719402, 44.931739588966131 ], [ -0.94059972385621, 44.931739598279066 ], [ -0.937592871291661, 44.934099922562105 ], [ -0.934427917730231, 44.934212075177591 ], [ -0.931262951533913, 44.934324137935249 ], [ -0.928097972710354, 44.934436110800156 ], [ -0.924775551569642, 44.932299888675679 ], [ -0.924775537454074, 44.932299879599221 ], [ -0.92161065992907, 44.932411667844576 ], [ -0.918445769774829, 44.932523365716975 ], [ -0.915280867015132, 44.932634973411169 ], [ -0.912115951660777, 44.932746490936523 ], [ -0.908951023710585, 44.932857918130694 ], [ -0.90895101062411, 44.932857928395457 ], [ -0.90594276771251, 44.935217396421912 ], [ -0.902777688070779, 44.935328647788054 ], [ -0.902777674821018, 44.935328658178818 ], [ -0.899769039841799, 44.937687960667922 ], [ -0.896603808544191, 44.937799036352793 ], [ -0.89660379503737, 44.937799046943042 ], [ -0.893594768054467, 44.940158183654887 ], [ -0.893594754659601, 44.940158194156091 ], [ -0.890585474409576, 44.942517251283142 ] ] } },
{ "type": "Feature", "properties": { "arrival_h": 36.0, "hours_ago": 5.0940679853943465 }, "geometry": { "type": "LineString", "coordinates": [ [ -1.158940773760357, 44.923777585752539 ], [ -1.158940775801989, 44.923777584140637 ], [ -1.158817508916639, 44.922116412257147 ], [ -1.157968106944511, 44.923814009575338 ], [ -1.158940773760357, 44.923777585752539 ] ] } },
{ "type": "Feature", "properties": { "arrival_h": 36.0, "hours_ago": 5.0940679853943465 }, "geometry": { "type": "LineString", "coordinates": [ [ -1.156110225066812, 44.928391582974257 ], [ -1.156110227764267, 44.928391580844909 ], [ -1.15599601959347, 44.926851575390529 ], [ -1.154652913956714, 44.928446110907011 ], [ -1.156110225066812, 44.928391582974257 ] ] } },
{ "type": "Feature", "properties": { "arrival_h": 36.0, "hours_ago": 5.0940679853943465 }, "geometry": { "type": "LineString", "coordinates": [ [ -1.153279210713895, 44.933005514931004 ], [ -1.153279214641779, 44.933005511830821 ], [ -1.153112619798203, 44.930757732631335 ], [ -1.153108977255265, 44.930708583464224 ], [ -1.153055377811886, 44.930759873249251 ], [ -1.15089105598901, 44.933094794164973 ], [ -1.153279210713895, 44.933005514931004 ] ] } },
{ "type": "Feature", "properties": { "arrival_h": 36.0, "hours_ago": 5.0940679853943465 }, "geometry": { "type": "LineString", "coordinates": [ [ -1.150281239423478, 44.935371592570334 ], [ -1.150281242070278, 44.935371590481516 ], [ -1.150168937573238, 44.93385530983231 ], [ -1.148209241232487, 44.935448996837977 ], [ -1.150281239423478, 44.935371592570334 ] ] } },
{ "type": "Feature", "properties": { "arrival_h": 36.0, "hours_ago": 5.0940679853943465 }, "geometry": { "type": "LineString", "coordinates": [ [ -0.892928317078735, 44.976239927677796 ], [ -0.896252126939741, 44.978377127169288 ], [ -0.89625214301314, 44.978377137503799 ], [ -0.899576206319997, 44.980514238840364 ], [ -0.899576222446782, 44.980514249207936 ], [ -0.90290053915766, 44.982651252492545 ], [ -0.902900555408194, 44.98265126293839 ], [ -0.906068307499202, 44.982540005857643 ], [ -0.909236047009144, 44.982428658617891 ], [ -0.912560845730236, 44.984565374586751 ], [ -0.912560861889662, 44.984565384971134 ], [ -0.91572870296944, 44.984453852750896 ], [ -0.91905386939971, 44.986590375902743 ], [ -0.919053885566288, 44.986590386289635 ], [ -0.922221828184294, 44.986478669145356 ], [ -0.925547362294696, 44.988614999456289 ], [ -0.925547378498869, 44.988615009865249 ], [ -0.928715422622721, 44.988503107842114 ], [ -0.931883454093378, 44.988391115699322 ], [ -0.935051472897412, 44.988279033390199 ], [ -0.938219479024874, 44.988166860917751 ], [ -0.941387472469352, 44.988054598335083 ], [ -0.941387487099932, 44.988054586860791 ], [ -0.944397072199502, 44.985694124975304 ], [ -0.947564913459886, 44.985581686584041 ], [ -0.950732742005377, 44.985469158044083 ], [ -0.950732756652393, 44.985469146553626 ], [ -0.953741809229177, 44.983108433781979 ], [ -0.953741823740451, 44.983108422396683 ], [ -0.956750622942741, 44.980747629773241 ], [ -0.956750637374864, 44.980747618448696 ], [ -0.959759183156626, 44.978386745851921 ], [ -0.96292658047768, 44.978273870234361 ], [ -0.966253179182735, 44.980408978890161 ], [ -0.966253195107955, 44.980408989110806 ], [ -0.969580047239815, 44.982543999414773 ], [ -0.969580063208326, 44.982544009661957 ], [ -0.972907168832765, 44.984678921748362 ], [ -0.972907184804657, 44.984678931996456 ], [ -0.976234543863828, 44.986813745880568 ], [ -0.976234559919891, 44.986813756181412 ], [ -0.979402400285735, 44.98670041099637 ], [ -0.982730126921618, 44.988835032031794 ], [ -0.982730142890185, 44.988835042274445 ], [ -0.985898084376964, 44.98872151215572 ], [ -0.98906601302592, 44.988607891909901 ], [ -0.992233928817967, 44.988494181411731 ], [ -0.995562251283425, 44.990628420017082 ], [ -0.995562266730392, 44.990628429921621 ], [ -0.998890842619762, 44.992762570145103 ], [ -0.998890858195151, 44.992762580130773 ], [ -1.002058988910265, 44.992648589658643 ], [ -1.005227106729931, 44.992534509 ], [ -1.008556164948564, 44.994668361732067 ], [ -1.008717145202574, 44.996916395636539 ], [ -1.008717160341007, 44.996916405338943 ], [ -1.012046611923909, 44.999050155970266 ], [ -1.012207745111545, 45.001298187570143 ], [ -1.012368891304638, 45.003546220343537 ], [ -1.012530050233867, 45.005794254296752 ], [ -1.012530065584085, 45.005794264132398 ], [ -1.015860189548904, 45.007927905836368 ], [ -1.015860204604426, 45.007927915481993 ], [ -1.019190582646332, 45.010061458996084 ], [ -1.019352034239741, 45.012309487114955 ] ] } }
]
}
