{"type":"FeatureCollection","name":"fire_progression_arrival_v1","features":[{"type":"Feature","properties":{"category":"arrival_step","arrival_snapshot_index":1,"first_detected_utc":"2026-10-03T01:00:00+00:00","first_detected_local":"2026-10-03T03:00:00+02:00","area_km2":7.875,"label":"Première détection FIRMS","model_version":"fire_progression_arrival_v1"},"geometry":{"type":"Polygon","coordinates":[[[2.295709600493807,51.047666523847006],[2.295741324392687,51.04542447612703],[2.285071317188659,51.04536403015433],[2.2851035187734463,51.043121976823045],[2.2815470156686453,51.04310162703215],[2.2816117304543426,51.03861749772405],[2.2744993736370924,51.03857649858793],[2.2745320469314905,51.036334423473846],[2.270976033066273,51.036313773298346],[2.271008863539519,51.03407169093893],[2.2674530127525734,51.03405094065212],[2.2674860003758286,51.03180885105517],[2.263930312666354,51.03178800066547],[2.2639634574107843,51.02954590383877],[2.260407932777976,51.02952495335463],[2.260640982675591,51.01383005533571],[2.257086581276209,51.01380900999669],[2.2571200221060077,51.01156685029481],[2.260674263529541,51.01158789476214],[2.260740816250063,51.00710354943815],[2.27495653211742,51.007186711170995],[2.2748912590389647,51.0116710633845],[2.2784455152981504,51.01169160322778],[2.2783480636187377,51.018418073641236],[2.2819028027798027,51.01843851509936],[2.281870473058409,51.02068065661338],[2.2854253751520375,51.020700997976256],[2.2853932025557904,51.02294313225816],[2.2889482675827657,51.02296337351738],[2.2889162521404818,51.02520550055935],[2.2924714801015846,51.025225641706456],[2.292439621842083,51.0274677615007],[2.295995012738091,51.027487802527276],[2.2959633116901954,51.02972991506601],[2.2995188655218812,51.029749855963594],[2.2994873217144183,51.031991961238994],[2.303043038482551,51.03201180199916],[2.303011651944353,51.03425390000344],[2.306567531649699,51.034273640617776],[2.3063801140077413,51.047726063390186],[2.295709600493807,51.047666523847006]]]}},{"type":"Feature","properties":{"category":"arrival_step","arrival_snapshot_index":2,"first_detected_utc":"2026-10-03T01:37:00+00:00","first_detected_local":"2026-10-03T03:37:00+02:00","area_km2":1.562,"label":"Première détection FIRMS","model_version":"fire_progression_arrival_v1"},"geometry":{"type":"Polygon","coordinates":[[[2.320546291396143,51.052288118018964],[2.3205768994266927,51.0500460808436],[2.306348867884434,51.049968105457744],[2.306505070356585,51.03875781396809],[2.310061273139764,51.03877745524178],[2.31003019842773,51.04101953057633],[2.324255678025851,51.041097089119475],[2.3242252411931483,51.04333915955932],[2.327781778153202,51.043358297535775],[2.327690931800366,51.05008446255147],[2.3241339142420108,51.05006532219639],[2.3241034664393876,51.05230736016888],[2.320546291396143,51.052288118018964]]]}},{"type":"Feature","properties":{"category":"arrival_step","arrival_snapshot_index":3,"first_detected_utc":"2026-10-03T01:58:00+00:00","first_detected_local":"2026-10-03T03:58:00+02:00","area_km2":0.375,"label":"Première détection FIRMS","model_version":"fire_progression_arrival_v1"},"geometry":{"type":"Polygon","coordinates":[[[2.3242252411931483,51.04333915955932],[2.324255678025851,51.041097089119475],[2.31003019842773,51.04101953057633],[2.310061273139764,51.03877745524178],[2.3278423287503256,51.03887414696296],[2.327781778153202,51.043358297535775],[2.3242252411931483,51.04333915955932]]]}},{"type":"Feature","properties":{"category":"arrival_step","arrival_snapshot_index":5,"first_detected_utc":"2026-10-03T03:37:00+00:00","first_detected_local":"2026-10-03T05:37:00+02:00","area_km2":0.188,"label":"Première détection FIRMS","model_version":"fire_progression_arrival_v1"},"geometry":{"type":"MultiPolygon","coordinates":[[[[2.2816117304543426,51.03861749772405],[2.2780555505813784,51.03859704864366],[2.2779905154788875,51.04308117625744],[2.2815470156686453,51.04310162703215],[2.2816117304543426,51.03861749772405]]],[[[2.2815146539034292,51.04534367952039],[2.285071317188659,51.04536403015433],[2.2851035187734463,51.043121976823045],[2.2815470156686453,51.04310162703215],[2.2815146539034292,51.04534367952039]]]]}},{"type":"Feature","properties":{"category":"arrival_step","arrival_snapshot_index":9,"first_detected_utc":"2026-10-03T19:57:00+00:00","first_detected_local":"2026-10-03T21:57:00+02:00","area_km2":0.438,"label":"Première détection FIRMS","model_version":"fire_progression_arrival_v1"},"geometry":{"type":"Polygon","coordinates":[[[2.306505070356585,51.03875781396809],[2.306567531649699,51.034273640617776],[2.303011651944353,51.03425390000344],[2.303043038482551,51.03201180199916],[2.3101544804841248,51.03205118062869],[2.310123414167583,51.03429328026425],[2.313679299483586,51.03431281894274],[2.3136483904947394,51.03655491129108],[2.3172044387206334,51.03657434980672],[2.3171736870883235,51.03881643486003],[2.306505070356585,51.03875781396809]]]}},{"type":"Feature","properties":{"category":"arrival_step","arrival_snapshot_index":10,"first_detected_utc":"2026-10-04T00:41:00+00:00","first_detected_local":"2026-10-04T02:41:00+02:00","area_km2":0.562,"label":"Première détection FIRMS","model_version":"fire_progression_arrival_v1"},"geometry":{"type":"Polygon","coordinates":[[[2.256818946217287,51.03174599699922],[2.2568524111443344,51.02950390191246],[2.2532968925242725,51.02948274951239],[2.253397749411183,51.022756418356245],[2.256952787845623,51.022777568127886],[2.2569862407207917,51.02053544070394],[2.26054112213413,51.02055648865832],[2.260407932777976,51.02952495335463],[2.2639634574107843,51.02954590383877],[2.263930312666354,51.03178800066547],[2.256818946217287,51.03174599699922]]]}},{"type":"Feature","properties":{"category":"arrival_step","arrival_snapshot_index":12,"first_detected_utc":"2026-10-04T01:39:00+00:00","first_detected_local":"2026-10-04T03:39:00+02:00","area_km2":0.25,"label":"Première détection FIRMS","model_version":"fire_progression_arrival_v1"},"geometry":{"type":"Polygon","coordinates":[[[2.327690931800366,51.05008446255147],[2.3278120548153285,51.04111622630314],[2.3313684343319343,51.04113526250574],[2.3312479520873235,51.050103501908765],[2.327690931800366,51.05008446255147]]]}},{"type":"Feature","properties":{"category":"arrival_step","arrival_snapshot_index":21,"first_detected_utc":"2026-10-04T14:40:00+00:00","first_detected_local":"2026-10-04T16:40:00+02:00","area_km2":0.438,"label":"Première détection FIRMS","model_version":"fire_progression_arrival_v1"},"geometry":{"type":"Polygon","coordinates":[[[2.292439621842083,51.0274677615007],[2.2924714801015846,51.025225641706456],[2.2889162521404818,51.02520550055935],[2.2889482675827657,51.02296337351738],[2.2853932025557904,51.02294313225816],[2.2854253751520375,51.020700997976256],[2.281870473058409,51.02068065661338],[2.2819028027798027,51.01843851509936],[2.2890122898196723,51.01847909520205],[2.288980280142366,51.02072123839704],[2.2925351880149893,51.0207413778756],[2.292503335492425,51.022983513830184],[2.296058406270358,51.023003553196475],[2.295995012738091,51.027487802527276],[2.292439621842083,51.0274677615007]]]}},{"type":"Feature","properties":{"category":"arrival_step","arrival_snapshot_index":22,"first_detected_utc":"2026-10-05T01:00:00+00:00","first_detected_local":"2026-10-05T03:00:00+02:00","area_km2":0.25,"label":"Première détection FIRMS","model_version":"fire_progression_arrival_v1"},"geometry":{"type":"Polygon","coordinates":[[[2.2994873217144183,51.031991961238994],[2.2995188655218812,51.029749855963594],[2.2959633116901954,51.02972991506601],[2.2960267109313506,51.02524568190285],[2.2995819446153667,51.02526562114846],[2.299550406488736,51.02750774259884],[2.3031058030796054,51.02752758171532],[2.303043038482551,51.03201180199916],[2.2994873217144183,51.031991961238994]]]}},{"type":"Feature","properties":{"category":"arrival_step","arrival_snapshot_index":23,"first_detected_utc":"2026-10-05T01:20:00+00:00","first_detected_local":"2026-10-05T03:20:00+02:00","area_km2":0.688,"label":"Première détection FIRMS","model_version":"fire_progression_arrival_v1"},"geometry":{"type":"Polygon","coordinates":[[[2.2461179709294807,51.03392431863635],[2.2462198065236385,51.027198041303514],[2.249775158997833,51.02721939473448],[2.2498089380214643,51.0249772852282],[2.253364133476192,51.02499853682535],[2.2532968925242725,51.02948274951239],[2.2568524111443344,51.02950390191246],[2.256818946217287,51.03174599699922],[2.263930312666354,51.03178800066547],[2.263897164936768,51.03403008939869],[2.2461179709294807,51.03392431863635]]]}},{"type":"Feature","properties":{"category":"arrival_step","arrival_snapshot_index":30,"first_detected_utc":"2026-10-05T13:31:00+00:00","first_detected_local":"2026-10-05T15:31:00+02:00","area_km2":0.125,"label":"Première détection FIRMS","model_version":"fire_progression_arrival_v1"},"geometry":{"type":"Polygon","coordinates":[[[2.3241034664393876,51.05230736016888],[2.3241339142420108,51.05006532219639],[2.3312479520873235,51.050103501908765],[2.3312178247416613,51.052345541463],[2.3241034664393876,51.05230736016888]]]}},{"type":"Feature","properties":{"category":"firms_extent_snapshot","snapshot_index":1,"pass_time_utc":"2026-10-03T01:00:00+00:00","dt_local":"2026-10-03T03:00:00+02:00","label":"Emprise FIRMS cumulée à ce passage","interpretation":"Enveloppe des détections FIRMS, pas une surface brûlée","cumulative":true,"point_count":13,"extent_method":"cumulative_detection_extent_smoothed_landmasked_web_v1","local_cluster_link_m":10000.0,"model_version":"fire_progression_arrival_v1"},"geometry":{"type":"MultiPolygon","coordinates":[[[[2.3207433030024474,51.047919113593494],[2.323770586501101,51.047147812615655],[2.325045862031737,51.04525305922129],[2.3238222506475643,51.04334482229928],[2.3208166930327367,51.042540874733405],[2.3177896439402215,51.04331211005836],[2.316514141933078,51.04520679550115],[2.317737518911112,51.04711509807603],[2.3207433030024474,51.047919113593494]]],[[[2.25332686512558,51.03342832602568],[2.256267115103259,51.03265946826345],[2.2577774025313397,51.03061577078143],[2.2560819747687204,51.02871365769256],[2.253233139934747,51.02805166233622],[2.2502931151968504,51.02882045456141],[2.2490154164677336,51.0307144961795],[2.250235849841903,51.032623501848825],[2.25332686512558,51.03342832602568]]],[[[2.2656941685450804,51.02977165380172],[2.2653926580499197,51.0304046643152],[2.26561870150355,51.03070500702553],[2.2656941685450804,51.02977165380172]]],[[[2.2786168688733905,51.0325086608076],[2.2815759714405415,51.03343375052576],[2.2833618525409887,51.036799009236816],[2.2870180419828023,51.03835536292942],[2.288243006421197,51.039473233408806],[2.2898497320213806,51.04338465668834],[2.289274559460171,51.04532812202038],[2.2925371328348607,51.04563064283169],[2.301571507400186,51.047628859884604],[2.302125169020463,51.04742847271835],[2.3029145356920036,51.045838832912345],[2.301580144847331,51.0432383415768],[2.3025625287888203,51.040498781562746],[2.3019135426722626,51.03899252952201],[2.2995743989746464,51.03785358492567],[2.2948652122214184,51.038027831869755],[2.2923803001162133,51.03725308614088],[2.290493497016416,51.033852847211264],[2.286004734252983,51.03169284175718],[2.284944696851935,51.028973458134175],[2.2834622620205636,51.02778968093109],[2.2814466186917657,51.02730616925817],[2.2778214613017242,51.027617842336056],[2.2757451075595787,51.02719571153312],[2.2741509536434013,51.02602498908582],[2.27262248025245,51.02298617887997],[2.270795483107051,51.02226381360045],[2.2686416077125813,51.02219916899345],[2.267430948708416,51.02260774286166],[2.2675948384573577,51.02440989798251],[2.266531592726995,51.024179442272434],[2.2664192919364408,51.02303888935963],[2.265365481736724,51.024227356356576],[2.26662371506229,51.02781999416961],[2.2660847352043048,51.02895164708797],[2.2671799313491054,51.028443621119315],[2.2675717542942335,51.02597938023509],[2.268964239574872,51.02800559146901],[2.268461163954513,51.03278033786648],[2.2686142648738397,51.03284614411952],[2.2786168688733905,51.0325086608076]]],[[[2.265279506282913,51.01537593612163],[2.264710319946613,51.01086035264556],[2.2645262298094777,51.01091532235947],[2.2629369273577913,51.01298496955553],[2.263935709159449,51.01473866984056],[2.265279506282913,51.01537593612163]]],[[[2.2710257566603276,51.01616983223447],[2.27284369875751,51.01452254330591],[2.2722069789002775,51.01240134717356],[2.2681553105351844,51.01038983623659],[2.266321938671372,51.010379102854216],[2.265676289184064,51.010571905632204],[2.26634567316544,51.01588152002997],[2.2677346498840705,51.01654015302479],[2.2710257566603276,51.01616983223447]]]]}},{"type":"Feature","properties":{"category":"historical_support","snapshot_index":1,"pass_time_utc":"2026-10-03T01:00:00+00:00","dt_local":"2026-10-03T03:00:00+02:00","area_km2":7.875,"label":"Isoline temporelle","coherence_level":"indisponible","coherence_fraction":0.0,"projection_displayed":false,"model_version":"fire_progression_arrival_v1"},"geometry":{"type":"Polygon","coordinates":[[[2.295709600493807,51.047666523847006],[2.295741324392687,51.04542447612703],[2.285071317188659,51.04536403015433],[2.2851035187734463,51.043121976823045],[2.2815470156686453,51.04310162703215],[2.2816117304543426,51.03861749772405],[2.2744993736370924,51.03857649858793],[2.2745320469314905,51.036334423473846],[2.270976033066273,51.036313773298346],[2.271008863539519,51.03407169093893],[2.2674530127525734,51.03405094065212],[2.2674860003758286,51.03180885105517],[2.263930312666354,51.03178800066547],[2.2639634574107843,51.02954590383877],[2.260407932777976,51.02952495335463],[2.260640982675591,51.01383005533571],[2.257086581276209,51.01380900999669],[2.2571200221060077,51.01156685029481],[2.260674263529541,51.01158789476214],[2.260740816250063,51.00710354943815],[2.27495653211742,51.007186711170995],[2.2748912590389647,51.0116710633845],[2.2784455152981504,51.01169160322778],[2.2783480636187377,51.018418073641236],[2.2819028027798027,51.01843851509936],[2.281870473058409,51.02068065661338],[2.2854253751520375,51.020700997976256],[2.2853932025557904,51.02294313225816],[2.2889482675827657,51.02296337351738],[2.2889162521404818,51.02520550055935],[2.2924714801015846,51.025225641706456],[2.292439621842083,51.0274677615007],[2.295995012738091,51.027487802527276],[2.2959633116901954,51.02972991506601],[2.2995188655218812,51.029749855963594],[2.2994873217144183,51.031991961238994],[2.303043038482551,51.03201180199916],[2.303011651944353,51.03425390000344],[2.306567531649699,51.034273640617776],[2.3063801140077413,51.047726063390186],[2.295709600493807,51.047666523847006]]]}},{"type":"Feature","properties":{"category":"observed_front","snapshot_index":1,"pass_time_utc":"2026-10-03T01:00:00+00:00","dt_local":"2026-10-03T03:00:00+02:00","area_km2":7.875,"label":"Activité observée","coherence_level":"indisponible","coherence_fraction":0.0,"projection_displayed":false,"model_version":"fire_progression_arrival_v1"},"geometry":{"type":"Polygon","coordinates":[[[2.295709600493807,51.047666523847006],[2.295741324392687,51.04542447612703],[2.285071317188659,51.04536403015433],[2.2851035187734463,51.043121976823045],[2.2815470156686453,51.04310162703215],[2.2816117304543426,51.03861749772405],[2.2744993736370924,51.03857649858793],[2.2745320469314905,51.036334423473846],[2.270976033066273,51.036313773298346],[2.271008863539519,51.03407169093893],[2.2674530127525734,51.03405094065212],[2.2674860003758286,51.03180885105517],[2.263930312666354,51.03178800066547],[2.2639634574107843,51.02954590383877],[2.260407932777976,51.02952495335463],[2.260640982675591,51.01383005533571],[2.257086581276209,51.01380900999669],[2.2571200221060077,51.01156685029481],[2.260674263529541,51.01158789476214],[2.260740816250063,51.00710354943815],[2.27495653211742,51.007186711170995],[2.2748912590389647,51.0116710633845],[2.2784455152981504,51.01169160322778],[2.2783480636187377,51.018418073641236],[2.2819028027798027,51.01843851509936],[2.281870473058409,51.02068065661338],[2.2854253751520375,51.020700997976256],[2.2853932025557904,51.02294313225816],[2.2889482675827657,51.02296337351738],[2.2889162521404818,51.02520550055935],[2.2924714801015846,51.025225641706456],[2.292439621842083,51.0274677615007],[2.295995012738091,51.027487802527276],[2.2959633116901954,51.02972991506601],[2.2995188655218812,51.029749855963594],[2.2994873217144183,51.031991961238994],[2.303043038482551,51.03201180199916],[2.303011651944353,51.03425390000344],[2.306567531649699,51.034273640617776],[2.3063801140077413,51.047726063390186],[2.295709600493807,51.047666523847006]]]}},{"type":"Feature","properties":{"category":"historical_support","snapshot_index":2,"pass_time_utc":"2026-10-03T01:37:00+00:00","dt_local":"2026-10-03T03:37:00+02:00","area_km2":9.438,"label":"Isoline temporelle","coherence_level":"faible","coherence_fraction":0.852,"projection_displayed":false,"model_version":"fire_progression_arrival_v1"},"geometry":{"type":"Polygon","coordinates":[[[2.320546291396143,51.052288118018964],[2.3205768994266927,51.0500460808436],[2.306348867884434,51.049968105457744],[2.3063801140077413,51.047726063390186],[2.295709600493807,51.047666523847006],[2.295741324392687,51.04542447612703],[2.285071317188659,51.04536403015433],[2.2851035187734463,51.043121976823045],[2.2815470156686453,51.04310162703215],[2.2816117304543426,51.03861749772405],[2.2744993736370924,51.03857649858793],[2.2745320469314905,51.036334423473846],[2.270976033066273,51.036313773298346],[2.271008863539519,51.03407169093893],[2.2674530127525734,51.03405094065212],[2.2674860003758286,51.03180885105517],[2.263930312666354,51.03178800066547],[2.2639634574107843,51.02954590383877],[2.260407932777976,51.02952495335463],[2.260640982675591,51.01383005533571],[2.257086581276209,51.01380900999669],[2.2571200221060077,51.01156685029481],[2.260674263529541,51.01158789476214],[2.260740816250063,51.00710354943815],[2.27495653211742,51.007186711170995],[2.2748912590389647,51.0116710633845],[2.2784455152981504,51.01169160322778],[2.2783480636187377,51.018418073641236],[2.2819028027798027,51.01843851509936],[2.281870473058409,51.02068065661338],[2.2854253751520375,51.020700997976256],[2.2853932025557904,51.02294313225816],[2.2889482675827657,51.02296337351738],[2.2889162521404818,51.02520550055935],[2.2924714801015846,51.025225641706456],[2.292439621842083,51.0274677615007],[2.295995012738091,51.027487802527276],[2.2959633116901954,51.02972991506601],[2.2995188655218812,51.029749855963594],[2.2994873217144183,51.031991961238994],[2.303043038482551,51.03201180199916],[2.303011651944353,51.03425390000344],[2.306567531649699,51.034273640617776],[2.306505070356585,51.03875781396809],[2.310061273139764,51.03877745524178],[2.31003019842773,51.04101953057633],[2.324255678025851,51.041097089119475],[2.3242252411931483,51.04333915955932],[2.327781778153202,51.043358297535775],[2.327690931800366,51.05008446255147],[2.3241339142420108,51.05006532219639],[2.3241034664393876,51.05230736016888],[2.320546291396143,51.052288118018964]]]}},{"type":"Feature","properties":{"category":"observed_front","snapshot_index":2,"pass_time_utc":"2026-10-03T01:37:00+00:00","dt_local":"2026-10-03T03:37:00+02:00","area_km2":5.5,"label":"Activité observée","coherence_level":"faible","coherence_fraction":0.852,"projection_displayed":false,"model_version":"fire_progression_arrival_v1"},"geometry":{"type":"Polygon","coordinates":[[[2.320546291396143,51.052288118018964],[2.3205768994266927,51.0500460808436],[2.306348867884434,51.049968105457744],[2.3063801140077413,51.047726063390186],[2.295709600493807,51.047666523847006],[2.295741324392687,51.04542447612703],[2.285071317188659,51.04536403015433],[2.2851035187734463,51.043121976823045],[2.2815470156686453,51.04310162703215],[2.2816440834756113,51.03637542091161],[2.27808806373941,51.03635497267829],[2.278153081271024,51.03187079644917],[2.2745973846925795,51.03185024894713],[2.2746300491600646,51.02960814954192],[2.2710745156162426,51.02958750193254],[2.2711729715628968,51.02286115775963],[2.281838140425907,51.022922790052675],[2.2818058048819045,51.02516491541353],[2.2889162521404818,51.02520550055935],[2.2888842338151245,51.02744761951927],[2.292439621842083,51.0274677615007],[2.292407760713532,51.029709873209235],[2.2959633116901954,51.02972991506601],[2.2959316077872765,51.03197201951535],[2.2994873217144183,51.031991961238994],[2.2994557750659634,51.03423405842134],[2.303011651944353,51.03425390000344],[2.3029802625791977,51.03649598991101],[2.306536302409601,51.03651573134311],[2.306505070356585,51.03875781396809],[2.310061273139764,51.03877745524178],[2.31003019842773,51.04101953057633],[2.324255678025851,51.041097089119475],[2.3242252411931483,51.04333915955932],[2.327781778153202,51.043358297535775],[2.327690931800366,51.05008446255147],[2.3241339142420108,51.05006532219639],[2.3241034664393876,51.05230736016888],[2.320546291396143,51.052288118018964]]]}},{"type":"Feature","properties":{"category":"historical_support","snapshot_index":3,"pass_time_utc":"2026-10-03T01:58:00+00:00","dt_local":"2026-10-03T03:58:00+02:00","area_km2":9.812,"label":"Isoline temporelle","coherence_level":"faible","coherence_fraction":1.0,"projection_displayed":false,"model_version":"fire_progression_arrival_v1"},"geometry":{"type":"Polygon","coordinates":[[[2.320546291396143,51.052288118018964],[2.3205768994266927,51.0500460808436],[2.306348867884434,51.049968105457744],[2.3063801140077413,51.047726063390186],[2.295709600493807,51.047666523847006],[2.295741324392687,51.04542447612703],[2.285071317188659,51.04536403015433],[2.2851035187734463,51.043121976823045],[2.2815470156686453,51.04310162703215],[2.2816117304543426,51.03861749772405],[2.2744993736370924,51.03857649858793],[2.2745320469314905,51.036334423473846],[2.270976033066273,51.036313773298346],[2.271008863539519,51.03407169093893],[2.2674530127525734,51.03405094065212],[2.2674860003758286,51.03180885105517],[2.263930312666354,51.03178800066547],[2.2639634574107843,51.02954590383877],[2.260407932777976,51.02952495335463],[2.260640982675591,51.01383005533571],[2.257086581276209,51.01380900999669],[2.2571200221060077,51.01156685029481],[2.260674263529541,51.01158789476214],[2.260740816250063,51.00710354943815],[2.27495653211742,51.007186711170995],[2.2748912590389647,51.0116710633845],[2.2784455152981504,51.01169160322778],[2.2783480636187377,51.018418073641236],[2.2819028027798027,51.01843851509936],[2.281870473058409,51.02068065661338],[2.2854253751520375,51.020700997976256],[2.2853932025557904,51.02294313225816],[2.2889482675827657,51.02296337351738],[2.2889162521404818,51.02520550055935],[2.2924714801015846,51.025225641706456],[2.292439621842083,51.0274677615007],[2.295995012738091,51.027487802527276],[2.2959633116901954,51.02972991506601],[2.2995188655218812,51.029749855963594],[2.2994873217144183,51.031991961238994],[2.303043038482551,51.03201180199916],[2.303011651944353,51.03425390000344],[2.306567531649699,51.034273640617776],[2.306505070356585,51.03875781396809],[2.3278423287503256,51.03887414696296],[2.327690931800366,51.05008446255147],[2.3241339142420108,51.05006532219639],[2.3241034664393876,51.05230736016888],[2.320546291396143,51.052288118018964]]]}},{"type":"Feature","properties":{"category":"observed_front","snapshot_index":3,"pass_time_utc":"2026-10-03T01:58:00+00:00","dt_local":"2026-10-03T03:58:00+02:00","area_km2":5.562,"label":"Activité observée","coherence_level":"faible","coherence_fraction":1.0,"projection_displayed":false,"model_version":"fire_progression_arrival_v1"},"geometry":{"type":"Polygon","coordinates":[[[2.320546291396143,51.052288118018964],[2.3205768994266927,51.0500460808436],[2.306348867884434,51.049968105457744],[2.3063801140077413,51.047726063390186],[2.295709600493807,51.047666523847006],[2.295741324392687,51.04542447612703],[2.2886279833748975,51.04538427980015],[2.2886600247788635,51.04314222563003],[2.2851035187734463,51.043121976823045],[2.285167913241562,51.038637845829015],[2.2816117304543426,51.03861749772405],[2.2816440834756113,51.03637542091161],[2.27808806373941,51.03635497267829],[2.27812057396916,51.03411288861223],[2.271008863539519,51.03407169093893],[2.271041691056042,51.03182960048242],[2.2674860003758286,51.03180885105517],[2.267584945422763,51.02508253371857],[2.2711401558692708,51.025103280567436],[2.2711729715628968,51.02286115775963],[2.281838140425907,51.022922790052675],[2.2818058048819045,51.02516491541353],[2.2889162521404818,51.02520550055935],[2.288852212606306,51.02968973039344],[2.292407760713532,51.029709873209235],[2.2923440298477296,51.034194072354346],[2.2958999010289496,51.03421411587162],[2.2958681914148285,51.0364562041311],[2.299424225576134,51.03647614750696],[2.2993926732445447,51.038718228492115],[2.3278423287503256,51.03887414696296],[2.327690931800366,51.05008446255147],[2.3241339142420108,51.05006532219639],[2.3241034664393876,51.05230736016888],[2.320546291396143,51.052288118018964]]]}},{"type":"Feature","properties":{"category":"historical_support","snapshot_index":4,"pass_time_utc":"2026-10-03T02:41:00+00:00","dt_local":"2026-10-03T04:41:00+02:00","area_km2":9.812,"label":"Isoline temporelle","coherence_level":"indisponible","coherence_fraction":0.0,"projection_displayed":false,"model_version":"fire_progression_arrival_v1"},"geometry":{"type":"Polygon","coordinates":[[[2.320546291396143,51.052288118018964],[2.3205768994266927,51.0500460808436],[2.306348867884434,51.049968105457744],[2.3063801140077413,51.047726063390186],[2.295709600493807,51.047666523847006],[2.295741324392687,51.04542447612703],[2.285071317188659,51.04536403015433],[2.2851035187734463,51.043121976823045],[2.2815470156686453,51.04310162703215],[2.2816117304543426,51.03861749772405],[2.2744993736370924,51.03857649858793],[2.2745320469314905,51.036334423473846],[2.270976033066273,51.036313773298346],[2.271008863539519,51.03407169093893],[2.2674530127525734,51.03405094065212],[2.2674860003758286,51.03180885105517],[2.263930312666354,51.03178800066547],[2.2639634574107843,51.02954590383877],[2.260407932777976,51.02952495335463],[2.260640982675591,51.01383005533571],[2.257086581276209,51.01380900999669],[2.2571200221060077,51.01156685029481],[2.260674263529541,51.01158789476214],[2.260740816250063,51.00710354943815],[2.27495653211742,51.007186711170995],[2.2748912590389647,51.0116710633845],[2.2784455152981504,51.01169160322778],[2.2783480636187377,51.018418073641236],[2.2819028027798027,51.01843851509936],[2.281870473058409,51.02068065661338],[2.2854253751520375,51.020700997976256],[2.2853932025557904,51.02294313225816],[2.2889482675827657,51.02296337351738],[2.2889162521404818,51.02520550055935],[2.2924714801015846,51.025225641706456],[2.292439621842083,51.0274677615007],[2.295995012738091,51.027487802527276],[2.2959633116901954,51.02972991506601],[2.2995188655218812,51.029749855963594],[2.2994873217144183,51.031991961238994],[2.303043038482551,51.03201180199916],[2.303011651944353,51.03425390000344],[2.306567531649699,51.034273640617776],[2.306505070356585,51.03875781396809],[2.3278423287503256,51.03887414696296],[2.327690931800366,51.05008446255147],[2.3241339142420108,51.05006532219639],[2.3241034664393876,51.05230736016888],[2.320546291396143,51.052288118018964]]]}},{"type":"Feature","properties":{"category":"observed_front","snapshot_index":4,"pass_time_utc":"2026-10-03T02:41:00+00:00","dt_local":"2026-10-03T04:41:00+02:00","area_km2":4.5,"label":"Activité observée","coherence_level":"indisponible","coherence_fraction":0.0,"projection_displayed":false,"model_version":"fire_progression_arrival_v1"},"geometry":{"type":"Polygon","coordinates":[[[2.295709600493807,51.047666523847006],[2.295741324392687,51.04542447612703],[2.285071317188659,51.04536403015433],[2.2852322961103457,51.03415368241768],[2.2745647172831873,51.034092340259],[2.2745973846925795,51.03185024894713],[2.271041691056042,51.03182960048242],[2.2710745156162426,51.02958750193254],[2.2675189850283446,51.02956675336478],[2.267617921165468,51.02284041177015],[2.2711729715628968,51.02286115775963],[2.2712057843017965,51.02061902687326],[2.274760677618882,51.02063967106177],[2.2747933273827914,51.01839753124542],[2.2819028027798027,51.01843851509936],[2.281870473058409,51.02068065661338],[2.2854253751520375,51.020700997976256],[2.2853932025557904,51.02294313225816],[2.2889482675827657,51.02296337351738],[2.2889162521404818,51.02520550055935],[2.2924714801015846,51.025225641706456],[2.2923440298477296,51.034194072354346],[2.303011651944353,51.03425390000344],[2.3029802625791977,51.03649598991101],[2.306536302409601,51.03651573134311],[2.306505070356585,51.03875781396809],[2.310061273139764,51.03877745524178],[2.3099680406055256,51.045503656918555],[2.3064113573162297,51.04548401320374],[2.3063801140077413,51.047726063390186],[2.295709600493807,51.047666523847006]]]}},{"type":"Feature","properties":{"category":"historical_support","snapshot_index":5,"pass_time_utc":"2026-10-03T03:37:00+00:00","dt_local":"2026-10-03T05:37:00+02:00","area_km2":10.0,"label":"Isoline temporelle","coherence_level":"indisponible","coherence_fraction":0.0,"projection_displayed":false,"model_version":"fire_progression_arrival_v1"},"geometry":{"type":"Polygon","coordinates":[[[2.320546291396143,51.052288118018964],[2.3205768994266927,51.0500460808436],[2.306348867884434,51.049968105457744],[2.3063801140077413,51.047726063390186],[2.295709600493807,51.047666523847006],[2.295741324392687,51.04542447612703],[2.2815146539034292,51.04534367952039],[2.2815470156686453,51.04310162703215],[2.2779905154788875,51.04308117625744],[2.2780555505813784,51.03859704864366],[2.2744993736370924,51.03857649858793],[2.2745320469314905,51.036334423473846],[2.270976033066273,51.036313773298346],[2.271008863539519,51.03407169093893],[2.2674530127525734,51.03405094065212],[2.2674860003758286,51.03180885105517],[2.263930312666354,51.03178800066547],[2.2639634574107843,51.02954590383877],[2.260407932777976,51.02952495335463],[2.260640982675591,51.01383005533571],[2.257086581276209,51.01380900999669],[2.2571200221060077,51.01156685029481],[2.260674263529541,51.01158789476214],[2.260740816250063,51.00710354943815],[2.27495653211742,51.007186711170995],[2.2748912590389647,51.0116710633845],[2.2784455152981504,51.01169160322778],[2.2783480636187377,51.018418073641236],[2.2819028027798027,51.01843851509936],[2.281870473058409,51.02068065661338],[2.2854253751520375,51.020700997976256],[2.2853932025557904,51.02294313225816],[2.2889482675827657,51.02296337351738],[2.2889162521404818,51.02520550055935],[2.2924714801015846,51.025225641706456],[2.292439621842083,51.0274677615007],[2.295995012738091,51.027487802527276],[2.2959633116901954,51.02972991506601],[2.2995188655218812,51.029749855963594],[2.2994873217144183,51.031991961238994],[2.303043038482551,51.03201180199916],[2.303011651944353,51.03425390000344],[2.306567531649699,51.034273640617776],[2.306505070356585,51.03875781396809],[2.3278423287503256,51.03887414696296],[2.327690931800366,51.05008446255147],[2.3241339142420108,51.05006532219639],[2.3241034664393876,51.05230736016888],[2.320546291396143,51.052288118018964]]]}},{"type":"Feature","properties":{"category":"observed_front","snapshot_index":5,"pass_time_utc":"2026-10-03T03:37:00+00:00","dt_local":"2026-10-03T05:37:00+02:00","area_km2":2.25,"label":"Activité observée","coherence_level":"indisponible","coherence_fraction":0.0,"projection_displayed":false,"model_version":"fire_progression_arrival_v1"},"geometry":{"type":"Polygon","coordinates":[[[2.295709600493807,51.047666523847006],[2.295741324392687,51.04542447612703],[2.2815146539034292,51.04534367952039],[2.2815470156686453,51.04310162703215],[2.2779905154788875,51.04308117625744],[2.2780555505813784,51.03859704864366],[2.2816117304543426,51.03861749772405],[2.2816440834756113,51.03637542091161],[2.2852001061256746,51.03639576817365],[2.2852322961103457,51.03415368241768],[2.288788161536722,51.03417392786966],[2.2888201885136343,51.031931833178135],[2.2959316077872765,51.03197201951535],[2.2958999010289496,51.03421411587162],[2.303011651944353,51.03425390000344],[2.3029488703867047,51.03873807171816],[2.306505070356585,51.03875781396809],[2.3064425978102796,51.0432419549021],[2.3028860775181736,51.043222211016435],[2.3028546768413727,51.04546426850012],[2.2992979991953817,51.045444422807854],[2.2992664354929158,51.047686471354176],[2.295709600493807,51.047666523847006]]]}},{"type":"Feature","properties":{"category":"firms_extent_snapshot","snapshot_index":6,"pass_time_utc":"2026-10-03T04:32:00+00:00","dt_local":"2026-10-03T06:32:00+02:00","label":"Emprise FIRMS cumulée à ce passage","interpretation":"Enveloppe des détections FIRMS, pas une surface brûlée","cumulative":true,"point_count":42,"extent_method":"cumulative_detection_extent_smoothed_landmasked_web_v1","local_cluster_link_m":10000.0,"model_version":"fire_progression_arrival_v1"},"geometry":{"type":"MultiPolygon","coordinates":[[[[2.2521170424567747,51.035565839602796],[2.254286206315263,51.03716976639871],[2.2553275723744255,51.03741977922592],[2.254960586223129,51.0371164271105],[2.2581777485660885,51.03601438906818],[2.259277902963696,51.03377862342822],[2.2614889135868563,51.03369879016343],[2.2616460037305983,51.03340330457068],[2.2645613340435107,51.03215659036738],[2.2654890490332744,51.032308423944514],[2.265699628825419,51.02970412131561],[2.2653534090914187,51.030461363286584],[2.263908632571826,51.03152578703156],[2.261811011884501,51.031987833368255],[2.2596293854476364,51.03172220262186],[2.258119236871122,51.03094481914929],[2.2560164865925487,51.0286773501725],[2.2529021535056923,51.0280612885939],[2.251018470834284,51.028460912729486],[2.2497092903151197,51.02927096063363],[2.248395254049274,51.03261447513989],[2.2496157102180856,51.03452348101883],[2.2521170424567747,51.035565839602796]]],[[[2.2738492286690866,51.03273760974934],[2.277282743746131,51.034225210925],[2.281307548413641,51.03503994727232],[2.2838368436560708,51.03716430472477],[2.2869139456051033,51.03846955684698],[2.2879812200914866,51.03985295738539],[2.286919612238544,51.042600544111515],[2.2830346437473152,51.04425372951459],[2.282593446416063,51.044708341358564],[2.2925371328348607,51.04563064283169],[2.3010511510074796,51.04724799809331],[2.3013973909439076,51.0479225958395],[2.301415483238234,51.0479258831141],[2.3035949057533576,51.046480324922165],[2.3027008679692176,51.044793879953744],[2.3022205379031297,51.039362463511445],[2.3004195472159434,51.03808716602915],[2.296764024450021,51.037545149517904],[2.2949985794241976,51.0367283983724],[2.294160813426982,51.03563841872397],[2.294224497546755,51.033353276045894],[2.293341001245967,51.03211266008312],[2.2883623171591765,51.03047953179319],[2.286400990307583,51.02842283412524],[2.283234382693732,51.02649987539935],[2.2811416349535834,51.0261716648259],[2.277447310638061,51.026565586556075],[2.2754064545596324,51.026065935065745],[2.2730377240683284,51.02331135041678],[2.271188158146087,51.022355014935414],[2.2680063622948077,51.02231666100112],[2.267433696730137,51.02263796162152],[2.2675948384573577,51.02440989798251],[2.266531592726995,51.024179442272434],[2.2664349858158523,51.02319828331609],[2.265738178900759,51.02358921081868],[2.2652669530936707,51.025013881424385],[2.266075811832721,51.028881316285144],[2.266032601338634,51.02897582978962],[2.2671799313491054,51.028443621119315],[2.2675717542942335,51.02597938023509],[2.268964239574872,51.02800559146901],[2.2684596659286203,51.032794554370895],[2.2694327334263438,51.03295377578583],[2.2738492286690866,51.03273760974934]]],[[[2.282757231748807,51.04777305585498],[2.2872542381081296,51.04862150364056],[2.289432466506878,51.04857470762726],[2.2942875113868353,51.049173480197815],[2.282081306894752,51.046985536366115],[2.2821409978290412,51.047406792575615],[2.282757231748807,51.04777305585498]]],[[[2.311336683938777,51.04972805143008],[2.319269344752951,51.05116834214219],[2.3254088936692363,51.05051320947072],[2.3272861067520645,51.04957776922202],[2.328052001652416,51.048306424486476],[2.3275894918083284,51.04677261427445],[2.3241537938221084,51.04358551226653],[2.321234621300521,51.04255609014337],[2.3184406316134973,51.04298120161304],[2.3159836454676124,51.04463809753366],[2.3119908012987276,51.045571090553544],[2.309434830893246,51.04721009588907],[2.3112275172017833,51.04966478060317],[2.311336683938777,51.04972805143008]]],[[[2.265279506282913,51.01537593612163],[2.264710319946613,51.01086035264556],[2.2645262298094777,51.01091532235947],[2.2629369273577913,51.01298496955553],[2.263935709159449,51.01473866984056],[2.265279506282913,51.01537593612163]]],[[[2.2710257566603276,51.01616983223447],[2.27284369875751,51.01452254330591],[2.2722069789002775,51.01240134717356],[2.2681553105351844,51.01038983623659],[2.266321938671372,51.010379102854216],[2.265676289184064,51.010571905632204],[2.26634567316544,51.01588152002997],[2.2677346498840705,51.01654015302479],[2.2710257566603276,51.01616983223447]]],[[[2.261049161086765,51.03423754405869],[2.26141139935643,51.033791224997906],[2.2610558165493333,51.03378912726044],[2.261049161086765,51.03423754405869]]]]}},{"type":"Feature","properties":{"category":"historical_support","snapshot_index":6,"pass_time_utc":"2026-10-03T04:32:00+00:00","dt_local":"2026-10-03T06:32:00+02:00","area_km2":10.0,"label":"Isoline temporelle","coherence_level":"indisponible","coherence_fraction":0.0,"projection_displayed":false,"model_version":"fire_progression_arrival_v1"},"geometry":{"type":"Polygon","coordinates":[[[2.320546291396143,51.052288118018964],[2.3205768994266927,51.0500460808436],[2.306348867884434,51.049968105457744],[2.3063801140077413,51.047726063390186],[2.295709600493807,51.047666523847006],[2.295741324392687,51.04542447612703],[2.2815146539034292,51.04534367952039],[2.2815470156686453,51.04310162703215],[2.2779905154788875,51.04308117625744],[2.2780555505813784,51.03859704864366],[2.2744993736370924,51.03857649858793],[2.2745320469314905,51.036334423473846],[2.270976033066273,51.036313773298346],[2.271008863539519,51.03407169093893],[2.2674530127525734,51.03405094065212],[2.2674860003758286,51.03180885105517],[2.263930312666354,51.03178800066547],[2.2639634574107843,51.02954590383877],[2.260407932777976,51.02952495335463],[2.260640982675591,51.01383005533571],[2.257086581276209,51.01380900999669],[2.2571200221060077,51.01156685029481],[2.260674263529541,51.01158789476214],[2.260740816250063,51.00710354943815],[2.27495653211742,51.007186711170995],[2.2748912590389647,51.0116710633845],[2.2784455152981504,51.01169160322778],[2.2783480636187377,51.018418073641236],[2.2819028027798027,51.01843851509936],[2.281870473058409,51.02068065661338],[2.2854253751520375,51.020700997976256],[2.2853932025557904,51.02294313225816],[2.2889482675827657,51.02296337351738],[2.2889162521404818,51.02520550055935],[2.2924714801015846,51.025225641706456],[2.292439621842083,51.0274677615007],[2.295995012738091,51.027487802527276],[2.2959633116901954,51.02972991506601],[2.2995188655218812,51.029749855963594],[2.2994873217144183,51.031991961238994],[2.303043038482551,51.03201180199916],[2.303011651944353,51.03425390000344],[2.306567531649699,51.034273640617776],[2.306505070356585,51.03875781396809],[2.3278423287503256,51.03887414696296],[2.327690931800366,51.05008446255147],[2.3241339142420108,51.05006532219639],[2.3241034664393876,51.05230736016888],[2.320546291396143,51.052288118018964]]]}},{"type":"Feature","properties":{"category":"observed_front","snapshot_index":6,"pass_time_utc":"2026-10-03T04:32:00+00:00","dt_local":"2026-10-03T06:32:00+02:00","area_km2":2.062,"label":"Activité observée","coherence_level":"indisponible","coherence_fraction":0.0,"projection_displayed":false,"model_version":"fire_progression_arrival_v1"},"geometry":{"type":"Polygon","coordinates":[[[2.295709600493807,51.047666523847006],[2.295741324392687,51.04542447612703],[2.2921846524477165,51.045404428457765],[2.292216533670471,51.04316237345296],[2.2886600247788635,51.04314222563003],[2.2887561316751786,51.03641601446432],[2.292312160109703,51.036436159783506],[2.2923440298477296,51.034194072354346],[2.2958999010289496,51.03421411587162],[2.2959316077872765,51.03197201951535],[2.303043038482551,51.03201180199916],[2.303011651944353,51.03425390000344],[2.306567531649699,51.034273640617776],[2.306505070356585,51.03875781396809],[2.3136174787218176,51.03879699553912],[2.3135556468222394,51.04328113971953],[2.3099991209164434,51.043261597803166],[2.3099680406055256,51.045503656918555],[2.3064113573162297,51.04548401320374],[2.3063801140077413,51.047726063390186],[2.295709600493807,51.047666523847006]]]}},{"type":"Feature","properties":{"category":"firms_extent_snapshot","snapshot_index":7,"pass_time_utc":"2026-10-03T12:29:00+00:00","dt_local":"2026-10-03T14:29:00+02:00","label":"Emprise FIRMS cumulée à ce passage","interpretation":"Enveloppe des détections FIRMS, pas une surface brûlée","cumulative":true,"point_count":43,"extent_method":"cumulative_detection_extent_smoothed_landmasked_web_v1","local_cluster_link_m":10000.0,"model_version":"fire_progression_arrival_v1"},"geometry":{"type":"MultiPolygon","coordinates":[[[[2.2521170424567747,51.035565839602796],[2.254286206315263,51.03716976639871],[2.2553275723744255,51.03741977922592],[2.254960586223129,51.0371164271105],[2.2581777485660885,51.03601438906818],[2.259277902963696,51.03377862342822],[2.2614889135868563,51.03369879016343],[2.2616460037305983,51.03340330457068],[2.2645613340435107,51.03215659036738],[2.2654890490332744,51.032308423944514],[2.265699628825419,51.02970412131561],[2.2653534090914187,51.030461363286584],[2.263908632571826,51.03152578703156],[2.261811011884501,51.031987833368255],[2.2596293854476364,51.03172220262186],[2.258119236871122,51.03094481914929],[2.2560164865925487,51.0286773501725],[2.2529021535056923,51.0280612885939],[2.251018470834284,51.028460912729486],[2.2497092903151197,51.02927096063363],[2.248395254049274,51.03261447513989],[2.2496157102180856,51.03452348101883],[2.2521170424567747,51.035565839602796]]],[[[2.2738492286690866,51.03273760974934],[2.277282743746131,51.034225210925],[2.281307548413641,51.03503994727232],[2.2838368436560708,51.03716430472477],[2.2869139456051033,51.03846955684698],[2.2879812200914866,51.03985295738539],[2.286919612238544,51.042600544111515],[2.2830346437473152,51.04425372951459],[2.282593446416063,51.044708341358564],[2.2925371328348607,51.04563064283169],[2.3010511510074796,51.04724799809331],[2.3013973909439076,51.0479225958395],[2.3017648827160397,51.04798936655784],[2.3035950597047252,51.046480469910044],[2.3027008679692176,51.044793879953744],[2.3022205379031297,51.039362463511445],[2.3004195472159434,51.03808716602915],[2.296764024450021,51.037545149517904],[2.2949985794241976,51.0367283983724],[2.294160813426982,51.03563841872397],[2.294224497546755,51.033353276045894],[2.293341001245967,51.03211266008312],[2.2883623171591765,51.03047953179319],[2.286400990307583,51.02842283412524],[2.283234382693732,51.02649987539935],[2.2811416349535834,51.0261716648259],[2.277447310638061,51.026565586556075],[2.2754064545596324,51.026065935065745],[2.2730377240683284,51.02331135041678],[2.271188158146087,51.022355014935414],[2.2680063622948077,51.02231666100112],[2.267433696730137,51.02263796162152],[2.2675948384573577,51.02440989798251],[2.266531592726995,51.024179442272434],[2.2664349858158523,51.02319828331609],[2.265738178900759,51.02358921081868],[2.2652669530936707,51.025013881424385],[2.266075811832721,51.028881316285144],[2.266032601338634,51.02897582978962],[2.2671799313491054,51.028443621119315],[2.2675717542942335,51.02597938023509],[2.268964239574872,51.02800559146901],[2.2684596659286203,51.032794554370895],[2.2694327334263438,51.03295377578583],[2.2738492286690866,51.03273760974934]]],[[[2.282757231748807,51.04777305585498],[2.2871955793625767,51.0486104377592],[2.289145332913778,51.048560276874966],[2.295864000742358,51.04955380064534],[2.2962585397459687,51.04952665378092],[2.282081306894752,51.046985536366115],[2.2821409978290412,51.047406792575615],[2.282757231748807,51.04777305585498]]],[[[2.311336683938777,51.04972805143008],[2.319269344752951,51.05116834214219],[2.3254088936692363,51.05051320947072],[2.3272861067520645,51.04957776922202],[2.328052001652416,51.048306424486476],[2.3275894918083284,51.04677261427445],[2.3241537938221084,51.04358551226653],[2.321234621300521,51.04255609014337],[2.3184406316134973,51.04298120161304],[2.3159836454676124,51.04463809753366],[2.3119908012987276,51.045571090553544],[2.3094348794604085,51.04721007515831],[2.3112275172017833,51.04966478060317],[2.311336683938777,51.04972805143008]]],[[[2.265279506282913,51.01537593612163],[2.264710319946613,51.01086035264556],[2.2645262298094777,51.01091532235947],[2.2629369273577913,51.01298496955553],[2.263935709159449,51.01473866984056],[2.265279506282913,51.01537593612163]]],[[[2.2710257566603276,51.01616983223447],[2.27284369875751,51.01452254330591],[2.2722069789002775,51.01240134717356],[2.2681553105351844,51.01038983623659],[2.266321938671372,51.010379102854216],[2.265676289184064,51.010571905632204],[2.26634567316544,51.01588152002997],[2.2677346498840705,51.01654015302479],[2.2710257566603276,51.01616983223447]]],[[[2.261049161086765,51.03423754405869],[2.26141139935643,51.033791224997906],[2.2610558165493333,51.03378912726044],[2.261049161086765,51.03423754405869]]]]}},{"type":"Feature","properties":{"category":"historical_support","snapshot_index":7,"pass_time_utc":"2026-10-03T12:29:00+00:00","dt_local":"2026-10-03T14:29:00+02:00","area_km2":10.0,"label":"Isoline temporelle","coherence_level":"indisponible","coherence_fraction":0.0,"projection_displayed":false,"model_version":"fire_progression_arrival_v1"},"geometry":{"type":"Polygon","coordinates":[[[2.320546291396143,51.052288118018964],[2.3205768994266927,51.0500460808436],[2.306348867884434,51.049968105457744],[2.3063801140077413,51.047726063390186],[2.295709600493807,51.047666523847006],[2.295741324392687,51.04542447612703],[2.2815146539034292,51.04534367952039],[2.2815470156686453,51.04310162703215],[2.2779905154788875,51.04308117625744],[2.2780555505813784,51.03859704864366],[2.2744993736370924,51.03857649858793],[2.2745320469314905,51.036334423473846],[2.270976033066273,51.036313773298346],[2.271008863539519,51.03407169093893],[2.2674530127525734,51.03405094065212],[2.2674860003758286,51.03180885105517],[2.263930312666354,51.03178800066547],[2.2639634574107843,51.02954590383877],[2.260407932777976,51.02952495335463],[2.260640982675591,51.01383005533571],[2.257086581276209,51.01380900999669],[2.2571200221060077,51.01156685029481],[2.260674263529541,51.01158789476214],[2.260740816250063,51.00710354943815],[2.27495653211742,51.007186711170995],[2.2748912590389647,51.0116710633845],[2.2784455152981504,51.01169160322778],[2.2783480636187377,51.018418073641236],[2.2819028027798027,51.01843851509936],[2.281870473058409,51.02068065661338],[2.2854253751520375,51.020700997976256],[2.2853932025557904,51.02294313225816],[2.2889482675827657,51.02296337351738],[2.2889162521404818,51.02520550055935],[2.2924714801015846,51.025225641706456],[2.292439621842083,51.0274677615007],[2.295995012738091,51.027487802527276],[2.2959633116901954,51.02972991506601],[2.2995188655218812,51.029749855963594],[2.2994873217144183,51.031991961238994],[2.303043038482551,51.03201180199916],[2.303011651944353,51.03425390000344],[2.306567531649699,51.034273640617776],[2.306505070356585,51.03875781396809],[2.3278423287503256,51.03887414696296],[2.327690931800366,51.05008446255147],[2.3241339142420108,51.05006532219639],[2.3241034664393876,51.05230736016888],[2.320546291396143,51.052288118018964]]]}},{"type":"Feature","properties":{"category":"observed_front","snapshot_index":7,"pass_time_utc":"2026-10-03T12:29:00+00:00","dt_local":"2026-10-03T14:29:00+02:00","area_km2":1.0,"label":"Activité observée","coherence_level":"indisponible","coherence_fraction":0.0,"projection_displayed":false,"model_version":"fire_progression_arrival_v1"},"geometry":{"type":"Polygon","coordinates":[[[2.295709600493807,51.047666523847006],[2.295741324392687,51.04542447612703],[2.2886279833748975,51.04538427980015],[2.2886920632966388,51.040900163348205],[2.292248412021462,51.040920310336524],[2.292280287501077,51.03867823911213],[2.3029488703867047,51.03873807171816],[2.3029174753664905,51.040980145421194],[2.306473835490271,51.04099988848897],[2.3063801140077413,51.047726063390186],[2.295709600493807,51.047666523847006]]]}},{"type":"Feature","properties":{"category":"firms_extent_snapshot","snapshot_index":8,"pass_time_utc":"2026-10-03T13:06:00+00:00","dt_local":"2026-10-03T15:06:00+02:00","label":"Emprise FIRMS cumulée à ce passage","interpretation":"Enveloppe des détections FIRMS, pas une surface brûlée","cumulative":true,"point_count":44,"extent_method":"cumulative_detection_extent_smoothed_landmasked_web_v1","local_cluster_link_m":10000.0,"model_version":"fire_progression_arrival_v1"},"geometry":{"type":"MultiPolygon","coordinates":[[[[2.2521170424567747,51.035565839602796],[2.254286206315263,51.03716976639871],[2.2553275723744255,51.03741977922592],[2.254960586223129,51.0371164271105],[2.2581777485660885,51.03601438906818],[2.259277902963696,51.03377862342822],[2.2614889135868563,51.03369879016343],[2.2616460037305983,51.03340330457068],[2.2645613340435107,51.03215659036738],[2.2654890490332744,51.032308423944514],[2.265699628825419,51.02970412131561],[2.2653534090914187,51.030461363286584],[2.263908632571826,51.03152578703156],[2.261811011884501,51.031987833368255],[2.2596293854476364,51.03172220262186],[2.258119236871122,51.03094481914929],[2.2560164865925487,51.0286773501725],[2.2529021535056923,51.0280612885939],[2.251018470834284,51.028460912729486],[2.2497092903151197,51.02927096063363],[2.248395254049274,51.03261447513989],[2.2496157102180856,51.03452348101883],[2.2521170424567747,51.035565839602796]]],[[[2.2738492286690866,51.03273760974934],[2.277282743746131,51.034225210925],[2.281307548413641,51.03503994727232],[2.2838368436560708,51.03716430472477],[2.2869139456051033,51.03846955684698],[2.2879812200914866,51.03985295738539],[2.286919612238544,51.042600544111515],[2.2830346437473152,51.04425372951459],[2.282593446416063,51.044708341358564],[2.2925371328348607,51.04563064283169],[2.3010511510074796,51.04724799809331],[2.3013973909439076,51.0479225958395],[2.3017648827160397,51.04798936655784],[2.3035950597047252,51.046480469910044],[2.302817158389567,51.045067939837054],[2.3022205379031297,51.039362463511445],[2.3004195472159434,51.03808716602915],[2.296764024450021,51.037545149517904],[2.2949985794241976,51.0367283983724],[2.294160813426982,51.03563841872397],[2.294224497546755,51.033353276045894],[2.293341001245967,51.03211266008312],[2.2883623171591765,51.03047953179319],[2.286400990307583,51.02842283412524],[2.283234382693732,51.02649987539935],[2.2811416349535834,51.0261716648259],[2.277447310638061,51.026565586556075],[2.2754064545596324,51.026065935065745],[2.2730377240683284,51.02331135041678],[2.271188158146087,51.022355014935414],[2.2680063622948077,51.02231666100112],[2.267433696730137,51.02263796162152],[2.2675948384573577,51.02440989798251],[2.266531592726995,51.024179442272434],[2.2664349858158523,51.02319828331609],[2.265738178900759,51.02358921081868],[2.2652669530936707,51.025013881424385],[2.266075811832721,51.028881316285144],[2.266032601338634,51.02897582978962],[2.2671799313491054,51.028443621119315],[2.2675717542942335,51.02597938023509],[2.268964239574872,51.02800559146901],[2.2684596659286203,51.032794554370895],[2.2694327334263438,51.03295377578583],[2.2738492286690866,51.03273760974934]]],[[[2.282757231748807,51.04777305585498],[2.2871955793625767,51.0486104377592],[2.289145332913778,51.048560276874966],[2.295864000742358,51.04955380064534],[2.2962585397459687,51.04952665378092],[2.282081306894752,51.046985536366115],[2.2821409978290412,51.047406792575615],[2.282757231748807,51.04777305585498]]],[[[2.311336683938777,51.04972805143008],[2.319269344752951,51.05116834214219],[2.3254088936692363,51.05051320947072],[2.3272861067520645,51.04957776922202],[2.328052001652416,51.048306424486476],[2.3275894918083284,51.04677261427445],[2.3241537938221084,51.04358551226653],[2.321234621300521,51.04255609014337],[2.3184406316134973,51.04298120161304],[2.3159836454676124,51.04463809753366],[2.3119908012987276,51.045571090553544],[2.3094348794604085,51.04721007515831],[2.3112275172017833,51.04966478060317],[2.311336683938777,51.04972805143008]]],[[[2.265279506282913,51.01537593612163],[2.264710319946613,51.01086035264556],[2.2645262298094777,51.01091532235947],[2.2629369273577913,51.01298496955553],[2.263935709159449,51.01473866984056],[2.265279506282913,51.01537593612163]]],[[[2.2710257566603276,51.01616983223447],[2.27284369875751,51.01452254330591],[2.2722069789002775,51.01240134717356],[2.2681553105351844,51.01038983623659],[2.266321938671372,51.010379102854216],[2.265676289184064,51.010571905632204],[2.26634567316544,51.01588152002997],[2.2677346498840705,51.01654015302479],[2.2710257566603276,51.01616983223447]]],[[[2.261049161086765,51.03423754405869],[2.26141139935643,51.033791224997906],[2.2610558165493333,51.03378912726044],[2.261049161086765,51.03423754405869]]]]}},{"type":"Feature","properties":{"category":"historical_support","snapshot_index":8,"pass_time_utc":"2026-10-03T13:06:00+00:00","dt_local":"2026-10-03T15:06:00+02:00","area_km2":10.0,"label":"Isoline temporelle","coherence_level":"indisponible","coherence_fraction":0.0,"projection_displayed":false,"model_version":"fire_progression_arrival_v1"},"geometry":{"type":"Polygon","coordinates":[[[2.320546291396143,51.052288118018964],[2.3205768994266927,51.0500460808436],[2.306348867884434,51.049968105457744],[2.3063801140077413,51.047726063390186],[2.295709600493807,51.047666523847006],[2.295741324392687,51.04542447612703],[2.2815146539034292,51.04534367952039],[2.2815470156686453,51.04310162703215],[2.2779905154788875,51.04308117625744],[2.2780555505813784,51.03859704864366],[2.2744993736370924,51.03857649858793],[2.2745320469314905,51.036334423473846],[2.270976033066273,51.036313773298346],[2.271008863539519,51.03407169093893],[2.2674530127525734,51.03405094065212],[2.2674860003758286,51.03180885105517],[2.263930312666354,51.03178800066547],[2.2639634574107843,51.02954590383877],[2.260407932777976,51.02952495335463],[2.260640982675591,51.01383005533571],[2.257086581276209,51.01380900999669],[2.2571200221060077,51.01156685029481],[2.260674263529541,51.01158789476214],[2.260740816250063,51.00710354943815],[2.27495653211742,51.007186711170995],[2.2748912590389647,51.0116710633845],[2.2784455152981504,51.01169160322778],[2.2783480636187377,51.018418073641236],[2.2819028027798027,51.01843851509936],[2.281870473058409,51.02068065661338],[2.2854253751520375,51.020700997976256],[2.2853932025557904,51.02294313225816],[2.2889482675827657,51.02296337351738],[2.2889162521404818,51.02520550055935],[2.2924714801015846,51.025225641706456],[2.292439621842083,51.0274677615007],[2.295995012738091,51.027487802527276],[2.2959633116901954,51.02972991506601],[2.2995188655218812,51.029749855963594],[2.2994873217144183,51.031991961238994],[2.303043038482551,51.03201180199916],[2.303011651944353,51.03425390000344],[2.306567531649699,51.034273640617776],[2.306505070356585,51.03875781396809],[2.3278423287503256,51.03887414696296],[2.327690931800366,51.05008446255147],[2.3241339142420108,51.05006532219639],[2.3241034664393876,51.05230736016888],[2.320546291396143,51.052288118018964]]]}},{"type":"Feature","properties":{"category":"observed_front","snapshot_index":8,"pass_time_utc":"2026-10-03T13:06:00+00:00","dt_local":"2026-10-03T15:06:00+02:00","area_km2":2.0,"label":"Activité observée","coherence_level":"indisponible","coherence_fraction":0.0,"projection_displayed":false,"model_version":"fire_progression_arrival_v1"},"geometry":{"type":"Polygon","coordinates":[[[2.295709600493807,51.047666523847006],[2.295741324392687,51.04542447612703],[2.285071317188659,51.04536403015433],[2.285167913241562,51.038637845829015],[2.288724098928614,51.038658092958414],[2.2887561316751786,51.03641601446432],[2.292312160109703,51.036436159783506],[2.2923440298477296,51.034194072354346],[2.303011651944353,51.03425390000344],[2.3029802625791977,51.03649598991101],[2.306536302409601,51.03651573134311],[2.306505070356585,51.03875781396809],[2.310061273139764,51.03877745524178],[2.3099680406055256,51.045503656918555],[2.3064113573162297,51.04548401320374],[2.3063801140077413,51.047726063390186],[2.295709600493807,51.047666523847006]]]}},{"type":"Feature","properties":{"category":"historical_support","snapshot_index":9,"pass_time_utc":"2026-10-03T19:57:00+00:00","dt_local":"2026-10-03T21:57:00+02:00","area_km2":10.438,"label":"Isoline temporelle","coherence_level":"indisponible","coherence_fraction":0.0,"projection_displayed":false,"model_version":"fire_progression_arrival_v1"},"geometry":{"type":"Polygon","coordinates":[[[2.320546291396143,51.052288118018964],[2.3205768994266927,51.0500460808436],[2.306348867884434,51.049968105457744],[2.3063801140077413,51.047726063390186],[2.295709600493807,51.047666523847006],[2.295741324392687,51.04542447612703],[2.2815146539034292,51.04534367952039],[2.2815470156686453,51.04310162703215],[2.2779905154788875,51.04308117625744],[2.2780555505813784,51.03859704864366],[2.2744993736370924,51.03857649858793],[2.2745320469314905,51.036334423473846],[2.270976033066273,51.036313773298346],[2.271008863539519,51.03407169093893],[2.2674530127525734,51.03405094065212],[2.2674860003758286,51.03180885105517],[2.263930312666354,51.03178800066547],[2.2639634574107843,51.02954590383877],[2.260407932777976,51.02952495335463],[2.260640982675591,51.01383005533571],[2.257086581276209,51.01380900999669],[2.2571200221060077,51.01156685029481],[2.260674263529541,51.01158789476214],[2.260740816250063,51.00710354943815],[2.27495653211742,51.007186711170995],[2.2748912590389647,51.0116710633845],[2.2784455152981504,51.01169160322778],[2.2783480636187377,51.018418073641236],[2.2819028027798027,51.01843851509936],[2.281870473058409,51.02068065661338],[2.2854253751520375,51.020700997976256],[2.2853932025557904,51.02294313225816],[2.2889482675827657,51.02296337351738],[2.2889162521404818,51.02520550055935],[2.2924714801015846,51.025225641706456],[2.292439621842083,51.0274677615007],[2.295995012738091,51.027487802527276],[2.2959633116901954,51.02972991506601],[2.2995188655218812,51.029749855963594],[2.2994873217144183,51.031991961238994],[2.3101544804841248,51.03205118062869],[2.310123414167583,51.03429328026425],[2.313679299483586,51.03431281894274],[2.3136483904947394,51.03655491129108],[2.3172044387206334,51.03657434980672],[2.3171736870883235,51.03881643486003],[2.3278423287503256,51.03887414696296],[2.327690931800366,51.05008446255147],[2.3241339142420108,51.05006532219639],[2.3241034664393876,51.05230736016888],[2.320546291396143,51.052288118018964]]]}},{"type":"Feature","properties":{"category":"observed_front","snapshot_index":9,"pass_time_utc":"2026-10-03T19:57:00+00:00","dt_local":"2026-10-03T21:57:00+02:00","area_km2":6.312,"label":"Activité observée","coherence_level":"indisponible","coherence_fraction":0.0,"projection_displayed":false,"model_version":"fire_progression_arrival_v1"},"geometry":{"type":"Polygon","coordinates":[[[2.295709600493807,51.047666523847006],[2.295741324392687,51.04542447612703],[2.2815146539034292,51.04534367952039],[2.2815470156686453,51.04310162703215],[2.2779905154788875,51.04308117625744],[2.2780555505813784,51.03859704864366],[2.2744993736370924,51.03857649858793],[2.2745320469314905,51.036334423473846],[2.270976033066273,51.036313773298346],[2.271008863539519,51.03407169093893],[2.2674530127525734,51.03405094065212],[2.2674860003758286,51.03180885105517],[2.263930312666354,51.03178800066547],[2.2640297379457914,51.02506168591981],[2.267584945422763,51.02508253371857],[2.267617921165468,51.02284041177015],[2.2711729715628968,51.02286115775963],[2.2712057843017965,51.02061902687326],[2.281870473058409,51.02068065661338],[2.281838140425907,51.022922790052675],[2.2853932025557904,51.02294313225816],[2.285361027062451,51.025185258461676],[2.2889162521404818,51.02520550055935],[2.288852212606306,51.02968973039344],[2.292407760713532,51.029709873209235],[2.292375896715543,51.03195197682836],[2.3101544804841248,51.03205118062869],[2.310123414167583,51.03429328026425],[2.313679299483586,51.03431281894274],[2.3136483904947394,51.03655491129108],[2.3172044387206334,51.03657434980672],[2.31711217551324,51.0433005806511],[2.3135556468222394,51.04328113971953],[2.3135247266948316,51.0455231996445],[2.3099680406055256,51.045503656918555],[2.3099369574945974,51.04774570791881],[2.295709600493807,51.047666523847006]]]}},{"type":"Feature","properties":{"category":"firms_extent_snapshot","snapshot_index":10,"pass_time_utc":"2026-10-04T00:41:00+00:00","dt_local":"2026-10-04T02:41:00+02:00","label":"Emprise FIRMS cumulée à ce passage","interpretation":"Enveloppe des détections FIRMS, pas une surface brûlée","cumulative":true,"point_count":53,"extent_method":"cumulative_detection_extent_smoothed_landmasked_web_v1","local_cluster_link_m":10000.0,"model_version":"fire_progression_arrival_v1"},"geometry":{"type":"MultiPolygon","coordinates":[[[[2.2554749160737866,51.03754157269065],[2.254960586223129,51.0371164271105],[2.2581777485660885,51.03601438906818],[2.259277902963696,51.03377862342822],[2.2646149576418173,51.03358585059309],[2.2647373732154206,51.033743888669974],[2.265059519309354,51.03366127548419],[2.265374487423798,51.03372512213986],[2.2657478334297574,51.02910792079885],[2.2671799313491054,51.028443621119315],[2.2675717542942335,51.02597938023509],[2.268964239574872,51.02800559146901],[2.268268894186034,51.03460493945534],[2.2718259614419556,51.03660171374382],[2.276451756620321,51.03775193525377],[2.278085875709931,51.03930913539538],[2.2780546968235105,51.04205304130075],[2.2783383728003392,51.042662585504296],[2.2811913655182545,51.04309958649894],[2.2822453845146797,51.04400252710554],[2.2811719391983156,51.04444481891482],[2.2822356855522505,51.044675142781024],[2.2925371328348607,51.04563064283169],[2.3010511510074796,51.04724799809331],[2.3013973909439076,51.0479225958395],[2.308891020317369,51.04928388659703],[2.309348787878989,51.049235701005784],[2.3111478101394716,51.049666644584484],[2.3112235848005676,51.04970751236676],[2.319415255337574,51.051194828828486],[2.3253272368591844,51.05053255974689],[2.326861560076304,51.04989823260202],[2.3278818642991648,51.048822577178626],[2.3275894918083284,51.04677261427445],[2.323251268310546,51.04303894940191],[2.321147692920342,51.042551573781964],[2.317453697432561,51.04298293668184],[2.3153022205379314,51.04263778683439],[2.313867168408323,51.04180750638147],[2.3108484240492264,51.038496692919765],[2.3072676021220437,51.03695943468237],[2.3042322048088253,51.036478795125674],[2.2985551489459506,51.03691970201396],[2.29617822073486,51.03647686323716],[2.2945926246421693,51.03527578252757],[2.2935377324035082,51.0322807964016],[2.2883538094377767,51.030351072524496],[2.285906951283096,51.027061414606486],[2.2838459008687892,51.02557669612014],[2.280128842076385,51.02428242740308],[2.2742964973110067,51.023784164677195],[2.270795483107051,51.02226381360045],[2.2688128880996636,51.022178719421504],[2.2674240665493386,51.02253206268365],[2.2675948384573577,51.02440989798251],[2.266531592726995,51.024179442272434],[2.2664355068061544,51.02320357470498],[2.264440077328563,51.02494973156759],[2.260744812054414,51.02612186802536],[2.2578142330720015,51.02802841671478],[2.2559512267187602,51.028312115794876],[2.2528155144436255,51.02806750307008],[2.2506751121811512,51.0286116670446],[2.2492389582005465,51.029882928436166],[2.248395254049274,51.03261447513989],[2.2495561790377625,51.03448329778396],[2.2554749160737866,51.03754157269065]]],[[[2.26103252190584,51.03535858463717],[2.2610323537796453,51.03536991162669],[2.261044072570831,51.03535865279525],[2.26103252190584,51.03535858463717]]],[[[2.2790477233686497,51.043759938513745],[2.2788485556182203,51.04375879196051],[2.278857452460845,51.04377790773488],[2.278873995957949,51.043813453084525],[2.2790477233686497,51.043759938513745]]],[[[2.2874519388819423,51.048658799344885],[2.289432466506878,51.04857470762726],[2.2957775201146133,51.04954658332199],[2.296252790761168,51.04952562371673],[2.281638204890473,51.04690608486102],[2.2816970742485014,51.04696445015399],[2.2824551944121647,51.047716063768306],[2.2874519388819423,51.048658799344885]]],[[[2.265279506282913,51.01537593612163],[2.264710319946613,51.01086035264556],[2.2645262298094777,51.01091532235947],[2.2629369273577913,51.01298496955553],[2.263935709159449,51.01473866984056],[2.265279506282913,51.01537593612163]]],[[[2.2710257566603276,51.01616983223447],[2.27284369875751,51.01452254330591],[2.2722069789002775,51.01240134717356],[2.2681553105351844,51.01038983623659],[2.266321938671372,51.010379102854216],[2.265676289184064,51.010571905632204],[2.26634567316544,51.01588152002997],[2.2677346498840705,51.01654015302479],[2.2710257566603276,51.01616983223447]]],[[[2.279396886632907,51.04421039568979],[2.2808227582267,51.04399436685719],[2.2794001324056143,51.043986190451164],[2.279396886632907,51.04421039568979]]],[[[2.261042505504312,51.034685960533025],[2.261394768480984,51.03491226642965],[2.261401420921034,51.034463850099876],[2.261042505504312,51.034685960533025]]],[[[2.261049161086765,51.03423754405869],[2.26141139935643,51.033791224997906],[2.2610558165493333,51.03378912726044],[2.261049161086765,51.03423754405869]]]]}},{"type":"Feature","properties":{"category":"historical_support","snapshot_index":10,"pass_time_utc":"2026-10-04T00:41:00+00:00","dt_local":"2026-10-04T02:41:00+02:00","area_km2":11.0,"label":"Isoline temporelle","coherence_level":"indisponible","coherence_fraction":0.0,"projection_displayed":false,"model_version":"fire_progression_arrival_v1"},"geometry":{"type":"Polygon","coordinates":[[[2.320546291396143,51.052288118018964],[2.3205768994266927,51.0500460808436],[2.306348867884434,51.049968105457744],[2.3063801140077413,51.047726063390186],[2.295709600493807,51.047666523847006],[2.295741324392687,51.04542447612703],[2.2815146539034292,51.04534367952039],[2.2815470156686453,51.04310162703215],[2.2779905154788875,51.04308117625744],[2.2780555505813784,51.03859704864366],[2.2744993736370924,51.03857649858793],[2.2745320469314905,51.036334423473846],[2.270976033066273,51.036313773298346],[2.271008863539519,51.03407169093893],[2.2674530127525734,51.03405094065212],[2.2674860003758286,51.03180885105517],[2.256818946217287,51.03174599699922],[2.2568524111443344,51.02950390191246],[2.2532968925242725,51.02948274951239],[2.253397749411183,51.022756418356245],[2.256952787845623,51.022777568127886],[2.2569862407207917,51.02053544070394],[2.26054112213413,51.02055648865832],[2.260640982675591,51.01383005533571],[2.257086581276209,51.01380900999669],[2.2571200221060077,51.01156685029481],[2.260674263529541,51.01158789476214],[2.260740816250063,51.00710354943815],[2.27495653211742,51.007186711170995],[2.2748912590389647,51.0116710633845],[2.2784455152981504,51.01169160322778],[2.2783480636187377,51.018418073641236],[2.2819028027798027,51.01843851509936],[2.281870473058409,51.02068065661338],[2.2854253751520375,51.020700997976256],[2.2853932025557904,51.02294313225816],[2.2889482675827657,51.02296337351738],[2.2889162521404818,51.02520550055935],[2.2924714801015846,51.025225641706456],[2.292439621842083,51.0274677615007],[2.295995012738091,51.027487802527276],[2.2959633116901954,51.02972991506601],[2.2995188655218812,51.029749855963594],[2.2994873217144183,51.031991961238994],[2.3101544804841248,51.03205118062869],[2.310123414167583,51.03429328026425],[2.313679299483586,51.03431281894274],[2.3136483904947394,51.03655491129108],[2.3172044387206334,51.03657434980672],[2.3171736870883235,51.03881643486003],[2.3278423287503256,51.03887414696296],[2.327690931800366,51.05008446255147],[2.3241339142420108,51.05006532219639],[2.3241034664393876,51.05230736016888],[2.320546291396143,51.052288118018964]]]}},{"type":"Feature","properties":{"category":"observed_front","snapshot_index":10,"pass_time_utc":"2026-10-04T00:41:00+00:00","dt_local":"2026-10-04T02:41:00+02:00","area_km2":6.688,"label":"Activité observée","coherence_level":"indisponible","coherence_fraction":0.0,"projection_displayed":false,"model_version":"fire_progression_arrival_v1"},"geometry":{"type":"Polygon","coordinates":[[[2.295709600493807,51.047666523847006],[2.295741324392687,51.04542447612703],[2.285071317188659,51.04536403015433],[2.2851035187734463,51.043121976823045],[2.2815470156686453,51.04310162703215],[2.2816440834756113,51.03637542091161],[2.27808806373941,51.03635497267829],[2.27812057396916,51.03411288861223],[2.2674530127525734,51.03405094065212],[2.2674860003758286,51.03180885105517],[2.256818946217287,51.03174599699922],[2.2568524111443344,51.02950390191246],[2.2532968925242725,51.02948274951239],[2.253397749411183,51.022756418356245],[2.256952787845623,51.022777568127886],[2.2569862407207917,51.02053544070394],[2.264096006545014,51.02057743567142],[2.2641291363697142,51.018335298432945],[2.2819028027798027,51.01843851509936],[2.281870473058409,51.02068065661338],[2.2854253751520375,51.020700997976256],[2.2853932025557904,51.02294313225816],[2.2889482675827657,51.02296337351738],[2.288852212606306,51.02968973039344],[2.292407760713532,51.029709873209235],[2.292375896715543,51.03195197682836],[2.2994873217144183,51.031991961238994],[2.2994557750659634,51.03423405842134],[2.303011651944353,51.03425390000344],[2.3029802625791977,51.03649598991101],[2.306536302409601,51.03651573134311],[2.306505070356585,51.03875781396809],[2.310061273139764,51.03877745524178],[2.3099991209164434,51.043261597803166],[2.31711217551324,51.0433005806511],[2.3170506528550443,51.047784693996725],[2.295709600493807,51.047666523847006]]]}},{"type":"Feature","properties":{"category":"historical_support","snapshot_index":11,"pass_time_utc":"2026-10-04T01:17:00+00:00","dt_local":"2026-10-04T03:17:00+02:00","area_km2":11.0,"label":"Isoline temporelle","coherence_level":"indisponible","coherence_fraction":0.0,"projection_displayed":false,"model_version":"fire_progression_arrival_v1"},"geometry":{"type":"Polygon","coordinates":[[[2.320546291396143,51.052288118018964],[2.3205768994266927,51.0500460808436],[2.306348867884434,51.049968105457744],[2.3063801140077413,51.047726063390186],[2.295709600493807,51.047666523847006],[2.295741324392687,51.04542447612703],[2.2815146539034292,51.04534367952039],[2.2815470156686453,51.04310162703215],[2.2779905154788875,51.04308117625744],[2.2780555505813784,51.03859704864366],[2.2744993736370924,51.03857649858793],[2.2745320469314905,51.036334423473846],[2.270976033066273,51.036313773298346],[2.271008863539519,51.03407169093893],[2.2674530127525734,51.03405094065212],[2.2674860003758286,51.03180885105517],[2.256818946217287,51.03174599699922],[2.2568524111443344,51.02950390191246],[2.2532968925242725,51.02948274951239],[2.253397749411183,51.022756418356245],[2.256952787845623,51.022777568127886],[2.2569862407207917,51.02053544070394],[2.26054112213413,51.02055648865832],[2.260640982675591,51.01383005533571],[2.257086581276209,51.01380900999669],[2.2571200221060077,51.01156685029481],[2.260674263529541,51.01158789476214],[2.260740816250063,51.00710354943815],[2.27495653211742,51.007186711170995],[2.2748912590389647,51.0116710633845],[2.2784455152981504,51.01169160322778],[2.2783480636187377,51.018418073641236],[2.2819028027798027,51.01843851509936],[2.281870473058409,51.02068065661338],[2.2854253751520375,51.020700997976256],[2.2853932025557904,51.02294313225816],[2.2889482675827657,51.02296337351738],[2.2889162521404818,51.02520550055935],[2.2924714801015846,51.025225641706456],[2.292439621842083,51.0274677615007],[2.295995012738091,51.027487802527276],[2.2959633116901954,51.02972991506601],[2.2995188655218812,51.029749855963594],[2.2994873217144183,51.031991961238994],[2.3101544804841248,51.03205118062869],[2.310123414167583,51.03429328026425],[2.313679299483586,51.03431281894274],[2.3136483904947394,51.03655491129108],[2.3172044387206334,51.03657434980672],[2.3171736870883235,51.03881643486003],[2.3278423287503256,51.03887414696296],[2.327690931800366,51.05008446255147],[2.3241339142420108,51.05006532219639],[2.3241034664393876,51.05230736016888],[2.320546291396143,51.052288118018964]]]}},{"type":"Feature","properties":{"category":"observed_front","snapshot_index":11,"pass_time_utc":"2026-10-04T01:17:00+00:00","dt_local":"2026-10-04T03:17:00+02:00","area_km2":5.062,"label":"Activité observée","coherence_level":"indisponible","coherence_fraction":0.0,"projection_displayed":false,"model_version":"fire_progression_arrival_v1"},"geometry":{"type":"MultiPolygon","coordinates":[[[[2.3028546768413727,51.04546426850012],[2.3029488703867047,51.03873807171816],[2.2993926732445447,51.038718228492115],[2.299424225576134,51.03647614750696],[2.292312160109703,51.036436159783506],[2.2924714801015846,51.025225641706456],[2.2889162521404818,51.02520550055935],[2.2889482675827657,51.02296337351738],[2.2853932025557904,51.02294313225816],[2.2854253751520375,51.020700997976256],[2.281870473058409,51.02068065661338],[2.2819028027798027,51.01843851509936],[2.2747933273827914,51.01839753124542],[2.2748259742071775,51.01615538335796],[2.2712714009170134,51.016134740879636],[2.2712385940863693,51.01837688791202],[2.2641291363697142,51.018335298432945],[2.264096006545014,51.02057743567142],[2.26054112213413,51.02055648865832],[2.2603746279420345,51.031767049313444],[2.2674860003758286,51.03180885105517],[2.2674530127525734,51.03405094065212],[2.281676433583019,51.03413333599848],[2.2816440834756113,51.03637542091161],[2.2887561316751786,51.03641601446432],[2.2886600247788635,51.04314222563003],[2.292216533670471,51.04316237345296],[2.2921846524477165,51.045404428457765],[2.3028546768413727,51.04546426850012]]],[[[2.327690931800366,51.05008446255147],[2.327781778153202,51.043358297535775],[2.31711217551324,51.0433005806511],[2.317019887368843,51.05002673849324],[2.327690931800366,51.05008446255147]]]]}},{"type":"Feature","properties":{"category":"historical_support","snapshot_index":12,"pass_time_utc":"2026-10-04T01:39:00+00:00","dt_local":"2026-10-04T03:39:00+02:00","area_km2":11.25,"label":"Isoline temporelle","coherence_level":"faible","coherence_fraction":1.0,"projection_displayed":false,"model_version":"fire_progression_arrival_v1"},"geometry":{"type":"Polygon","coordinates":[[[2.320546291396143,51.052288118018964],[2.3205768994266927,51.0500460808436],[2.306348867884434,51.049968105457744],[2.3063801140077413,51.047726063390186],[2.295709600493807,51.047666523847006],[2.295741324392687,51.04542447612703],[2.2815146539034292,51.04534367952039],[2.2815470156686453,51.04310162703215],[2.2779905154788875,51.04308117625744],[2.2780555505813784,51.03859704864366],[2.2744993736370924,51.03857649858793],[2.2745320469314905,51.036334423473846],[2.270976033066273,51.036313773298346],[2.271008863539519,51.03407169093893],[2.2674530127525734,51.03405094065212],[2.2674860003758286,51.03180885105517],[2.256818946217287,51.03174599699922],[2.2568524111443344,51.02950390191246],[2.2532968925242725,51.02948274951239],[2.253397749411183,51.022756418356245],[2.256952787845623,51.022777568127886],[2.2569862407207917,51.02053544070394],[2.26054112213413,51.02055648865832],[2.260640982675591,51.01383005533571],[2.257086581276209,51.01380900999669],[2.2571200221060077,51.01156685029481],[2.260674263529541,51.01158789476214],[2.260740816250063,51.00710354943815],[2.27495653211742,51.007186711170995],[2.2748912590389647,51.0116710633845],[2.2784455152981504,51.01169160322778],[2.2783480636187377,51.018418073641236],[2.2819028027798027,51.01843851509936],[2.281870473058409,51.02068065661338],[2.2854253751520375,51.020700997976256],[2.2853932025557904,51.02294313225816],[2.2889482675827657,51.02296337351738],[2.2889162521404818,51.02520550055935],[2.2924714801015846,51.025225641706456],[2.292439621842083,51.0274677615007],[2.295995012738091,51.027487802527276],[2.2959633116901954,51.02972991506601],[2.2995188655218812,51.029749855963594],[2.2994873217144183,51.031991961238994],[2.3101544804841248,51.03205118062869],[2.310123414167583,51.03429328026425],[2.313679299483586,51.03431281894274],[2.3136483904947394,51.03655491129108],[2.3172044387206334,51.03657434980672],[2.3171736870883235,51.03881643486003],[2.3278423287503256,51.03887414696296],[2.3278120548153285,51.04111622630314],[2.3313684343319343,51.04113526250574],[2.3312479520873235,51.050103501908765],[2.3241339142420108,51.05006532219639],[2.3241034664393876,51.05230736016888],[2.320546291396143,51.052288118018964]]]}},{"type":"Feature","properties":{"category":"observed_front","snapshot_index":12,"pass_time_utc":"2026-10-04T01:39:00+00:00","dt_local":"2026-10-04T03:39:00+02:00","area_km2":7.625,"label":"Activité observée","coherence_level":"faible","coherence_fraction":1.0,"projection_displayed":false,"model_version":"fire_progression_arrival_v1"},"geometry":{"type":"Polygon","coordinates":[[[2.320546291396143,51.052288118018964],[2.3205768994266927,51.0500460808436],[2.306348867884434,51.049968105457744],[2.3063801140077413,51.047726063390186],[2.295709600493807,51.047666523847006],[2.295741324392687,51.04542447612703],[2.2815146539034292,51.04534367952039],[2.2815793745188184,51.04085956643215],[2.2780230344946695,51.04083911650461],[2.2780555505813784,51.03859704864366],[2.2744993736370924,51.03857649858793],[2.2745320469314905,51.036334423473846],[2.270976033066273,51.036313773298346],[2.271008863539519,51.03407169093893],[2.2674530127525734,51.03405094065212],[2.2674860003758286,51.03180885105517],[2.2603746279420345,51.031767049313444],[2.2604745334527654,51.025040737171274],[2.2640297379457914,51.02506168591981],[2.264062873737174,51.02281956483494],[2.281838140425907,51.022922790052675],[2.2818058048819045,51.02516491541353],[2.2889162521404818,51.02520550055935],[2.2888842338151245,51.02744761951927],[2.292439621842083,51.0274677615007],[2.292407760713532,51.029709873209235],[2.2959633116901954,51.02972991506601],[2.2959316077872765,51.03197201951535],[2.303043038482551,51.03201180199916],[2.303011651944353,51.03425390000344],[2.306567531649699,51.034273640617776],[2.306536302409601,51.03651573134311],[2.310092345052922,51.03653537180317],[2.310061273139764,51.03877745524178],[2.3278423287503256,51.03887414696296],[2.3278120548153285,51.04111622630314],[2.3313684343319343,51.04113526250574],[2.3312479520873235,51.050103501908765],[2.3241339142420108,51.05006532219639],[2.3241034664393876,51.05230736016888],[2.320546291396143,51.052288118018964]]]}},{"type":"Feature","properties":{"category":"historical_support","snapshot_index":13,"pass_time_utc":"2026-10-04T02:21:00+00:00","dt_local":"2026-10-04T04:21:00+02:00","area_km2":11.25,"label":"Isoline temporelle","coherence_level":"indisponible","coherence_fraction":0.0,"projection_displayed":false,"model_version":"fire_progression_arrival_v1"},"geometry":{"type":"Polygon","coordinates":[[[2.320546291396143,51.052288118018964],[2.3205768994266927,51.0500460808436],[2.306348867884434,51.049968105457744],[2.3063801140077413,51.047726063390186],[2.295709600493807,51.047666523847006],[2.295741324392687,51.04542447612703],[2.2815146539034292,51.04534367952039],[2.2815470156686453,51.04310162703215],[2.2779905154788875,51.04308117625744],[2.2780555505813784,51.03859704864366],[2.2744993736370924,51.03857649858793],[2.2745320469314905,51.036334423473846],[2.270976033066273,51.036313773298346],[2.271008863539519,51.03407169093893],[2.2674530127525734,51.03405094065212],[2.2674860003758286,51.03180885105517],[2.256818946217287,51.03174599699922],[2.2568524111443344,51.02950390191246],[2.2532968925242725,51.02948274951239],[2.253397749411183,51.022756418356245],[2.256952787845623,51.022777568127886],[2.2569862407207917,51.02053544070394],[2.26054112213413,51.02055648865832],[2.260640982675591,51.01383005533571],[2.257086581276209,51.01380900999669],[2.2571200221060077,51.01156685029481],[2.260674263529541,51.01158789476214],[2.260740816250063,51.00710354943815],[2.27495653211742,51.007186711170995],[2.2748912590389647,51.0116710633845],[2.2784455152981504,51.01169160322778],[2.2783480636187377,51.018418073641236],[2.2819028027798027,51.01843851509936],[2.281870473058409,51.02068065661338],[2.2854253751520375,51.020700997976256],[2.2853932025557904,51.02294313225816],[2.2889482675827657,51.02296337351738],[2.2889162521404818,51.02520550055935],[2.2924714801015846,51.025225641706456],[2.292439621842083,51.0274677615007],[2.295995012738091,51.027487802527276],[2.2959633116901954,51.02972991506601],[2.2995188655218812,51.029749855963594],[2.2994873217144183,51.031991961238994],[2.3101544804841248,51.03205118062869],[2.310123414167583,51.03429328026425],[2.313679299483586,51.03431281894274],[2.3136483904947394,51.03655491129108],[2.3172044387206334,51.03657434980672],[2.3171736870883235,51.03881643486003],[2.3278423287503256,51.03887414696296],[2.3278120548153285,51.04111622630314],[2.3313684343319343,51.04113526250574],[2.3312479520873235,51.050103501908765],[2.3241339142420108,51.05006532219639],[2.3241034664393876,51.05230736016888],[2.320546291396143,51.052288118018964]]]}},{"type":"Feature","properties":{"category":"observed_front","snapshot_index":13,"pass_time_utc":"2026-10-04T02:21:00+00:00","dt_local":"2026-10-04T04:21:00+02:00","area_km2":6.875,"label":"Activité observée","coherence_level":"indisponible","coherence_fraction":0.0,"projection_displayed":false,"model_version":"fire_progression_arrival_v1"},"geometry":{"type":"Polygon","coordinates":[[[2.295709600493807,51.047666523847006],[2.295741324392687,51.04542447612703],[2.285071317188659,51.04536403015433],[2.2851035187734463,51.043121976823045],[2.2815470156686453,51.04310162703215],[2.2816117304543426,51.03861749772405],[2.2780555505813784,51.03859704864366],[2.27808806373941,51.03635497267829],[2.2745320469314905,51.036334423473846],[2.2745647172831873,51.034092340259],[2.2674530127525734,51.03405094065212],[2.2674860003758286,51.03180885105517],[2.2603746279420345,51.031767049313444],[2.260407932777976,51.02952495335463],[2.2568524111443344,51.02950390191246],[2.2569193319580956,51.02501968747308],[2.2604745334527654,51.025040737171274],[2.26054112213413,51.02055648865832],[2.264096006545014,51.02057743567142],[2.2641291363697142,51.018335298432945],[2.2783480636187377,51.018418073641236],[2.2783155738758887,51.02066021430852],[2.2854253751520375,51.020700997976256],[2.2853932025557904,51.02294313225816],[2.2889482675827657,51.02296337351738],[2.2889162521404818,51.02520550055935],[2.2924714801015846,51.025225641706456],[2.292439621842083,51.0274677615007],[2.295995012738091,51.027487802527276],[2.2959633116901954,51.02972991506601],[2.2995188655218812,51.029749855963594],[2.2994873217144183,51.031991961238994],[2.306598758077259,51.03203154179576],[2.306567531649699,51.034273640617776],[2.310123414167583,51.03429328026425],[2.310061273139764,51.03877745524178],[2.3136174787218176,51.03879699553912],[2.3135247266948316,51.0455231996445],[2.3064113573162297,51.04548401320374],[2.3063801140077413,51.047726063390186],[2.295709600493807,51.047666523847006]]]}},{"type":"Feature","properties":{"category":"historical_support","snapshot_index":14,"pass_time_utc":"2026-10-04T02:58:00+00:00","dt_local":"2026-10-04T04:58:00+02:00","area_km2":11.25,"label":"Isoline temporelle","coherence_level":"indisponible","coherence_fraction":0.0,"projection_displayed":false,"model_version":"fire_progression_arrival_v1"},"geometry":{"type":"Polygon","coordinates":[[[2.320546291396143,51.052288118018964],[2.3205768994266927,51.0500460808436],[2.306348867884434,51.049968105457744],[2.3063801140077413,51.047726063390186],[2.295709600493807,51.047666523847006],[2.295741324392687,51.04542447612703],[2.2815146539034292,51.04534367952039],[2.2815470156686453,51.04310162703215],[2.2779905154788875,51.04308117625744],[2.2780555505813784,51.03859704864366],[2.2744993736370924,51.03857649858793],[2.2745320469314905,51.036334423473846],[2.270976033066273,51.036313773298346],[2.271008863539519,51.03407169093893],[2.2674530127525734,51.03405094065212],[2.2674860003758286,51.03180885105517],[2.256818946217287,51.03174599699922],[2.2568524111443344,51.02950390191246],[2.2532968925242725,51.02948274951239],[2.253397749411183,51.022756418356245],[2.256952787845623,51.022777568127886],[2.2569862407207917,51.02053544070394],[2.26054112213413,51.02055648865832],[2.260640982675591,51.01383005533571],[2.257086581276209,51.01380900999669],[2.2571200221060077,51.01156685029481],[2.260674263529541,51.01158789476214],[2.260740816250063,51.00710354943815],[2.27495653211742,51.007186711170995],[2.2748912590389647,51.0116710633845],[2.2784455152981504,51.01169160322778],[2.2783480636187377,51.018418073641236],[2.2819028027798027,51.01843851509936],[2.281870473058409,51.02068065661338],[2.2854253751520375,51.020700997976256],[2.2853932025557904,51.02294313225816],[2.2889482675827657,51.02296337351738],[2.2889162521404818,51.02520550055935],[2.2924714801015846,51.025225641706456],[2.292439621842083,51.0274677615007],[2.295995012738091,51.027487802527276],[2.2959633116901954,51.02972991506601],[2.2995188655218812,51.029749855963594],[2.2994873217144183,51.031991961238994],[2.3101544804841248,51.03205118062869],[2.310123414167583,51.03429328026425],[2.313679299483586,51.03431281894274],[2.3136483904947394,51.03655491129108],[2.3172044387206334,51.03657434980672],[2.3171736870883235,51.03881643486003],[2.3278423287503256,51.03887414696296],[2.3278120548153285,51.04111622630314],[2.3313684343319343,51.04113526250574],[2.3312479520873235,51.050103501908765],[2.3241339142420108,51.05006532219639],[2.3241034664393876,51.05230736016888],[2.320546291396143,51.052288118018964]]]}},{"type":"Feature","properties":{"category":"observed_front","snapshot_index":14,"pass_time_utc":"2026-10-04T02:58:00+00:00","dt_local":"2026-10-04T04:58:00+02:00","area_km2":5.125,"label":"Activité observée","coherence_level":"indisponible","coherence_fraction":0.0,"projection_displayed":false,"model_version":"fire_progression_arrival_v1"},"geometry":{"type":"Polygon","coordinates":[[[2.295709600493807,51.047666523847006],[2.295741324392687,51.04542447612703],[2.2886279833748975,51.04538427980015],[2.2886600247788635,51.04314222563003],[2.2851035187734463,51.043121976823045],[2.2852001061256746,51.03639576817365],[2.2816440834756113,51.03637542091161],[2.281676433583019,51.03413333599848],[2.2674530127525734,51.03405094065212],[2.2674860003758286,51.03180885105517],[2.2603746279420345,51.031767049313444],[2.260407932777976,51.02952495335463],[2.2568524111443344,51.02950390191246],[2.256952787845623,51.022777568127886],[2.2605078292924228,51.02279861695415],[2.26054112213413,51.02055648865832],[2.264096006545014,51.02057743567142],[2.2641291363697142,51.018335298432945],[2.2783480636187377,51.018418073641236],[2.2783155738758887,51.02066021430852],[2.281870473058409,51.02068065661338],[2.281838140425907,51.022922790052675],[2.2853932025557904,51.02294313225816],[2.2853288486716288,51.02742737658308],[2.2888842338151245,51.02744761951927],[2.2888201885136343,51.031931833178135],[2.2994873217144183,51.031991961238994],[2.2994557750659634,51.03423405842134],[2.303011651944353,51.03425390000344],[2.3029802625791977,51.03649598991101],[2.306536302409601,51.03651573134311],[2.3064113573162297,51.04548401320374],[2.2992979991953817,51.045444422807854],[2.2992664354929158,51.047686471354176],[2.295709600493807,51.047666523847006]]]}},{"type":"Feature","properties":{"category":"firms_extent_snapshot","snapshot_index":15,"pass_time_utc":"2026-10-04T03:17:00+00:00","dt_local":"2026-10-04T05:17:00+02:00","label":"Emprise FIRMS cumulée à ce passage","interpretation":"Enveloppe des détections FIRMS, pas une surface brûlée","cumulative":true,"point_count":95,"extent_method":"cumulative_detection_extent_smoothed_landmasked_web_v1","local_cluster_link_m":10000.0,"model_version":"fire_progression_arrival_v1"},"geometry":{"type":"MultiPolygon","coordinates":[[[[2.2524771318484245,51.037881125004255],[2.2555757053011156,51.03762488403647],[2.254960586223129,51.0371164271105],[2.2581777485660885,51.03601438906818],[2.259277902963696,51.03377862342822],[2.2646149576418173,51.03358585059309],[2.264732279971434,51.033737313333006],[2.265059519309354,51.03366127548419],[2.265374487423798,51.03372512213986],[2.2657478334297574,51.02910792079885],[2.2671799313491054,51.028443621119315],[2.2675717542942335,51.02597938023509],[2.268964239574872,51.02800559146901],[2.268268894186034,51.03460493945534],[2.2718259614419556,51.03660171374382],[2.2762248355085157,51.0376541087125],[2.278085875709931,51.03930913539538],[2.2780448118057177,51.04199840850418],[2.278296020920457,51.04265609779698],[2.2811913655182545,51.04309958649894],[2.2822453845146797,51.04400252710554],[2.2811719391983156,51.04444481891482],[2.2822356855522505,51.044675142781024],[2.2925371328348607,51.04563064283169],[2.3010511510074796,51.04724799809331],[2.3013973909439076,51.0479225958395],[2.319994556097746,51.05122976611191],[2.3254665734612607,51.05072318413269],[2.327170893558586,51.05007772237137],[2.3282518817181743,51.048962564970296],[2.3279594931659187,51.046912603392805],[2.3231070997678667,51.042977088264934],[2.321147692920342,51.042551573781964],[2.317453697432561,51.04298293668184],[2.3153022205379314,51.04263778683439],[2.313867168408323,51.04180750638147],[2.3108484240492264,51.038496692919765],[2.3072676021220437,51.03695943468237],[2.303274126344827,51.036445129144994],[2.2982758702241513,51.03691522930646],[2.295949996229799,51.03637527811055],[2.2944924458625517,51.03511135639591],[2.2935377324035082,51.0322807964016],[2.2916168704148885,51.03089236044944],[2.287946097818159,51.029580022683135],[2.2845494167638964,51.02598803882499],[2.2820528263719653,51.02479802144342],[2.277817928685211,51.02378235964899],[2.273535323479503,51.021543782723114],[2.271278279819267,51.021310768830794],[2.2674217365153146,51.022506440235624],[2.2675948384573577,51.02440989798251],[2.266531592726995,51.024179442272434],[2.266437588453838,51.02322471675181],[2.264440077328563,51.02494973156759],[2.260744812054414,51.02612186802536],[2.2578142330720015,51.02802841671478],[2.2559512267187602,51.028312115794876],[2.2529021535056923,51.0280612885939],[2.250872596471597,51.02852112409876],[2.249391646546631,51.029637288107104],[2.2477252312670406,51.032884452333015],[2.2500553428032393,51.03672608677933],[2.2524771318484245,51.037881125004255]]],[[[2.26103252190584,51.03535858463717],[2.2610282813289766,51.03564427893048],[2.261280697175908,51.03536004883366],[2.26103252190584,51.03535858463717]]],[[[2.2790477233686497,51.043759938513745],[2.278716929235793,51.04375803405025],[2.2787524051302688,51.04385090741404],[2.2790477233686497,51.043759938513745]]],[[[2.282549335961297,51.04759183994044],[2.2986991656393214,51.05067746824101],[2.2992045827428127,51.05036937634728],[2.2999503140232513,51.05016800059611],[2.2816616540283907,51.04689906643611],[2.2823017395355425,51.04756084110611],[2.282549335961297,51.04759183994044]]],[[[2.272643670295869,51.01291382069359],[2.269244395013215,51.01065004384687],[2.265669527986479,51.01051826917683],[2.2663805130877144,51.01615784112655],[2.269671429039394,51.016719284648666],[2.2724711604731875,51.015160719274235],[2.272643670295869,51.01291382069359]]],[[[2.26324621212266,51.01401600720815],[2.265271438303894,51.01543135817693],[2.2647079411623925,51.01107151234324],[2.2632766558273376,51.01195775107327],[2.26324621212266,51.01401600720815]]],[[[2.279396886632907,51.04421039568979],[2.2808227582267,51.04399436685719],[2.2794001324056143,51.043986190451164],[2.279396886632907,51.04421039568979]]],[[[2.261042505504312,51.034685960533025],[2.261394768480984,51.03491226642965],[2.261401420921034,51.034463850099876],[2.261042505504312,51.034685960533025]]],[[[2.261049161086765,51.03423754405869],[2.26141139935643,51.033791224997906],[2.2610558165493333,51.03378912726044],[2.261049161086765,51.03423754405869]]]]}},{"type":"Feature","properties":{"category":"historical_support","snapshot_index":15,"pass_time_utc":"2026-10-04T03:17:00+00:00","dt_local":"2026-10-04T05:17:00+02:00","area_km2":11.25,"label":"Isoline temporelle","coherence_level":"indisponible","coherence_fraction":0.0,"projection_displayed":false,"model_version":"fire_progression_arrival_v1"},"geometry":{"type":"Polygon","coordinates":[[[2.320546291396143,51.052288118018964],[2.3205768994266927,51.0500460808436],[2.306348867884434,51.049968105457744],[2.3063801140077413,51.047726063390186],[2.295709600493807,51.047666523847006],[2.295741324392687,51.04542447612703],[2.2815146539034292,51.04534367952039],[2.2815470156686453,51.04310162703215],[2.2779905154788875,51.04308117625744],[2.2780555505813784,51.03859704864366],[2.2744993736370924,51.03857649858793],[2.2745320469314905,51.036334423473846],[2.270976033066273,51.036313773298346],[2.271008863539519,51.03407169093893],[2.2674530127525734,51.03405094065212],[2.2674860003758286,51.03180885105517],[2.256818946217287,51.03174599699922],[2.2568524111443344,51.02950390191246],[2.2532968925242725,51.02948274951239],[2.253397749411183,51.022756418356245],[2.256952787845623,51.022777568127886],[2.2569862407207917,51.02053544070394],[2.26054112213413,51.02055648865832],[2.260640982675591,51.01383005533571],[2.257086581276209,51.01380900999669],[2.2571200221060077,51.01156685029481],[2.260674263529541,51.01158789476214],[2.260740816250063,51.00710354943815],[2.27495653211742,51.007186711170995],[2.2748912590389647,51.0116710633845],[2.2784455152981504,51.01169160322778],[2.2783480636187377,51.018418073641236],[2.2819028027798027,51.01843851509936],[2.281870473058409,51.02068065661338],[2.2854253751520375,51.020700997976256],[2.2853932025557904,51.02294313225816],[2.2889482675827657,51.02296337351738],[2.2889162521404818,51.02520550055935],[2.2924714801015846,51.025225641706456],[2.292439621842083,51.0274677615007],[2.295995012738091,51.027487802527276],[2.2959633116901954,51.02972991506601],[2.2995188655218812,51.029749855963594],[2.2994873217144183,51.031991961238994],[2.3101544804841248,51.03205118062869],[2.310123414167583,51.03429328026425],[2.313679299483586,51.03431281894274],[2.3136483904947394,51.03655491129108],[2.3172044387206334,51.03657434980672],[2.3171736870883235,51.03881643486003],[2.3278423287503256,51.03887414696296],[2.3278120548153285,51.04111622630314],[2.3313684343319343,51.04113526250574],[2.3312479520873235,51.050103501908765],[2.3241339142420108,51.05006532219639],[2.3241034664393876,51.05230736016888],[2.320546291396143,51.052288118018964]]]}},{"type":"Feature","properties":{"category":"observed_front","snapshot_index":15,"pass_time_utc":"2026-10-04T03:17:00+00:00","dt_local":"2026-10-04T05:17:00+02:00","area_km2":1.875,"label":"Activité observée","coherence_level":"indisponible","coherence_fraction":0.0,"projection_displayed":false,"model_version":"fire_progression_arrival_v1"},"geometry":{"type":"Polygon","coordinates":[[[2.295709600493807,51.047666523847006],[2.295741324392687,51.04542447612703],[2.2815146539034292,51.04534367952039],[2.2816440834756113,51.03637542091161],[2.3029802625791977,51.03649598991101],[2.3029488703867047,51.03873807171816],[2.306505070356585,51.03875781396809],[2.3063801140077413,51.047726063390186],[2.295709600493807,51.047666523847006]]]}},{"type":"Feature","properties":{"category":"historical_support","snapshot_index":16,"pass_time_utc":"2026-10-04T11:25:00+00:00","dt_local":"2026-10-04T13:25:00+02:00","area_km2":11.25,"label":"Isoline temporelle","coherence_level":"indisponible","coherence_fraction":0.0,"projection_displayed":false,"model_version":"fire_progression_arrival_v1"},"geometry":{"type":"Polygon","coordinates":[[[2.320546291396143,51.052288118018964],[2.3205768994266927,51.0500460808436],[2.306348867884434,51.049968105457744],[2.3063801140077413,51.047726063390186],[2.295709600493807,51.047666523847006],[2.295741324392687,51.04542447612703],[2.2815146539034292,51.04534367952039],[2.2815470156686453,51.04310162703215],[2.2779905154788875,51.04308117625744],[2.2780555505813784,51.03859704864366],[2.2744993736370924,51.03857649858793],[2.2745320469314905,51.036334423473846],[2.270976033066273,51.036313773298346],[2.271008863539519,51.03407169093893],[2.2674530127525734,51.03405094065212],[2.2674860003758286,51.03180885105517],[2.256818946217287,51.03174599699922],[2.2568524111443344,51.02950390191246],[2.2532968925242725,51.02948274951239],[2.253397749411183,51.022756418356245],[2.256952787845623,51.022777568127886],[2.2569862407207917,51.02053544070394],[2.26054112213413,51.02055648865832],[2.260640982675591,51.01383005533571],[2.257086581276209,51.01380900999669],[2.2571200221060077,51.01156685029481],[2.260674263529541,51.01158789476214],[2.260740816250063,51.00710354943815],[2.27495653211742,51.007186711170995],[2.2748912590389647,51.0116710633845],[2.2784455152981504,51.01169160322778],[2.2783480636187377,51.018418073641236],[2.2819028027798027,51.01843851509936],[2.281870473058409,51.02068065661338],[2.2854253751520375,51.020700997976256],[2.2853932025557904,51.02294313225816],[2.2889482675827657,51.02296337351738],[2.2889162521404818,51.02520550055935],[2.2924714801015846,51.025225641706456],[2.292439621842083,51.0274677615007],[2.295995012738091,51.027487802527276],[2.2959633116901954,51.02972991506601],[2.2995188655218812,51.029749855963594],[2.2994873217144183,51.031991961238994],[2.3101544804841248,51.03205118062869],[2.310123414167583,51.03429328026425],[2.313679299483586,51.03431281894274],[2.3136483904947394,51.03655491129108],[2.3172044387206334,51.03657434980672],[2.3171736870883235,51.03881643486003],[2.3278423287503256,51.03887414696296],[2.3278120548153285,51.04111622630314],[2.3313684343319343,51.04113526250574],[2.3312479520873235,51.050103501908765],[2.3241339142420108,51.05006532219639],[2.3241034664393876,51.05230736016888],[2.320546291396143,51.052288118018964]]]}},{"type":"Feature","properties":{"category":"observed_front","snapshot_index":16,"pass_time_utc":"2026-10-04T11:25:00+00:00","dt_local":"2026-10-04T13:25:00+02:00","area_km2":1.688,"label":"Activité observée","coherence_level":"indisponible","coherence_fraction":0.0,"projection_displayed":false,"model_version":"fire_progression_arrival_v1"},"geometry":{"type":"Polygon","coordinates":[[[2.306348867884434,51.049968105457744],[2.3063801140077413,51.047726063390186],[2.295709600493807,51.047666523847006],[2.295741324392687,51.04542447612703],[2.2886279833748975,51.04538427980015],[2.2886920632966388,51.040900163348205],[2.292248412021462,51.040920310336524],[2.292280287501077,51.03867823911213],[2.2993926732445447,51.038718228492115],[2.299424225576134,51.03647614750696],[2.3029802625791977,51.03649598991101],[2.3029488703867047,51.03873807171816],[2.310061273139764,51.03877745524178],[2.31003019842773,51.04101953057633],[2.3135865641644426,51.041039071683166],[2.313462878082895,51.050007295145406],[2.306348867884434,51.049968105457744]]]}},{"type":"Feature","properties":{"category":"historical_support","snapshot_index":17,"pass_time_utc":"2026-10-04T12:10:00+00:00","dt_local":"2026-10-04T14:10:00+02:00","area_km2":11.25,"label":"Isoline temporelle","coherence_level":"indisponible","coherence_fraction":0.0,"projection_displayed":false,"model_version":"fire_progression_arrival_v1"},"geometry":{"type":"Polygon","coordinates":[[[2.320546291396143,51.052288118018964],[2.3205768994266927,51.0500460808436],[2.306348867884434,51.049968105457744],[2.3063801140077413,51.047726063390186],[2.295709600493807,51.047666523847006],[2.295741324392687,51.04542447612703],[2.2815146539034292,51.04534367952039],[2.2815470156686453,51.04310162703215],[2.2779905154788875,51.04308117625744],[2.2780555505813784,51.03859704864366],[2.2744993736370924,51.03857649858793],[2.2745320469314905,51.036334423473846],[2.270976033066273,51.036313773298346],[2.271008863539519,51.03407169093893],[2.2674530127525734,51.03405094065212],[2.2674860003758286,51.03180885105517],[2.256818946217287,51.03174599699922],[2.2568524111443344,51.02950390191246],[2.2532968925242725,51.02948274951239],[2.253397749411183,51.022756418356245],[2.256952787845623,51.022777568127886],[2.2569862407207917,51.02053544070394],[2.26054112213413,51.02055648865832],[2.260640982675591,51.01383005533571],[2.257086581276209,51.01380900999669],[2.2571200221060077,51.01156685029481],[2.260674263529541,51.01158789476214],[2.260740816250063,51.00710354943815],[2.27495653211742,51.007186711170995],[2.2748912590389647,51.0116710633845],[2.2784455152981504,51.01169160322778],[2.2783480636187377,51.018418073641236],[2.2819028027798027,51.01843851509936],[2.281870473058409,51.02068065661338],[2.2854253751520375,51.020700997976256],[2.2853932025557904,51.02294313225816],[2.2889482675827657,51.02296337351738],[2.2889162521404818,51.02520550055935],[2.2924714801015846,51.025225641706456],[2.292439621842083,51.0274677615007],[2.295995012738091,51.027487802527276],[2.2959633116901954,51.02972991506601],[2.2995188655218812,51.029749855963594],[2.2994873217144183,51.031991961238994],[2.3101544804841248,51.03205118062869],[2.310123414167583,51.03429328026425],[2.313679299483586,51.03431281894274],[2.3136483904947394,51.03655491129108],[2.3172044387206334,51.03657434980672],[2.3171736870883235,51.03881643486003],[2.3278423287503256,51.03887414696296],[2.3278120548153285,51.04111622630314],[2.3313684343319343,51.04113526250574],[2.3312479520873235,51.050103501908765],[2.3241339142420108,51.05006532219639],[2.3241034664393876,51.05230736016888],[2.320546291396143,51.052288118018964]]]}},{"type":"Feature","properties":{"category":"observed_front","snapshot_index":17,"pass_time_utc":"2026-10-04T12:10:00+00:00","dt_local":"2026-10-04T14:10:00+02:00","area_km2":3.75,"label":"Activité observée","coherence_level":"indisponible","coherence_fraction":0.0,"projection_displayed":false,"model_version":"fire_progression_arrival_v1"},"geometry":{"type":"MultiPolygon","coordinates":[[[[2.27808806373941,51.03635497267829],[2.27812057396916,51.03411288861223],[2.281676433583019,51.03413333599848],[2.2817087807769583,51.03189124298842],[2.2852644831959674,51.031911588564796],[2.285361027062451,51.025185258461676],[2.2818058048819045,51.02516491541353],[2.281838140425907,51.022922790052675],[2.2782830812075248,51.022902346901006],[2.2783155738758887,51.02066021430852],[2.2676508939390385,51.0205982817431],[2.267617921165468,51.02284041177015],[2.264062873737174,51.02281956483494],[2.2640297379457914,51.02506168591981],[2.2604745334527654,51.025040737171274],[2.2603746279420345,51.031767049313444],[2.2674860003758286,51.03180885105517],[2.2674530127525734,51.03405094065212],[2.271008863539519,51.03407169093893],[2.270976033066273,51.036313773298346],[2.27808806373941,51.03635497267829]]],[[[2.3063801140077413,51.047726063390186],[2.306473835490271,51.04099988848897],[2.3029174753664905,51.040980145421194],[2.3029488703867047,51.03873807171816],[2.2993926732445447,51.038718228492115],[2.299424225576134,51.03647614750696],[2.2887561316751786,51.03641601446432],[2.288724098928614,51.038658092958414],[2.285167913241562,51.038637845829015],[2.285135717457617,51.04087991538004],[2.2815793745188184,51.04085956643215],[2.2815146539034292,51.04534367952039],[2.295741324392687,51.04542447612703],[2.295709600493807,51.047666523847006],[2.3063801140077413,51.047726063390186]]]]}},{"type":"Feature","properties":{"category":"firms_extent_snapshot","snapshot_index":18,"pass_time_utc":"2026-10-04T12:46:00+00:00","dt_local":"2026-10-04T14:46:00+02:00","label":"Emprise FIRMS cumulée à ce passage","interpretation":"Enveloppe des détections FIRMS, pas une surface brûlée","cumulative":true,"point_count":101,"extent_method":"cumulative_detection_extent_smoothed_landmasked_web_v1","local_cluster_link_m":10000.0,"model_version":"fire_progression_arrival_v1"},"geometry":{"type":"MultiPolygon","coordinates":[[[[2.2524771318484245,51.037881125004255],[2.2555757053011156,51.03762488403647],[2.254960586223129,51.0371164271105],[2.2581777485660885,51.03601438906818],[2.259277902963696,51.03377862342822],[2.2646149576418173,51.03358585059309],[2.264732279971434,51.033737313333006],[2.265059519309354,51.03366127548419],[2.265374487423798,51.03372512213986],[2.2657478334297574,51.02910792079885],[2.2671799313491054,51.028443621119315],[2.2675717542942335,51.02597938023509],[2.268964239574872,51.02800559146901],[2.268268894186034,51.03460493945534],[2.2718259614419556,51.03660171374382],[2.2762248355085157,51.0376541087125],[2.278085875709931,51.03930913539538],[2.2780448118057177,51.04199840850418],[2.278296020920457,51.04265609779698],[2.2811913655182545,51.04309958649894],[2.2822453845146797,51.04400252710554],[2.2811719391983156,51.04444481891482],[2.2822356855522505,51.044675142781024],[2.2925371328348607,51.04563064283169],[2.3010511510074796,51.04724799809331],[2.3013973909439076,51.0479225958395],[2.319897970619863,51.051212598439854],[2.32489043012865,51.050810856342885],[2.3269248202187796,51.05021771802082],[2.3282518817181743,51.048962564970296],[2.3279594931659187,51.046912603392805],[2.3231070997678667,51.042977088264934],[2.321147692920342,51.042551573781964],[2.317453697432561,51.04298293668184],[2.3153022205379314,51.04263778683439],[2.313867168408323,51.04180750638147],[2.3108484240492264,51.038496692919765],[2.3072676021220437,51.03695943468237],[2.303274126344827,51.036445129144994],[2.2982758702241513,51.03691522930646],[2.295949996229799,51.03637527811055],[2.2944924458625517,51.03511135639591],[2.2935377324035082,51.0322807964016],[2.2916168704148885,51.03089236044944],[2.287946097818159,51.029580022683135],[2.2845494167638964,51.02598803882499],[2.2820528263719653,51.02479802144342],[2.277817928685211,51.02378235964899],[2.273535323479503,51.021543782723114],[2.271278279819267,51.021310768830794],[2.2674217365153146,51.022506440235624],[2.2675948384573577,51.02440989798251],[2.266531592726995,51.024179442272434],[2.266437588453838,51.02322471675181],[2.264440077328563,51.02494973156759],[2.260744812054414,51.02612186802536],[2.2578142330720015,51.02802841671478],[2.2559512267187602,51.028312115794876],[2.2529021535056923,51.0280612885939],[2.250872596471597,51.02852112409876],[2.249391646546631,51.029637288107104],[2.2477252312670406,51.032884452333015],[2.2500553428032393,51.03672608677933],[2.2524771318484245,51.037881125004255]]],[[[2.26103252190584,51.03535858463717],[2.2610282813289766,51.03564427893048],[2.261280697175908,51.03536004883366],[2.26103252190584,51.03535858463717]]],[[[2.2790477233686497,51.043759938513745],[2.278716929235793,51.04375803405025],[2.2787524051302688,51.04385090741404],[2.2790477233686497,51.043759938513745]]],[[[2.282549335961297,51.04759183994044],[2.299773093408026,51.050882567728856],[2.3012253823910855,51.05039579143305],[2.2816616540283907,51.04689906643611],[2.2823017395355425,51.04756084110611],[2.282549335961297,51.04759183994044]]],[[[2.272643670295869,51.01291382069359],[2.269244395013215,51.01065004384687],[2.265669527986479,51.01051826917683],[2.2663805130877144,51.01615784112655],[2.269671429039394,51.016719284648666],[2.2724711604731875,51.015160719274235],[2.272643670295869,51.01291382069359]]],[[[2.26324621212266,51.01401600720815],[2.265271438303894,51.01543135817693],[2.2647079411623925,51.01107151234324],[2.2632766558273376,51.01195775107327],[2.26324621212266,51.01401600720815]]],[[[2.279396886632907,51.04421039568979],[2.2808227582267,51.04399436685719],[2.2794001324056143,51.043986190451164],[2.279396886632907,51.04421039568979]]],[[[2.261042505504312,51.034685960533025],[2.261394768480984,51.03491226642965],[2.261401420921034,51.034463850099876],[2.261042505504312,51.034685960533025]]],[[[2.261049161086765,51.03423754405869],[2.26141139935643,51.033791224997906],[2.2610558165493333,51.03378912726044],[2.261049161086765,51.03423754405869]]]]}},{"type":"Feature","properties":{"category":"historical_support","snapshot_index":18,"pass_time_utc":"2026-10-04T12:46:00+00:00","dt_local":"2026-10-04T14:46:00+02:00","area_km2":11.25,"label":"Isoline temporelle","coherence_level":"indisponible","coherence_fraction":0.0,"projection_displayed":false,"model_version":"fire_progression_arrival_v1"},"geometry":{"type":"Polygon","coordinates":[[[2.320546291396143,51.052288118018964],[2.3205768994266927,51.0500460808436],[2.306348867884434,51.049968105457744],[2.3063801140077413,51.047726063390186],[2.295709600493807,51.047666523847006],[2.295741324392687,51.04542447612703],[2.2815146539034292,51.04534367952039],[2.2815470156686453,51.04310162703215],[2.2779905154788875,51.04308117625744],[2.2780555505813784,51.03859704864366],[2.2744993736370924,51.03857649858793],[2.2745320469314905,51.036334423473846],[2.270976033066273,51.036313773298346],[2.271008863539519,51.03407169093893],[2.2674530127525734,51.03405094065212],[2.2674860003758286,51.03180885105517],[2.256818946217287,51.03174599699922],[2.2568524111443344,51.02950390191246],[2.2532968925242725,51.02948274951239],[2.253397749411183,51.022756418356245],[2.256952787845623,51.022777568127886],[2.2569862407207917,51.02053544070394],[2.26054112213413,51.02055648865832],[2.260640982675591,51.01383005533571],[2.257086581276209,51.01380900999669],[2.2571200221060077,51.01156685029481],[2.260674263529541,51.01158789476214],[2.260740816250063,51.00710354943815],[2.27495653211742,51.007186711170995],[2.2748912590389647,51.0116710633845],[2.2784455152981504,51.01169160322778],[2.2783480636187377,51.018418073641236],[2.2819028027798027,51.01843851509936],[2.281870473058409,51.02068065661338],[2.2854253751520375,51.020700997976256],[2.2853932025557904,51.02294313225816],[2.2889482675827657,51.02296337351738],[2.2889162521404818,51.02520550055935],[2.2924714801015846,51.025225641706456],[2.292439621842083,51.0274677615007],[2.295995012738091,51.027487802527276],[2.2959633116901954,51.02972991506601],[2.2995188655218812,51.029749855963594],[2.2994873217144183,51.031991961238994],[2.3101544804841248,51.03205118062869],[2.310123414167583,51.03429328026425],[2.313679299483586,51.03431281894274],[2.3136483904947394,51.03655491129108],[2.3172044387206334,51.03657434980672],[2.3171736870883235,51.03881643486003],[2.3278423287503256,51.03887414696296],[2.3278120548153285,51.04111622630314],[2.3313684343319343,51.04113526250574],[2.3312479520873235,51.050103501908765],[2.3241339142420108,51.05006532219639],[2.3241034664393876,51.05230736016888],[2.320546291396143,51.052288118018964]]]}},{"type":"Feature","properties":{"category":"observed_front","snapshot_index":18,"pass_time_utc":"2026-10-04T12:46:00+00:00","dt_local":"2026-10-04T14:46:00+02:00","area_km2":2.25,"label":"Activité observée","coherence_level":"indisponible","coherence_fraction":0.0,"projection_displayed":false,"model_version":"fire_progression_arrival_v1"},"geometry":{"type":"MultiPolygon","coordinates":[[[[2.2746627106860404,51.02736604204707],[2.2746953692709035,51.025123926466286],[2.2782505856132516,51.025144471415025],[2.2782830812075248,51.022902346901006],[2.274728024915052,51.02288180280329],[2.274760677618882,51.02063967106177],[2.2712057843017965,51.02061902687326],[2.2711729715628968,51.02286115775963],[2.267617921165468,51.02284041177015],[2.267584945422763,51.02508253371857],[2.2711401558692708,51.025103280567436],[2.271107337220519,51.02734539529297],[2.2746627106860404,51.02736604204707]]],[[[2.3099369574945974,51.04774570791881],[2.310061273139764,51.03877745524178],[2.306505070356585,51.03875781396809],[2.306536302409601,51.03651573134311],[2.299424225576134,51.03647614750696],[2.2994557750659634,51.03423405842134],[2.2958999010289496,51.03421411587162],[2.2958681914148285,51.0364562041311],[2.2887561316751786,51.03641601446432],[2.288724098928614,51.038658092958414],[2.285167913241562,51.038637845829015],[2.285071317188659,51.04536403015433],[2.295741324392687,51.04542447612703],[2.295709600493807,51.047666523847006],[2.3099369574945974,51.04774570791881]]]]}},{"type":"Feature","properties":{"category":"historical_support","snapshot_index":19,"pass_time_utc":"2026-10-04T13:06:00+00:00","dt_local":"2026-10-04T15:06:00+02:00","area_km2":11.25,"label":"Isoline temporelle","coherence_level":"indisponible","coherence_fraction":0.0,"projection_displayed":false,"model_version":"fire_progression_arrival_v1"},"geometry":{"type":"Polygon","coordinates":[[[2.320546291396143,51.052288118018964],[2.3205768994266927,51.0500460808436],[2.306348867884434,51.049968105457744],[2.3063801140077413,51.047726063390186],[2.295709600493807,51.047666523847006],[2.295741324392687,51.04542447612703],[2.2815146539034292,51.04534367952039],[2.2815470156686453,51.04310162703215],[2.2779905154788875,51.04308117625744],[2.2780555505813784,51.03859704864366],[2.2744993736370924,51.03857649858793],[2.2745320469314905,51.036334423473846],[2.270976033066273,51.036313773298346],[2.271008863539519,51.03407169093893],[2.2674530127525734,51.03405094065212],[2.2674860003758286,51.03180885105517],[2.256818946217287,51.03174599699922],[2.2568524111443344,51.02950390191246],[2.2532968925242725,51.02948274951239],[2.253397749411183,51.022756418356245],[2.256952787845623,51.022777568127886],[2.2569862407207917,51.02053544070394],[2.26054112213413,51.02055648865832],[2.260640982675591,51.01383005533571],[2.257086581276209,51.01380900999669],[2.2571200221060077,51.01156685029481],[2.260674263529541,51.01158789476214],[2.260740816250063,51.00710354943815],[2.27495653211742,51.007186711170995],[2.2748912590389647,51.0116710633845],[2.2784455152981504,51.01169160322778],[2.2783480636187377,51.018418073641236],[2.2819028027798027,51.01843851509936],[2.281870473058409,51.02068065661338],[2.2854253751520375,51.020700997976256],[2.2853932025557904,51.02294313225816],[2.2889482675827657,51.02296337351738],[2.2889162521404818,51.02520550055935],[2.2924714801015846,51.025225641706456],[2.292439621842083,51.0274677615007],[2.295995012738091,51.027487802527276],[2.2959633116901954,51.02972991506601],[2.2995188655218812,51.029749855963594],[2.2994873217144183,51.031991961238994],[2.3101544804841248,51.03205118062869],[2.310123414167583,51.03429328026425],[2.313679299483586,51.03431281894274],[2.3136483904947394,51.03655491129108],[2.3172044387206334,51.03657434980672],[2.3171736870883235,51.03881643486003],[2.3278423287503256,51.03887414696296],[2.3278120548153285,51.04111622630314],[2.3313684343319343,51.04113526250574],[2.3312479520873235,51.050103501908765],[2.3241339142420108,51.05006532219639],[2.3241034664393876,51.05230736016888],[2.320546291396143,51.052288118018964]]]}},{"type":"Feature","properties":{"category":"observed_front","snapshot_index":19,"pass_time_utc":"2026-10-04T13:06:00+00:00","dt_local":"2026-10-04T15:06:00+02:00","area_km2":2.25,"label":"Activité observée","coherence_level":"indisponible","coherence_fraction":0.0,"projection_displayed":false,"model_version":"fire_progression_arrival_v1"},"geometry":{"type":"Polygon","coordinates":[[[2.2744993736370924,51.03857649858793],[2.2745320469314905,51.036334423473846],[2.270976033066273,51.036313773298346],[2.271008863539519,51.03407169093893],[2.2674530127525734,51.03405094065212],[2.2674860003758286,51.03180885105517],[2.263930312666354,51.03178800066547],[2.263996599170462,51.02730379892232],[2.267551966710522,51.027324647584685],[2.267584945422763,51.02508253371857],[2.2711401558692708,51.025103280567436],[2.2711729715628968,51.02286115775963],[2.281838140425907,51.022922790052675],[2.2818058048819045,51.02516491541353],[2.285361027062451,51.025185258461676],[2.2853288486716288,51.02742737658308],[2.2888842338151245,51.02744761951927],[2.2887561316751786,51.03641601446432],[2.2852001061256746,51.03639576817365],[2.285167913241562,51.038637845829015],[2.2744993736370924,51.03857649858793]]]}},{"type":"Feature","properties":{"category":"firms_extent_snapshot","snapshot_index":20,"pass_time_utc":"2026-10-04T13:53:00+00:00","dt_local":"2026-10-04T15:53:00+02:00","label":"Emprise FIRMS cumulée à ce passage","interpretation":"Enveloppe des détections FIRMS, pas une surface brûlée","cumulative":true,"point_count":107,"extent_method":"cumulative_detection_extent_smoothed_landmasked_web_v1","local_cluster_link_m":10000.0,"model_version":"fire_progression_arrival_v1"},"geometry":{"type":"MultiPolygon","coordinates":[[[[2.2524771318484245,51.037881125004255],[2.2555757053011156,51.03762488403647],[2.254960586223129,51.0371164271105],[2.2581777485660885,51.03601438906818],[2.259277902963696,51.03377862342822],[2.2646149576418173,51.03358585059309],[2.264732279971434,51.033737313333006],[2.265059519309354,51.03366127548419],[2.265374487423798,51.03372512213986],[2.2657478334297574,51.02910792079885],[2.2671799313491054,51.028443621119315],[2.2675717542942335,51.02597938023509],[2.268964239574872,51.02800559146901],[2.268268894186034,51.03460493945534],[2.2718259614419556,51.03660171374382],[2.2762248355085157,51.0376541087125],[2.278085875709931,51.03930913539538],[2.2780448118057177,51.04199840850418],[2.278296020920457,51.04265609779698],[2.2811913655182545,51.04309958649894],[2.2822453845146797,51.04400252710554],[2.2811719391983156,51.04444481891482],[2.2822356855522505,51.044675142781024],[2.2925371328348607,51.04563064283169],[2.3010511510074796,51.04724799809331],[2.3013973909439076,51.0479225958395],[2.319897970619863,51.051212598439854],[2.32489043012865,51.050810856342885],[2.3269248202187796,51.05021771802082],[2.3282518817181743,51.048962564970296],[2.3279594931659187,51.046912603392805],[2.3231070997678667,51.042977088264934],[2.321147692920342,51.042551573781964],[2.317453697432561,51.04298293668184],[2.3153022205379314,51.04263778683439],[2.313867168408323,51.04180750638147],[2.3108484240492264,51.038496692919765],[2.3072676021220437,51.03695943468237],[2.303274126344827,51.036445129144994],[2.2982758702241513,51.03691522930646],[2.295949996229799,51.03637527811055],[2.2944924458625517,51.03511135639591],[2.2935377324035082,51.0322807964016],[2.2916168704148885,51.03089236044944],[2.287946097818159,51.029580022683135],[2.2845494167638964,51.02598803882499],[2.2820528263719653,51.02479802144342],[2.277817928685211,51.02378235964899],[2.273535323479503,51.021543782723114],[2.271278279819267,51.021310768830794],[2.2674217365153146,51.022506440235624],[2.2675948384573577,51.02440989798251],[2.266531592726995,51.024179442272434],[2.266437588453838,51.02322471675181],[2.264440077328563,51.02494973156759],[2.260744812054414,51.02612186802536],[2.2578142330720015,51.02802841671478],[2.2559512267187602,51.028312115794876],[2.2529021535056923,51.0280612885939],[2.250872596471597,51.02852112409876],[2.249391646546631,51.029637288107104],[2.2477252312670406,51.032884452333015],[2.2500553428032393,51.03672608677933],[2.2524771318484245,51.037881125004255]]],[[[2.26103252190584,51.03535858463717],[2.2610282813289766,51.03564427893048],[2.261280697175908,51.03536004883366],[2.26103252190584,51.03535858463717]]],[[[2.2790477233686497,51.043759938513745],[2.278716929235793,51.04375803405025],[2.2787524051302688,51.04385090741404],[2.2790477233686497,51.043759938513745]]],[[[2.282549335961297,51.04759183994044],[2.299773093408026,51.050882567728856],[2.3012253823910855,51.05039579143305],[2.2816616540283907,51.04689906643611],[2.2823017395355425,51.04756084110611],[2.282549335961297,51.04759183994044]]],[[[2.272643670295869,51.01291382069359],[2.269244395013215,51.01065004384687],[2.265669527986479,51.01051826917683],[2.2663805130877144,51.01615784112655],[2.269671429039394,51.016719284648666],[2.2724711604731875,51.015160719274235],[2.272643670295869,51.01291382069359]]],[[[2.26324621212266,51.01401600720815],[2.265271438303894,51.01543135817693],[2.2647079411623925,51.01107151234324],[2.2632766558273376,51.01195775107327],[2.26324621212266,51.01401600720815]]],[[[2.279396886632907,51.04421039568979],[2.2808227582267,51.04399436685719],[2.2794001324056143,51.043986190451164],[2.279396886632907,51.04421039568979]]],[[[2.261042505504312,51.034685960533025],[2.261394768480984,51.03491226642965],[2.261401420921034,51.034463850099876],[2.261042505504312,51.034685960533025]]],[[[2.261049161086765,51.03423754405869],[2.26141139935643,51.033791224997906],[2.2610558165493333,51.03378912726044],[2.261049161086765,51.03423754405869]]]]}},{"type":"Feature","properties":{"category":"historical_support","snapshot_index":20,"pass_time_utc":"2026-10-04T13:53:00+00:00","dt_local":"2026-10-04T15:53:00+02:00","area_km2":11.25,"label":"Isoline temporelle","coherence_level":"indisponible","coherence_fraction":0.0,"projection_displayed":false,"model_version":"fire_progression_arrival_v1"},"geometry":{"type":"Polygon","coordinates":[[[2.320546291396143,51.052288118018964],[2.3205768994266927,51.0500460808436],[2.306348867884434,51.049968105457744],[2.3063801140077413,51.047726063390186],[2.295709600493807,51.047666523847006],[2.295741324392687,51.04542447612703],[2.2815146539034292,51.04534367952039],[2.2815470156686453,51.04310162703215],[2.2779905154788875,51.04308117625744],[2.2780555505813784,51.03859704864366],[2.2744993736370924,51.03857649858793],[2.2745320469314905,51.036334423473846],[2.270976033066273,51.036313773298346],[2.271008863539519,51.03407169093893],[2.2674530127525734,51.03405094065212],[2.2674860003758286,51.03180885105517],[2.256818946217287,51.03174599699922],[2.2568524111443344,51.02950390191246],[2.2532968925242725,51.02948274951239],[2.253397749411183,51.022756418356245],[2.256952787845623,51.022777568127886],[2.2569862407207917,51.02053544070394],[2.26054112213413,51.02055648865832],[2.260640982675591,51.01383005533571],[2.257086581276209,51.01380900999669],[2.2571200221060077,51.01156685029481],[2.260674263529541,51.01158789476214],[2.260740816250063,51.00710354943815],[2.27495653211742,51.007186711170995],[2.2748912590389647,51.0116710633845],[2.2784455152981504,51.01169160322778],[2.2783480636187377,51.018418073641236],[2.2819028027798027,51.01843851509936],[2.281870473058409,51.02068065661338],[2.2854253751520375,51.020700997976256],[2.2853932025557904,51.02294313225816],[2.2889482675827657,51.02296337351738],[2.2889162521404818,51.02520550055935],[2.2924714801015846,51.025225641706456],[2.292439621842083,51.0274677615007],[2.295995012738091,51.027487802527276],[2.2959633116901954,51.02972991506601],[2.2995188655218812,51.029749855963594],[2.2994873217144183,51.031991961238994],[2.3101544804841248,51.03205118062869],[2.310123414167583,51.03429328026425],[2.313679299483586,51.03431281894274],[2.3136483904947394,51.03655491129108],[2.3172044387206334,51.03657434980672],[2.3171736870883235,51.03881643486003],[2.3278423287503256,51.03887414696296],[2.3278120548153285,51.04111622630314],[2.3313684343319343,51.04113526250574],[2.3312479520873235,51.050103501908765],[2.3241339142420108,51.05006532219639],[2.3241034664393876,51.05230736016888],[2.320546291396143,51.052288118018964]]]}},{"type":"Feature","properties":{"category":"observed_front","snapshot_index":20,"pass_time_utc":"2026-10-04T13:53:00+00:00","dt_local":"2026-10-04T15:53:00+02:00","area_km2":2.938,"label":"Activité observée","coherence_level":"indisponible","coherence_fraction":0.0,"projection_displayed":false,"model_version":"fire_progression_arrival_v1"},"geometry":{"type":"Polygon","coordinates":[[[2.2886279833748975,51.04538427980015],[2.2886600247788635,51.04314222563003],[2.2815470156686453,51.04310162703215],[2.2816117304543426,51.03861749772405],[2.2780555505813784,51.03859704864366],[2.2781855856453963,51.029628696192816],[2.2817411250578234,51.02964914188511],[2.281773466426008,51.027407032692246],[2.295995012738091,51.027487802527276],[2.2959633116901954,51.02972991506601],[2.2995188655218812,51.029749855963594],[2.2994873217144183,51.031991961238994],[2.303043038482551,51.03201180199916],[2.3028546768413727,51.04546426850012],[2.2886279833748975,51.04538427980015]]]}},{"type":"Feature","properties":{"category":"historical_support","snapshot_index":21,"pass_time_utc":"2026-10-04T14:40:00+00:00","dt_local":"2026-10-04T16:40:00+02:00","area_km2":11.688,"label":"Isoline temporelle","coherence_level":"indisponible","coherence_fraction":0.0,"projection_displayed":false,"model_version":"fire_progression_arrival_v1"},"geometry":{"type":"Polygon","coordinates":[[[2.320546291396143,51.052288118018964],[2.3205768994266927,51.0500460808436],[2.306348867884434,51.049968105457744],[2.3063801140077413,51.047726063390186],[2.295709600493807,51.047666523847006],[2.295741324392687,51.04542447612703],[2.2815146539034292,51.04534367952039],[2.2815470156686453,51.04310162703215],[2.2779905154788875,51.04308117625744],[2.2780555505813784,51.03859704864366],[2.2744993736370924,51.03857649858793],[2.2745320469314905,51.036334423473846],[2.270976033066273,51.036313773298346],[2.271008863539519,51.03407169093893],[2.2674530127525734,51.03405094065212],[2.2674860003758286,51.03180885105517],[2.256818946217287,51.03174599699922],[2.2568524111443344,51.02950390191246],[2.2532968925242725,51.02948274951239],[2.253397749411183,51.022756418356245],[2.256952787845623,51.022777568127886],[2.2569862407207917,51.02053544070394],[2.26054112213413,51.02055648865832],[2.260640982675591,51.01383005533571],[2.257086581276209,51.01380900999669],[2.2571200221060077,51.01156685029481],[2.260674263529541,51.01158789476214],[2.260740816250063,51.00710354943815],[2.27495653211742,51.007186711170995],[2.2748912590389647,51.0116710633845],[2.2784455152981504,51.01169160322778],[2.2783480636187377,51.018418073641236],[2.2890122898196723,51.01847909520205],[2.288980280142366,51.02072123839704],[2.2925351880149893,51.0207413778756],[2.292503335492425,51.022983513830184],[2.296058406270358,51.023003553196475],[2.2959633116901954,51.02972991506601],[2.2995188655218812,51.029749855963594],[2.2994873217144183,51.031991961238994],[2.3101544804841248,51.03205118062869],[2.310123414167583,51.03429328026425],[2.313679299483586,51.03431281894274],[2.3136483904947394,51.03655491129108],[2.3172044387206334,51.03657434980672],[2.3171736870883235,51.03881643486003],[2.3278423287503256,51.03887414696296],[2.3278120548153285,51.04111622630314],[2.3313684343319343,51.04113526250574],[2.3312479520873235,51.050103501908765],[2.3241339142420108,51.05006532219639],[2.3241034664393876,51.05230736016888],[2.320546291396143,51.052288118018964]]]}},{"type":"Feature","properties":{"category":"observed_front","snapshot_index":21,"pass_time_utc":"2026-10-04T14:40:00+00:00","dt_local":"2026-10-04T16:40:00+02:00","area_km2":4.625,"label":"Activité observée","coherence_level":"indisponible","coherence_fraction":0.0,"projection_displayed":false,"model_version":"fire_progression_arrival_v1"},"geometry":{"type":"Polygon","coordinates":[[[2.2886279833748975,51.04538427980015],[2.2886600247788635,51.04314222563003],[2.2851035187734463,51.043121976823045],[2.285135717457617,51.04087991538004],[2.2815793745188184,51.04085956643215],[2.2816440834756113,51.03637542091161],[2.27808806373941,51.03635497267829],[2.27812057396916,51.03411288861223],[2.2745647172831873,51.034092340259],[2.2746300491600646,51.02960814954192],[2.2710745156162426,51.02958750193254],[2.2711729715628968,51.02286115775963],[2.274728024915052,51.02288180280329],[2.274760677618882,51.02063967106177],[2.2783155738758887,51.02066021430852],[2.2783480636187377,51.018418073641236],[2.2890122898196723,51.01847909520205],[2.288980280142366,51.02072123839704],[2.2925351880149893,51.0207413778756],[2.292503335492425,51.022983513830184],[2.296058406270358,51.023003553196475],[2.2959633116901954,51.02972991506601],[2.2995188655218812,51.029749855963594],[2.2994873217144183,51.031991961238994],[2.303043038482551,51.03201180199916],[2.303011651944353,51.03425390000344],[2.306567531649699,51.034273640617776],[2.306473835490271,51.04099988848897],[2.3029174753664905,51.040980145421194],[2.3028860775181736,51.043222211016435],[2.2993295600545527,51.043202366146275],[2.2992979991953817,51.045444422807854],[2.2886279833748975,51.04538427980015]]]}},{"type":"Feature","properties":{"category":"firms_extent_snapshot","snapshot_index":22,"pass_time_utc":"2026-10-05T01:00:00+00:00","dt_local":"2026-10-05T03:00:00+02:00","label":"Emprise FIRMS cumulée à ce passage","interpretation":"Enveloppe des détections FIRMS, pas une surface brûlée","cumulative":true,"point_count":109,"extent_method":"cumulative_detection_extent_smoothed_landmasked_web_v1","local_cluster_link_m":10000.0,"model_version":"fire_progression_arrival_v1"},"geometry":{"type":"MultiPolygon","coordinates":[[[[2.2524771318484245,51.037881125004255],[2.2555757053011156,51.03762488403647],[2.254960586223129,51.0371164271105],[2.2581777485660885,51.03601438906818],[2.259277902963696,51.03377862342822],[2.2646149576418173,51.03358585059309],[2.264732279971434,51.033737313333006],[2.265059519309354,51.03366127548419],[2.265374487423798,51.03372512213986],[2.2657478334297574,51.02910792079885],[2.2671799313491054,51.028443621119315],[2.2675717542942335,51.02597938023509],[2.268964239574872,51.02800559146901],[2.268268894186034,51.03460493945534],[2.2718259614419556,51.03660171374382],[2.2762248355085157,51.0376541087125],[2.278085875709931,51.03930913539538],[2.2780448118057177,51.04199840850418],[2.278296020920457,51.04265609779698],[2.2811913655182545,51.04309958649894],[2.2822453845146797,51.04400252710554],[2.2811719391983156,51.04444481891482],[2.2822356855522505,51.044675142781024],[2.2925371328348607,51.04563064283169],[2.3010511510074796,51.04724799809331],[2.3013973909439076,51.0479225958395],[2.319897970619863,51.051212598439854],[2.32489043012865,51.050810856342885],[2.3269248202187796,51.05021771802082],[2.3282518817181743,51.048962564970296],[2.3279594931659187,51.046912603392805],[2.3231070997678667,51.042977088264934],[2.321147692920342,51.042551573781964],[2.317453697432561,51.04298293668184],[2.3153022205379314,51.04263778683439],[2.313867168408323,51.04180750638147],[2.3108484240492264,51.038496692919765],[2.3072676021220437,51.03695943468237],[2.303274126344827,51.036445129144994],[2.2982758702241513,51.03691522930646],[2.295949996229799,51.03637527811055],[2.2945926246421693,51.03527578252757],[2.2940856782679595,51.032990084853324],[2.2919426613228966,51.03031555720307],[2.2877421509113014,51.02891946924276],[2.285245174841308,51.026481051219825],[2.2830163485774406,51.02517452315741],[2.277817928685211,51.02378235964899],[2.273535323479503,51.021543782723114],[2.271278279819267,51.021310768830794],[2.2674217365153146,51.022506440235624],[2.2675948384573577,51.02440989798251],[2.266531592726995,51.024179442272434],[2.266437588453838,51.02322471675181],[2.264440077328563,51.02494973156759],[2.260744812054414,51.02612186802536],[2.2578142330720015,51.02802841671478],[2.2559512267187602,51.028312115794876],[2.2529021535056923,51.0280612885939],[2.250872596471597,51.02852112409876],[2.249391646546631,51.029637288107104],[2.2477252312670406,51.032884452333015],[2.2500553428032393,51.03672608677933],[2.2524771318484245,51.037881125004255]]],[[[2.26103252190584,51.03535858463717],[2.2610282813289766,51.03564427893048],[2.261280697175908,51.03536004883366],[2.26103252190584,51.03535858463717]]],[[[2.2790477233686497,51.043759938513745],[2.278716929235793,51.04375803405025],[2.2787524051302688,51.04385090741404],[2.2790477233686497,51.043759938513745]]],[[[2.282549335961297,51.04759183994044],[2.299773093408026,51.050882567728856],[2.3012253823910855,51.05039579143305],[2.2816616540283907,51.04689906643611],[2.2823017395355425,51.04756084110611],[2.282549335961297,51.04759183994044]]],[[[2.272643670295869,51.01291382069359],[2.269244395013215,51.01065004384687],[2.265669527986479,51.01051826917683],[2.2663805130877144,51.01615784112655],[2.269671429039394,51.016719284648666],[2.2724711604731875,51.015160719274235],[2.272643670295869,51.01291382069359]]],[[[2.26324621212266,51.01401600720815],[2.265271438303894,51.01543135817693],[2.2647079411623925,51.01107151234324],[2.2632766558273376,51.01195775107327],[2.26324621212266,51.01401600720815]]],[[[2.279396886632907,51.04421039568979],[2.2808227582267,51.04399436685719],[2.2794001324056143,51.043986190451164],[2.279396886632907,51.04421039568979]]],[[[2.261042505504312,51.034685960533025],[2.261394768480984,51.03491226642965],[2.261401420921034,51.034463850099876],[2.261042505504312,51.034685960533025]]],[[[2.261049161086765,51.03423754405869],[2.26141139935643,51.033791224997906],[2.2610558165493333,51.03378912726044],[2.261049161086765,51.03423754405869]]]]}},{"type":"Feature","properties":{"category":"historical_support","snapshot_index":22,"pass_time_utc":"2026-10-05T01:00:00+00:00","dt_local":"2026-10-05T03:00:00+02:00","area_km2":11.938,"label":"Isoline temporelle","coherence_level":"indisponible","coherence_fraction":0.0,"projection_displayed":false,"model_version":"fire_progression_arrival_v1"},"geometry":{"type":"Polygon","coordinates":[[[2.320546291396143,51.052288118018964],[2.3205768994266927,51.0500460808436],[2.306348867884434,51.049968105457744],[2.3063801140077413,51.047726063390186],[2.295709600493807,51.047666523847006],[2.295741324392687,51.04542447612703],[2.2815146539034292,51.04534367952039],[2.2815470156686453,51.04310162703215],[2.2779905154788875,51.04308117625744],[2.2780555505813784,51.03859704864366],[2.2744993736370924,51.03857649858793],[2.2745320469314905,51.036334423473846],[2.270976033066273,51.036313773298346],[2.271008863539519,51.03407169093893],[2.2674530127525734,51.03405094065212],[2.2674860003758286,51.03180885105517],[2.256818946217287,51.03174599699922],[2.2568524111443344,51.02950390191246],[2.2532968925242725,51.02948274951239],[2.253397749411183,51.022756418356245],[2.256952787845623,51.022777568127886],[2.2569862407207917,51.02053544070394],[2.26054112213413,51.02055648865832],[2.260640982675591,51.01383005533571],[2.257086581276209,51.01380900999669],[2.2571200221060077,51.01156685029481],[2.260674263529541,51.01158789476214],[2.260740816250063,51.00710354943815],[2.27495653211742,51.007186711170995],[2.2748912590389647,51.0116710633845],[2.2784455152981504,51.01169160322778],[2.2783480636187377,51.018418073641236],[2.2890122898196723,51.01847909520205],[2.288980280142366,51.02072123839704],[2.2925351880149893,51.0207413778756],[2.292503335492425,51.022983513830184],[2.296058406270358,51.023003553196475],[2.2960267109313506,51.02524568190285],[2.2995819446153667,51.02526562114846],[2.299550406488736,51.02750774259884],[2.3031058030796054,51.02752758171532],[2.303043038482551,51.03201180199916],[2.3101544804841248,51.03205118062869],[2.310123414167583,51.03429328026425],[2.313679299483586,51.03431281894274],[2.3136483904947394,51.03655491129108],[2.3172044387206334,51.03657434980672],[2.3171736870883235,51.03881643486003],[2.3278423287503256,51.03887414696296],[2.3278120548153285,51.04111622630314],[2.3313684343319343,51.04113526250574],[2.3312479520873235,51.050103501908765],[2.3241339142420108,51.05006532219639],[2.3241034664393876,51.05230736016888],[2.320546291396143,51.052288118018964]]]}},{"type":"Feature","properties":{"category":"observed_front","snapshot_index":22,"pass_time_utc":"2026-10-05T01:00:00+00:00","dt_local":"2026-10-05T03:00:00+02:00","area_km2":4.312,"label":"Activité observée","coherence_level":"indisponible","coherence_fraction":0.0,"projection_displayed":false,"model_version":"fire_progression_arrival_v1"},"geometry":{"type":"Polygon","coordinates":[[[2.295709600493807,51.047666523847006],[2.295741324392687,51.04542447612703],[2.285071317188659,51.04536403015433],[2.285135717457617,51.04087991538004],[2.2815793745188184,51.04085956643215],[2.281676433583019,51.03413333599848],[2.27812057396916,51.03411288861223],[2.2782180870926743,51.02738658784687],[2.281773466426008,51.027407032692246],[2.2818058048819045,51.02516491541353],[2.285361027062451,51.025185258461676],[2.2853932025557904,51.02294313225816],[2.296058406270358,51.023003553196475],[2.2960267109313506,51.02524568190285],[2.2995819446153667,51.02526562114846],[2.299550406488736,51.02750774259884],[2.3031058030796054,51.02752758171532],[2.303043038482551,51.03201180199916],[2.306598758077259,51.03203154179576],[2.306505070356585,51.03875781396809],[2.310061273139764,51.03877745524178],[2.3099680406055256,51.045503656918555],[2.3064113573162297,51.04548401320374],[2.3063801140077413,51.047726063390186],[2.295709600493807,51.047666523847006]]]}},{"type":"Feature","properties":{"category":"historical_support","snapshot_index":23,"pass_time_utc":"2026-10-05T01:20:00+00:00","dt_local":"2026-10-05T03:20:00+02:00","area_km2":12.625,"label":"Isoline temporelle","coherence_level":"indisponible","coherence_fraction":0.0,"projection_displayed":false,"model_version":"fire_progression_arrival_v1"},"geometry":{"type":"Polygon","coordinates":[[[2.320546291396143,51.052288118018964],[2.3205768994266927,51.0500460808436],[2.306348867884434,51.049968105457744],[2.3063801140077413,51.047726063390186],[2.295709600493807,51.047666523847006],[2.295741324392687,51.04542447612703],[2.2815146539034292,51.04534367952039],[2.2815470156686453,51.04310162703215],[2.2779905154788875,51.04308117625744],[2.2780555505813784,51.03859704864366],[2.2744993736370924,51.03857649858793],[2.2745320469314905,51.036334423473846],[2.270976033066273,51.036313773298346],[2.271008863539519,51.03407169093893],[2.2674530127525734,51.03405094065212],[2.2674860003758286,51.03180885105517],[2.263930312666354,51.03178800066547],[2.263897164936768,51.03403008939869],[2.2461179709294807,51.03392431863635],[2.2462198065236385,51.027198041303514],[2.249775158997833,51.02721939473448],[2.2498089380214643,51.0249772852282],[2.253364133476192,51.02499853682535],[2.253397749411183,51.022756418356245],[2.256952787845623,51.022777568127886],[2.2569862407207917,51.02053544070394],[2.26054112213413,51.02055648865832],[2.260640982675591,51.01383005533571],[2.257086581276209,51.01380900999669],[2.2571200221060077,51.01156685029481],[2.260674263529541,51.01158789476214],[2.260740816250063,51.00710354943815],[2.27495653211742,51.007186711170995],[2.2748912590389647,51.0116710633845],[2.2784455152981504,51.01169160322778],[2.2783480636187377,51.018418073641236],[2.2890122898196723,51.01847909520205],[2.288980280142366,51.02072123839704],[2.2925351880149893,51.0207413778756],[2.292503335492425,51.022983513830184],[2.296058406270358,51.023003553196475],[2.2960267109313506,51.02524568190285],[2.2995819446153667,51.02526562114846],[2.299550406488736,51.02750774259884],[2.3031058030796054,51.02752758171532],[2.303043038482551,51.03201180199916],[2.3101544804841248,51.03205118062869],[2.310123414167583,51.03429328026425],[2.313679299483586,51.03431281894274],[2.3136483904947394,51.03655491129108],[2.3172044387206334,51.03657434980672],[2.3171736870883235,51.03881643486003],[2.3278423287503256,51.03887414696296],[2.3278120548153285,51.04111622630314],[2.3313684343319343,51.04113526250574],[2.3312479520873235,51.050103501908765],[2.3241339142420108,51.05006532219639],[2.3241034664393876,51.05230736016888],[2.320546291396143,51.052288118018964]]]}},{"type":"Feature","properties":{"category":"observed_front","snapshot_index":23,"pass_time_utc":"2026-10-05T01:20:00+00:00","dt_local":"2026-10-05T03:20:00+02:00","area_km2":7.625,"label":"Activité observée","coherence_level":"indisponible","coherence_fraction":0.0,"projection_displayed":false,"model_version":"fire_progression_arrival_v1"},"geometry":{"type":"MultiPolygon","coordinates":[[[[2.2713042047941285,51.01389258577978],[2.271369803689365,51.00940825139252],[2.2678157132839023,51.0093875105584],[2.2678486682510828,51.007145332137476],[2.264294740760211,51.00712449124598],[2.2642616258451698,51.00936666880364],[2.2607075413875637,51.00934572612837],[2.260640982675591,51.01383005533571],[2.2713042047941285,51.01389258577978]]],[[[2.3099369574945974,51.04774570791881],[2.310061273139764,51.03877745524178],[2.306505070356585,51.03875781396809],[2.306536302409601,51.03651573134311],[2.3029802625791977,51.03649598991101],[2.303011651944353,51.03425390000344],[2.2994557750659634,51.03423405842134],[2.2994873217144183,51.031991961238994],[2.2959316077872765,51.03197201951535],[2.295995012738091,51.027487802527276],[2.292439621842083,51.0274677615007],[2.2924714801015846,51.025225641706456],[2.2889162521404818,51.02520550055935],[2.2889482675827657,51.02296337351738],[2.274728024915052,51.02288180280329],[2.274760677618882,51.02063967106177],[2.26054112213413,51.02055648865832],[2.2605078292924228,51.02279861695415],[2.256952787845623,51.022777568127886],[2.2569193319580956,51.02501968747308],[2.2498089380214643,51.0249772852282],[2.249775158997833,51.02721939473448],[2.2462198065236385,51.027198041303514],[2.2461179709294807,51.03392431863635],[2.263897164936768,51.03403008939869],[2.263930312666354,51.03178800066547],[2.2674860003758286,51.03180885105517],[2.2674530127525734,51.03405094065212],[2.271008863539519,51.03407169093893],[2.270976033066273,51.036313773298346],[2.2745320469314905,51.036334423473846],[2.2744993736370924,51.03857649858793],[2.2780555505813784,51.03859704864366],[2.2779905154788875,51.04308117625744],[2.2815470156686453,51.04310162703215],[2.2815146539034292,51.04534367952039],[2.295741324392687,51.04542447612703],[2.295709600493807,51.047666523847006],[2.3099369574945974,51.04774570791881]]]]}},{"type":"Feature","properties":{"category":"historical_support","snapshot_index":24,"pass_time_utc":"2026-10-05T02:04:00+00:00","dt_local":"2026-10-05T04:04:00+02:00","area_km2":12.625,"label":"Isoline temporelle","coherence_level":"indisponible","coherence_fraction":0.0,"projection_displayed":false,"model_version":"fire_progression_arrival_v1"},"geometry":{"type":"Polygon","coordinates":[[[2.320546291396143,51.052288118018964],[2.3205768994266927,51.0500460808436],[2.306348867884434,51.049968105457744],[2.3063801140077413,51.047726063390186],[2.295709600493807,51.047666523847006],[2.295741324392687,51.04542447612703],[2.2815146539034292,51.04534367952039],[2.2815470156686453,51.04310162703215],[2.2779905154788875,51.04308117625744],[2.2780555505813784,51.03859704864366],[2.2744993736370924,51.03857649858793],[2.2745320469314905,51.036334423473846],[2.270976033066273,51.036313773298346],[2.271008863539519,51.03407169093893],[2.2674530127525734,51.03405094065212],[2.2674860003758286,51.03180885105517],[2.263930312666354,51.03178800066547],[2.263897164936768,51.03403008939869],[2.2461179709294807,51.03392431863635],[2.2462198065236385,51.027198041303514],[2.249775158997833,51.02721939473448],[2.2498089380214643,51.0249772852282],[2.253364133476192,51.02499853682535],[2.253397749411183,51.022756418356245],[2.256952787845623,51.022777568127886],[2.2569862407207917,51.02053544070394],[2.26054112213413,51.02055648865832],[2.260640982675591,51.01383005533571],[2.257086581276209,51.01380900999669],[2.2571200221060077,51.01156685029481],[2.260674263529541,51.01158789476214],[2.260740816250063,51.00710354943815],[2.27495653211742,51.007186711170995],[2.2748912590389647,51.0116710633845],[2.2784455152981504,51.01169160322778],[2.2783480636187377,51.018418073641236],[2.2890122898196723,51.01847909520205],[2.288980280142366,51.02072123839704],[2.2925351880149893,51.0207413778756],[2.292503335492425,51.022983513830184],[2.296058406270358,51.023003553196475],[2.2960267109313506,51.02524568190285],[2.2995819446153667,51.02526562114846],[2.299550406488736,51.02750774259884],[2.3031058030796054,51.02752758171532],[2.303043038482551,51.03201180199916],[2.3101544804841248,51.03205118062869],[2.310123414167583,51.03429328026425],[2.313679299483586,51.03431281894274],[2.3136483904947394,51.03655491129108],[2.3172044387206334,51.03657434980672],[2.3171736870883235,51.03881643486003],[2.3278423287503256,51.03887414696296],[2.3278120548153285,51.04111622630314],[2.3313684343319343,51.04113526250574],[2.3312479520873235,51.050103501908765],[2.3241339142420108,51.05006532219639],[2.3241034664393876,51.05230736016888],[2.320546291396143,51.052288118018964]]]}},{"type":"Feature","properties":{"category":"observed_front","snapshot_index":24,"pass_time_utc":"2026-10-05T02:04:00+00:00","dt_local":"2026-10-05T04:04:00+02:00","area_km2":5.75,"label":"Activité observée","coherence_level":"indisponible","coherence_fraction":0.0,"projection_displayed":false,"model_version":"fire_progression_arrival_v1"},"geometry":{"type":"Polygon","coordinates":[[[2.295709600493807,51.047666523847006],[2.295741324392687,51.04542447612703],[2.285071317188659,51.04536403015433],[2.2851035187734463,51.043121976823045],[2.2815470156686453,51.04310162703215],[2.2815793745188184,51.04085956643215],[2.2780230344946695,51.04083911650461],[2.2780555505813784,51.03859704864366],[2.2744993736370924,51.03857649858793],[2.2745320469314905,51.036334423473846],[2.270976033066273,51.036313773298346],[2.271008863539519,51.03407169093893],[2.2674530127525734,51.03405094065212],[2.2674860003758286,51.03180885105517],[2.2603746279420345,51.031767049313444],[2.260407932777976,51.02952495335463],[2.2639634574107843,51.02954590383877],[2.263996599170462,51.02730379892232],[2.267551966710522,51.027324647584685],[2.267584945422763,51.02508253371857],[2.2746953692709035,51.025123926466286],[2.274728024915052,51.02288180280329],[2.2889482675827657,51.02296337351738],[2.2889162521404818,51.02520550055935],[2.2924714801015846,51.025225641706456],[2.292439621842083,51.0274677615007],[2.295995012738091,51.027487802527276],[2.2959633116901954,51.02972991506601],[2.2995188655218812,51.029749855963594],[2.2994873217144183,51.031991961238994],[2.303043038482551,51.03201180199916],[2.303011651944353,51.03425390000344],[2.306567531649699,51.034273640617776],[2.306536302409601,51.03651573134311],[2.310092345052922,51.03653537180317],[2.310061273139764,51.03877745524178],[2.3136174787218176,51.03879699553912],[2.3135247266948316,51.0455231996445],[2.3099680406055256,51.045503656918555],[2.3099369574945974,51.04774570791881],[2.295709600493807,51.047666523847006]]]}},{"type":"Feature","properties":{"category":"historical_support","snapshot_index":25,"pass_time_utc":"2026-10-05T02:41:00+00:00","dt_local":"2026-10-05T04:41:00+02:00","area_km2":12.625,"label":"Isoline temporelle","coherence_level":"indisponible","coherence_fraction":0.0,"projection_displayed":false,"model_version":"fire_progression_arrival_v1"},"geometry":{"type":"Polygon","coordinates":[[[2.320546291396143,51.052288118018964],[2.3205768994266927,51.0500460808436],[2.306348867884434,51.049968105457744],[2.3063801140077413,51.047726063390186],[2.295709600493807,51.047666523847006],[2.295741324392687,51.04542447612703],[2.2815146539034292,51.04534367952039],[2.2815470156686453,51.04310162703215],[2.2779905154788875,51.04308117625744],[2.2780555505813784,51.03859704864366],[2.2744993736370924,51.03857649858793],[2.2745320469314905,51.036334423473846],[2.270976033066273,51.036313773298346],[2.271008863539519,51.03407169093893],[2.2674530127525734,51.03405094065212],[2.2674860003758286,51.03180885105517],[2.263930312666354,51.03178800066547],[2.263897164936768,51.03403008939869],[2.2461179709294807,51.03392431863635],[2.2462198065236385,51.027198041303514],[2.249775158997833,51.02721939473448],[2.2498089380214643,51.0249772852282],[2.253364133476192,51.02499853682535],[2.253397749411183,51.022756418356245],[2.256952787845623,51.022777568127886],[2.2569862407207917,51.02053544070394],[2.26054112213413,51.02055648865832],[2.260640982675591,51.01383005533571],[2.257086581276209,51.01380900999669],[2.2571200221060077,51.01156685029481],[2.260674263529541,51.01158789476214],[2.260740816250063,51.00710354943815],[2.27495653211742,51.007186711170995],[2.2748912590389647,51.0116710633845],[2.2784455152981504,51.01169160322778],[2.2783480636187377,51.018418073641236],[2.2890122898196723,51.01847909520205],[2.288980280142366,51.02072123839704],[2.2925351880149893,51.0207413778756],[2.292503335492425,51.022983513830184],[2.296058406270358,51.023003553196475],[2.2960267109313506,51.02524568190285],[2.2995819446153667,51.02526562114846],[2.299550406488736,51.02750774259884],[2.3031058030796054,51.02752758171532],[2.303043038482551,51.03201180199916],[2.3101544804841248,51.03205118062869],[2.310123414167583,51.03429328026425],[2.313679299483586,51.03431281894274],[2.3136483904947394,51.03655491129108],[2.3172044387206334,51.03657434980672],[2.3171736870883235,51.03881643486003],[2.3278423287503256,51.03887414696296],[2.3278120548153285,51.04111622630314],[2.3313684343319343,51.04113526250574],[2.3312479520873235,51.050103501908765],[2.3241339142420108,51.05006532219639],[2.3241034664393876,51.05230736016888],[2.320546291396143,51.052288118018964]]]}},{"type":"Feature","properties":{"category":"observed_front","snapshot_index":25,"pass_time_utc":"2026-10-05T02:41:00+00:00","dt_local":"2026-10-05T04:41:00+02:00","area_km2":3.438,"label":"Activité observée","coherence_level":"indisponible","coherence_fraction":0.0,"projection_displayed":false,"model_version":"fire_progression_arrival_v1"},"geometry":{"type":"Polygon","coordinates":[[[2.295709600493807,51.047666523847006],[2.295741324392687,51.04542447612703],[2.285071317188659,51.04536403015433],[2.2851035187734463,51.043121976823045],[2.2815470156686453,51.04310162703215],[2.281773466426008,51.027407032692246],[2.2853288486716288,51.02742737658308],[2.285361027062451,51.025185258461676],[2.2924714801015846,51.025225641706456],[2.292439621842083,51.0274677615007],[2.295995012738091,51.027487802527276],[2.2959316077872765,51.03197201951535],[2.303043038482551,51.03201180199916],[2.303011651944353,51.03425390000344],[2.306567531649699,51.034273640617776],[2.306505070356585,51.03875781396809],[2.310061273139764,51.03877745524178],[2.3099991209164434,51.043261597803166],[2.3064425978102796,51.0432419549021],[2.3063801140077413,51.047726063390186],[2.295709600493807,51.047666523847006]]]}},{"type":"Feature","properties":{"category":"firms_extent_snapshot","snapshot_index":26,"pass_time_utc":"2026-10-05T03:00:00+00:00","dt_local":"2026-10-05T05:00:00+02:00","label":"Emprise FIRMS cumulée à ce passage","interpretation":"Enveloppe des détections FIRMS, pas une surface brûlée","cumulative":true,"point_count":133,"extent_method":"cumulative_detection_extent_smoothed_landmasked_web_v1","local_cluster_link_m":10000.0,"model_version":"fire_progression_arrival_v1"},"geometry":{"type":"MultiPolygon","coordinates":[[[[2.2504037779764,51.03702825509235],[2.2535425206248547,51.037987266976536],[2.2556641572071836,51.03769799717279],[2.254960586223129,51.0371164271105],[2.2581777485660885,51.03601438906818],[2.259277902963696,51.03377862342822],[2.2646149576418173,51.03358585059309],[2.2647114418135263,51.03371041141802],[2.265059519309354,51.03366127548419],[2.2653750614896953,51.03371802330328],[2.2657478334297574,51.02910792079885],[2.2671799313491054,51.028443621119315],[2.2675717542942335,51.02597938023509],[2.268964239574872,51.02800559146901],[2.2682597031938503,51.03469215663947],[2.2725422060158533,51.037327275447964],[2.2759974800332574,51.03822754873682],[2.27736632327955,51.039055820359124],[2.278416936344691,51.04267462028239],[2.2811913655182545,51.04309958649894],[2.2822453845146797,51.04400252710554],[2.2811719391983156,51.04444481891482],[2.2822356855522505,51.044675142781024],[2.2925371328348607,51.04563064283169],[2.3010511510074796,51.04724799809331],[2.3013973909439076,51.0479225958395],[2.319897970619863,51.051212598439854],[2.32489043012865,51.050810856342885],[2.3269248202187796,51.05021771802082],[2.3282518817181743,51.048962564970296],[2.3279594931659187,51.046912603392805],[2.3231070997678667,51.042977088264934],[2.321147692920342,51.042551573781964],[2.317453697432561,51.04298293668184],[2.3153022205379314,51.04263778683439],[2.313867168408323,51.04180750638147],[2.3108484240492264,51.038496692919765],[2.3072676021220437,51.03695943468237],[2.303274126344827,51.036445129144994],[2.2982758702241513,51.03691522930646],[2.295949996229799,51.03637527811055],[2.2944924458625517,51.03511135639591],[2.2926345093139013,51.02933561948899],[2.2915625437190315,51.028155559893655],[2.2898771837453635,51.027491359323044],[2.286297283220525,51.02700562489303],[2.282945520045684,51.02514245336675],[2.277817928685211,51.02378235964899],[2.273535323479503,51.021543782723114],[2.271278279819267,51.021310768830794],[2.2674217365153146,51.022506440235624],[2.2675948384573577,51.02440989798251],[2.266531592726995,51.024179442272434],[2.266437588453838,51.02322471675181],[2.264440077328563,51.02494973156759],[2.260744812054414,51.02612186802536],[2.2578142330720015,51.02802841671478],[2.2559512267187602,51.028312115794876],[2.2529021535056923,51.0280612885939],[2.250872596471597,51.02852112409876],[2.249391646546631,51.029637288107104],[2.2471651818745504,51.03346443328465],[2.2476918706869946,51.034783214088215],[2.2504037779764,51.03702825509235]]],[[[2.2790477233686497,51.043759938513745],[2.2787315297635655,51.043758118127535],[2.2787329295241396,51.043762938961116],[2.278757973732549,51.04384919208896],[2.2790477233686497,51.043759938513745]]],[[[2.282549335961297,51.04759183994044],[2.299773093408026,51.050882567728856],[2.3012253823910855,51.05039579143305],[2.28172967990921,51.046911231228044],[2.2820573157048814,51.04724351544326],[2.28237985009414,51.04757062053008],[2.282549335961297,51.04759183994044]]],[[[2.2727822107576205,51.01467155258559],[2.2728034580672487,51.0132162529061],[2.27173230921563,51.01203599305349],[2.2696012265887715,51.01078781552624],[2.2675703360676387,51.01033159300711],[2.265697904562893,51.01074337922435],[2.266411569698817,51.01640415347029],[2.269671429039394,51.016719284648666],[2.271737391503596,51.01579967797665],[2.2727822107576205,51.01467155258559]]],[[[2.2604768840952305,51.01350488579499],[2.2616973350659446,51.01541383247979],[2.263784449575842,51.01615012451283],[2.2653967577862852,51.01630603325036],[2.264722608660802,51.01095785296345],[2.2617537055608947,51.01161067494109],[2.2604768840952305,51.01350488579499]]],[[[2.279396886632907,51.04421039568979],[2.2808227582267,51.04399436685719],[2.2794001324056143,51.043986190451164],[2.279396886632907,51.04421039568979]]],[[[2.261042505504312,51.034685960533025],[2.261394768480984,51.03491226642965],[2.261401420921034,51.034463850099876],[2.261042505504312,51.034685960533025]]],[[[2.261049161086765,51.03423754405869],[2.26141139935643,51.033791224997906],[2.2610558165493333,51.03378912726044],[2.261049161086765,51.03423754405869]]]]}},{"type":"Feature","properties":{"category":"historical_support","snapshot_index":26,"pass_time_utc":"2026-10-05T03:00:00+00:00","dt_local":"2026-10-05T05:00:00+02:00","area_km2":12.625,"label":"Isoline temporelle","coherence_level":"indisponible","coherence_fraction":0.0,"projection_displayed":false,"model_version":"fire_progression_arrival_v1"},"geometry":{"type":"Polygon","coordinates":[[[2.320546291396143,51.052288118018964],[2.3205768994266927,51.0500460808436],[2.306348867884434,51.049968105457744],[2.3063801140077413,51.047726063390186],[2.295709600493807,51.047666523847006],[2.295741324392687,51.04542447612703],[2.2815146539034292,51.04534367952039],[2.2815470156686453,51.04310162703215],[2.2779905154788875,51.04308117625744],[2.2780555505813784,51.03859704864366],[2.2744993736370924,51.03857649858793],[2.2745320469314905,51.036334423473846],[2.270976033066273,51.036313773298346],[2.271008863539519,51.03407169093893],[2.2674530127525734,51.03405094065212],[2.2674860003758286,51.03180885105517],[2.263930312666354,51.03178800066547],[2.263897164936768,51.03403008939869],[2.2461179709294807,51.03392431863635],[2.2462198065236385,51.027198041303514],[2.249775158997833,51.02721939473448],[2.2498089380214643,51.0249772852282],[2.253364133476192,51.02499853682535],[2.253397749411183,51.022756418356245],[2.256952787845623,51.022777568127886],[2.2569862407207917,51.02053544070394],[2.26054112213413,51.02055648865832],[2.260640982675591,51.01383005533571],[2.257086581276209,51.01380900999669],[2.2571200221060077,51.01156685029481],[2.260674263529541,51.01158789476214],[2.260740816250063,51.00710354943815],[2.27495653211742,51.007186711170995],[2.2748912590389647,51.0116710633845],[2.2784455152981504,51.01169160322778],[2.2783480636187377,51.018418073641236],[2.2890122898196723,51.01847909520205],[2.288980280142366,51.02072123839704],[2.2925351880149893,51.0207413778756],[2.292503335492425,51.022983513830184],[2.296058406270358,51.023003553196475],[2.2960267109313506,51.02524568190285],[2.2995819446153667,51.02526562114846],[2.299550406488736,51.02750774259884],[2.3031058030796054,51.02752758171532],[2.303043038482551,51.03201180199916],[2.3101544804841248,51.03205118062869],[2.310123414167583,51.03429328026425],[2.313679299483586,51.03431281894274],[2.3136483904947394,51.03655491129108],[2.3172044387206334,51.03657434980672],[2.3171736870883235,51.03881643486003],[2.3278423287503256,51.03887414696296],[2.3278120548153285,51.04111622630314],[2.3313684343319343,51.04113526250574],[2.3312479520873235,51.050103501908765],[2.3241339142420108,51.05006532219639],[2.3241034664393876,51.05230736016888],[2.320546291396143,51.052288118018964]]]}},{"type":"Feature","properties":{"category":"observed_front","snapshot_index":26,"pass_time_utc":"2026-10-05T03:00:00+00:00","dt_local":"2026-10-05T05:00:00+02:00","area_km2":2.625,"label":"Activité observée","coherence_level":"indisponible","coherence_fraction":0.0,"projection_displayed":false,"model_version":"fire_progression_arrival_v1"},"geometry":{"type":"Polygon","coordinates":[[[2.295709600493807,51.047666523847006],[2.295741324392687,51.04542447612703],[2.285071317188659,51.04536403015433],[2.2852966673829314,51.02966948661868],[2.292407760713532,51.029709873209235],[2.292375896715543,51.03195197682836],[2.2994873217144183,51.031991961238994],[2.2994557750659634,51.03423405842134],[2.303011651944353,51.03425390000344],[2.3029802625791977,51.03649598991101],[2.306536302409601,51.03651573134311],[2.306505070356585,51.03875781396809],[2.310061273139764,51.03877745524178],[2.3099369574945974,51.04774570791881],[2.295709600493807,51.047666523847006]]]}},{"type":"Feature","properties":{"category":"historical_support","snapshot_index":27,"pass_time_utc":"2026-10-05T11:51:00+00:00","dt_local":"2026-10-05T13:51:00+02:00","area_km2":12.625,"label":"Isoline temporelle","coherence_level":"indisponible","coherence_fraction":0.0,"projection_displayed":false,"model_version":"fire_progression_arrival_v1"},"geometry":{"type":"Polygon","coordinates":[[[2.320546291396143,51.052288118018964],[2.3205768994266927,51.0500460808436],[2.306348867884434,51.049968105457744],[2.3063801140077413,51.047726063390186],[2.295709600493807,51.047666523847006],[2.295741324392687,51.04542447612703],[2.2815146539034292,51.04534367952039],[2.2815470156686453,51.04310162703215],[2.2779905154788875,51.04308117625744],[2.2780555505813784,51.03859704864366],[2.2744993736370924,51.03857649858793],[2.2745320469314905,51.036334423473846],[2.270976033066273,51.036313773298346],[2.271008863539519,51.03407169093893],[2.2674530127525734,51.03405094065212],[2.2674860003758286,51.03180885105517],[2.263930312666354,51.03178800066547],[2.263897164936768,51.03403008939869],[2.2461179709294807,51.03392431863635],[2.2462198065236385,51.027198041303514],[2.249775158997833,51.02721939473448],[2.2498089380214643,51.0249772852282],[2.253364133476192,51.02499853682535],[2.253397749411183,51.022756418356245],[2.256952787845623,51.022777568127886],[2.2569862407207917,51.02053544070394],[2.26054112213413,51.02055648865832],[2.260640982675591,51.01383005533571],[2.257086581276209,51.01380900999669],[2.2571200221060077,51.01156685029481],[2.260674263529541,51.01158789476214],[2.260740816250063,51.00710354943815],[2.27495653211742,51.007186711170995],[2.2748912590389647,51.0116710633845],[2.2784455152981504,51.01169160322778],[2.2783480636187377,51.018418073641236],[2.2890122898196723,51.01847909520205],[2.288980280142366,51.02072123839704],[2.2925351880149893,51.0207413778756],[2.292503335492425,51.022983513830184],[2.296058406270358,51.023003553196475],[2.2960267109313506,51.02524568190285],[2.2995819446153667,51.02526562114846],[2.299550406488736,51.02750774259884],[2.3031058030796054,51.02752758171532],[2.303043038482551,51.03201180199916],[2.3101544804841248,51.03205118062869],[2.310123414167583,51.03429328026425],[2.313679299483586,51.03431281894274],[2.3136483904947394,51.03655491129108],[2.3172044387206334,51.03657434980672],[2.3171736870883235,51.03881643486003],[2.3278423287503256,51.03887414696296],[2.3278120548153285,51.04111622630314],[2.3313684343319343,51.04113526250574],[2.3312479520873235,51.050103501908765],[2.3241339142420108,51.05006532219639],[2.3241034664393876,51.05230736016888],[2.320546291396143,51.052288118018964]]]}},{"type":"Feature","properties":{"category":"observed_front","snapshot_index":27,"pass_time_utc":"2026-10-05T11:51:00+00:00","dt_local":"2026-10-05T13:51:00+02:00","area_km2":2.062,"label":"Activité observée","coherence_level":"indisponible","coherence_fraction":0.0,"projection_displayed":false,"model_version":"fire_progression_arrival_v1"},"geometry":{"type":"Polygon","coordinates":[[[2.295709600493807,51.047666523847006],[2.295741324392687,51.04542447612703],[2.2886279833748975,51.04538427980015],[2.288724098928614,51.038658092958414],[2.292280287501077,51.03867823911213],[2.292312160109703,51.036436159783506],[2.2958681914148285,51.0364562041311],[2.2958999010289496,51.03421411587162],[2.306567531649699,51.034273640617776],[2.306536302409601,51.03651573134311],[2.310092345052922,51.03653537180317],[2.310061273139764,51.03877745524178],[2.3136174787218176,51.03879699553912],[2.3135247266948316,51.0455231996445],[2.3099680406055256,51.045503656918555],[2.3099369574945974,51.04774570791881],[2.295709600493807,51.047666523847006]]]}},{"type":"Feature","properties":{"category":"historical_support","snapshot_index":28,"pass_time_utc":"2026-10-05T12:27:00+00:00","dt_local":"2026-10-05T14:27:00+02:00","area_km2":12.625,"label":"Isoline temporelle","coherence_level":"indisponible","coherence_fraction":0.0,"projection_displayed":false,"model_version":"fire_progression_arrival_v1"},"geometry":{"type":"Polygon","coordinates":[[[2.320546291396143,51.052288118018964],[2.3205768994266927,51.0500460808436],[2.306348867884434,51.049968105457744],[2.3063801140077413,51.047726063390186],[2.295709600493807,51.047666523847006],[2.295741324392687,51.04542447612703],[2.2815146539034292,51.04534367952039],[2.2815470156686453,51.04310162703215],[2.2779905154788875,51.04308117625744],[2.2780555505813784,51.03859704864366],[2.2744993736370924,51.03857649858793],[2.2745320469314905,51.036334423473846],[2.270976033066273,51.036313773298346],[2.271008863539519,51.03407169093893],[2.2674530127525734,51.03405094065212],[2.2674860003758286,51.03180885105517],[2.263930312666354,51.03178800066547],[2.263897164936768,51.03403008939869],[2.2461179709294807,51.03392431863635],[2.2462198065236385,51.027198041303514],[2.249775158997833,51.02721939473448],[2.2498089380214643,51.0249772852282],[2.253364133476192,51.02499853682535],[2.253397749411183,51.022756418356245],[2.256952787845623,51.022777568127886],[2.2569862407207917,51.02053544070394],[2.26054112213413,51.02055648865832],[2.260640982675591,51.01383005533571],[2.257086581276209,51.01380900999669],[2.2571200221060077,51.01156685029481],[2.260674263529541,51.01158789476214],[2.260740816250063,51.00710354943815],[2.27495653211742,51.007186711170995],[2.2748912590389647,51.0116710633845],[2.2784455152981504,51.01169160322778],[2.2783480636187377,51.018418073641236],[2.2890122898196723,51.01847909520205],[2.288980280142366,51.02072123839704],[2.2925351880149893,51.0207413778756],[2.292503335492425,51.022983513830184],[2.296058406270358,51.023003553196475],[2.2960267109313506,51.02524568190285],[2.2995819446153667,51.02526562114846],[2.299550406488736,51.02750774259884],[2.3031058030796054,51.02752758171532],[2.303043038482551,51.03201180199916],[2.3101544804841248,51.03205118062869],[2.310123414167583,51.03429328026425],[2.313679299483586,51.03431281894274],[2.3136483904947394,51.03655491129108],[2.3172044387206334,51.03657434980672],[2.3171736870883235,51.03881643486003],[2.3278423287503256,51.03887414696296],[2.3278120548153285,51.04111622630314],[2.3313684343319343,51.04113526250574],[2.3312479520873235,51.050103501908765],[2.3241339142420108,51.05006532219639],[2.3241034664393876,51.05230736016888],[2.320546291396143,51.052288118018964]]]}},{"type":"Feature","properties":{"category":"observed_front","snapshot_index":28,"pass_time_utc":"2026-10-05T12:27:00+00:00","dt_local":"2026-10-05T14:27:00+02:00","area_km2":2.25,"label":"Activité observée","coherence_level":"indisponible","coherence_fraction":0.0,"projection_displayed":false,"model_version":"fire_progression_arrival_v1"},"geometry":{"type":"Polygon","coordinates":[[[2.295709600493807,51.047666523847006],[2.295741324392687,51.04542447612703],[2.285071317188659,51.04536403015433],[2.285135717457617,51.04087991538004],[2.2886920632966388,51.040900163348205],[2.2887561316751786,51.03641601446432],[2.292312160109703,51.036436159783506],[2.2923440298477296,51.034194072354346],[2.306567531649699,51.034273640617776],[2.306536302409601,51.03651573134311],[2.310092345052922,51.03653537180317],[2.310061273139764,51.03877745524178],[2.3136174787218176,51.03879699553912],[2.3135556468222394,51.04328113971953],[2.3099991209164434,51.043261597803166],[2.3099369574945974,51.04774570791881],[2.295709600493807,51.047666523847006]]]}},{"type":"Feature","properties":{"category":"firms_extent_snapshot","snapshot_index":29,"pass_time_utc":"2026-10-05T12:49:00+00:00","dt_local":"2026-10-05T14:49:00+02:00","label":"Emprise FIRMS cumulée à ce passage","interpretation":"Enveloppe des détections FIRMS, pas une surface brûlée","cumulative":true,"point_count":137,"extent_method":"cumulative_detection_extent_smoothed_landmasked_web_v1","local_cluster_link_m":10000.0,"model_version":"fire_progression_arrival_v1"},"geometry":{"type":"MultiPolygon","coordinates":[[[[2.2504037779764,51.03702825509235],[2.2535425206248547,51.037987266976536],[2.2556641572071836,51.03769799717279],[2.254960586223129,51.0371164271105],[2.2581777485660885,51.03601438906818],[2.259277902963696,51.03377862342822],[2.2646149576418173,51.03358585059309],[2.2647114418135263,51.03371041141802],[2.265059519309354,51.03366127548419],[2.2653750614896953,51.03371802330328],[2.2657478334297574,51.02910792079885],[2.2671799313491054,51.028443621119315],[2.2675717542942335,51.02597938023509],[2.268964239574872,51.02800559146901],[2.2682597031938503,51.03469215663947],[2.2725422060158533,51.037327275447964],[2.2759974800332574,51.03822754873682],[2.27736632327955,51.039055820359124],[2.278416936344691,51.04267462028239],[2.2811913655182545,51.04309958649894],[2.2822453845146797,51.04400252710554],[2.2811719391983156,51.04444481891482],[2.2822356855522505,51.044675142781024],[2.2925371328348607,51.04563064283169],[2.3010511510074796,51.04724799809331],[2.3013973909439076,51.0479225958395],[2.319897970619863,51.051212598439854],[2.32489043012865,51.050810856342885],[2.3269248202187796,51.05021771802082],[2.3282518817181743,51.048962564970296],[2.3279594931659187,51.046912603392805],[2.3231070997678667,51.042977088264934],[2.321147692920342,51.042551573781964],[2.317453697432561,51.04298293668184],[2.3153022205379314,51.04263778683439],[2.313867168408323,51.04180750638147],[2.3108484240492264,51.038496692919765],[2.3072676021220437,51.03695943468237],[2.303274126344827,51.036445129144994],[2.2982758702241513,51.03691522930646],[2.295949996229799,51.03637527811055],[2.2944924458625517,51.03511135639591],[2.2926345093139013,51.02933561948899],[2.2915625437190315,51.028155559893655],[2.2898771837453635,51.027491359323044],[2.286297283220525,51.02700562489303],[2.282945520045684,51.02514245336675],[2.277817928685211,51.02378235964899],[2.273535323479503,51.021543782723114],[2.271278279819267,51.021310768830794],[2.2674217365153146,51.022506440235624],[2.2675948384573577,51.02440989798251],[2.266531592726995,51.024179442272434],[2.266437588453838,51.02322471675181],[2.264440077328563,51.02494973156759],[2.260744812054414,51.02612186802536],[2.2578142330720015,51.02802841671478],[2.2559512267187602,51.028312115794876],[2.2529021535056923,51.0280612885939],[2.250872596471597,51.02852112409876],[2.249391646546631,51.029637288107104],[2.2471651818745504,51.03346443328465],[2.2476918706869946,51.034783214088215],[2.2504037779764,51.03702825509235]]],[[[2.2790477233686497,51.043759938513745],[2.2787315297635655,51.043758118127535],[2.2787329295241396,51.043762938961116],[2.278757973732549,51.04384919208896],[2.2790477233686497,51.043759938513745]]],[[[2.282549335961297,51.04759183994044],[2.299773093408026,51.050882567728856],[2.3012253823910855,51.05039579143305],[2.28172967990921,51.046911231228044],[2.2820573157048814,51.04724351544326],[2.28237985009414,51.04757062053008],[2.282549335961297,51.04759183994044]]],[[[2.2727822107576205,51.01467155258559],[2.2728034580672487,51.0132162529061],[2.27173230921563,51.01203599305349],[2.2696012265887715,51.01078781552624],[2.2675703360676387,51.01033159300711],[2.265697904562893,51.01074337922435],[2.266411569698817,51.01640415347029],[2.269671429039394,51.016719284648666],[2.271737391503596,51.01579967797665],[2.2727822107576205,51.01467155258559]]],[[[2.2604768840952305,51.01350488579499],[2.2616973350659446,51.01541383247979],[2.263784449575842,51.01615012451283],[2.2653967577862852,51.01630603325036],[2.264722608660802,51.01095785296345],[2.2617537055608947,51.01161067494109],[2.2604768840952305,51.01350488579499]]],[[[2.279396886632907,51.04421039568979],[2.2808227582267,51.04399436685719],[2.2794001324056143,51.043986190451164],[2.279396886632907,51.04421039568979]]],[[[2.261042505504312,51.034685960533025],[2.261394768480984,51.03491226642965],[2.261401420921034,51.034463850099876],[2.261042505504312,51.034685960533025]]],[[[2.261049161086765,51.03423754405869],[2.26141139935643,51.033791224997906],[2.2610558165493333,51.03378912726044],[2.261049161086765,51.03423754405869]]]]}},{"type":"Feature","properties":{"category":"historical_support","snapshot_index":29,"pass_time_utc":"2026-10-05T12:49:00+00:00","dt_local":"2026-10-05T14:49:00+02:00","area_km2":12.625,"label":"Isoline temporelle","coherence_level":"indisponible","coherence_fraction":0.0,"projection_displayed":false,"model_version":"fire_progression_arrival_v1"},"geometry":{"type":"Polygon","coordinates":[[[2.320546291396143,51.052288118018964],[2.3205768994266927,51.0500460808436],[2.306348867884434,51.049968105457744],[2.3063801140077413,51.047726063390186],[2.295709600493807,51.047666523847006],[2.295741324392687,51.04542447612703],[2.2815146539034292,51.04534367952039],[2.2815470156686453,51.04310162703215],[2.2779905154788875,51.04308117625744],[2.2780555505813784,51.03859704864366],[2.2744993736370924,51.03857649858793],[2.2745320469314905,51.036334423473846],[2.270976033066273,51.036313773298346],[2.271008863539519,51.03407169093893],[2.2674530127525734,51.03405094065212],[2.2674860003758286,51.03180885105517],[2.263930312666354,51.03178800066547],[2.263897164936768,51.03403008939869],[2.2461179709294807,51.03392431863635],[2.2462198065236385,51.027198041303514],[2.249775158997833,51.02721939473448],[2.2498089380214643,51.0249772852282],[2.253364133476192,51.02499853682535],[2.253397749411183,51.022756418356245],[2.256952787845623,51.022777568127886],[2.2569862407207917,51.02053544070394],[2.26054112213413,51.02055648865832],[2.260640982675591,51.01383005533571],[2.257086581276209,51.01380900999669],[2.2571200221060077,51.01156685029481],[2.260674263529541,51.01158789476214],[2.260740816250063,51.00710354943815],[2.27495653211742,51.007186711170995],[2.2748912590389647,51.0116710633845],[2.2784455152981504,51.01169160322778],[2.2783480636187377,51.018418073641236],[2.2890122898196723,51.01847909520205],[2.288980280142366,51.02072123839704],[2.2925351880149893,51.0207413778756],[2.292503335492425,51.022983513830184],[2.296058406270358,51.023003553196475],[2.2960267109313506,51.02524568190285],[2.2995819446153667,51.02526562114846],[2.299550406488736,51.02750774259884],[2.3031058030796054,51.02752758171532],[2.303043038482551,51.03201180199916],[2.3101544804841248,51.03205118062869],[2.310123414167583,51.03429328026425],[2.313679299483586,51.03431281894274],[2.3136483904947394,51.03655491129108],[2.3172044387206334,51.03657434980672],[2.3171736870883235,51.03881643486003],[2.3278423287503256,51.03887414696296],[2.3278120548153285,51.04111622630314],[2.3313684343319343,51.04113526250574],[2.3312479520873235,51.050103501908765],[2.3241339142420108,51.05006532219639],[2.3241034664393876,51.05230736016888],[2.320546291396143,51.052288118018964]]]}},{"type":"Feature","properties":{"category":"observed_front","snapshot_index":29,"pass_time_utc":"2026-10-05T12:49:00+00:00","dt_local":"2026-10-05T14:49:00+02:00","area_km2":1.312,"label":"Activité observée","coherence_level":"indisponible","coherence_fraction":0.0,"projection_displayed":false,"model_version":"fire_progression_arrival_v1"},"geometry":{"type":"Polygon","coordinates":[[[2.2921846524477165,51.045404428457765],[2.292216533670471,51.04316237345296],[2.2886600247788635,51.04314222563003],[2.2887561316751786,51.03641601446432],[2.292312160109703,51.036436159783506],[2.2923440298477296,51.034194072354346],[2.303011651944353,51.03425390000344],[2.3029802625791977,51.03649598991101],[2.306536302409601,51.03651573134311],[2.3064425978102796,51.0432419549021],[2.3028860775181736,51.043222211016435],[2.3028546768413727,51.04546426850012],[2.2921846524477165,51.045404428457765]]]}},{"type":"Feature","properties":{"category":"historical_support","snapshot_index":30,"pass_time_utc":"2026-10-05T13:31:00+00:00","dt_local":"2026-10-05T15:31:00+02:00","area_km2":12.75,"label":"Isoline temporelle","coherence_level":"indisponible","coherence_fraction":0.0,"projection_displayed":false,"model_version":"fire_progression_arrival_v1"},"geometry":{"type":"Polygon","coordinates":[[[2.320546291396143,51.052288118018964],[2.3205768994266927,51.0500460808436],[2.306348867884434,51.049968105457744],[2.3063801140077413,51.047726063390186],[2.295709600493807,51.047666523847006],[2.295741324392687,51.04542447612703],[2.2815146539034292,51.04534367952039],[2.2815470156686453,51.04310162703215],[2.2779905154788875,51.04308117625744],[2.2780555505813784,51.03859704864366],[2.2744993736370924,51.03857649858793],[2.2745320469314905,51.036334423473846],[2.270976033066273,51.036313773298346],[2.271008863539519,51.03407169093893],[2.2674530127525734,51.03405094065212],[2.2674860003758286,51.03180885105517],[2.263930312666354,51.03178800066547],[2.263897164936768,51.03403008939869],[2.2461179709294807,51.03392431863635],[2.2462198065236385,51.027198041303514],[2.249775158997833,51.02721939473448],[2.2498089380214643,51.0249772852282],[2.253364133476192,51.02499853682535],[2.253397749411183,51.022756418356245],[2.256952787845623,51.022777568127886],[2.2569862407207917,51.02053544070394],[2.26054112213413,51.02055648865832],[2.260640982675591,51.01383005533571],[2.257086581276209,51.01380900999669],[2.2571200221060077,51.01156685029481],[2.260674263529541,51.01158789476214],[2.260740816250063,51.00710354943815],[2.27495653211742,51.007186711170995],[2.2748912590389647,51.0116710633845],[2.2784455152981504,51.01169160322778],[2.2783480636187377,51.018418073641236],[2.2890122898196723,51.01847909520205],[2.288980280142366,51.02072123839704],[2.2925351880149893,51.0207413778756],[2.292503335492425,51.022983513830184],[2.296058406270358,51.023003553196475],[2.2960267109313506,51.02524568190285],[2.2995819446153667,51.02526562114846],[2.299550406488736,51.02750774259884],[2.3031058030796054,51.02752758171532],[2.303043038482551,51.03201180199916],[2.3101544804841248,51.03205118062869],[2.310123414167583,51.03429328026425],[2.313679299483586,51.03431281894274],[2.3136483904947394,51.03655491129108],[2.3172044387206334,51.03657434980672],[2.3171736870883235,51.03881643486003],[2.3278423287503256,51.03887414696296],[2.3278120548153285,51.04111622630314],[2.3313684343319343,51.04113526250574],[2.3312178247416613,51.052345541463],[2.320546291396143,51.052288118018964]]]}},{"type":"Feature","properties":{"category":"observed_front","snapshot_index":30,"pass_time_utc":"2026-10-05T13:31:00+00:00","dt_local":"2026-10-05T15:31:00+02:00","area_km2":4.5,"label":"Activité observée","coherence_level":"indisponible","coherence_fraction":0.0,"projection_displayed":false,"model_version":"fire_progression_arrival_v1"},"geometry":{"type":"Polygon","coordinates":[[[2.320546291396143,51.052288118018964],[2.3205768994266927,51.0500460808436],[2.3099058715832808,51.0499877508002],[2.3099369574945974,51.04774570791881],[2.3063801140077413,51.047726063390186],[2.3064113573162297,51.04548401320374],[2.3028546768413727,51.04546426850012],[2.302823273335704,51.04770631786861],[2.295709600493807,51.047666523847006],[2.295741324392687,51.04542447612703],[2.285071317188659,51.04536403015433],[2.2851035187734463,51.043121976823045],[2.2815470156686453,51.04310162703215],[2.2816440834756113,51.03637542091161],[2.2852001061256746,51.03639576817365],[2.2852322961103457,51.03415368241768],[2.288788161536722,51.03417392786966],[2.2888201885136343,51.031931833178135],[2.2994873217144183,51.031991961238994],[2.2994557750659634,51.03423405842134],[2.303011651944353,51.03425390000344],[2.3029802625791977,51.03649598991101],[2.306536302409601,51.03651573134311],[2.306505070356585,51.03875781396809],[2.310061273139764,51.03877745524178],[2.31003019842773,51.04101953057633],[2.3135865641644426,51.041039071683166],[2.3136174787218176,51.03879699553912],[2.3278423287503256,51.03887414696296],[2.3278120548153285,51.04111622630314],[2.3313684343319343,51.04113526250574],[2.3312178247416613,51.052345541463],[2.320546291396143,51.052288118018964]]]}},{"type":"Feature","properties":{"category":"firms_extent_snapshot","snapshot_index":31,"pass_time_utc":"2026-10-05T15:16:00+00:00","dt_local":"2026-10-05T17:16:00+02:00","label":"Emprise FIRMS cumulée à ce passage","interpretation":"Enveloppe des détections FIRMS, pas une surface brûlée","cumulative":true,"point_count":140,"extent_method":"cumulative_detection_extent_smoothed_landmasked_web_v1","local_cluster_link_m":10000.0,"model_version":"fire_progression_arrival_v1"},"geometry":{"type":"MultiPolygon","coordinates":[[[[2.2504037779764,51.03702825509235],[2.2535425206248547,51.037987266976536],[2.2556641572071836,51.03769799717279],[2.254960586223129,51.0371164271105],[2.2581777485660885,51.03601438906818],[2.259277902963696,51.03377862342822],[2.2646149576418173,51.03358585059309],[2.2647114418135263,51.03371041141802],[2.265059519309354,51.03366127548419],[2.2653750614896953,51.03371802330328],[2.2657478334297574,51.02910792079885],[2.2671799313491054,51.028443621119315],[2.2675717542942335,51.02597938023509],[2.268964239574872,51.02800559146901],[2.2682597031938503,51.03469215663947],[2.2725422060158533,51.037327275447964],[2.2759974800332574,51.03822754873682],[2.27736632327955,51.039055820359124],[2.278416936344691,51.04267462028239],[2.2811913655182545,51.04309958649894],[2.2822453845146797,51.04400252710554],[2.2811719391983156,51.04444481891482],[2.2822356855522505,51.044675142781024],[2.2925371328348607,51.04563064283169],[2.3010511510074796,51.04724799809331],[2.3013973909439076,51.0479225958395],[2.319897970619863,51.051212598439854],[2.32489043012865,51.050810856342885],[2.3269248202187796,51.05021771802082],[2.3282518817181743,51.048962564970296],[2.3279594931659187,51.046912603392805],[2.3234461846589713,51.04313172411487],[2.321234621300521,51.04255609014337],[2.317453697432561,51.04298293668184],[2.3153022205379314,51.04263778683439],[2.313867168408323,51.04180750638147],[2.3114286412786336,51.03890744723934],[2.3073486930353124,51.036979673699285],[2.3042322048088253,51.036478795125674],[2.299276762785125,51.0366469054975],[2.297497266261328,51.036202088252885],[2.295791657927267,51.03466876613655],[2.29497979300623,51.03037233733637],[2.2926989801393383,51.02817756017103],[2.289339474783153,51.026722908674834],[2.284935044731551,51.02599936683945],[2.2819753040619157,51.02477285236859],[2.278056428138525,51.023868473820976],[2.273535323479503,51.021543782723114],[2.271278279819267,51.021310768830794],[2.2674217365153146,51.022506440235624],[2.2675948384573577,51.02440989798251],[2.266531592726995,51.024179442272434],[2.266437588453838,51.02322471675181],[2.264440077328563,51.02494973156759],[2.260744812054414,51.02612186802536],[2.2578142330720015,51.02802841671478],[2.2559512267187602,51.028312115794876],[2.2529021535056923,51.0280612885939],[2.250872596471597,51.02852112409876],[2.249391646546631,51.029637288107104],[2.2471651818745504,51.03346443328465],[2.2476918706869946,51.034783214088215],[2.2504037779764,51.03702825509235]]],[[[2.2790477233686497,51.043759938513745],[2.2787315297635655,51.043758118127535],[2.2787329295241396,51.043762938961116],[2.278757973732549,51.04384919208896],[2.2790477233686497,51.043759938513745]]],[[[2.282549335961297,51.04759183994044],[2.299773093408026,51.050882567728856],[2.3012253823910855,51.05039579143305],[2.28172967990921,51.046911231228044],[2.2820573157048814,51.04724351544326],[2.28237985009414,51.04757062053008],[2.282549335961297,51.04759183994044]]],[[[2.2727822107576205,51.01467155258559],[2.2728034580672487,51.0132162529061],[2.27173230921563,51.01203599305349],[2.2696012265887715,51.01078781552624],[2.2675703360676387,51.01033159300711],[2.265697904562893,51.01074337922435],[2.266411569698817,51.01640415347029],[2.269671429039394,51.016719284648666],[2.271737391503596,51.01579967797665],[2.2727822107576205,51.01467155258559]]],[[[2.2604768840952305,51.01350488579499],[2.2616973350659446,51.01541383247979],[2.263784449575842,51.01615012451283],[2.2653967577862852,51.01630603325036],[2.264722608660802,51.01095785296345],[2.2617537055608947,51.01161067494109],[2.2604768840952305,51.01350488579499]]],[[[2.279396886632907,51.04421039568979],[2.2808227582267,51.04399436685719],[2.2794001324056143,51.043986190451164],[2.279396886632907,51.04421039568979]]],[[[2.261042505504312,51.034685960533025],[2.261394768480984,51.03491226642965],[2.261401420921034,51.034463850099876],[2.261042505504312,51.034685960533025]]],[[[2.261049161086765,51.03423754405869],[2.26141139935643,51.033791224997906],[2.2610558165493333,51.03378912726044],[2.261049161086765,51.03423754405869]]]]}},{"type":"Feature","properties":{"category":"historical_support","snapshot_index":31,"pass_time_utc":"2026-10-05T15:16:00+00:00","dt_local":"2026-10-05T17:16:00+02:00","area_km2":12.75,"label":"Isoline temporelle","coherence_level":"indisponible","coherence_fraction":0.0,"projection_displayed":false,"model_version":"fire_progression_arrival_v1"},"geometry":{"type":"Polygon","coordinates":[[[2.320546291396143,51.052288118018964],[2.3205768994266927,51.0500460808436],[2.306348867884434,51.049968105457744],[2.3063801140077413,51.047726063390186],[2.295709600493807,51.047666523847006],[2.295741324392687,51.04542447612703],[2.2815146539034292,51.04534367952039],[2.2815470156686453,51.04310162703215],[2.2779905154788875,51.04308117625744],[2.2780555505813784,51.03859704864366],[2.2744993736370924,51.03857649858793],[2.2745320469314905,51.036334423473846],[2.270976033066273,51.036313773298346],[2.271008863539519,51.03407169093893],[2.2674530127525734,51.03405094065212],[2.2674860003758286,51.03180885105517],[2.263930312666354,51.03178800066547],[2.263897164936768,51.03403008939869],[2.2461179709294807,51.03392431863635],[2.2462198065236385,51.027198041303514],[2.249775158997833,51.02721939473448],[2.2498089380214643,51.0249772852282],[2.253364133476192,51.02499853682535],[2.253397749411183,51.022756418356245],[2.256952787845623,51.022777568127886],[2.2569862407207917,51.02053544070394],[2.26054112213413,51.02055648865832],[2.260640982675591,51.01383005533571],[2.257086581276209,51.01380900999669],[2.2571200221060077,51.01156685029481],[2.260674263529541,51.01158789476214],[2.260740816250063,51.00710354943815],[2.27495653211742,51.007186711170995],[2.2748912590389647,51.0116710633845],[2.2784455152981504,51.01169160322778],[2.2783480636187377,51.018418073641236],[2.2890122898196723,51.01847909520205],[2.288980280142366,51.02072123839704],[2.2925351880149893,51.0207413778756],[2.292503335492425,51.022983513830184],[2.296058406270358,51.023003553196475],[2.2960267109313506,51.02524568190285],[2.2995819446153667,51.02526562114846],[2.299550406488736,51.02750774259884],[2.3031058030796054,51.02752758171532],[2.303043038482551,51.03201180199916],[2.3101544804841248,51.03205118062869],[2.310123414167583,51.03429328026425],[2.313679299483586,51.03431281894274],[2.3136483904947394,51.03655491129108],[2.3172044387206334,51.03657434980672],[2.3171736870883235,51.03881643486003],[2.3278423287503256,51.03887414696296],[2.3278120548153285,51.04111622630314],[2.3313684343319343,51.04113526250574],[2.3312178247416613,51.052345541463],[2.320546291396143,51.052288118018964]]]}},{"type":"Feature","properties":{"category":"observed_front","snapshot_index":31,"pass_time_utc":"2026-10-05T15:16:00+00:00","dt_local":"2026-10-05T17:16:00+02:00","area_km2":2.312,"label":"Activité observée","coherence_level":"indisponible","coherence_fraction":0.0,"projection_displayed":false,"model_version":"fire_progression_arrival_v1"},"geometry":{"type":"Polygon","coordinates":[[[2.2780555505813784,51.03859704864366],[2.27808806373941,51.03635497267829],[2.2745320469314905,51.036334423473846],[2.2745647172831873,51.034092340259],[2.271008863539519,51.03407169093893],[2.271107337220519,51.02734539529297],[2.2746627106860404,51.02736604204707],[2.2746953692709035,51.025123926466286],[2.2782505856132516,51.025144471415025],[2.2782830812075248,51.022902346901006],[2.2889482675827657,51.02296337351738],[2.2889162521404818,51.02520550055935],[2.2924714801015846,51.025225641706456],[2.292439621842083,51.0274677615007],[2.295995012738091,51.027487802527276],[2.2958999010289496,51.03421411587162],[2.2923440298477296,51.034194072354346],[2.292312160109703,51.036436159783506],[2.2887561316751786,51.03641601446432],[2.288724098928614,51.038658092958414],[2.2780555505813784,51.03859704864366]]]}},{"type":"Feature","properties":{"category":"historical_support","snapshot_index":32,"pass_time_utc":"2026-10-05T19:36:00+00:00","dt_local":"2026-10-05T21:36:00+02:00","area_km2":12.75,"label":"Isoline temporelle","coherence_level":"indisponible","coherence_fraction":0.0,"projection_displayed":false,"model_version":"fire_progression_arrival_v1"},"geometry":{"type":"Polygon","coordinates":[[[2.320546291396143,51.052288118018964],[2.3205768994266927,51.0500460808436],[2.306348867884434,51.049968105457744],[2.3063801140077413,51.047726063390186],[2.295709600493807,51.047666523847006],[2.295741324392687,51.04542447612703],[2.2815146539034292,51.04534367952039],[2.2815470156686453,51.04310162703215],[2.2779905154788875,51.04308117625744],[2.2780555505813784,51.03859704864366],[2.2744993736370924,51.03857649858793],[2.2745320469314905,51.036334423473846],[2.270976033066273,51.036313773298346],[2.271008863539519,51.03407169093893],[2.2674530127525734,51.03405094065212],[2.2674860003758286,51.03180885105517],[2.263930312666354,51.03178800066547],[2.263897164936768,51.03403008939869],[2.2461179709294807,51.03392431863635],[2.2462198065236385,51.027198041303514],[2.249775158997833,51.02721939473448],[2.2498089380214643,51.0249772852282],[2.253364133476192,51.02499853682535],[2.253397749411183,51.022756418356245],[2.256952787845623,51.022777568127886],[2.2569862407207917,51.02053544070394],[2.26054112213413,51.02055648865832],[2.260640982675591,51.01383005533571],[2.257086581276209,51.01380900999669],[2.2571200221060077,51.01156685029481],[2.260674263529541,51.01158789476214],[2.260740816250063,51.00710354943815],[2.27495653211742,51.007186711170995],[2.2748912590389647,51.0116710633845],[2.2784455152981504,51.01169160322778],[2.2783480636187377,51.018418073641236],[2.2890122898196723,51.01847909520205],[2.288980280142366,51.02072123839704],[2.2925351880149893,51.0207413778756],[2.292503335492425,51.022983513830184],[2.296058406270358,51.023003553196475],[2.2960267109313506,51.02524568190285],[2.2995819446153667,51.02526562114846],[2.299550406488736,51.02750774259884],[2.3031058030796054,51.02752758171532],[2.303043038482551,51.03201180199916],[2.3101544804841248,51.03205118062869],[2.310123414167583,51.03429328026425],[2.313679299483586,51.03431281894274],[2.3136483904947394,51.03655491129108],[2.3172044387206334,51.03657434980672],[2.3171736870883235,51.03881643486003],[2.3278423287503256,51.03887414696296],[2.3278120548153285,51.04111622630314],[2.3313684343319343,51.04113526250574],[2.3312178247416613,51.052345541463],[2.320546291396143,51.052288118018964]]]}},{"type":"Feature","properties":{"category":"observed_front","snapshot_index":32,"pass_time_utc":"2026-10-05T19:36:00+00:00","dt_local":"2026-10-05T21:36:00+02:00","area_km2":2.062,"label":"Activité observée","coherence_level":"indisponible","coherence_fraction":0.0,"projection_displayed":false,"model_version":"fire_progression_arrival_v1"},"geometry":{"type":"Polygon","coordinates":[[[2.295709600493807,51.047666523847006],[2.295741324392687,51.04542447612703],[2.2886279833748975,51.04538427980015],[2.288724098928614,51.038658092958414],[2.292280287501077,51.03867823911213],[2.292312160109703,51.036436159783506],[2.2958681914148285,51.0364562041311],[2.2958999010289496,51.03421411587162],[2.306567531649699,51.034273640617776],[2.306536302409601,51.03651573134311],[2.310092345052922,51.03653537180317],[2.310061273139764,51.03877745524178],[2.3136174787218176,51.03879699553912],[2.3135247266948316,51.0455231996445],[2.3099680406055256,51.045503656918555],[2.3099369574945974,51.04774570791881],[2.295709600493807,51.047666523847006]]]}},{"type":"Feature","properties":{"category":"firms_extent_snapshot","snapshot_index":33,"pass_time_utc":"2026-10-06T01:00:00+00:00","dt_local":"2026-10-06T03:00:00+02:00","label":"Emprise FIRMS cumulée à ce passage","interpretation":"Enveloppe des détections FIRMS, pas une surface brûlée","cumulative":true,"point_count":153,"extent_method":"cumulative_detection_extent_smoothed_landmasked_web_v1","local_cluster_link_m":10000.0,"model_version":"fire_progression_arrival_v1"},"geometry":{"type":"MultiPolygon","coordinates":[[[[2.250347442061988,51.036986278975505],[2.2532118162065395,51.037973694902774],[2.2556692986326525,51.03770224699602],[2.254960586223129,51.0371164271105],[2.2581777485660885,51.03601438906818],[2.259277902963696,51.03377862342822],[2.2646149576418173,51.03358585059309],[2.2652903463729457,51.034457760586584],[2.26530504682584,51.03445637472625],[2.265315431035008,51.0344553957714],[2.2657478334297574,51.02910792079885],[2.2671799313491054,51.028443621119315],[2.2675717542942335,51.02597938023509],[2.268964239574872,51.02800559146901],[2.2682480262248754,51.0348029638419],[2.268287844510544,51.03481139553667],[2.2727370054642577,51.03742012990718],[2.2759974800332574,51.03822754873682],[2.27736632327955,51.039055820359124],[2.278416936344691,51.04267462028239],[2.2811913655182545,51.04309958649894],[2.2822453845146797,51.04400252710554],[2.2811719391983156,51.04444481891482],[2.2822356855522505,51.044675142781024],[2.2925371328348607,51.04563064283169],[2.3010511510074796,51.04724799809331],[2.3013973909439076,51.0479225958395],[2.319897970619863,51.051212598439854],[2.32489043012865,51.050810856342885],[2.3269248202187796,51.05021771802082],[2.3282518817181743,51.048962564970296],[2.3279594931659187,51.046912603392805],[2.3234461846589713,51.04313172411487],[2.321234621300521,51.04255609014337],[2.317453697432561,51.04298293668184],[2.3153022205379314,51.04263778683439],[2.313867168408323,51.04180750638147],[2.3114286412786336,51.03890744723934],[2.3073486930353124,51.036979673699285],[2.3042322048088253,51.036478795125674],[2.299276762785125,51.0366469054975],[2.297497266261328,51.036202088252885],[2.295791657927267,51.03466876613655],[2.29497979300623,51.03037233733637],[2.2926989801393383,51.02817756017103],[2.289339474783153,51.026722908674834],[2.284935044731551,51.02599936683945],[2.2819753040619157,51.02477285236859],[2.278056428138525,51.023868473820976],[2.273535323479503,51.021543782723114],[2.271278279819267,51.021310768830794],[2.267428473739965,51.022580526713234],[2.2675948384573577,51.02440989798251],[2.266531592726995,51.024179442272434],[2.266407320003048,51.0229172964126],[2.265812345325531,51.02311350907352],[2.26107237211955,51.023761303247205],[2.2573858433541094,51.027660935008925],[2.255565758290381,51.02812211101275],[2.252080711555414,51.02815923958086],[2.250066709800171,51.02897301578921],[2.2471651818745504,51.03346443328465],[2.2476918706869946,51.034783214088215],[2.250347442061988,51.036986278975505]]],[[[2.2613881159211013,51.03536068243546],[2.26103252190584,51.03535858463717],[2.2610278416029344,51.035673903766316],[2.2611995955214237,51.035547320233846],[2.2613446436007725,51.03544041833902],[2.2613881159211013,51.03536068243546]]],[[[2.2649572986714017,51.03448477220322],[2.2646017107619674,51.034482684536414],[2.264591820508512,51.034523610849746],[2.2646559029447184,51.03451756994727],[2.2649551460710855,51.03448936053823],[2.2649572986714017,51.03448477220322]]],[[[2.2790477233686497,51.043759938513745],[2.2787315297635655,51.043758118127535],[2.2787329295241396,51.043762938961116],[2.278757973732549,51.04384919208896],[2.2790477233686497,51.043759938513745]]],[[[2.282549335961297,51.04759183994044],[2.300646366373424,51.051049337937016],[2.30328658438476,51.0508224800199],[2.3034228649136304,51.05078833592113],[2.28172967990921,51.046911231228044],[2.2820573157048814,51.04724351544326],[2.28237985009414,51.04757062053008],[2.282549335961297,51.04759183994044]]],[[[2.2729420870057653,51.013735999042424],[2.2720633922164346,51.012276832963074],[2.269244395013215,51.01065004384687],[2.266821539439961,51.010331254434504],[2.265673544381534,51.01055013117903],[2.2664134616121796,51.01641915829689],[2.269671429039394,51.016719284648666],[2.2722128533561325,51.01543471916412],[2.2729420870057653,51.013735999042424]]],[[[2.259019074251704,51.01294010164852],[2.2586687771706764,51.01498654877962],[2.260715150815145,51.01658983669737],[2.262720193168696,51.01691922992087],[2.265425361028715,51.0165329228705],[2.2646947401796833,51.010736740098494],[2.2632269468462454,51.01101655767535],[2.259019074251704,51.01294010164852]]],[[[2.279396886632907,51.04421039568979],[2.2808227582267,51.04399436685719],[2.2794001324056143,51.043986190451164],[2.279396886632907,51.04421039568979]]],[[[2.261042505504312,51.034685960533025],[2.261394768480984,51.03491226642965],[2.261401420921034,51.034463850099876],[2.261042505504312,51.034685960533025]]],[[[2.261049161086765,51.03423754405869],[2.26141139935643,51.033791224997906],[2.2610558165493333,51.03378912726044],[2.261049161086765,51.03423754405869]]]]}},{"type":"Feature","properties":{"category":"historical_support","snapshot_index":33,"pass_time_utc":"2026-10-06T01:00:00+00:00","dt_local":"2026-10-06T03:00:00+02:00","area_km2":12.75,"label":"Isoline temporelle","coherence_level":"indisponible","coherence_fraction":0.0,"projection_displayed":false,"model_version":"fire_progression_arrival_v1"},"geometry":{"type":"Polygon","coordinates":[[[2.320546291396143,51.052288118018964],[2.3205768994266927,51.0500460808436],[2.306348867884434,51.049968105457744],[2.3063801140077413,51.047726063390186],[2.295709600493807,51.047666523847006],[2.295741324392687,51.04542447612703],[2.2815146539034292,51.04534367952039],[2.2815470156686453,51.04310162703215],[2.2779905154788875,51.04308117625744],[2.2780555505813784,51.03859704864366],[2.2744993736370924,51.03857649858793],[2.2745320469314905,51.036334423473846],[2.270976033066273,51.036313773298346],[2.271008863539519,51.03407169093893],[2.2674530127525734,51.03405094065212],[2.2674860003758286,51.03180885105517],[2.263930312666354,51.03178800066547],[2.263897164936768,51.03403008939869],[2.2461179709294807,51.03392431863635],[2.2462198065236385,51.027198041303514],[2.249775158997833,51.02721939473448],[2.2498089380214643,51.0249772852282],[2.253364133476192,51.02499853682535],[2.253397749411183,51.022756418356245],[2.256952787845623,51.022777568127886],[2.2569862407207917,51.02053544070394],[2.26054112213413,51.02055648865832],[2.260640982675591,51.01383005533571],[2.257086581276209,51.01380900999669],[2.2571200221060077,51.01156685029481],[2.260674263529541,51.01158789476214],[2.260740816250063,51.00710354943815],[2.27495653211742,51.007186711170995],[2.2748912590389647,51.0116710633845],[2.2784455152981504,51.01169160322778],[2.2783480636187377,51.018418073641236],[2.2890122898196723,51.01847909520205],[2.288980280142366,51.02072123839704],[2.2925351880149893,51.0207413778756],[2.292503335492425,51.022983513830184],[2.296058406270358,51.023003553196475],[2.2960267109313506,51.02524568190285],[2.2995819446153667,51.02526562114846],[2.299550406488736,51.02750774259884],[2.3031058030796054,51.02752758171532],[2.303043038482551,51.03201180199916],[2.3101544804841248,51.03205118062869],[2.310123414167583,51.03429328026425],[2.313679299483586,51.03431281894274],[2.3136483904947394,51.03655491129108],[2.3172044387206334,51.03657434980672],[2.3171736870883235,51.03881643486003],[2.3278423287503256,51.03887414696296],[2.3278120548153285,51.04111622630314],[2.3313684343319343,51.04113526250574],[2.3312178247416613,51.052345541463],[2.320546291396143,51.052288118018964]]]}},{"type":"Feature","properties":{"category":"observed_front","snapshot_index":33,"pass_time_utc":"2026-10-06T01:00:00+00:00","dt_local":"2026-10-06T03:00:00+02:00","area_km2":4.938,"label":"Activité observée","coherence_level":"indisponible","coherence_fraction":0.0,"projection_displayed":false,"model_version":"fire_progression_arrival_v1"},"geometry":{"type":"MultiPolygon","coordinates":[[[[2.263897164936768,51.03403008939869],[2.263930312666354,51.03178800066547],[2.2674860003758286,51.03180885105517],[2.2674530127525734,51.03405094065212],[2.27812057396916,51.03411288861223],[2.278153081271024,51.03187079644917],[2.2817087807769583,51.03189124298842],[2.281838140425907,51.022922790052675],[2.2782830812075248,51.022902346901006],[2.2783155738758887,51.02066021430852],[2.274760677618882,51.02063967106177],[2.2747933273827914,51.01839753124542],[2.2676838637438754,51.01835614364116],[2.267716830580379,51.01611399746802],[2.2606076988253094,51.0160722078454],[2.26054112213413,51.02055648865832],[2.2569862407207917,51.02053544070394],[2.256952787845623,51.022777568127886],[2.253397749411183,51.022756418356245],[2.2532632675065267,51.03172484372293],[2.256818946217287,51.03174599699922],[2.256785478276252,51.03398808399243],[2.263897164936768,51.03403008939869]]],[[[2.2992664354929158,51.047686471354176],[2.2992979991953817,51.045444422807854],[2.3028546768413727,51.04546426850012],[2.3028860775181736,51.043222211016435],[2.3064425978102796,51.0432419549021],[2.306505070356585,51.03875781396809],[2.3029488703867047,51.03873807171816],[2.3029802625791977,51.03649598991101],[2.299424225576134,51.03647614750696],[2.2994557750659634,51.03423405842134],[2.2852322961103457,51.03415368241768],[2.2852001061256746,51.03639576817365],[2.2816440834756113,51.03637542091161],[2.2815470156686453,51.04310162703215],[2.2851035187734463,51.043121976823045],[2.285071317188659,51.04536403015433],[2.295741324392687,51.04542447612703],[2.295709600493807,51.047666523847006],[2.2992664354929158,51.047686471354176]]]]}},{"type":"Feature","properties":{"category":"historical_support","snapshot_index":34,"pass_time_utc":"2026-10-06T01:43:00+00:00","dt_local":"2026-10-06T03:43:00+02:00","area_km2":12.75,"label":"Isoline temporelle","coherence_level":"faible","coherence_fraction":1.0,"projection_displayed":false,"model_version":"fire_progression_arrival_v1"},"geometry":{"type":"Polygon","coordinates":[[[2.320546291396143,51.052288118018964],[2.3205768994266927,51.0500460808436],[2.306348867884434,51.049968105457744],[2.3063801140077413,51.047726063390186],[2.295709600493807,51.047666523847006],[2.295741324392687,51.04542447612703],[2.2815146539034292,51.04534367952039],[2.2815470156686453,51.04310162703215],[2.2779905154788875,51.04308117625744],[2.2780555505813784,51.03859704864366],[2.2744993736370924,51.03857649858793],[2.2745320469314905,51.036334423473846],[2.270976033066273,51.036313773298346],[2.271008863539519,51.03407169093893],[2.2674530127525734,51.03405094065212],[2.2674860003758286,51.03180885105517],[2.263930312666354,51.03178800066547],[2.263897164936768,51.03403008939869],[2.2461179709294807,51.03392431863635],[2.2462198065236385,51.027198041303514],[2.249775158997833,51.02721939473448],[2.2498089380214643,51.0249772852282],[2.253364133476192,51.02499853682535],[2.253397749411183,51.022756418356245],[2.256952787845623,51.022777568127886],[2.2569862407207917,51.02053544070394],[2.26054112213413,51.02055648865832],[2.260640982675591,51.01383005533571],[2.257086581276209,51.01380900999669],[2.2571200221060077,51.01156685029481],[2.260674263529541,51.01158789476214],[2.260740816250063,51.00710354943815],[2.27495653211742,51.007186711170995],[2.2748912590389647,51.0116710633845],[2.2784455152981504,51.01169160322778],[2.2783480636187377,51.018418073641236],[2.2890122898196723,51.01847909520205],[2.288980280142366,51.02072123839704],[2.2925351880149893,51.0207413778756],[2.292503335492425,51.022983513830184],[2.296058406270358,51.023003553196475],[2.2960267109313506,51.02524568190285],[2.2995819446153667,51.02526562114846],[2.299550406488736,51.02750774259884],[2.3031058030796054,51.02752758171532],[2.303043038482551,51.03201180199916],[2.3101544804841248,51.03205118062869],[2.310123414167583,51.03429328026425],[2.313679299483586,51.03431281894274],[2.3136483904947394,51.03655491129108],[2.3172044387206334,51.03657434980672],[2.3171736870883235,51.03881643486003],[2.3278423287503256,51.03887414696296],[2.3278120548153285,51.04111622630314],[2.3313684343319343,51.04113526250574],[2.3312178247416613,51.052345541463],[2.320546291396143,51.052288118018964]]]}},{"type":"Feature","properties":{"category":"observed_front","snapshot_index":34,"pass_time_utc":"2026-10-06T01:43:00+00:00","dt_local":"2026-10-06T03:43:00+02:00","area_km2":6.125,"label":"Activité observée","coherence_level":"faible","coherence_fraction":1.0,"projection_displayed":false,"model_version":"fire_progression_arrival_v1"},"geometry":{"type":"Polygon","coordinates":[[[2.295709600493807,51.047666523847006],[2.295741324392687,51.04542447612703],[2.285071317188659,51.04536403015433],[2.285135717457617,51.04087991538004],[2.2815793745188184,51.04085956643215],[2.2816440834756113,51.03637542091161],[2.27808806373941,51.03635497267829],[2.27812057396916,51.03411288861223],[2.271008863539519,51.03407169093893],[2.271041691056042,51.03182960048242],[2.263930312666354,51.03178800066547],[2.2639634574107843,51.02954590383877],[2.260407932777976,51.02952495335463],[2.2604745334527654,51.025040737171274],[2.2569193319580956,51.02501968747308],[2.2569862407207917,51.02053544070394],[2.26054112213413,51.02055648865832],[2.2605744119782902,51.01831435228751],[2.2641291363697142,51.018335298432945],[2.264162263211677,51.01609315312324],[2.278380550436468,51.01617592490288],[2.2783480636187377,51.018418073641236],[2.2854575448515826,51.01845885561966],[2.2854253751520375,51.020700997976256],[2.288980280142366,51.02072123839704],[2.2889162521404818,51.02520550055935],[2.2924714801015846,51.025225641706456],[2.292407760713532,51.029709873209235],[2.2959633116901954,51.02972991506601],[2.2959316077872765,51.03197201951535],[2.2994873217144183,51.031991961238994],[2.2994557750659634,51.03423405842134],[2.303011651944353,51.03425390000344],[2.3029802625791977,51.03649598991101],[2.306536302409601,51.03651573134311],[2.3064113573162297,51.04548401320374],[2.2992979991953817,51.045444422807854],[2.2992664354929158,51.047686471354176],[2.295709600493807,51.047666523847006]]]}},{"type":"Feature","properties":{"category":"historical_support","snapshot_index":35,"pass_time_utc":"2026-10-06T02:21:00+00:00","dt_local":"2026-10-06T04:21:00+02:00","area_km2":12.75,"label":"Isoline temporelle","coherence_level":"indisponible","coherence_fraction":0.0,"projection_displayed":false,"model_version":"fire_progression_arrival_v1"},"geometry":{"type":"Polygon","coordinates":[[[2.320546291396143,51.052288118018964],[2.3205768994266927,51.0500460808436],[2.306348867884434,51.049968105457744],[2.3063801140077413,51.047726063390186],[2.295709600493807,51.047666523847006],[2.295741324392687,51.04542447612703],[2.2815146539034292,51.04534367952039],[2.2815470156686453,51.04310162703215],[2.2779905154788875,51.04308117625744],[2.2780555505813784,51.03859704864366],[2.2744993736370924,51.03857649858793],[2.2745320469314905,51.036334423473846],[2.270976033066273,51.036313773298346],[2.271008863539519,51.03407169093893],[2.2674530127525734,51.03405094065212],[2.2674860003758286,51.03180885105517],[2.263930312666354,51.03178800066547],[2.263897164936768,51.03403008939869],[2.2461179709294807,51.03392431863635],[2.2462198065236385,51.027198041303514],[2.249775158997833,51.02721939473448],[2.2498089380214643,51.0249772852282],[2.253364133476192,51.02499853682535],[2.253397749411183,51.022756418356245],[2.256952787845623,51.022777568127886],[2.2569862407207917,51.02053544070394],[2.26054112213413,51.02055648865832],[2.260640982675591,51.01383005533571],[2.257086581276209,51.01380900999669],[2.2571200221060077,51.01156685029481],[2.260674263529541,51.01158789476214],[2.260740816250063,51.00710354943815],[2.27495653211742,51.007186711170995],[2.2748912590389647,51.0116710633845],[2.2784455152981504,51.01169160322778],[2.2783480636187377,51.018418073641236],[2.2890122898196723,51.01847909520205],[2.288980280142366,51.02072123839704],[2.2925351880149893,51.0207413778756],[2.292503335492425,51.022983513830184],[2.296058406270358,51.023003553196475],[2.2960267109313506,51.02524568190285],[2.2995819446153667,51.02526562114846],[2.299550406488736,51.02750774259884],[2.3031058030796054,51.02752758171532],[2.303043038482551,51.03201180199916],[2.3101544804841248,51.03205118062869],[2.310123414167583,51.03429328026425],[2.313679299483586,51.03431281894274],[2.3136483904947394,51.03655491129108],[2.3172044387206334,51.03657434980672],[2.3171736870883235,51.03881643486003],[2.3278423287503256,51.03887414696296],[2.3278120548153285,51.04111622630314],[2.3313684343319343,51.04113526250574],[2.3312178247416613,51.052345541463],[2.320546291396143,51.052288118018964]]]}},{"type":"Feature","properties":{"category":"observed_front","snapshot_index":35,"pass_time_utc":"2026-10-06T02:21:00+00:00","dt_local":"2026-10-06T04:21:00+02:00","area_km2":4.062,"label":"Activité observée","coherence_level":"indisponible","coherence_fraction":0.0,"projection_displayed":false,"model_version":"fire_progression_arrival_v1"},"geometry":{"type":"Polygon","coordinates":[[[2.295709600493807,51.047666523847006],[2.295741324392687,51.04542447612703],[2.285071317188659,51.04536403015433],[2.2851035187734463,51.043121976823045],[2.2815470156686453,51.04310162703215],[2.281676433583019,51.03413333599848],[2.27812057396916,51.03411288861223],[2.2782180870926743,51.02738658784687],[2.281773466426008,51.027407032692246],[2.2818058048819045,51.02516491541353],[2.2924714801015846,51.025225641706456],[2.292439621842083,51.0274677615007],[2.299550406488736,51.02750774259884],[2.2995188655218812,51.029749855963594],[2.303074422194175,51.029769695901884],[2.303043038482551,51.03201180199916],[2.306598758077259,51.03203154179576],[2.306536302409601,51.03651573134311],[2.310092345052922,51.03653537180317],[2.3099680406055256,51.045503656918555],[2.3064113573162297,51.04548401320374],[2.3063801140077413,51.047726063390186],[2.295709600493807,51.047666523847006]]]}},{"type":"Feature","properties":{"category":"historical_support","snapshot_index":36,"pass_time_utc":"2026-10-06T02:41:00+00:00","dt_local":"2026-10-06T04:41:00+02:00","area_km2":12.75,"label":"Isoline temporelle","coherence_level":"indisponible","coherence_fraction":0.0,"projection_displayed":false,"model_version":"fire_progression_arrival_v1"},"geometry":{"type":"Polygon","coordinates":[[[2.320546291396143,51.052288118018964],[2.3205768994266927,51.0500460808436],[2.306348867884434,51.049968105457744],[2.3063801140077413,51.047726063390186],[2.295709600493807,51.047666523847006],[2.295741324392687,51.04542447612703],[2.2815146539034292,51.04534367952039],[2.2815470156686453,51.04310162703215],[2.2779905154788875,51.04308117625744],[2.2780555505813784,51.03859704864366],[2.2744993736370924,51.03857649858793],[2.2745320469314905,51.036334423473846],[2.270976033066273,51.036313773298346],[2.271008863539519,51.03407169093893],[2.2674530127525734,51.03405094065212],[2.2674860003758286,51.03180885105517],[2.263930312666354,51.03178800066547],[2.263897164936768,51.03403008939869],[2.2461179709294807,51.03392431863635],[2.2462198065236385,51.027198041303514],[2.249775158997833,51.02721939473448],[2.2498089380214643,51.0249772852282],[2.253364133476192,51.02499853682535],[2.253397749411183,51.022756418356245],[2.256952787845623,51.022777568127886],[2.2569862407207917,51.02053544070394],[2.26054112213413,51.02055648865832],[2.260640982675591,51.01383005533571],[2.257086581276209,51.01380900999669],[2.2571200221060077,51.01156685029481],[2.260674263529541,51.01158789476214],[2.260740816250063,51.00710354943815],[2.27495653211742,51.007186711170995],[2.2748912590389647,51.0116710633845],[2.2784455152981504,51.01169160322778],[2.2783480636187377,51.018418073641236],[2.2890122898196723,51.01847909520205],[2.288980280142366,51.02072123839704],[2.2925351880149893,51.0207413778756],[2.292503335492425,51.022983513830184],[2.296058406270358,51.023003553196475],[2.2960267109313506,51.02524568190285],[2.2995819446153667,51.02526562114846],[2.299550406488736,51.02750774259884],[2.3031058030796054,51.02752758171532],[2.303043038482551,51.03201180199916],[2.3101544804841248,51.03205118062869],[2.310123414167583,51.03429328026425],[2.313679299483586,51.03431281894274],[2.3136483904947394,51.03655491129108],[2.3172044387206334,51.03657434980672],[2.3171736870883235,51.03881643486003],[2.3278423287503256,51.03887414696296],[2.3278120548153285,51.04111622630314],[2.3313684343319343,51.04113526250574],[2.3312178247416613,51.052345541463],[2.320546291396143,51.052288118018964]]]}},{"type":"Feature","properties":{"category":"observed_front","snapshot_index":36,"pass_time_utc":"2026-10-06T02:41:00+00:00","dt_local":"2026-10-06T04:41:00+02:00","area_km2":5.438,"label":"Activité observée","coherence_level":"indisponible","coherence_fraction":0.0,"projection_displayed":false,"model_version":"fire_progression_arrival_v1"},"geometry":{"type":"Polygon","coordinates":[[[2.295709600493807,51.047666523847006],[2.295741324392687,51.04542447612703],[2.2815146539034292,51.04534367952039],[2.2815793745188184,51.04085956643215],[2.2780230344946695,51.04083911650461],[2.27808806373941,51.03635497267829],[2.2745320469314905,51.036334423473846],[2.2745647172831873,51.034092340259],[2.271008863539519,51.03407169093893],[2.271041691056042,51.03182960048242],[2.263930312666354,51.03178800066547],[2.2639634574107843,51.02954590383877],[2.260407932777976,51.02952495335463],[2.2605078292924228,51.02279861695415],[2.264062873737174,51.02281956483494],[2.264096006545014,51.02057743567142],[2.2712057843017965,51.02061902687326],[2.2711729715628968,51.02286115775963],[2.281838140425907,51.022922790052675],[2.2818058048819045,51.02516491541353],[2.2889162521404818,51.02520550055935],[2.2888842338151245,51.02744761951927],[2.292439621842083,51.0274677615007],[2.292407760713532,51.029709873209235],[2.2959633116901954,51.02972991506601],[2.2959316077872765,51.03197201951535],[2.2994873217144183,51.031991961238994],[2.2994557750659634,51.03423405842134],[2.306567531649699,51.034273640617776],[2.306505070356585,51.03875781396809],[2.310061273139764,51.03877745524178],[2.3099680406055256,51.045503656918555],[2.3064113573162297,51.04548401320374],[2.3063801140077413,51.047726063390186],[2.295709600493807,51.047666523847006]]]}},{"type":"Feature","properties":{"category":"firms_extent_snapshot","snapshot_index":37,"pass_time_utc":"2026-10-06T03:23:00+00:00","dt_local":"2026-10-06T05:23:00+02:00","label":"Emprise FIRMS cumulée à ce passage","interpretation":"Enveloppe des détections FIRMS, pas une surface brûlée","cumulative":true,"point_count":184,"extent_method":"cumulative_detection_extent_smoothed_landmasked_web_v1","local_cluster_link_m":10000.0,"model_version":"fire_progression_arrival_v1"},"geometry":{"type":"MultiPolygon","coordinates":[[[[2.2491855141738473,51.037463461651704],[2.251037050481227,51.03816111012424],[2.256354724702536,51.03868245137474],[2.2566955661091446,51.03855052457281],[2.254960586223129,51.0371164271105],[2.2581777485660885,51.03601438906818],[2.259277902963696,51.03377862342822],[2.2646149576418173,51.03358585059309],[2.2653128866106482,51.03448685886034],[2.2657478334297574,51.02910792079885],[2.2671799313491054,51.028443621119315],[2.2675717542942335,51.02597938023509],[2.268964239574872,51.02800559146901],[2.2681378160540544,51.03584876477242],[2.270939916130211,51.038780054537156],[2.270670740775392,51.040611923125276],[2.27190900499314,51.041399172724915],[2.272485870550277,51.04176591275251],[2.2811913655182545,51.04309958649894],[2.2822453845146797,51.04400252710554],[2.2811719391983156,51.04444481891482],[2.2822356855522505,51.044675142781024],[2.2925371328348607,51.04563064283169],[2.3010511510074796,51.04724799809331],[2.3013973909439076,51.0479225958395],[2.325157011946445,51.05194460438962],[2.3259535654357304,51.051879975442475],[2.3277409840282988,51.051217705232375],[2.328821984174031,51.05010254496424],[2.329591062071621,51.04590784227493],[2.328411240364201,51.04417734569836],[2.3274702367332805,51.04087981422268],[2.325187510287875,51.03868566613129],[2.322689312094059,51.03749648348479],[2.3198361815976574,51.03682816777046],[2.313170184665886,51.03703015799545],[2.310816802616735,51.036448732264276],[2.308153930200965,51.034643270390916],[2.305647935028284,51.03165777817626],[2.299822594457867,51.02904202006244],[2.296794024367778,51.02545027824258],[2.286918100102776,51.01883784073392],[2.2833989682678353,51.01734001808887],[2.276718748110652,51.01633489497817],[2.274174095396134,51.01372115026657],[2.2684752999709725,51.01044378859803],[2.265203820433979,51.00999895587072],[2.2656667338800234,51.01049610354683],[2.2669399162222743,51.02059412060409],[2.2658800600710602,51.02013944443669],[2.2646826090367895,51.00992807655916],[2.263161740888474,51.00972124075459],[2.2612788340581953,51.01012103099406],[2.2599703024118516,51.01093121000601],[2.258523287646738,51.014523167764224],[2.260785020226601,51.0173061514566],[2.2610159872313886,51.01932348882575],[2.262399629751449,51.02127858693897],[2.262126719244099,51.02280733359988],[2.259909330744026,51.02451124027066],[2.2574400627695064,51.02751522980137],[2.255442431815086,51.028091708438346],[2.251685353525553,51.02824579154838],[2.2478124113679203,51.03001986243501],[2.245665166372768,51.03365438220816],[2.246554427306754,51.03532251401215],[2.2491855141738473,51.037463461651704]],[[2.2675948384573577,51.02440989798251],[2.266531592726995,51.024179442272434],[2.2662223315048813,51.02103838200994],[2.267288807548029,51.021044628312595],[2.2675948384573577,51.02440989798251]]],[[[2.282549335961297,51.04759183994044],[2.3117607877309343,51.053088982060295],[2.3139098126424185,51.05263891551907],[2.2817129464480983,51.04689895295322],[2.2821349957967954,51.047282866941046],[2.2824627483256688,51.04758099931196],[2.282549335961297,51.04759183994044]]],[[[2.2642229284857542,51.03605005208235],[2.2649572986714017,51.03448477220322],[2.2646017107619674,51.034482684536414],[2.2642229284857542,51.03605005208235]]],[[[2.279396886632907,51.04421039568979],[2.2808227582267,51.04399436685719],[2.2794001324056143,51.043986190451164],[2.279396886632907,51.04421039568979]]],[[[2.2783331633467543,51.04398004754319],[2.2790477233686497,51.043759938513745],[2.278336413895556,51.04375584224888],[2.2783331633467543,51.04398004754319]]],[[[2.2606569503067577,51.03670173179834],[2.261015881975581,51.036479623190786],[2.26066027998403,51.03647752433934],[2.2606569503067577,51.03670173179834]]],[[[2.261022538037608,51.036031208012346],[2.2613881159211013,51.03536068243546],[2.26103252190584,51.03535858463717],[2.261022538037608,51.036031208012346]]],[[[2.261042505504312,51.034685960533025],[2.261394768480984,51.03491226642965],[2.261401420921034,51.034463850099876],[2.261042505504312,51.034685960533025]]],[[[2.261049161086765,51.03423754405869],[2.26141139935643,51.033791224997906],[2.2610558165493333,51.03378912726044],[2.261049161086765,51.03423754405869]]]]}},{"type":"Feature","properties":{"category":"historical_support","snapshot_index":37,"pass_time_utc":"2026-10-06T03:23:00+00:00","dt_local":"2026-10-06T05:23:00+02:00","area_km2":12.75,"label":"Isoline temporelle","coherence_level":"indisponible","coherence_fraction":0.0,"projection_displayed":false,"model_version":"fire_progression_arrival_v1"},"geometry":{"type":"Polygon","coordinates":[[[2.320546291396143,51.052288118018964],[2.3205768994266927,51.0500460808436],[2.306348867884434,51.049968105457744],[2.3063801140077413,51.047726063390186],[2.295709600493807,51.047666523847006],[2.295741324392687,51.04542447612703],[2.2815146539034292,51.04534367952039],[2.2815470156686453,51.04310162703215],[2.2779905154788875,51.04308117625744],[2.2780555505813784,51.03859704864366],[2.2744993736370924,51.03857649858793],[2.2745320469314905,51.036334423473846],[2.270976033066273,51.036313773298346],[2.271008863539519,51.03407169093893],[2.2674530127525734,51.03405094065212],[2.2674860003758286,51.03180885105517],[2.263930312666354,51.03178800066547],[2.263897164936768,51.03403008939869],[2.2461179709294807,51.03392431863635],[2.2462198065236385,51.027198041303514],[2.249775158997833,51.02721939473448],[2.2498089380214643,51.0249772852282],[2.253364133476192,51.02499853682535],[2.253397749411183,51.022756418356245],[2.256952787845623,51.022777568127886],[2.2569862407207917,51.02053544070394],[2.26054112213413,51.02055648865832],[2.260640982675591,51.01383005533571],[2.257086581276209,51.01380900999669],[2.2571200221060077,51.01156685029481],[2.260674263529541,51.01158789476214],[2.260740816250063,51.00710354943815],[2.27495653211742,51.007186711170995],[2.2748912590389647,51.0116710633845],[2.2784455152981504,51.01169160322778],[2.2783480636187377,51.018418073641236],[2.2890122898196723,51.01847909520205],[2.288980280142366,51.02072123839704],[2.2925351880149893,51.0207413778756],[2.292503335492425,51.022983513830184],[2.296058406270358,51.023003553196475],[2.2960267109313506,51.02524568190285],[2.2995819446153667,51.02526562114846],[2.299550406488736,51.02750774259884],[2.3031058030796054,51.02752758171532],[2.303043038482551,51.03201180199916],[2.3101544804841248,51.03205118062869],[2.310123414167583,51.03429328026425],[2.313679299483586,51.03431281894274],[2.3136483904947394,51.03655491129108],[2.3172044387206334,51.03657434980672],[2.3171736870883235,51.03881643486003],[2.3278423287503256,51.03887414696296],[2.3278120548153285,51.04111622630314],[2.3313684343319343,51.04113526250574],[2.3312178247416613,51.052345541463],[2.320546291396143,51.052288118018964]]]}},{"type":"Feature","properties":{"category":"observed_front","snapshot_index":37,"pass_time_utc":"2026-10-06T03:23:00+00:00","dt_local":"2026-10-06T05:23:00+02:00","area_km2":5.062,"label":"Activité observée","coherence_level":"indisponible","coherence_fraction":0.0,"projection_displayed":false,"model_version":"fire_progression_arrival_v1"},"geometry":{"type":"Polygon","coordinates":[[[2.285071317188659,51.04536403015433],[2.2851035187734463,51.043121976823045],[2.2815470156686453,51.04310162703215],[2.2815793745188184,51.04085956643215],[2.2780230344946695,51.04083911650461],[2.27808806373941,51.03635497267829],[2.2745320469314905,51.036334423473846],[2.2745973846925795,51.03185024894713],[2.2674860003758286,51.03180885105517],[2.2675189850283446,51.02956675336478],[2.2639634574107843,51.02954590383877],[2.263996599170462,51.02730379892232],[2.2604412346147513,51.027282849306005],[2.26054112213413,51.02055648865832],[2.264096006545014,51.02057743567142],[2.2641291363697142,51.018335298432945],[2.2747933273827914,51.01839753124542],[2.274760677618882,51.02063967106177],[2.2783155738758887,51.02066021430852],[2.2782830812075248,51.022902346901006],[2.281838140425907,51.022922790052675],[2.2818058048819045,51.02516491541353],[2.2889162521404818,51.02520550055935],[2.2888842338151245,51.02744761951927],[2.295995012738091,51.027487802527276],[2.2959633116901954,51.02972991506601],[2.2995188655218812,51.029749855963594],[2.2994873217144183,51.031991961238994],[2.303043038482551,51.03201180199916],[2.3028546768413727,51.04546426850012],[2.285071317188659,51.04536403015433]]]}},{"type":"Feature","properties":{"category":"historical_support","snapshot_index":38,"pass_time_utc":"2026-10-07T02:02:00+00:00","dt_local":"2026-10-07T04:02:00+02:00","area_km2":12.75,"label":"Isoline temporelle","coherence_level":"indisponible","coherence_fraction":0.0,"projection_displayed":false,"model_version":"fire_progression_arrival_v1"},"geometry":{"type":"Polygon","coordinates":[[[2.320546291396143,51.052288118018964],[2.3205768994266927,51.0500460808436],[2.306348867884434,51.049968105457744],[2.3063801140077413,51.047726063390186],[2.295709600493807,51.047666523847006],[2.295741324392687,51.04542447612703],[2.2815146539034292,51.04534367952039],[2.2815470156686453,51.04310162703215],[2.2779905154788875,51.04308117625744],[2.2780555505813784,51.03859704864366],[2.2744993736370924,51.03857649858793],[2.2745320469314905,51.036334423473846],[2.270976033066273,51.036313773298346],[2.271008863539519,51.03407169093893],[2.2674530127525734,51.03405094065212],[2.2674860003758286,51.03180885105517],[2.263930312666354,51.03178800066547],[2.263897164936768,51.03403008939869],[2.2461179709294807,51.03392431863635],[2.2462198065236385,51.027198041303514],[2.249775158997833,51.02721939473448],[2.2498089380214643,51.0249772852282],[2.253364133476192,51.02499853682535],[2.253397749411183,51.022756418356245],[2.256952787845623,51.022777568127886],[2.2569862407207917,51.02053544070394],[2.26054112213413,51.02055648865832],[2.260640982675591,51.01383005533571],[2.257086581276209,51.01380900999669],[2.2571200221060077,51.01156685029481],[2.260674263529541,51.01158789476214],[2.260740816250063,51.00710354943815],[2.27495653211742,51.007186711170995],[2.2748912590389647,51.0116710633845],[2.2784455152981504,51.01169160322778],[2.2783480636187377,51.018418073641236],[2.2890122898196723,51.01847909520205],[2.288980280142366,51.02072123839704],[2.2925351880149893,51.0207413778756],[2.292503335492425,51.022983513830184],[2.296058406270358,51.023003553196475],[2.2960267109313506,51.02524568190285],[2.2995819446153667,51.02526562114846],[2.299550406488736,51.02750774259884],[2.3031058030796054,51.02752758171532],[2.303043038482551,51.03201180199916],[2.3101544804841248,51.03205118062869],[2.310123414167583,51.03429328026425],[2.313679299483586,51.03431281894274],[2.3136483904947394,51.03655491129108],[2.3172044387206334,51.03657434980672],[2.3171736870883235,51.03881643486003],[2.3278423287503256,51.03887414696296],[2.3278120548153285,51.04111622630314],[2.3313684343319343,51.04113526250574],[2.3312178247416613,51.052345541463],[2.320546291396143,51.052288118018964]]]}},{"type":"Feature","properties":{"category":"observed_front","snapshot_index":38,"pass_time_utc":"2026-10-07T02:02:00+00:00","dt_local":"2026-10-07T04:02:00+02:00","area_km2":2.688,"label":"Activité observée","coherence_level":"indisponible","coherence_fraction":0.0,"projection_displayed":false,"model_version":"fire_progression_arrival_v1"},"geometry":{"type":"Polygon","coordinates":[[[2.320546291396143,51.052288118018964],[2.3205768994266927,51.0500460808436],[2.306348867884434,51.049968105457744],[2.3063801140077413,51.047726063390186],[2.2992664354929158,51.047686471354176],[2.2993611180708124,51.04096030137313],[2.306473835490271,51.04099988848897],[2.306505070356585,51.03875781396809],[2.3136174787218176,51.03879699553912],[2.3136483904947394,51.03655491129108],[2.3172044387206334,51.03657434980672],[2.3171736870883235,51.03881643486003],[2.3278423287503256,51.03887414696296],[2.3278120548153285,51.04111622630314],[2.3313684343319343,51.04113526250574],[2.3312479520873235,51.050103501908765],[2.327690931800366,51.05008446255147],[2.3276606442260386,51.052326501316934],[2.320546291396143,51.052288118018964]]]}},{"type":"Feature","properties":{"category":"firms_extent_snapshot","snapshot_index":39,"pass_time_utc":"2026-10-07T02:21:00+00:00","dt_local":"2026-10-07T04:21:00+02:00","label":"Emprise FIRMS cumulée à ce passage","interpretation":"Enveloppe des détections FIRMS, pas une surface brûlée","cumulative":true,"point_count":192,"extent_method":"cumulative_detection_extent_smoothed_landmasked_web_v1","local_cluster_link_m":10000.0,"model_version":"fire_progression_arrival_v1"},"geometry":{"type":"MultiPolygon","coordinates":[[[[2.2491855141738473,51.037463461651704],[2.251037050481227,51.03816111012424],[2.256354724702536,51.03868245137474],[2.2566955661091446,51.03855052457281],[2.254960586223129,51.0371164271105],[2.2581777485660885,51.03601438906818],[2.259277902963696,51.03377862342822],[2.2646149576418173,51.03358585059309],[2.2653128866106482,51.03448685886034],[2.2657478334297574,51.02910792079885],[2.2671799313491054,51.028443621119315],[2.2675717542942335,51.02597938023509],[2.268964239574872,51.02800559146901],[2.2681378160540544,51.03584876477242],[2.270939916130211,51.038780054537156],[2.270670740775392,51.040611923125276],[2.27190900499314,51.041399172724915],[2.272485870550277,51.04176591275251],[2.2811913655182545,51.04309958649894],[2.2822453845146797,51.04400252710554],[2.2811719391983156,51.04444481891482],[2.2822356855522505,51.044675142781024],[2.2925371328348607,51.04563064283169],[2.3010511510074796,51.04724799809331],[2.3013973909439076,51.0479225958395],[2.325260236625347,51.05196206687018],[2.3270899504617706,51.051548657613665],[2.328821984174031,51.05010254496424],[2.329591062071621,51.04590784227493],[2.328411240364201,51.04417734569836],[2.3274702367332805,51.04087981422268],[2.325187510287875,51.03868566613129],[2.322689312094059,51.03749648348479],[2.3198361815976574,51.03682816777046],[2.313170184665886,51.03703015799545],[2.310816802616735,51.036448732264276],[2.308153930200965,51.034643270390916],[2.305647935028284,51.03165777817626],[2.299822594457867,51.02904202006244],[2.296794024367778,51.02545027824258],[2.286918100102776,51.01883784073392],[2.2833989682678353,51.01734001808887],[2.276718748110652,51.01633489497817],[2.274174095396134,51.01372115026657],[2.2684752999709725,51.01044378859803],[2.265203820433979,51.00999895587072],[2.2656667338800234,51.01049610354683],[2.2669399162222743,51.02059412060409],[2.2658800600710602,51.02013944443669],[2.2646826090367895,51.00992807655916],[2.263161740888474,51.00972124075459],[2.2612788340581953,51.01012103099406],[2.2599703024118516,51.01093121000601],[2.258523287646738,51.014523167764224],[2.260785020226601,51.0173061514566],[2.2610159872313886,51.01932348882575],[2.262399629751449,51.02127858693897],[2.262126719244099,51.02280733359988],[2.259909330744026,51.02451124027066],[2.2574400627695064,51.02751522980137],[2.255442431815086,51.028091708438346],[2.251685353525553,51.02824579154838],[2.2478124113679203,51.03001986243501],[2.245665166372768,51.03365438220816],[2.246554427306754,51.03532251401215],[2.2491855141738473,51.037463461651704]],[[2.2675948384573577,51.02440989798251],[2.266531592726995,51.024179442272434],[2.2662223315048813,51.02103838200994],[2.267288807548029,51.021044628312595],[2.2675948384573577,51.02440989798251]]],[[[2.282549335961297,51.04759183994044],[2.311773275891076,51.053091330411775],[2.312344814531675,51.052975096976496],[2.3139567114934905,51.0526472694689],[2.2817129464480983,51.04689895295322],[2.2821349957967954,51.047282866941046],[2.2824627483256688,51.04758099931196],[2.282549335961297,51.04759183994044]]],[[[2.2642229284857542,51.03605005208235],[2.2649572986714017,51.03448477220322],[2.2646017107619674,51.034482684536414],[2.2642229284857542,51.03605005208235]]],[[[2.279396886632907,51.04421039568979],[2.2808227582267,51.04399436685719],[2.2794001324056143,51.043986190451164],[2.279396886632907,51.04421039568979]]],[[[2.2783331633467543,51.04398004754319],[2.2790477233686497,51.043759938513745],[2.278336413895556,51.04375584224888],[2.2783331633467543,51.04398004754319]]],[[[2.2606569503067577,51.03670173179834],[2.261015881975581,51.036479623190786],[2.26066027998403,51.03647752433934],[2.2606569503067577,51.03670173179834]]],[[[2.261022538037608,51.036031208012346],[2.2613881159211013,51.03536068243546],[2.26103252190584,51.03535858463717],[2.261022538037608,51.036031208012346]]],[[[2.261042505504312,51.034685960533025],[2.261394768480984,51.03491226642965],[2.261401420921034,51.034463850099876],[2.261042505504312,51.034685960533025]]],[[[2.261049161086765,51.03423754405869],[2.26141139935643,51.033791224997906],[2.2610558165493333,51.03378912726044],[2.261049161086765,51.03423754405869]]]]}},{"type":"Feature","properties":{"category":"historical_support","snapshot_index":39,"pass_time_utc":"2026-10-07T02:21:00+00:00","dt_local":"2026-10-07T04:21:00+02:00","area_km2":12.75,"label":"Isoline temporelle","coherence_level":"indisponible","coherence_fraction":0.0,"projection_displayed":false,"model_version":"fire_progression_arrival_v1"},"geometry":{"type":"Polygon","coordinates":[[[2.320546291396143,51.052288118018964],[2.3205768994266927,51.0500460808436],[2.306348867884434,51.049968105457744],[2.3063801140077413,51.047726063390186],[2.295709600493807,51.047666523847006],[2.295741324392687,51.04542447612703],[2.2815146539034292,51.04534367952039],[2.2815470156686453,51.04310162703215],[2.2779905154788875,51.04308117625744],[2.2780555505813784,51.03859704864366],[2.2744993736370924,51.03857649858793],[2.2745320469314905,51.036334423473846],[2.270976033066273,51.036313773298346],[2.271008863539519,51.03407169093893],[2.2674530127525734,51.03405094065212],[2.2674860003758286,51.03180885105517],[2.263930312666354,51.03178800066547],[2.263897164936768,51.03403008939869],[2.2461179709294807,51.03392431863635],[2.2462198065236385,51.027198041303514],[2.249775158997833,51.02721939473448],[2.2498089380214643,51.0249772852282],[2.253364133476192,51.02499853682535],[2.253397749411183,51.022756418356245],[2.256952787845623,51.022777568127886],[2.2569862407207917,51.02053544070394],[2.26054112213413,51.02055648865832],[2.260640982675591,51.01383005533571],[2.257086581276209,51.01380900999669],[2.2571200221060077,51.01156685029481],[2.260674263529541,51.01158789476214],[2.260740816250063,51.00710354943815],[2.27495653211742,51.007186711170995],[2.2748912590389647,51.0116710633845],[2.2784455152981504,51.01169160322778],[2.2783480636187377,51.018418073641236],[2.2890122898196723,51.01847909520205],[2.288980280142366,51.02072123839704],[2.2925351880149893,51.0207413778756],[2.292503335492425,51.022983513830184],[2.296058406270358,51.023003553196475],[2.2960267109313506,51.02524568190285],[2.2995819446153667,51.02526562114846],[2.299550406488736,51.02750774259884],[2.3031058030796054,51.02752758171532],[2.303043038482551,51.03201180199916],[2.3101544804841248,51.03205118062869],[2.310123414167583,51.03429328026425],[2.313679299483586,51.03431281894274],[2.3136483904947394,51.03655491129108],[2.3172044387206334,51.03657434980672],[2.3171736870883235,51.03881643486003],[2.3278423287503256,51.03887414696296],[2.3278120548153285,51.04111622630314],[2.3313684343319343,51.04113526250574],[2.3312178247416613,51.052345541463],[2.320546291396143,51.052288118018964]]]}},{"type":"Feature","properties":{"category":"observed_front","snapshot_index":39,"pass_time_utc":"2026-10-07T02:21:00+00:00","dt_local":"2026-10-07T04:21:00+02:00","area_km2":3.562,"label":"Activité observée","coherence_level":"indisponible","coherence_fraction":0.0,"projection_displayed":false,"model_version":"fire_progression_arrival_v1"},"geometry":{"type":"Polygon","coordinates":[[[2.306348867884434,51.049968105457744],[2.3063801140077413,51.047726063390186],[2.295709600493807,51.047666523847006],[2.295741324392687,51.04542447612703],[2.2886279833748975,51.04538427980015],[2.2887561316751786,51.03641601446432],[2.2958681914148285,51.0364562041311],[2.2958999010289496,51.03421411587162],[2.2994557750659634,51.03423405842134],[2.299424225576134,51.03647614750696],[2.3172044387206334,51.03657434980672],[2.3171736870883235,51.03881643486003],[2.3278423287503256,51.03887414696296],[2.327690931800366,51.05008446255147],[2.306348867884434,51.049968105457744]]]}}]}