{"type":"FeatureCollection","name":"fire_progression_arrival_v1","features":[{"type":"Feature","properties":{"category":"arrival_step","arrival_snapshot_index":1,"first_detected_utc":"2026-07-23T15:54:00+00:00","first_detected_local":"2026-07-23T17:54:00+02:00","area_km2":22.188,"label":"Première détection FIRMS","model_version":"fire_progression_arrival_v1"},"geometry":{"type":"MultiPolygon","coordinates":[[[[-1.1092672709114952,44.42219954663629],[-1.1061312919256805,44.4223165649519],[-1.105968076717933,44.42006914532668],[-1.102832208971239,44.42018606963057],[-1.102506065821686,44.41569122695282],[-1.0993704335028986,44.415808052494164],[-1.098718799238888,44.40681837258864],[-1.1018539349129464,44.406701566076286],[-1.1016909345497647,44.40445415597648],[-1.1110958914676015,44.404103215382975],[-1.1112592642315406,44.40635061119084],[-1.1143943480705314,44.406233447781446],[-1.1145578579482482,44.40848084086836],[-1.1176930529427216,44.40836358346106],[-1.118020359961095,44.41285836622152],[-1.1211557902647804,44.412741010030395],[-1.121811057011896,44.42173058088615],[-1.118675129982847,44.42184795619573],[-1.118838854994189,44.42409535876414],[-1.1094306232959565,44.42444696352333],[-1.1092672709114952,44.42219954663629]]],[[[-1.1629820492041685,44.810083930417434],[-1.159824540785329,44.810202495264654],[-1.1591586664267473,44.801211776398894],[-1.1623156712880358,44.80109323087186],[-1.1621491101107344,44.79884555962033],[-1.1653059757901596,44.798726929067065],[-1.1651393020775986,44.796479264109216],[-1.1777661280250948,44.796003862718436],[-1.1779333051327154,44.798251508307935],[-1.181090104074535,44.79813242848455],[-1.181759449675502,44.807123005998335],[-1.1786021472545563,44.807242105228674],[-1.1787693912158672,44.809489758082684],[-1.1756119495245705,44.809608772294176],[-1.1757790809550073,44.811856431439786],[-1.1631486769929167,44.81233160892183],[-1.1629820492041685,44.810083930417434]]],[[[-1.119930054151803,44.82746991027364],[-1.1167714784607294,44.82758725028451],[-1.1139713646780598,44.789375540373165],[-1.1171277997863311,44.789258281606024],[-1.1169630798953605,44.78701055190563],[-1.1264319286931448,44.786658250886376],[-1.126597026054243,44.788905966233344],[-1.1297534084245646,44.78878834808729],[-1.1300838944172693,44.79328377363324],[-1.1332405152453693,44.793166056052414],[-1.1335713057960315,44.79766147789768],[-1.1367281651055945,44.79754366086724],[-1.1387155308898829,44.82451625651898],[-1.1355571605144947,44.82463413116454],[-1.1357227344615648,44.826881861616016],[-1.1325642248524435,44.82699965115941],[-1.1327296860470952,44.829247387832154],[-1.1200950113350665,44.82971766610654],[-1.119930054151803,44.82746991027364]]],[[[-1.079684270052985,44.84022742009803],[-1.0793575406223606,44.835731774771915],[-1.0761984161793572,44.835847960131986],[-1.0760351971181967,44.83360013485692],[-1.0728761856634268,44.83371622556019],[-1.0725500387845208,44.82922056981149],[-1.06939126635151,44.829336561138796],[-1.0687396331537167,44.82034524788054],[-1.071897901565419,44.82022927545563],[-1.0715719112002025,44.815733636902486],[-1.068413894739004,44.815849599877424],[-1.0677625742154746,44.806858321258176],[-1.0709200868959179,44.80674237718073],[-1.0707571633995143,44.80449456589175],[-1.0802292454678937,44.80414620857695],[-1.0803925467153506,44.80639400567243],[-1.0835500072144741,44.80627770207958],[-1.0838769007498472,44.81077329116767],[-1.0870346000332944,44.810656888212534],[-1.0871981923528276,44.81290468019412],[-1.0903560044935576,44.81278818260844],[-1.0906834803011372,44.81728376142129],[-1.0938415312552874,44.81716716444767],[-1.0944971439993396,44.826158320344746],[-1.0913385891078637,44.82627493632222],[-1.0916662221321418,44.830770532356325],[-1.0948250290524326,44.830653906875696],[-1.095480956583654,44.83964509696736],[-1.0923216454853815,44.83976174145678],[-1.0924855341046715,44.842009547260595],[-1.0830071439480433,44.84235895537636],[-1.0828436335469123,44.84011113533632],[-1.079684270052985,44.84022742009803]]],[[[-1.0426588755356003,44.897928503576246],[-1.0424968192317963,44.895680584670444],[-1.0393342444994453,44.89579572285628],[-1.038362937039012,44.88230820933396],[-1.0415247539489034,44.88219309929479],[-1.0413627884772056,44.87994518977359],[-1.0508477825423497,44.87959933371235],[-1.0510101268102883,44.88184722914043],[-1.054171891774455,44.881731759078555],[-1.054334375316266,44.88397965115156],[-1.057496253539647,44.88386408637654],[-1.0584721859571515,44.89735143871733],[-1.055309549897738,44.897467031749976],[-1.0554721245643357,44.89971493317825],[-1.0459837592582013,44.90006118620375],[-1.0458215636246733,44.89781327066648],[-1.0426588755356003,44.897928503576246]]]]}},{"type":"Feature","properties":{"category":"arrival_step","arrival_snapshot_index":2,"first_detected_utc":"2026-07-23T20:34:00+00:00","first_detected_local":"2026-07-23T22:34:00+02:00","area_km2":66.312,"label":"Première détection FIRMS","model_version":"fire_progression_arrival_v1"},"geometry":{"type":"MultiPolygon","coordinates":[[[[-1.11387499389737,44.44230922070194],[-1.113711413372449,44.44006179248866],[-1.1105744534022302,44.4401789382133],[-1.11041101015319,44.43793150722956],[-1.1072741614769015,44.43804855890879],[-1.1071108554840992,44.435801125161944],[-1.1039741181048335,44.435918082802694],[-1.1036477935549907,44.43142321180848],[-1.1005112917302324,44.43154007065841],[-1.0993704335028986,44.415808052494164],[-1.102506065821686,44.41569122695282],[-1.102832208971239,44.42018606963057],[-1.105968076717933,44.42006914532668],[-1.1061312919256805,44.4223165649519],[-1.1092672709114952,44.42219954663629],[-1.1094306232959565,44.42444696352333],[-1.118838854994189,44.42409535876414],[-1.118675129982847,44.42184795619573],[-1.121811057011896,44.42173058088615],[-1.1211557902647804,44.412741010030395],[-1.118020359961095,44.41285836622152],[-1.1176930529427216,44.40836358346106],[-1.1145578579482482,44.40848084086836],[-1.1143943480705314,44.406233447781446],[-1.1112592642315406,44.40635061119084],[-1.1110958914676015,44.404103215382975],[-1.1016909345497647,44.40445415597648],[-1.1018539349129464,44.406701566076286],[-1.098718799238888,44.40681837258864],[-1.0988816883996573,44.40906578949647],[-1.09574641564333,44.40918251153646],[-1.0950954331328582,44.40019283721421],[-1.0982302093559608,44.400076134186264],[-1.0980673719229832,44.39782872550367],[-1.1012020111091838,44.39771193801704],[-1.1010390625068454,44.39546453615504],[-1.1073080538654396,44.39523070307315],[-1.1074712506580826,44.39747809541245],[-1.1106058510011827,44.397361040295635],[-1.1107691848539654,44.39960842993202],[-1.1201732803389293,44.39925671500769],[-1.1203369994886099,44.40150409238127],[-1.139145583855766,44.40079822511113],[-1.1394745505610786,44.405292928532006],[-1.1426095171976878,44.405174962137586],[-1.1431034376307323,44.4119170182124],[-1.146238763599653,44.41179894817668],[-1.1468980039262855,44.42078836556338],[-1.1437621812816865,44.42090645483346],[-1.1442563763795581,44.42764855357299],[-1.1411201680381446,44.42776656801707],[-1.1414494484107691,44.43226132020262],[-1.1383129785303134,44.432379254997365],[-1.1384775140907764,44.43462663890732],[-1.1353409068925964,44.434744489239],[-1.1355053312681724,44.43699187995368],[-1.1292318291761179,44.437227322404965],[-1.1293960180772527,44.439474724710266],[-1.1199852943130908,44.43982723320662],[-1.120149123411452,44.442074651867266],[-1.11387499389737,44.44230922070194]]],[[[-1.0841520832359695,44.85809373481712],[-1.074670926841277,44.858442432945544],[-1.0745077032522605,44.85619458893135],[-1.068187119277512,44.85642659507911],[-1.068024161036376,44.85417874299754],[-1.0648639756209517,44.85429460640883],[-1.0647011565567714,44.852046750995896],[-1.061541084243763,44.85216251973186],[-1.0612157374490094,44.8476668036548],[-1.058055904358469,44.84778247300926],[-1.057893376596211,44.84553461235615],[-1.0547336566058563,44.84565018705303],[-1.054571267948707,44.84340232309446],[-1.057730861840654,44.843286753106646],[-1.0565936226083892,44.827551777944706],[-1.0597523210982356,44.82743615099925],[-1.0595897843235689,44.825188307811246],[-1.0627483437941325,44.825072595665695],[-1.062585694017168,44.822824758625984],[-1.0657441144715674,44.82270896128803],[-1.0655813517123585,44.82046113040327],[-1.0687396331537167,44.82034524788054],[-1.06939126635151,44.829336561138796],[-1.0725500387845208,44.82922056981149],[-1.0728761856634268,44.83371622556019],[-1.0760351971181967,44.83360013485692],[-1.0761984161793572,44.835847960131986],[-1.0793575406223606,44.835731774771915],[-1.079684270052985,44.84022742009803],[-1.0828436335469123,44.84011113533632],[-1.0830071439480433,44.84235895537636],[-1.0924855341046715,44.842009547260595],[-1.0923216454853815,44.83976174145678],[-1.095480956583654,44.83964509696736],[-1.0948250290524326,44.830653906875696],[-1.0916662221321418,44.830770532356325],[-1.0913385891078637,44.82627493632222],[-1.0944971439993396,44.826158320344746],[-1.0938415312552874,44.81716716444767],[-1.0906834803011372,44.81728376142129],[-1.0903560044935576,44.81278818260844],[-1.0871981923528276,44.81290468019412],[-1.0870346000332944,44.810656888212534],[-1.0838769007498472,44.81077329116767],[-1.0833865800531275,44.804029909722566],[-1.0897012100071664,44.803797042393015],[-1.0895375441115762,44.80154926098598],[-1.0926947135611802,44.80143269726117],[-1.0925309348636958,44.79918492206862],[-1.0956879653284328,44.79906827322806],[-1.0953601954738743,44.79457273675695],[-1.0985169610908843,44.79445600756419],[-1.0981889919446761,44.789960486504995],[-1.1045019804364122,44.78972677759533],[-1.1043377638610277,44.78747902880813],[-1.110650448173984,44.78724497004306],[-1.1104859930855504,44.78499723227622],[-1.1515155201117129,44.783467153145395],[-1.151681610712225,44.785714828574385],[-1.1548377613189467,44.78559649651911],[-1.1550039910049084,44.78784416860871],[-1.1581602541296303,44.78772574189377],[-1.1584930050135762,44.79222108085369],[-1.1616495064774515,44.79210255464348],[-1.1618160277070377,44.79435022150279],[-1.1870685659372913,44.79339873869412],[-1.1874036618155492,44.79789399928153],[-1.1905604205947322,44.797774649903054],[-1.1910635424776574,44.80451753713065],[-1.1879064061185836,44.804636901096856],[-1.1882416359964363,44.809132176223855],[-1.1850842344618129,44.809251460046944],[-1.1852517436066996,44.81149910463512],[-1.1789366485527244,44.81173741237947],[-1.1792712033594888,44.81623272528786],[-1.1761133839188904,44.816351754046465],[-1.1764477403641362,44.8208470823846],[-1.1701315576064268,44.821084889629645],[-1.1702985039707618,44.82333256562837],[-1.1671402665953303,44.82345133925341],[-1.16730710034345,44.82569902151443],[-1.1641487236500028,44.82581771007963],[-1.1643154447618653,44.82806539859633],[-1.1611569287472052,44.828184002093984],[-1.1613235372027682,44.83043169685976],[-1.1581648818636956,44.83055021528221],[-1.1583313776429103,44.83279791629045],[-1.1520137749981658,44.83303469305731],[-1.1521800320615716,44.835282405123095],[-1.1142717893291603,44.83669557045874],[-1.1144365472181925,44.838943341510166],[-1.1081180696364394,44.8391776197103],[-1.1082825885878556,44.84142540171398],[-1.105123203982498,44.84154241068934],[-1.1054520292273846,44.84603798843972],[-1.1022923793065509,44.8461549170106],[-1.1031140421507486,44.85739390960108],[-1.0936331217628499,44.857744227030494],[-1.0937971153504966,44.85999204397758],[-1.0843156983645172,44.86034156600535],[-1.0841520832359695,44.85809373481712]],[[-1.1357227344615648,44.826881861616016],[-1.1355571605144947,44.82463413116454],[-1.1387155308898829,44.82451625651898],[-1.1367281651055945,44.79754366086724],[-1.1335713057960315,44.79766147789768],[-1.1332405152453693,44.793166056052414],[-1.1300838944172693,44.79328377363324],[-1.1297534084245646,44.78878834808729],[-1.126597026054243,44.788905966233344],[-1.1264319286931448,44.786658250886376],[-1.1169630798953605,44.78701055190563],[-1.1171277997863311,44.789258281606024],[-1.1139713646780598,44.789375540373165],[-1.1167714784607294,44.82758725028451],[-1.119930054151803,44.82746991027364],[-1.1200950113350665,44.82971766610654],[-1.1327296860470952,44.829247387832154],[-1.1325642248524435,44.82699965115941],[-1.1357227344615648,44.826881861616016]],[[-1.1787693912158672,44.809489758082684],[-1.1786021472545563,44.807242105228674],[-1.181759449675502,44.807123005998335],[-1.181090104074535,44.79813242848455],[-1.1779333051327154,44.798251508307935],[-1.1777661280250948,44.796003862718436],[-1.1651393020775986,44.796479264109216],[-1.1653059757901596,44.798726929067065],[-1.1621491101107344,44.79884555962033],[-1.1623156712880358,44.80109323087186],[-1.1591586664267473,44.801211776398894],[-1.159824540785329,44.810202495264654],[-1.1629820492041685,44.810083930417434],[-1.1631486769929167,44.81233160892183],[-1.1757790809550073,44.811856431439786],[-1.1756119495245705,44.809608772294176],[-1.1787693912158672,44.809489758082684]]],[[[-1.0304927239313482,44.905132355796276],[-1.0273295919357306,44.90524715257259],[-1.0271681285419565,44.90299920626988],[-1.017679034111525,44.9033430423096],[-1.0171958587593324,44.896599169312715],[-1.0140331805438898,44.89671358725054],[-1.0130679359986972,44.88322584934494],[-1.0162298563171765,44.883111459378206],[-1.015747029143623,44.876367622623036],[-1.0189085577632442,44.87625315663906],[-1.0185864849261819,44.87175728160427],[-1.0217477481642445,44.87164273495632],[-1.021586604858705,44.86939480415833],[-1.0247477289675195,44.86928017218985],[-1.0245864723477134,44.867032247435056],[-1.0309084293927977,44.86680272288925],[-1.0307469332760268,44.86455480886225],[-1.0402293932421915,44.8642098612313],[-1.0400675314852175,44.861961962638084],[-1.04954949626636,44.861616219299954],[-1.0497117365782926,44.86386410380494],[-1.059193963012998,44.86351753659841],[-1.0593565948850538,44.8657654083588],[-1.065678266468569,44.86553390425132],[-1.0658411637543848,44.867781767951755],[-1.0690021061840485,44.86766587621105],[-1.069165142716486,44.86991373655862],[-1.0723261982963284,44.86979775011248],[-1.0724893740954886,44.87204560709975],[-1.0756505428223733,44.87192952594122],[-1.0759771860716145,44.87642523453896],[-1.0791385941720653,44.87630905392723],[-1.079629035890457,44.8830526127773],[-1.0827908096466095,44.88293632795934],[-1.0837728044139865,44.89642345344905],[-1.077447728277108,44.896655989926025],[-1.0776111872994227,44.89890385830522],[-1.0744485032546627,44.89901999623741],[-1.074611849029633,44.9012678706706],[-1.0714490255569302,44.901383923301495],[-1.071612258064424,44.90363180378204],[-1.0526342848308134,44.904326257123614],[-1.0527967722013374,44.906574167217876],[-1.0306543266471597,44.90738029873902],[-1.0304927239313482,44.905132355796276]],[[-1.0584721859571515,44.89735143871733],[-1.057496253539647,44.88386408637654],[-1.054334375316266,44.88397965115156],[-1.054171891774455,44.881731759078555],[-1.0510101268102883,44.88184722914043],[-1.0508477825423497,44.87959933371235],[-1.0413627884772056,44.87994518977359],[-1.0415247539489034,44.88219309929479],[-1.038362937039012,44.88230820933396],[-1.0393342444994453,44.89579572285628],[-1.0424968192317963,44.895680584670444],[-1.0426588755356003,44.897928503576246],[-1.0458215636246733,44.89781327066648],[-1.0459837592582013,44.90006118620375],[-1.0554721245643357,44.89971493317825],[-1.055309549897738,44.897467031749976],[-1.0584721859571515,44.89735143871733]]]]}},{"type":"Feature","properties":{"category":"arrival_step","arrival_snapshot_index":3,"first_detected_utc":"2026-07-24T01:34:00+00:00","first_detected_local":"2026-07-24T03:34:00+02:00","area_km2":28.875,"label":"Première détection FIRMS","model_version":"fire_progression_arrival_v1"},"geometry":{"type":"MultiPolygon","coordinates":[[[[-1.146238763599653,44.41179894817668],[-1.1431034376307323,44.4119170182124],[-1.1426095171976878,44.405174962137586],[-1.1394745505610786,44.405292928532006],[-1.139145583855766,44.40079822511113],[-1.1203369994886099,44.40150409238127],[-1.1201732803389293,44.39925671500769],[-1.1139038963308616,44.39949128083568],[-1.1137404383769818,44.39724389596992],[-1.135682186100134,44.39642138788805],[-1.1358465127183883,44.39866873925811],[-1.1452502956576296,44.39831488330807],[-1.1454150076139833,44.40056222232676],[-1.148549699880713,44.40044408711946],[-1.1497039187828642,44.416175483919424],[-1.1465683575848018,44.416293652807155],[-1.146238763599653,44.41179894817668]]],[[[-1.1905604205947322,44.797774649903054],[-1.1874036618155492,44.79789399928153],[-1.1870685659372913,44.79339873869412],[-1.1712858296758242,44.79399408929705],[-1.171118930952781,44.79174643694635],[-1.17743181390605,44.79150857593191],[-1.1772646768914243,44.78926093474163],[-1.1867335236363967,44.78890348396979],[-1.1865660225734498,44.78665585881471],[-1.2086586485895985,44.78581869686889],[-1.2089954253083177,44.79031388043837],[-1.2121517125684729,44.79019391678098],[-1.2126573560771912,44.79693668847178],[-1.2158140073158035,44.79681662030547],[-1.2163201496640133,44.8035593904369],[-1.1910635424776574,44.80451753713065],[-1.1905604205947322,44.797774649903054]]],[[[-1.0827908096466095,44.88293632795934],[-1.079629035890457,44.8830526127773],[-1.0791385941720653,44.87630905392723],[-1.0759771860716145,44.87642523453896],[-1.0756505428223733,44.87192952594122],[-1.0724893740954886,44.87204560709975],[-1.0723261982963284,44.86979775011248],[-1.069165142716486,44.86991373655862],[-1.0690021061840485,44.86766587621105],[-1.0658411637543848,44.867781767951755],[-1.065678266468569,44.86553390425132],[-1.0593565948850538,44.8657654083588],[-1.059193963012998,44.86351753659841],[-1.0497117365782926,44.86386410380494],[-1.04954949626636,44.861616219299954],[-1.0400675314852175,44.861961962638084],[-1.0402293932421915,44.8642098612313],[-1.0307469332760268,44.86455480886225],[-1.0309084293927977,44.86680272288925],[-1.0245864723477134,44.867032247435056],[-1.0247477289675195,44.86928017218985],[-1.021586604858705,44.86939480415833],[-1.0217477481642445,44.87164273495632],[-1.0185864849261819,44.87175728160427],[-1.0189085577632442,44.87625315663906],[-1.015747029143623,44.876367622623036],[-1.0146208833509163,44.86063205137466],[-1.0209421606379658,44.86040309472299],[-1.020781081825398,44.8581551708202],[-1.0239415749549428,44.85804056220418],[-1.0237803828706213,44.85579264436042],[-1.0269407369320078,44.85567795044883],[-1.0266181391709894,44.8511821282882],[-1.0297782280247954,44.85106735376548],[-1.0296168223766846,44.848819449458404],[-1.0454164420140961,44.8482442509385],[-1.0452544186949733,44.84599637147021],[-1.0515739236188393,44.84576567180471],[-1.0514116610616566,44.843517803140735],[-1.054571267948707,44.84340232309446],[-1.0547336566058563,44.84565018705303],[-1.057893376596211,44.84553461235615],[-1.058055904358469,44.84778247300926],[-1.0612157374490094,44.8476668036548],[-1.061541084243763,44.85216251973186],[-1.0647011565567714,44.852046750995896],[-1.0648639756209517,44.85429460640883],[-1.068024161036376,44.85417874299754],[-1.068187119277512,44.85642659507911],[-1.0745077032522605,44.85619458893135],[-1.074670926841277,44.858442432945544],[-1.0841520832359695,44.85809373481712],[-1.0843156983645172,44.86034156600535],[-1.0937971153504966,44.85999204397758],[-1.0936331217628499,44.857744227030494],[-1.1031140421507486,44.85739390960108],[-1.1032784141833207,44.859641712274104],[-1.1001179943839148,44.85975857947161],[-1.1002822534179724,44.86200638828359],[-1.0971216943119966,44.8621231702765],[-1.0972858403274506,44.86437098522085],[-1.1036071977248245,44.86413732174803],[-1.1034427993741538,44.861889516324204],[-1.119245331556596,44.861303807050135],[-1.1190803156055906,44.859056026864266],[-1.125400983785479,44.85882112298062],[-1.1252357287700467,44.85657335374168],[-1.1315560917691503,44.85633809961058],[-1.1313905977342154,44.8540903413357],[-1.1471906426445284,44.85350065585972],[-1.147356767267822,44.855748390108005],[-1.1505168625159692,44.85563017835356],[-1.1511819985495364,44.86462110982124],[-1.144860785645685,44.86485748189943],[-1.1450268506064791,44.86710522781541],[-1.141866098042864,44.86722328371621],[-1.142032050122507,44.86947103580329],[-1.1388711580958288,44.869589006540686],[-1.139036997274228,44.87183676479227],[-1.1358759657813013,44.87195465035859],[-1.1360416920383647,44.87420241476804],[-1.129719336853868,44.874437925560514],[-1.1298848239566497,44.87668570091745],[-1.126723500270358,44.8768033261317],[-1.1268888743999637,44.87905110762983],[-1.1174044452507337,44.8794034577018],[-1.1175694539100385,44.8816512549022],[-1.1080845271191633,44.882002809362604],[-1.108249170235158,44.88425062223025],[-1.1019255672576138,44.884484551411866],[-1.1020899710262186,44.8867323751512],[-1.0957660628469388,44.88696595383799],[-1.0959302272231846,44.889213788431846],[-1.0927681271258183,44.88933044751715],[-1.0929321783584995,44.8915782881984],[-1.089769938828802,44.8916948620216],[-1.089933876897797,44.89394270878362],[-1.0867714979326166,44.894059197337],[-1.086935322817802,44.89630705017315],[-1.0837728044139865,44.89642345344905],[-1.0827908096466095,44.88293632795934]]],[[[-1.0100667183867154,44.885588106913524],[-1.0132287778785418,44.88547380230067],[-1.0138722742368473,44.89446562758234],[-1.0107097094741964,44.894579950827946],[-1.0100667183867154,44.885588106913524]]]]}},{"type":"Feature","properties":{"category":"arrival_step","arrival_snapshot_index":4,"first_detected_utc":"2026-07-24T02:11:00+00:00","first_detected_local":"2026-07-24T04:11:00+02:00","area_km2":15.25,"label":"Première détection FIRMS","model_version":"fire_progression_arrival_v1"},"geometry":{"type":"MultiPolygon","coordinates":[[[[-1.1454150076139833,44.40056222232676],[-1.1452502956576296,44.39831488330807],[-1.1515194189169753,44.39807853330913],[-1.1518493522997273,44.4025731941511],[-1.1549841424812204,44.40245487570764],[-1.155314376491785,44.40694953511731],[-1.1521793380798402,44.407067863197604],[-1.152674415022342,44.413809882092266],[-1.1495389910840692,44.41392813539891],[-1.148549699880713,44.40044408711946],[-1.1454150076139833,44.40056222232676]]],[[[-1.1418816661140092,44.781573907471106],[-1.1420473660660826,44.78382159585492],[-1.1199545434711766,44.78464548463782],[-1.1197897241094856,44.78239776268892],[-1.1418816661140092,44.781573907471106]]],[[[-1.1882416359964363,44.809132176223855],[-1.1879064061185836,44.804636901096856],[-1.2163201496640133,44.8035593904369],[-1.2158140073158035,44.79681662030547],[-1.2126573560771912,44.79693668847178],[-1.2121517125684729,44.79019391678098],[-1.2089954253083177,44.79031388043837],[-1.2086586485895985,44.78581869686889],[-1.1865660225734498,44.78665585881471],[-1.1867335236363967,44.78890348396979],[-1.1772646768914243,44.78926093474163],[-1.17743181390605,44.79150857593191],[-1.171118930952781,44.79174643694635],[-1.1712858296758242,44.79399408929705],[-1.1618160277070377,44.79435022150279],[-1.1616495064774515,44.79210255464348],[-1.1679624694570574,44.79186523268924],[-1.1677957098962908,44.7896175769691],[-1.1741083679075073,44.789379905323145],[-1.1739413700603616,44.787132260759286],[-1.1802537230559615,44.786894239455066],[-1.1800864869672405,44.78464660606459],[-1.189554538789538,44.78428891492687],[-1.1893869387240956,44.78204129758783],[-1.2020103170992122,44.781563137952794],[-1.2018422273663485,44.779315541575436],[-1.2207761370927759,44.778595636783486],[-1.2206073063072624,44.776348071218095],[-1.2269182502159017,44.77610739422887],[-1.2270873324842788,44.77835494998942],[-1.2333984738172228,44.77811390393812],[-1.2335678210966128,44.78036145136204],[-1.2367234972119001,44.78024078870101],[-1.236892983783285,44.78248833268877],[-1.2400487721064593,44.78236757529229],[-1.2410667308313286,44.795852840574135],[-1.2379101877734855,44.79597362749069],[-1.2380797692139887,44.79822118173873],[-1.2349230867728092,44.798341883730686],[-1.2350925559368036,44.80058944434831],[-1.2319357341090422,44.80071006140798],[-1.2321050909765219,44.80295762838858],[-1.2257911550088796,44.803198602773584],[-1.2259602736992234,44.805446181017366],[-1.2070173863798963,44.806166976997076],[-1.2071857633366088,44.80841458604929],[-1.1913990241254804,44.80901280253141],[-1.1915667850719749,44.8112604373964],[-1.1852517436066996,44.81149910463512],[-1.1850842344618129,44.809251460046944],[-1.1882416359964363,44.809132176223855]]],[[[-1.0482520411895393,44.84363319324488],[-1.0480899177089091,44.84138532128673],[-1.0512494114895399,44.841269935884135],[-1.0510871749009325,44.83902207003829],[-1.054246529618162,44.83890659940224],[-1.0540841799416498,44.836658739675364],[-1.0572433955985923,44.836543183813546],[-1.057730861840654,44.843286753106646],[-1.0514116610616566,44.843517803140735],[-1.0515739236188393,44.84576567180471],[-1.0452544186949733,44.84599637147021],[-1.0450924083423945,44.843748493406345],[-1.0482520411895393,44.84363319324488]]],[[[-1.1471906426445284,44.85350065585972],[-1.1313905977342154,44.8540903413357],[-1.1315560917691503,44.85633809961058],[-1.1252357287700467,44.85657335374168],[-1.125400983785479,44.85882112298062],[-1.1190803156055906,44.859056026864266],[-1.119245331556596,44.861303807050135],[-1.1034427993741538,44.861889516324204],[-1.1036071977248245,44.86413732174803],[-1.0972858403274506,44.86437098522085],[-1.0971216943119966,44.8621231702765],[-1.1002822534179724,44.86200638828359],[-1.1001179943839148,44.85975857947161],[-1.1127595945918067,44.85929057091037],[-1.1125948441285143,44.857042782544305],[-1.1189153128630591,44.85680824805445],[-1.1187503233274176,44.85456047062406],[-1.1250704869815855,44.854325585881725],[-1.1249052584185075,44.85207781940419],[-1.1501843743492894,44.8511347208703],[-1.150350611779784,44.853382448921565],[-1.156670510123187,44.85314576520689],[-1.1573366019224742,44.86213665260881],[-1.1541761549096101,44.86225505873464],[-1.1543425850359748,44.864502788835],[-1.1511819985495364,44.86462110982124],[-1.1505168625159692,44.85563017835356],[-1.147356767267822,44.855748390108005],[-1.1471906426445284,44.85350065585972]]],[[[-1.1483537943056241,44.86923482440819],[-1.1451929288624538,44.86935297509226],[-1.1453590204152049,44.871600723726615],[-1.142198015488879,44.871718789248085],[-1.1423639941435757,44.87396654404721],[-1.1360416920383647,44.87420241476804],[-1.1358759657813013,44.87195465035859],[-1.139036997274228,44.87183676479227],[-1.1388711580958288,44.869589006540686],[-1.142032050122507,44.86947103580329],[-1.141866098042864,44.86722328371621],[-1.1450268506064791,44.86710522781541],[-1.144860785645685,44.86485748189943],[-1.1511819985495364,44.86462110982124],[-1.1513483158381193,44.86686884610622],[-1.1481875898749119,44.86698708194522],[-1.1483537943056241,44.86923482440819]]],[[[-1.0077077854528307,44.89694215302503],[-1.0075471318330795,44.894694184043104],[-1.0043845413235648,44.894808327227274],[-1.0037425607962767,44.88581644609123],[-1.0069046460226065,44.88570232151056],[-1.0067440567293997,44.88345435924309],[-1.0099060027994182,44.88334014930008],[-1.009745300082858,44.88109219303947],[-1.0160689010371933,44.88086351243622],[-1.0162298563171765,44.883111459378206],[-1.0130679359986972,44.88322584934494],[-1.0132287778785418,44.88547380230067],[-1.0100667183867154,44.885588106913524],[-1.0107097094741964,44.894579950827946],[-1.0138722742368473,44.89446562758234],[-1.0140331805438898,44.89671358725054],[-1.0171958587593324,44.896599169312715],[-1.017356904307849,44.89884712565071],[-1.011031282282549,44.89907588081427],[-1.0108704894383669,44.89682791515483],[-1.0077077854528307,44.89694215302503]]],[[[-1.089769938828802,44.8916948620216],[-1.0929321783584995,44.8915782881984],[-1.0927681271258183,44.88933044751715],[-1.0959302272231846,44.889213788431846],[-1.0957660628469388,44.88696595383799],[-1.1020899710262186,44.8867323751512],[-1.1019255672576138,44.884484551411866],[-1.108249170235158,44.88425062223025],[-1.1080845271191633,44.882002809362604],[-1.1144078248472846,44.881768529719615],[-1.1145727204699216,44.88401633304108],[-1.1114109519504163,44.88413352263633],[-1.1115757345162758,44.88638133207223],[-1.1052519053701442,44.88661545079747],[-1.1054164485833031,44.88886327110921],[-1.1022543879619866,44.888980200227294],[-1.102418818066498,44.89122802663679],[-1.0992566179874084,44.89134487050542],[-1.0994209349631519,44.89359270300604],[-1.0930962427313213,44.89382613021028],[-1.0932603202458626,44.8960739735494],[-1.086935322817802,44.89630705017315],[-1.0867714979326166,44.894059197337],[-1.089933876897797,44.89394270878362],[-1.089769938828802,44.8916948620216]]],[[[-1.0654493120425066,44.90611153963051],[-1.0527967722013374,44.906574167217876],[-1.0526342848308134,44.904326257123614],[-1.0652863191893651,44.9038636483873],[-1.0654493120425066,44.90611153963051]]]]}},{"type":"Feature","properties":{"category":"arrival_step","arrival_snapshot_index":5,"first_detected_utc":"2026-07-24T02:28:00+00:00","first_detected_local":"2026-07-24T04:28:00+02:00","area_km2":1.375,"label":"Première détection FIRMS","model_version":"fire_progression_arrival_v1"},"geometry":{"type":"MultiPolygon","coordinates":[[[[-1.1792712033594888,44.81623272528786],[-1.1789366485527244,44.81173741237947],[-1.1915667850719749,44.8112604373964],[-1.1913990241254804,44.80901280253141],[-1.2040284423856298,44.80853440907976],[-1.2041967069160358,44.810782024454525],[-1.19472428568382,44.81114096896812],[-1.1948921859559198,44.813388600404366],[-1.1885769194966136,44.813627457119466],[-1.1887445813590887,44.81587509972202],[-1.1792712033594888,44.81623272528786]]],[[[-1.007868451942526,44.89919012333972],[-1.0047056087310147,44.89930427582684],[-1.0043845413235648,44.894808327227274],[-1.0075471318330795,44.894694184043104],[-1.0077077854528307,44.89694215302503],[-1.0108704894383669,44.89682791515483],[-1.011031282282549,44.89907588081427],[-1.0141940997410137,44.89896154825109],[-1.0143550318297654,44.90120951058061],[-1.0080291313037093,44.901438094983774],[-1.007868451942526,44.89919012333972]]],[[[-1.0744485032546627,44.89901999623741],[-1.0776111872994227,44.89890385830522],[-1.077447728277108,44.896655989926025],[-1.086935322817802,44.89630705017315],[-1.0870991608261555,44.8985549043336],[-1.0807738582496356,44.89878763034346],[-1.0809374567068164,44.90103549530804],[-1.074611849029633,44.9012678706706],[-1.0744485032546627,44.89901999623741]]]]}},{"type":"Feature","properties":{"category":"arrival_step","arrival_snapshot_index":6,"first_detected_utc":"2026-07-24T03:13:00+00:00","first_detected_local":"2026-07-24T05:13:00+02:00","area_km2":2.875,"label":"Première détection FIRMS","model_version":"fire_progression_arrival_v1"},"geometry":{"type":"MultiPolygon","coordinates":[[[[-1.1411201680381446,44.42776656801707],[-1.1442563763795581,44.42764855357299],[-1.1437621812816865,44.42090645483346],[-1.1468980039262855,44.42078836556338],[-1.1465683575848018,44.416293652807155],[-1.1497039187828642,44.416175483919424],[-1.1495389910840692,44.41392813539891],[-1.152674415022342,44.413809882092266],[-1.1534998054233832,44.425046620893],[-1.1503637605825403,44.42516489828041],[-1.1505287537913804,44.42741225692362],[-1.1473925716339073,44.427530449874986],[-1.1475574537281217,44.42977781534605],[-1.1412848016850532,44.43001394310397],[-1.1411201680381446,44.42776656801707]]],[[[-1.156670510123187,44.85314576520689],[-1.150350611779784,44.853382448921565],[-1.1501843743492894,44.8511347208703],[-1.1470245313168876,44.851252922992394],[-1.1468584332833056,44.84900519150937],[-1.156337544184523,44.84865032977426],[-1.156504020491772,44.85089804679873],[-1.1628236133375918,44.850661012961204],[-1.1629903551635337,44.85290872171162],[-1.1661502576699694,44.85279006504771],[-1.1664840335808015,44.85728547701556],[-1.1633238788545301,44.85740414334877],[-1.1634906607227857,44.85965185622875],[-1.1571700589784102,44.85988892869969],[-1.156670510123187,44.85314576520689]]],[[[-1.0010615498777005,44.89267440343542],[-0.9978990600005742,44.89278836191207],[-0.9977388110981876,44.89054038166385],[-1.0009011746463998,44.89042642783085],[-1.0005804627177888,44.88593048065499],[-1.0037425607962767,44.88581644609123],[-1.0045450685973525,44.897056300860584],[-1.0013823388820011,44.897170358660915],[-1.0010615498777005,44.89267440343542]]],[[[-1.0497959786737052,44.90893751511456],[-1.043469351819498,44.909168117944944],[-1.0433072305888709,44.906920192437205],[-1.0654493120425066,44.90611153963051],[-1.0656123179546317,44.9083594321859],[-1.0592858213534115,44.9085909355007],[-1.059448587547625,44.91083883879858],[-1.0499583656884808,44.91118543253549],[-1.0497959786737052,44.90893751511456]]]]}},{"type":"Feature","properties":{"category":"arrival_step","arrival_snapshot_index":7,"first_detected_utc":"2026-07-24T03:48:00+00:00","first_detected_local":"2026-07-24T05:48:00+02:00","area_km2":22.75,"label":"Première détection FIRMS","model_version":"fire_progression_arrival_v1"},"geometry":{"type":"MultiPolygon","coordinates":[[[[-1.0840167308150204,44.42088574125025],[-1.0838543979605206,44.4186382904008],[-1.0807185639514603,44.41875458522862],[-1.080394185299673,44.414259680167916],[-1.0772585867906326,44.41437587628397],[-1.0767724879103826,44.40763351982443],[-1.0799077139183277,44.40751733790369],[-1.0797455825441047,44.40526989458285],[-1.0828806715307397,44.405153628168044],[-1.082718428894329,44.40290619163784],[-1.0889883199391424,44.40267340061461],[-1.0888258419369399,44.40042597562345],[-1.0919606439899179,44.400309451026814],[-1.091798054776077,44.39806203284285],[-1.0980673719229832,44.39782872550367],[-1.0982302093559608,44.400076134186264],[-1.0950954331328582,44.40019283721421],[-1.09574641564333,44.40918251153646],[-1.0988816883996573,44.40906578949647],[-1.0998592950698785,44.42255033383281],[-1.090451202722931,44.42290031776992],[-1.0902886085495,44.420652874371996],[-1.0840167308150204,44.42088574125025]]],[[[-1.1383129785303134,44.432379254997365],[-1.1414494484107691,44.43226132020262],[-1.1412848016850532,44.43001394310397],[-1.1475574537281217,44.42977781534605],[-1.1473925716339073,44.427530449874986],[-1.1505287537913804,44.42741225692362],[-1.1503637605825403,44.42516489828041],[-1.1534998054233832,44.425046620893],[-1.1521793380798402,44.407067863197604],[-1.155314376491785,44.40694953511731],[-1.1549841424812204,44.40245487570764],[-1.1612536835069898,44.402217971185976],[-1.1615844139690958,44.40671261130021],[-1.164719413014859,44.406594015564544],[-1.1652159796060226,44.413335976566685],[-1.1620806081551238,44.41345458679177],[-1.1625769205701084,44.420196580587195],[-1.159441163484595,44.42031511606397],[-1.1597718557504408,44.42480979837304],[-1.1566358371492869,44.424928254257026],[-1.1568010787764502,44.42717560326308],[-1.1536649228421654,44.42729397471945],[-1.1539951970307945,44.431788688411835],[-1.1508587795306873,44.431906980250176],[-1.1510238120642744,44.43415434492679],[-1.1478872572134153,44.43427255231885],[-1.1480521786076145,44.43651992381388],[-1.1417787811048516,44.436756080421794],[-1.1416141082168494,44.43450869930968],[-1.1384775140907764,44.43462663890732],[-1.1383129785303134,44.432379254997365]]],[[[-1.1039741181048335,44.435918082802694],[-1.1071108554840992,44.435801125161944],[-1.1072741614769015,44.43804855890879],[-1.11041101015319,44.43793150722956],[-1.1105744534022302,44.4401789382133],[-1.113711413372449,44.44006179248866],[-1.11387499389737,44.44230922070194],[-1.1013265789693119,44.44277728699001],[-1.1005112917302324,44.43154007065841],[-1.1036477935549907,44.43142321180848],[-1.1039741181048335,44.435918082802694]]],[[[-1.1170120651584254,44.44219198092501],[-1.120149123411452,44.442074651867266],[-1.1199852943130908,44.43982723320662],[-1.1293960180772527,44.439474724710266],[-1.1292318291761179,44.437227322404965],[-1.1323685867491577,44.437109645814694],[-1.1326972261468466,44.441604442839385],[-1.1295602200241475,44.44172212901474],[-1.1297244350183573,44.443969535315034],[-1.1265872915572308,44.44408713700106],[-1.126751395299371,44.44633455008325],[-1.1204768206632756,44.4465694951745],[-1.1203129655276638,44.444322072524336],[-1.1171757829788687,44.44443940636043],[-1.1170120651584254,44.44219198092501]]],[[[-1.125771671212072,44.77766740436463],[-1.1383946054396052,44.77719648865965],[-1.1385601531298861,44.77944417886774],[-1.141715979406687,44.779326220576216],[-1.1418816661140092,44.781573907471106],[-1.1197897241094856,44.78239776268892],[-1.1196249179225435,44.78015004223044],[-1.1259367157910036,44.77991511375843],[-1.125771671212072,44.77766740436463]]],[[[-1.1548377613189467,44.78559649651911],[-1.1706183148336033,44.78500348872889],[-1.1707851735332684,44.78725113665891],[-1.1739413700603616,44.787132260759286],[-1.1741083679075073,44.789379905323145],[-1.1677957098962908,44.7896175769691],[-1.1679624694570574,44.79186523268924],[-1.1584930050135762,44.79222108085369],[-1.1581602541296303,44.78772574189377],[-1.1550039910049084,44.78784416860871],[-1.1548377613189467,44.78559649651911]]],[[[-1.1885769194966136,44.813627457119466],[-1.1948921859559198,44.813388600404366],[-1.19472428568382,44.81114096896812],[-1.2041967069160358,44.810782024454525],[-1.2040284423856298,44.80853440907976],[-1.2071857633366088,44.80841458604929],[-1.2070173863798963,44.806166976997076],[-1.2259602736992234,44.805446181017366],[-1.2262985516537603,44.80994134183053],[-1.2168264134441604,44.81030217359128],[-1.2166576453556461,44.80805457776512],[-1.2103430708219438,44.808294673152965],[-1.2105115871346341,44.81054227876073],[-1.2073541537589636,44.81066219654238],[-1.2075225576485764,44.81290980847299],[-1.2043649849036888,44.81302964126703],[-1.204701581257185,44.81752487919166],[-1.1952280267881918,44.81788386757843],[-1.1950600996568397,44.815636233275605],[-1.1887445813590887,44.81587509972202],[-1.1885769194966136,44.813627457119466]]],[[[-1.0930962427313213,44.89382613021028],[-1.0994209349631519,44.89359270300604],[-1.0992566179874084,44.89134487050542],[-1.102418818066498,44.89122802663679],[-1.1022543879619866,44.888980200227294],[-1.1054164485833031,44.88886327110921],[-1.1052519053701442,44.88661545079747],[-1.1115757345162758,44.88638133207223],[-1.1114109519504163,44.88413352263633],[-1.1145727204699216,44.88401633304108],[-1.1144078248472846,44.881768529719615],[-1.1175694539100385,44.8816512549022],[-1.1174044452507337,44.8794034577018],[-1.1268888743999637,44.87905110762983],[-1.126723500270358,44.8768033261317],[-1.1298848239566497,44.87668570091745],[-1.129719336853868,44.874437925560514],[-1.1423639941435757,44.87396654404721],[-1.142198015488879,44.871718789248085],[-1.1453590204152049,44.871600723726615],[-1.1451929288624538,44.86935297509226],[-1.1483537943056241,44.86923482440819],[-1.1481875898749119,44.86698708194522],[-1.1513483158381193,44.86686884610622],[-1.1511819985495364,44.86462110982124],[-1.1543425850359748,44.864502788835],[-1.1541761549096101,44.86225505873464],[-1.1573366019224742,44.86213665260881],[-1.1571700589784102,44.85988892869969],[-1.1634906607227857,44.85965185622875],[-1.1633238788545301,44.85740414334877],[-1.1664840335808015,44.85728547701556],[-1.1661502576699694,44.85279006504771],[-1.1629903551635337,44.85290872171162],[-1.1628236133375918,44.850661012961204],[-1.1691431528064655,44.850423619362324],[-1.1693101468205325,44.85267131844039],[-1.1756298850138955,44.85243355539789],[-1.175797144595655,44.85468124616807],[-1.1789571197168687,44.85456222488487],[-1.1796267964301312,44.86355298228979],[-1.1764663168146066,44.86367202297177],[-1.1768009832817203,44.86816741956013],[-1.1609971229096272,44.86876132195304],[-1.161163845370316,44.87100904648037],[-1.1580029070363176,44.87112756187955],[-1.1583361396181946,44.87562302464816],[-1.1551749355555199,44.8757414597237],[-1.1555079690741228,44.880236937530015],[-1.1491850160934582,44.88047355701491],[-1.1493513003890603,44.882721307570954],[-1.1335430539130575,44.88331130547414],[-1.1337087202836873,44.885559081407386],[-1.1305469048967998,44.885676815795534],[-1.1307124582720463,44.887924597860746],[-1.1275505033627806,44.888042247040964],[-1.1277159437225324,44.89029003523151],[-1.1119053392415859,44.8908769549491],[-1.1120701614042046,44.89312476838328],[-1.1089078745719207,44.893241887064335],[-1.1090725836322217,44.89548970659683],[-1.1059101573019212,44.89560674002998],[-1.106074753239782,44.89785456565415],[-1.0870991608261555,44.8985549043336],[-1.086935322817802,44.89630705017315],[-1.0932603202458626,44.8960739735494],[-1.0930962427313213,44.89382613021028]]],[[[-1.1070011641875686,44.780618821204854],[-1.1133130673613985,44.78038461138077],[-1.1134776219568672,44.78263234139604],[-1.1197897241094856,44.78239776268892],[-1.1199545434711766,44.78464548463782],[-1.1104859930855504,44.78499723227622],[-1.110650448173984,44.78724497004306],[-1.1043377638610277,44.78747902880813],[-1.1040093700923441,44.78298353569115],[-1.1071654671852624,44.78286656076228],[-1.1070011641875686,44.780618821204854]]],[[[-1.086216834657109,44.79941795015486],[-1.0925309348636958,44.79918492206862],[-1.0926947135611802,44.80143269726117],[-1.0895375441115762,44.80154926098598],[-1.0897012100071664,44.803797042393015],[-1.0833865800531275,44.804029909722566],[-1.083223165960585,44.801782118828044],[-1.0863803615747072,44.801665734841784],[-1.086216834657109,44.79941795015486]]],[[[-1.0592647497807746,44.8206926257399],[-1.0655813517123585,44.82046113040327],[-1.0657441144715674,44.82270896128803],[-1.062585694017168,44.822824758625984],[-1.0627483437941325,44.825072595665695],[-1.0595897843235689,44.825188307811246],[-1.0597523210982356,44.82743615099925],[-1.0565936226083892,44.827551777944706],[-1.0562688140848966,44.82305608358045],[-1.0594272605516022,44.82294046605699],[-1.0592647497807746,44.8206926257399]]],[[[-1.035451812952037,44.841845963501214],[-1.038611358566332,44.84173093785811],[-1.038449626312852,44.839483053228776],[-1.0510871749009325,44.83902207003829],[-1.0512494114895399,44.841269935884135],[-1.0480899177089091,44.84138532128673],[-1.0482520411895393,44.84363319324488],[-1.0450924083423945,44.843748493406345],[-1.0454164420140961,44.8482442509385],[-1.0327767721801209,44.848704589658915],[-1.0326152533290185,44.846456691433936],[-1.0357750640851855,44.84634174636531],[-1.035451812952037,44.841845963501214]]],[[[-1.1061098376357386,44.85502916067923],[-1.1187503233274176,44.85456047062406],[-1.1189153128630591,44.85680824805445],[-1.1125948441285143,44.857042782544305],[-1.1127595945918067,44.85929057091037],[-1.1032784141833207,44.859641712274104],[-1.1031140421507486,44.85739390960108],[-1.1062743226467417,44.85727695720664],[-1.1061098376357386,44.85502916067923]]],[[[-1.0652863191893651,44.9038636483873],[-1.071612258064424,44.90363180378204],[-1.0714490255569302,44.901383923301495],[-1.0809374567068164,44.90103549530804],[-1.0807738582496356,44.89878763034346],[-1.0870991608261555,44.8985549043336],[-1.0874268762186712,44.90305061661379],[-1.0842639788033421,44.90316703412003],[-1.0844277298333507,44.90541489697689],[-1.0812646929413123,44.905531229187616],[-1.081428330721774,44.90777909809584],[-1.0751019648771452,44.90801150186668],[-1.0749385798393039,44.90576362348862],[-1.0654493120425066,44.90611153963051],[-1.0652863191893651,44.9038636483873]]],[[[-1.043469351819498,44.909168117944944],[-1.0497959786737052,44.90893751511456],[-1.0499583656884808,44.91118543253549],[-1.046794932365163,44.911300783675976],[-1.0469572059853447,44.91354870710394],[-1.0374664488172238,44.91389423428183],[-1.0369808045546907,44.90715042568389],[-1.0433072305888709,44.906920192437205],[-1.043469351819498,44.909168117944944]]]]}},{"type":"Feature","properties":{"category":"arrival_step","arrival_snapshot_index":8,"first_detected_utc":"2026-07-24T10:06:00+00:00","first_detected_local":"2026-07-24T12:06:00+02:00","area_km2":2.312,"label":"Première détection FIRMS","model_version":"fire_progression_arrival_v1"},"geometry":{"type":"MultiPolygon","coordinates":[[[[-1.109731551825378,44.90448099792129],[-1.1095667899811275,44.90223317311776],[-1.1064039846724787,44.90235022085808],[-1.1062393623627733,44.90010239259797],[-1.1030766702035915,44.900219345540975],[-1.1029121874082985,44.89797151383175],[-1.106074753239782,44.89785456565415],[-1.1059101573019212,44.89560674002998],[-1.1090725836322217,44.89548970659683],[-1.1089078745719207,44.893241887064335],[-1.1120701614042046,44.89312476838328],[-1.1119053392415859,44.8908769549491],[-1.1277159437225324,44.89029003523151],[-1.1280468641960224,44.89478561559425],[-1.1248845171783164,44.89490318913985],[-1.1252152380446054,44.89939878437072],[-1.122052625156677,44.899516277473495],[-1.1222178791314295,44.901764081850715],[-1.1190551266766284,44.901881489712196],[-1.119220267550106,44.90412930018538],[-1.109731551825378,44.90448099792129]]],[[[-1.0689386920290078,44.9104914346004],[-1.0687755466694502,44.908243545458525],[-1.0656123179546317,44.9083594321859],[-1.0654493120425066,44.90611153963051],[-1.0749385798393039,44.90576362348862],[-1.0752653630057527,44.910259381552954],[-1.0689386920290078,44.9104914346004]]]]}},{"type":"Feature","properties":{"category":"arrival_step","arrival_snapshot_index":9,"first_detected_utc":"2026-07-24T11:53:00+00:00","first_detected_local":"2026-07-24T13:53:00+02:00","area_km2":5.25,"label":"Première détection FIRMS","model_version":"fire_progression_arrival_v1"},"geometry":{"type":"MultiPolygon","coordinates":[[[[-1.1323685867491577,44.437109645814694],[-1.1355053312681724,44.43699187995368],[-1.1353409068925964,44.434744489239],[-1.1416141082168494,44.43450869930968],[-1.1417787811048516,44.436756080421794],[-1.1480521786076145,44.43651992381388],[-1.1482171131049268,44.43876729731021],[-1.1325328999202127,44.43935704332756],[-1.1323685867491577,44.437109645814694]]],[[[-1.05910225200953,44.81844478686335],[-1.0622604334951788,44.81832908886082],[-1.0620978227470346,44.8160812561421],[-1.0715719112002025,44.815733636902486],[-1.071897901565419,44.82022927545563],[-1.0592647497807746,44.8206926257399],[-1.05910225200953,44.81844478686335]]],[[[-1.1551749355555199,44.8757414597237],[-1.1583361396181946,44.87562302464816],[-1.1580029070363176,44.87112756187955],[-1.161163845370316,44.87100904648037],[-1.1609971229096272,44.86876132195304],[-1.1704794792542499,44.86840525042307],[-1.170813694605479,44.872900671814094],[-1.1676526701638077,44.87301946197283],[-1.1678196717154672,44.875267179533736],[-1.161497330339111,44.87550449959093],[-1.161664092850421,44.877752228167395],[-1.1553414456481657,44.877989197955166],[-1.1551749355555199,44.8757414597237]]],[[[-1.1222178791314295,44.901764081850715],[-1.122052625156677,44.899516277473495],[-1.1252152380446054,44.89939878437072],[-1.1248845171783164,44.89490318913985],[-1.1280468641960224,44.89478561559425],[-1.1275505033627806,44.888042247040964],[-1.1307124582720463,44.887924597860746],[-1.1305469048967998,44.885676815795534],[-1.1337087202836873,44.885559081407386],[-1.1335430539130575,44.88331130547414],[-1.1367047297807507,44.88319348588579],[-1.1370363283027245,44.88768902948531],[-1.133874399922047,44.887806858675326],[-1.1347029971855418,44.899045764917],[-1.131540424069101,44.89916352809189],[-1.1317060570238207,44.901411318095484],[-1.12854334431509,44.90152899604179],[-1.1287088642034993,44.903776792151696],[-1.119220267550106,44.90412930018538],[-1.1190551266766284,44.901881489712196],[-1.1222178791314295,44.901764081850715]]],[[[-1.0469572059853447,44.91354870710394],[-1.046794932365163,44.911300783675976],[-1.059448587547625,44.91083883879858],[-1.0592858213534115,44.9085909355007],[-1.0687755466694502,44.908243545458525],[-1.0689386920290078,44.9104914346004],[-1.0752653630057527,44.910259381552954],[-1.0751019648771452,44.90801150186668],[-1.081428330721774,44.90777909809584],[-1.0812646929413123,44.905531229187616],[-1.0844277298333507,44.90541489697689],[-1.0842639788033421,44.90316703412003],[-1.0874268762186712,44.90305061661379],[-1.0870991608261555,44.8985549043336],[-1.0965870162301932,44.89820514011146],[-1.0967512463653446,44.900452981340486],[-1.0935885147064113,44.900569664195835],[-1.093752631655576,44.90281751149641],[-1.0905897605061048,44.9029341090724],[-1.090753764249148,44.90518196243788],[-1.087590753605986,44.905298474726784],[-1.087918547770606,44.90979419488167],[-1.0847552712531525,44.909910626620125],[-1.0850828651631703,44.914406361480154],[-1.0566105119923141,44.915450280029425],[-1.0564478461243167,44.913202369411486],[-1.0469572059853447,44.91354870710394]]]]}},{"type":"Feature","properties":{"category":"arrival_step","arrival_snapshot_index":10,"first_detected_utc":"2026-07-24T12:14:00+00:00","first_detected_local":"2026-07-24T14:14:00+02:00","area_km2":3.188,"label":"Première détection FIRMS","model_version":"fire_progression_arrival_v1"},"geometry":{"type":"MultiPolygon","coordinates":[[[[-1.2073541537589636,44.81066219654238],[-1.2105115871346341,44.81054227876073],[-1.2103430708219438,44.808294673152965],[-1.2166576453556461,44.80805457776512],[-1.2168264134441604,44.81030217359128],[-1.2136690070330367,44.81042227111016],[-1.2138376627217258,44.812669873266046],[-1.2075225576485764,44.81290980847299],[-1.2073541537589636,44.81066219654238]]],[[[-1.0381262006297645,44.834987288218386],[-1.0444444965664346,44.834756995262666],[-1.04428255102326,44.832509124271546],[-1.053759519558354,44.83216302447692],[-1.053434911124316,44.827667314974725],[-1.0565936226083892,44.827551777944706],[-1.0572433955985923,44.836543183813546],[-1.0540841799416498,44.836658739675364],[-1.054246529618162,44.83890659940224],[-1.038449626312852,44.839483053228776],[-1.0381262006297645,44.834987288218386]]],[[[-1.1398757088721456,44.840250365802234],[-1.1335571906225037,44.840486092411986],[-1.133391663221843,44.83823834867845],[-1.130232510273667,44.83835607229614],[-1.1300671221579623,44.83610832517167],[-1.1521800320615716,44.835282405123095],[-1.152346302427936,44.837530118596426],[-1.149187229096468,44.83764838174719],[-1.1493533867263246,44.83989610144316],[-1.143034948102941,44.8401323676079],[-1.1432008669219524,44.842380098331255],[-1.1400415016352863,44.84249810133331],[-1.1398757088721456,44.840250365802234]]],[[[-1.1185853469970806,44.85231269457649],[-1.1184203838704663,44.8500649199151],[-1.1215802200809344,44.84994753208586],[-1.1217453093146739,44.852195301964265],[-1.1249052584185075,44.85207781940419],[-1.1250704869815855,44.854325585881725],[-1.1124301068520288,44.85479499555809],[-1.1122653827607683,44.85254720995511],[-1.1185853469970806,44.85231269457649]]],[[[-1.1132242862897803,44.90885949936145],[-1.1130593716792516,44.90661167671621],[-1.116222403277326,44.90649443936039],[-1.1160573755252556,44.90424662279787],[-1.1223831463448066,44.904011887539795],[-1.122879027432587,44.91075531244441],[-1.1197157695577817,44.91087273944354],[-1.1198809633613847,44.913120555131194],[-1.1103907312177108,44.91347231019475],[-1.1100611151153077,44.90897665145291],[-1.1132242862897803,44.90885949936145]]]]}},{"type":"Feature","properties":{"category":"arrival_step","arrival_snapshot_index":11,"first_detected_utc":"2026-07-24T12:57:00+00:00","first_detected_local":"2026-07-24T14:57:00+02:00","area_km2":5.75,"label":"Première détection FIRMS","model_version":"fire_progression_arrival_v1"},"geometry":{"type":"Polygon","coordinates":[[[-1.1052161461935825,44.92944127633061],[-1.1048868509588305,44.92494558048681],[-1.1017227553363385,44.92506249579395],[-1.1015582539509174,44.92281464502529],[-1.0983942715860866,44.92293146550261],[-1.09822990981464,44.920683611256685],[-1.0950660407106376,44.92080033691115],[-1.0947376095144696,44.91630462276977],[-1.1042284188054317,44.91595420417784],[-1.1040638437403631,44.9137063633242],[-1.1103907312177108,44.91347231019475],[-1.1100611151153077,44.90897665145291],[-1.1132242862897803,44.90885949936145],[-1.1128944702803243,44.90436385537669],[-1.109731551825378,44.90448099792129],[-1.1095667899811275,44.90223317311776],[-1.1064039846724787,44.90235022085808],[-1.1062393623627733,44.90010239259797],[-1.1030766702035915,44.900219345540975],[-1.1029121874082985,44.89797151383175],[-1.0965870162301932,44.89820514011146],[-1.0967512463653446,44.900452981340486],[-1.0935885147064113,44.900569664195835],[-1.093752631655576,44.90281751149641],[-1.0905897605061048,44.9029341090724],[-1.090753764249148,44.90518196243788],[-1.087590753605986,44.905298474726784],[-1.087918547770606,44.90979419488167],[-1.0847552712531525,44.909910626620125],[-1.0850828651631703,44.914406361480154],[-1.0755921985415546,44.914755144836576],[-1.0762460267715372,44.92374668695351],[-1.0794101011310029,44.923630496952775],[-1.07973734676583,44.928126266262296],[-1.0829016609257673,44.92800997671477],[-1.0830654298861864,44.930257858548764],[-1.0957230610436248,44.92979178060706],[-1.095558786213844,44.92754391776489],[-1.1018872699057463,44.9273103478421],[-1.1020517976607238,44.9295582011664],[-1.1052161461935825,44.92944127633061]]]}},{"type":"Feature","properties":{"category":"arrival_step","arrival_snapshot_index":12,"first_detected_utc":"2026-07-24T13:33:00+00:00","first_detected_local":"2026-07-24T15:33:00+02:00","area_km2":7.375,"label":"Première détection FIRMS","model_version":"fire_progression_arrival_v1"},"geometry":{"type":"MultiPolygon","coordinates":[[[[-1.0945410001051554,44.78333392145388],[-1.0976971365422874,44.78321721603753],[-1.0975332109530564,44.780969462194236],[-1.1006892084810609,44.78085267169809],[-1.100525170200605,44.778604924108116],[-1.1163043319947326,44.77801964797638],[-1.1164689992235557,44.780267371721095],[-1.1196249179225435,44.78015004223044],[-1.1197897241094856,44.78239776268892],[-1.1134776219568672,44.78263234139604],[-1.1133130673613985,44.78038461138077],[-1.1070011641875686,44.780618821204854],[-1.1071654671852624,44.78286656076228],[-1.1040093700923441,44.78298353569115],[-1.1045019804364122,44.78972677759533],[-1.0981889919446761,44.789960486504995],[-1.0985169610908843,44.79445600756419],[-1.0953601954738743,44.79457273675695],[-1.0945410001051554,44.78333392145388]]],[[[-1.0472794948767263,44.83014598272802],[-1.046793396778205,44.82340239669998],[-1.0499518821881717,44.82328704890252],[-1.0496276296045408,44.81879134146732],[-1.0527858500541871,44.81867591316716],[-1.0526236172354808,44.81642806631762],[-1.0557816987291142,44.81631255282273],[-1.0556193529188134,44.81406471212729],[-1.0587772954595494,44.81394911344534],[-1.0586148366776988,44.811701278910625],[-1.0617726402686494,44.81158559504926],[-1.0616100685352898,44.809337766681885],[-1.0679253848120238,44.80910613873118],[-1.068413894739004,44.815849599877424],[-1.0620978227470346,44.8160812561421],[-1.0622604334951788,44.81832908886082],[-1.05910225200953,44.81844478686335],[-1.0594272605516022,44.82294046605699],[-1.0562688140848966,44.82305608358045],[-1.0565936226083892,44.827551777944706],[-1.053434911124316,44.827667314974725],[-1.053759519558354,44.83216302447692],[-1.04428255102326,44.832509124271546],[-1.0441206184373033,44.83026125470513],[-1.0472794948767263,44.83014598272802]]],[[[-1.1122653827607683,44.85254720995511],[-1.1124301068520288,44.85479499555809],[-1.1061098376357386,44.85502916067923],[-1.1062743226467417,44.85727695720664],[-1.1031140421507486,44.85739390960108],[-1.1027853375540702,44.85289830839984],[-1.1122653827607683,44.85254720995511]]],[[[-1.161664092850421,44.877752228167395],[-1.161497330339111,44.87550449959093],[-1.1678196717154672,44.875267179533736],[-1.1676526701638077,44.87301946197283],[-1.170813694605479,44.872900671814094],[-1.1704794792542499,44.86840525042307],[-1.1768009832817203,44.86816741956013],[-1.1774704769955038,44.877158228974665],[-1.1743092269336046,44.877277208779255],[-1.1744765076566135,44.879524919343886],[-1.1555079690741228,44.880236937530015],[-1.1553414456481657,44.877989197955166],[-1.161664092850421,44.877752228167395]]],[[[-1.0018636187658416,44.90391430148944],[-1.0017031792855189,44.90166631921907],[-0.9985401839920521,44.901780296272364],[-0.9983798837338106,44.89953231068394],[-0.9952170019682586,44.899646193052796],[-0.9945764347148661,44.89065424547149],[-0.9977388110981876,44.89054038166385],[-0.9978990600005742,44.89278836191207],[-1.0010615498777005,44.89267440343542],[-1.0013823388820011,44.897170358660915],[-1.0045450685973525,44.897056300860584],[-1.0047056087310147,44.89930427582684],[-1.007868451942526,44.89919012333972],[-1.0080291313037093,44.901438094983774],[-1.0143550318297654,44.90120951058061],[-1.0141940997410137,44.89896154825109],[-1.017356904307849,44.89884712565071],[-1.017679034111525,44.9033430423096],[-1.014515976811693,44.9034574742357],[-1.0146769346883444,44.90570543921303],[-1.0051873063066854,44.906048208689604],[-1.0050267275841371,44.90380022974473],[-1.0018636187658416,44.90391430148944]]],[[[-1.0600997827598786,44.91983046501473],[-1.0599369643883723,44.91758255651376],[-1.0567731908953408,44.91769819194666],[-1.0566105119923141,44.915450280029425],[-1.0755921985415546,44.914755144836576],[-1.0760825500653124,44.92149879948902],[-1.063426627496693,44.92196263988106],[-1.0632636696365525,44.919714734803776],[-1.0600997827598786,44.91983046501473]]],[[[-1.0950660407106376,44.92080033691115],[-1.0947376095144696,44.91630462276977],[-1.1042284188054317,44.91595420417784],[-1.1040638437403631,44.9137063633242],[-1.1103907312177108,44.91347231019475],[-1.1105555590775538,44.91572014151104],[-1.1073919955403935,44.91583721787127],[-1.1075567102014439,44.918085055250685],[-1.104393007058229,44.9182020463243],[-1.1047222231333444,44.92269773448217],[-1.0983942715860866,44.92293146550261],[-1.09822990981464,44.920683611256685],[-1.0950660407106376,44.92080033691115]]]]}},{"type":"Feature","properties":{"category":"arrival_step","arrival_snapshot_index":13,"first_detected_utc":"2026-07-24T13:55:00+00:00","first_detected_local":"2026-07-24T15:55:00+02:00","area_km2":9.75,"label":"Première détection FIRMS","model_version":"fire_progression_arrival_v1"},"geometry":{"type":"MultiPolygon","coordinates":[[[[-1.0918759510151543,44.790193836018545],[-1.0912211765975501,44.78120277368262],[-1.0975332109530564,44.780969462194236],[-1.0976971365422874,44.78321721603753],[-1.0945410001051554,44.78333392145388],[-1.0950324780296354,44.79007720618657],[-1.0918759510151543,44.790193836018545]]],[[[-1.0319693071729559,44.83746511262012],[-1.0288099878735493,44.83757994902147],[-1.02848734445418,44.83308415875567],[-1.0253282643790715,44.83319889587137],[-1.0245225118375485,44.82195942184278],[-1.0276809617521065,44.82184470809985],[-1.027519723915832,44.819596822282904],[-1.0306780349305968,44.81948202330805],[-1.0305166840016424,44.817234143614435],[-1.0368330153214993,44.817004285315164],[-1.0366714253425895,44.81475641643601],[-1.0429874530072414,44.81452620791459],[-1.0428256240231202,44.81227834986707],[-1.0522991905257706,44.81193237696497],[-1.0521369966316547,44.80968453446862],[-1.0616100685352898,44.809337766681885],[-1.0617726402686494,44.81158559504926],[-1.0586148366776988,44.811701278910625],[-1.0587772954595494,44.81394911344534],[-1.0556193529188134,44.81406471212729],[-1.0557816987291142,44.81631255282273],[-1.0526236172354808,44.81642806631762],[-1.0527858500541871,44.81867591316716],[-1.0496276296045408,44.81879134146732],[-1.0499518821881717,44.82328704890252],[-1.046793396778205,44.82340239669998],[-1.0472794948767263,44.83014598272802],[-1.0441206184373033,44.83026125470513],[-1.0444444965664346,44.834756995262666],[-1.0381262006297645,44.834987288218386],[-1.038611358566332,44.84173093785811],[-1.032292254404418,44.841960899203045],[-1.0319693071729559,44.83746511262012]]],[[[-1.1591640563921601,44.844036442421476],[-1.1370478030442661,44.84486375613922],[-1.1372134962667073,44.847111499267896],[-1.1340538523066346,44.847229332011295],[-1.1343850263470678,44.851724832042656],[-1.1217453093146739,44.852195301964265],[-1.1215802200809344,44.84994753208586],[-1.1184203838704663,44.8500649199151],[-1.1185853469970806,44.85231269457649],[-1.1027853375540702,44.85289830839984],[-1.1024566855714941,44.84840271274749],[-1.1119359741275985,44.84805164291233],[-1.1117712895825271,44.84580386147928],[-1.1149308999967649,44.84568666309086],[-1.1147661025504132,44.843438887829606],[-1.1210850316464291,44.8432042308003],[-1.1209199952518838,44.84095646649959],[-1.1240793139283773,44.84083900787062],[-1.1239141646843025,44.838591249758366],[-1.1270733440911425,44.83847370598965],[-1.1269080820176045,44.83622595407247],[-1.1300671221579623,44.83610832517167],[-1.130232510273667,44.83835607229614],[-1.133391663221843,44.83823834867845],[-1.1335571906225037,44.840486092411986],[-1.1398757088721456,44.840250365802234],[-1.1400415016352863,44.84249810133331],[-1.1432008669219524,44.842380098331255],[-1.143034948102941,44.8401323676079],[-1.1493533867263246,44.83989610144316],[-1.149187229096468,44.83764838174719],[-1.152346302427936,44.837530118596426],[-1.1520137749981658,44.83303469305731],[-1.1583313776429103,44.83279791629045],[-1.1581648818636956,44.83055021528221],[-1.1613235372027682,44.83043169685976],[-1.1624901697168168,44.84616559961353],[-1.1688092048696468,44.84592822535809],[-1.1691431528064655,44.850423619362324],[-1.1596638235817829,44.850779574850435],[-1.1591640563921601,44.844036442421476]]]]}},{"type":"Feature","properties":{"category":"arrival_step","arrival_snapshot_index":14,"first_detected_utc":"2026-07-24T14:54:00+00:00","first_detected_local":"2026-07-24T16:54:00+02:00","area_km2":36.5,"label":"Première détection FIRMS","model_version":"fire_progression_arrival_v1"},"geometry":{"type":"MultiPolygon","coordinates":[[[[-1.1568010787764502,44.42717560326308],[-1.1566358371492869,44.424928254257026],[-1.1597718557504408,44.42480979837304],[-1.159441163484595,44.42031511606397],[-1.1625769205701084,44.420196580587195],[-1.1620806081551238,44.41345458679177],[-1.1652159796060226,44.413335976566685],[-1.1660438535392572,44.42457261886332],[-1.1629078612170347,44.42469125324161],[-1.1632388544414434,44.429185933964064],[-1.1569663335299265,44.42942295428321],[-1.1571316014112776,44.431670307314064],[-1.1539951970307945,44.431788688411835],[-1.1536649228421654,44.42729397471945],[-1.1568010787764502,44.42717560326308]]],[[[-1.1704514694718677,44.782755842279194],[-1.1699510133982638,44.77601291184576],[-1.1731065810355799,44.77589406015837],[-1.1727727588276005,44.771398790349565],[-1.1790833511053407,44.771160836913246],[-1.17891620855849,44.76891321395141],[-1.1915367298510315,44.7684362488128],[-1.1913690978177298,44.76618864678464],[-1.2071438194152744,44.76559044417925],[-1.207312079966439,44.76783802183731],[-1.2104671096895956,44.767718107041134],[-1.2106355093961207,44.76996568131542],[-1.2169457798752392,44.76972557254531],[-1.2171144444726008,44.771973138535735],[-1.2202696852137342,44.771852944551846],[-1.2204384890147872,44.77410050713977],[-1.2235938419883725,44.77398021845116],[-1.223762785013097,44.7762277776291],[-1.2206073063072624,44.776348071218095],[-1.2207761370927759,44.778595636783486],[-1.2018422273663485,44.779315541575436],[-1.2020103170992122,44.781563137952794],[-1.1893869387240956,44.78204129758783],[-1.189554538789538,44.78428891492687],[-1.1800864869672405,44.78464660606459],[-1.1802537230559615,44.786894239455066],[-1.1739413700603616,44.787132260759286],[-1.1736074144130566,44.78263697606512],[-1.1704514694718677,44.782755842279194]]],[[[-1.0300327086460928,44.81049051324176],[-1.0297101229196826,44.80599476695053],[-1.0391827111557732,44.805649914911974],[-1.0390210598594476,44.80340205801411],[-1.0484931539706623,44.80305641112357],[-1.048331137863686,44.80080856977715],[-1.0578027376375423,44.800462128114965],[-1.0576403567924324,44.79821430235503],[-1.0607974048644997,44.79809864677048],[-1.0606349111186384,44.7958508271969],[-1.0637918203134793,44.795735086461306],[-1.0634666200612202,44.79123946118071],[-1.0666232645203269,44.791123640020686],[-1.0664605580424031,44.788875834323456],[-1.0696170636420839,44.78875992803113],[-1.069454244331922,44.78651212854328],[-1.072610611075294,44.78639613712636],[-1.0722847598552283,44.78190055207609],[-1.075440861928496,44.7817844802713],[-1.0751148111971827,44.777288910666066],[-1.078270648636599,44.77717275848779],[-1.0781075170314112,44.77492498067073],[-1.0812632156470128,44.77480874339772],[-1.0810999713065024,44.772560971822806],[-1.0842555311014148,44.7724446494627],[-1.0840921740455778,44.77019688413655],[-1.087247595022927,44.770080476697046],[-1.0870841252717591,44.76783271762627],[-1.0933946765238276,44.76759964279001],[-1.093230968359779,44.76535189473081],[-1.1058514108443878,44.76488468634041],[-1.1056872128680173,44.76263695883419],[-1.1183069425286598,44.7621683326214],[-1.1184716433743993,44.764416041035346],[-1.124781680706586,44.76418117955122],[-1.1251116247964486,44.768676581790494],[-1.1282668751448395,44.76855900676294],[-1.1289274245813359,44.77754981017538],[-1.125771671212072,44.77766740436463],[-1.1259367157910036,44.77991511375843],[-1.1164689992235557,44.780267371721095],[-1.1163043319947326,44.77801964797638],[-1.100525170200605,44.778604924108116],[-1.1006892084810609,44.78085267169809],[-1.0912211765975501,44.78120277368262],[-1.0918759510151543,44.790193836018545],[-1.0950324780296354,44.79007720618657],[-1.0956879653284328,44.79906827322806],[-1.086216834657109,44.79941795015486],[-1.0863803615747072,44.801665734841784],[-1.083223165960585,44.801782118828044],[-1.0835500072144741,44.80627770207958],[-1.0803925467153506,44.80639400567243],[-1.0802292454678937,44.80414620857695],[-1.0707571633995143,44.80449456589175],[-1.0709200868959179,44.80674237718073],[-1.0677625742154746,44.806858321258176],[-1.0679253848120238,44.80910613873118],[-1.0521369966316547,44.80968453446862],[-1.0522991905257706,44.81193237696497],[-1.0428256240231202,44.81227834986707],[-1.0429874530072414,44.81452620791459],[-1.0366714253425895,44.81475641643601],[-1.0368330153214993,44.817004285315164],[-1.0305166840016424,44.817234143614435],[-1.0306780349305968,44.81948202330805],[-1.027519723915832,44.819596822282904],[-1.0268749015329792,44.810605293508225],[-1.0300327086460928,44.81049051324176]]],[[[-1.1920701484210918,44.81800335060921],[-1.1762805554555413,44.8185994175008],[-1.1761133839188904,44.816351754046465],[-1.191902347218173,44.81575571143867],[-1.1920701484210918,44.81800335060921]]],[[[-1.105123203982498,44.84154241068934],[-1.1082825885878556,44.84142540171398],[-1.1081180696364394,44.8391776197103],[-1.1144365472181925,44.838943341510166],[-1.1142717893291603,44.83669557045874],[-1.1269080820176045,44.83622595407247],[-1.1270733440911425,44.83847370598965],[-1.1239141646843025,44.838591249758366],[-1.1240793139283773,44.84083900787062],[-1.1209199952518838,44.84095646649959],[-1.1210850316464291,44.8432042308003],[-1.1147661025504132,44.843438887829606],[-1.1149308999967649,44.84568666309086],[-1.1117712895825271,44.84580386147928],[-1.1119359741275985,44.84805164291233],[-1.1024566855714941,44.84840271274749],[-1.1022923793065509,44.8461549170106],[-1.1054520292273846,44.84603798843972],[-1.105123203982498,44.84154241068934]]],[[[-1.1468584332833056,44.84900519150937],[-1.1470245313168876,44.851252922992394],[-1.1343850263470678,44.851724832042656],[-1.1340538523066346,44.847229332011295],[-1.1372134962667073,44.847111499267896],[-1.1370478030442661,44.84486375613922],[-1.1591640563921601,44.844036442421476],[-1.1596638235817829,44.850779574850435],[-1.156504020491772,44.85089804679873],[-1.156337544184523,44.84865032977426],[-1.1468584332833056,44.84900519150937]]],[[[-1.1796267964301312,44.86355298228979],[-1.1789571197168687,44.85456222488487],[-1.175797144595655,44.85468124616807],[-1.1756298850138955,44.85243355539789],[-1.1693101468205325,44.85267131844039],[-1.1688092048696468,44.84592822535809],[-1.1624901697168168,44.84616559961353],[-1.1611569287472052,44.828184002093984],[-1.1643154447618653,44.82806539859633],[-1.1641487236500028,44.82581771007963],[-1.16730710034345,44.82569902151443],[-1.1679745688188299,44.83468976472466],[-1.1711334361511108,44.83457096690185],[-1.1716345558039247,44.84131402456827],[-1.1747937878626926,44.84119512230032],[-1.1749609805306036,44.84344280614147],[-1.178120325259736,44.84332380910199],[-1.1782876573655579,44.84557148948737],[-1.1846065587569061,44.84533321592199],[-1.1847741563858696,44.847580887988315],[-1.1879337130332328,44.8474616114524],[-1.1884369646546362,44.85420462136918],[-1.1915968861251482,44.85408524031054],[-1.1921006369324771,44.86082824800818],[-1.1889403371256015,44.86094764365944],[-1.1892759859330346,44.86544299868206],[-1.1829548414730977,44.86568153955915],[-1.183122433720293,44.8679292288282],[-1.1799617152046415,44.86804836917749],[-1.1802966876082233,44.872543761485964],[-1.1771357033377328,44.87266282157008],[-1.1764663168146066,44.86367202297177],[-1.1796267964301312,44.86355298228979]]],[[[-1.0086719774942379,44.910429994786206],[-1.0085112466316437,44.90818201785843],[-1.0021845362913318,44.90841026999586],[-1.0020240711005974,44.906162285082836],[-0.9988608230385333,44.906276271425675],[-0.9987004970931119,44.9040282831874],[-0.9923742152246476,44.90425597644087],[-0.9918940726773983,44.89751199184511],[-0.9887312916232484,44.89762568949903],[-0.9882516434831538,44.89088170300848],[-0.9914140455064986,44.890768019253215],[-0.9912540620815398,44.88852003107255],[-1.0007408122602766,44.88817845356958],[-1.0009011746463998,44.89042642783085],[-0.9945764347148661,44.89065424547149],[-0.9952170019682586,44.899646193052796],[-0.9983798837338106,44.89953231068394],[-0.9985401839920521,44.901780296272364],[-1.0017031792855189,44.90166631921907],[-1.0018636187658416,44.90391430148944],[-1.0050267275841371,44.90380022974473],[-1.0051873063066854,44.906048208689604],[-1.0146769346883444,44.90570543921303],[-1.014515976811693,44.9034574742357],[-1.0271681285419565,44.90299920626988],[-1.0273295919357306,44.90524715257259],[-1.0304927239313482,44.905132355796276],[-1.0306543266471597,44.90738029873902],[-1.0369808045546907,44.90715042568389],[-1.0373045544254456,44.9116462967741],[-1.0151598857021344,44.91244934204452],[-1.0149988891320172,44.91020137312083],[-1.0086719774942379,44.910429994786206]]],[[[-1.104393007058229,44.9182020463243],[-1.1075567102014439,44.918085055250685],[-1.1073919955403935,44.91583721787127],[-1.1105555590775538,44.91572014151104],[-1.1103907312177108,44.91347231019475],[-1.1198809633613847,44.913120555131194],[-1.1197157695577817,44.91087273944354],[-1.122879027432587,44.91075531244441],[-1.1223831463448066,44.904011887539795],[-1.1287088642034993,44.903776792151696],[-1.12854334431509,44.90152899604179],[-1.1317060570238207,44.901411318095484],[-1.131540424069101,44.89916352809189],[-1.1347029971855418,44.899045764917],[-1.133874399922047,44.887806858675326],[-1.1370363283027245,44.88768902948531],[-1.1367047297807507,44.88319348588579],[-1.1461896776864593,44.88283948714271],[-1.146355849053383,44.88508724385114],[-1.1431940867977473,44.885205338239594],[-1.1435262169335159,44.889700865278634],[-1.1403641888532647,44.88981887928457],[-1.1405301475935377,44.89206664960539],[-1.1373679799422156,44.892184578409214],[-1.1385291791650312,44.9079190411822],[-1.135366113977981,44.90803691358996],[-1.1355319263812693,44.91028470401888],[-1.1323687215468181,44.910402491188464],[-1.1325344208615649,44.912650287714456],[-1.126207718624766,44.91288560151595],[-1.1263731784437694,44.91513340892483],[-1.1232096810467136,44.91525093554483],[-1.1233750277252295,44.917498749034095],[-1.1202113906796913,44.91761619038862],[-1.1205418709567319,44.922111830799686],[-1.1173779678374756,44.922229191663185],[-1.117543101407365,44.924477018575175],[-1.1017227553363385,44.92506249579395],[-1.1015582539509174,44.92281464502529],[-1.1047222231333444,44.92269773448217],[-1.104393007058229,44.9182020463243]]],[[[-1.060262614179625,44.92207837480804],[-1.0539345484061442,44.92230957445279],[-1.053609404365714,44.91781373731676],[-1.05044560480957,44.91792919262351],[-1.0502831787548503,44.915681271293344],[-1.0439557934578774,44.91591190231619],[-1.0437936332524416,44.913663972887825],[-1.0564478461243167,44.913202369411486],[-1.0567731908953408,44.91769819194666],[-1.0599369643883723,44.91758255651376],[-1.0600997827598786,44.91983046501473],[-1.0632636696365525,44.919714734803776],[-1.063426627496693,44.92196263988106],[-1.0760825500653124,44.92149879948902],[-1.0762460267715372,44.92374668695351],[-1.0794101011310029,44.923630496952775],[-1.0795737173917026,44.925878380967056],[-1.0732453026640252,44.926110680363976],[-1.0730819393102968,44.92386278688385],[-1.0604254586491777,44.92432628589029],[-1.060262614179625,44.92207837480804]]]]}},{"type":"Feature","properties":{"category":"arrival_step","arrival_snapshot_index":15,"first_detected_utc":"2026-07-24T19:36:00+00:00","first_detected_local":"2026-07-24T21:36:00+02:00","area_km2":0.625,"label":"Première détection FIRMS","model_version":"fire_progression_arrival_v1"},"geometry":{"type":"Polygon","coordinates":[[[-1.1298678748012405,44.9195114013576],[-1.1297022620569628,44.917263596162215],[-1.1328658593230116,44.91714588464604],[-1.1327001334530975,44.914898085534766],[-1.1358635910452266,44.91478028876584],[-1.1355319263812693,44.91028470401888],[-1.1323687215468181,44.910402491188464],[-1.1325344208615649,44.912650287714456],[-1.126207718624766,44.91288560151595],[-1.1263731784437694,44.91513340892483],[-1.1232096810467136,44.91525093554483],[-1.1233750277252295,44.917498749034095],[-1.1202113906796913,44.91761619038862],[-1.1203766241975741,44.91986400995165],[-1.1298678748012405,44.9195114013576]]]}},{"type":"Feature","properties":{"category":"arrival_step","arrival_snapshot_index":16,"first_detected_utc":"2026-07-25T01:13:00+00:00","first_detected_local":"2026-07-25T03:13:00+02:00","area_km2":12.625,"label":"Première détection FIRMS","model_version":"fire_progression_arrival_v1"},"geometry":{"type":"MultiPolygon","coordinates":[[[[-1.0664605580424031,44.788875834323456],[-1.065809862193235,44.77988462643974],[-1.0689658644927553,44.77976873903509],[-1.0684776017578264,44.77302536303081],[-1.0653219768283932,44.77314123627187],[-1.064834208435719,44.766397859700795],[-1.080610316560128,44.76581766616998],[-1.0807735217646224,44.768065433205564],[-1.0870841252717591,44.76783271762627],[-1.087247595022927,44.770080476697046],[-1.0840921740455778,44.77019688413655],[-1.0842555311014148,44.7724446494627],[-1.0810999713065024,44.772560971822806],[-1.0812632156470128,44.77480874339772],[-1.0781075170314112,44.77492498067073],[-1.078270648636599,44.77717275848779],[-1.0751148111971827,44.777288910666066],[-1.075440861928496,44.7817844802713],[-1.0722847598552283,44.78190055207609],[-1.072610611075294,44.78639613712636],[-1.069454244331922,44.78651212854328],[-1.0696170636420839,44.78875992803113],[-1.0664605580424031,44.788875834323456]]],[[[-1.0066330939673984,44.92628007816275],[-1.000304334798103,44.926508224557544],[-1.000143893184004,44.924260224562346],[-0.9938153355402626,44.92448800133914],[-0.9936551597289771,44.92223999335475],[-0.9904909881195375,44.922353741985894],[-0.9903309516093033,44.92010573066279],[-0.9998230485290119,44.91976422845373],[-0.9996626454850313,44.91751623234708],[-1.0059903929411067,44.91728812313798],[-1.0061510488831455,44.9195361099488],[-1.009315029752264,44.91942191558836],[-1.0094758250264184,44.92166989904474],[-1.0126399194653746,44.921555609955774],[-1.0129618016168298,44.92605157143679],[-1.0097974542371393,44.92616586984088],[-1.0099582881768008,44.92841385717387],[-1.0067938014200182,44.928528070149945],[-1.0066330939673984,44.92628007816275]]],[[[-1.103203861274609,44.94529320988383],[-1.0968733536164392,44.94552685596122],[-1.097037733826452,44.94777472889394],[-1.084376054261889,44.948240958800014],[-1.0842121802440006,44.94599306686886],[-1.0747161622334387,44.94634177894036],[-1.0745526809836554,44.94409387404975],[-1.068222189850777,44.94432588877245],[-1.0680589747814775,44.94207797568168],[-1.0617286843868121,44.94230962054449],[-1.0615657354623518,44.94006169927243],[-1.0520705815190254,44.940408476664885],[-1.0519080252295208,44.93816054252367],[-1.0455781104796262,44.938391267547864],[-1.0454158202566939,44.93614332527058],[-1.0390861065077384,44.93637368051544],[-1.0389240823157138,44.9341257301209],[-1.0515829517405044,44.933664678042284],[-1.0514204345378622,44.93141674770888],[-1.0735720686528603,44.930606471164865],[-1.073408679111022,44.92835857512542],[-1.0765730194908876,44.9282424657327],[-1.0764095165795382,44.92599457570252],[-1.0795737173917026,44.925878380967056],[-1.07973734676583,44.928126266262296],[-1.0829016609257673,44.92800997671477],[-1.0830654298861864,44.930257858548764],[-1.0957230610436248,44.92979178060706],[-1.095558786213844,44.92754391776489],[-1.1018872699057463,44.9273103478421],[-1.1020517976607238,44.9295582011664],[-1.1052161461935825,44.92944127633061],[-1.1048868509588305,44.92494558048681],[-1.114379058621603,44.92459429415442],[-1.1145440789820722,44.92684212712373],[-1.1177082482116314,44.92672484676563],[-1.1180385815296543,44.93122050696844],[-1.114874159382262,44.93133779688487],[-1.1155344789441402,44.94032915160249],[-1.112369537604677,44.94044637054531],[-1.1126995237497823,44.94494206500119],[-1.1063690953113674,44.94517625169125],[-1.106533855148851,44.9474241103367],[-1.103368494571188,44.94754107329537],[-1.103203861274609,44.94529320988383]]]]}},{"type":"Feature","properties":{"category":"arrival_step","arrival_snapshot_index":17,"first_detected_utc":"2026-07-25T01:49:00+00:00","first_detected_local":"2026-07-25T03:49:00+02:00","area_km2":8.938,"label":"Première détection FIRMS","model_version":"fire_progression_arrival_v1"},"geometry":{"type":"Polygon","coordinates":[[[-0.9384408447644771,44.90392875135838],[-0.9382829458124433,44.9016806782204],[-0.9414460569985559,44.90156841666631],[-0.9412880443081978,44.89932034943685],[-0.9444510164476668,44.899208002411186],[-0.9439766752215246,44.89246382249212],[-0.9408140821816712,44.892576155783814],[-0.9403402339400527,44.88583197425466],[-0.9371780072598589,44.88594420378978],[-0.9367046517850742,44.879200020756315],[-0.9303809183765027,44.87942418234538],[-0.9302234110692521,44.87717611493032],[-0.9238998797880102,44.87739990733941],[-0.9237426376593288,44.87515183217621],[-0.9205809794092943,44.87526358880807],[-0.9196385485031109,44.86177513950301],[-0.9164776351796318,44.86188677882606],[-0.9163207335899275,44.859638704257456],[-0.9099991217030327,44.85986170385174],[-0.9101557708559779,44.8621097875078],[-0.9069948198759145,44.86222115686537],[-0.9073079033382863,44.8667173374397],[-0.9041466873516875,44.866828625877446],[-0.904616027775069,44.87357292075866],[-0.9014544204718057,44.87368413279412],[-0.9019234947788775,44.8804284536893],[-0.9050854809643352,44.88031722805692],[-0.9053985124249496,44.884813439775776],[-0.9085607387118025,44.88470211505107],[-0.9088740729963997,44.88919832314736],[-0.9120365394088296,44.88908689931545],[-0.9125070140501857,44.89583120799722],[-0.9156698469824743,44.895719680498374],[-0.9159838123349878,44.90021588392904],[-0.9191468854598566,44.90010425728919],[-0.9193040134009228,44.90235235646494],[-0.9256303746699414,44.902128823926134],[-0.9257877680136717,44.904376915327255],[-0.9384408447644771,44.90392875135838]]]}},{"type":"Feature","properties":{"category":"arrival_step","arrival_snapshot_index":18,"first_detected_utc":"2026-07-25T02:11:00+00:00","first_detected_local":"2026-07-25T04:11:00+02:00","area_km2":0.812,"label":"Première détection FIRMS","model_version":"fire_progression_arrival_v1"},"geometry":{"type":"MultiPolygon","coordinates":[[[[-1.1667954324294079,44.776131673715604],[-1.1664621131965032,44.77163638454726],[-1.1696174426762256,44.77151763235353],[-1.1694506773085256,44.76926999485656],[-1.17891620855849,44.76891321395141],[-1.1790833511053407,44.771160836913246],[-1.1727727588276005,44.771398790349565],[-1.1731065810355799,44.77589406015837],[-1.1667954324294079,44.776131673715604]]],[[[-1.0704075887021465,44.93072249520716],[-1.0702443256363159,44.9284745944399],[-1.067079959076851,44.92859052367553],[-1.0667537251228085,44.92409471653122],[-1.0730819393102968,44.92386278688385],[-1.0732453026640252,44.926110680363976],[-1.0764095165795382,44.92599457570252],[-1.0765730194908876,44.9282424657327],[-1.073408679111022,44.92835857512542],[-1.0735720686528603,44.930606471164865],[-1.0704075887021465,44.93072249520716]]]]}},{"type":"Feature","properties":{"category":"arrival_step","arrival_snapshot_index":19,"first_detected_utc":"2026-07-25T02:56:00+00:00","first_detected_local":"2026-07-25T04:56:00+02:00","area_km2":12.375,"label":"Première détection FIRMS","model_version":"fire_progression_arrival_v1"},"geometry":{"type":"MultiPolygon","coordinates":[[[[-1.0108175014618348,44.85175465152676],[-1.0103355935430507,44.845010858804685],[-1.013495368452927,44.844896548049825],[-1.013334632081082,44.84264862461573],[-1.019653891081484,44.84241974258635],[-1.01981487966886,44.84466765669409],[-1.0229746159548334,44.84455307609433],[-1.0234580374077829,44.85129681285332],[-1.0108175014618348,44.85175465152676]]],[[[-0.9974606047344026,44.93111817577133],[-0.9879665720394837,44.931459477293814],[-0.9878066107205765,44.92921145617141],[-0.9846420340050241,44.92932503853059],[-0.9844822120049557,44.927077014066434],[-0.9876466622226603,44.926963436335825],[-0.987326803683642,44.922467400538764],[-0.9936551597289771,44.92223999335475],[-0.9938153355402626,44.92448800133914],[-1.000143893184004,44.924260224562346],[-1.000304334798103,44.926508224557544],[-1.0066330939673984,44.92628007816275],[-1.0067938014200182,44.928528070149945],[-1.0099582881768008,44.92841385717387],[-1.0101191350080616,44.930661845792294],[-1.0037898956171782,44.93089019096315],[-1.0039505023256077,44.93313819016921],[-0.997620958420668,44.933366184268294],[-0.9974606047344026,44.93111817577133]]],[[[-1.0031944843747944,44.96697244168675],[-0.9968611169494722,44.9672003948979],[-0.9965402898177723,44.96270433217588],[-0.9933738401216421,44.962818164276854],[-0.9932135724992661,44.96057013012881],[-0.9963798955491948,44.96045630266677],[-0.9958987899139952,44.953712221587594],[-0.9990647202277866,44.95359831791216],[-0.9985833505334856,44.946854262001],[-1.0017488882012178,44.94674028213288],[-1.0014277862575947,44.942244260438606],[-1.0045930579199907,44.94213019975044],[-1.0044323997042013,44.93988219544833],[-1.0075975319367638,44.93976804930294],[-1.0074367600611025,44.93752005092133],[-1.0106017528669269,44.93740581932641],[-1.0104408673515757,44.93515782687195],[-1.0136057207337605,44.93504350983517],[-1.0134447215989013,44.93279552331448],[-1.016609435560547,44.932681120843526],[-1.0164483228263552,44.93043314026323],[-1.0227774589913623,44.930204074380484],[-1.0226161061870886,44.92795610441631],[-1.035273717286328,44.927496910320464],[-1.0354355760387601,44.9297448615718],[-1.0386000728912301,44.929629833155595],[-1.0389240823157138,44.9341257301209],[-1.0357593324666945,44.93424076791243],[-1.0362450644396528,44.94098463696746],[-1.0330799220385174,44.94109959872015],[-1.033565391180186,44.9478434932023],[-1.0303998561368497,44.947958378895464],[-1.0312085979317642,44.95919825147033],[-1.0280424169281612,44.959313070441084],[-1.028204077573528,44.961561053359446],[-1.0250377569754228,44.96167578687141],[-1.0251993039453717,44.96392377569922],[-1.0220328437496509,44.96403842374472],[-1.022194277023976,44.966286418475356],[-1.0158610644929,44.966515453470976],[-1.0160222573857218,44.96876345876297],[-1.0033551705894124,44.969220465602824],[-1.0031944843747944,44.96697244168675]]]]}},{"type":"Feature","properties":{"category":"arrival_step","arrival_snapshot_index":20,"first_detected_utc":"2026-07-25T03:30:00+00:00","first_detected_local":"2026-07-25T05:30:00+02:00","area_km2":17.25,"label":"Première détection FIRMS","model_version":"fire_progression_arrival_v1"},"geometry":{"type":"MultiPolygon","coordinates":[[[[-1.0986783977089345,44.44963644842254],[-1.0955408756567449,44.449753166762065],[-1.0947266371152464,44.43851587286729],[-1.0978635376344934,44.438399178292585],[-1.0977006044637991,44.43615173026694],[-1.1008373677614598,44.436034951171216],[-1.1013265789693119,44.44277728699001],[-1.1170120651584254,44.44219198092501],[-1.1171757829788687,44.44443940636043],[-1.1203129655276638,44.444322072524336],[-1.1204768206632756,44.4465694951745],[-1.1236141144967107,44.446452067272354],[-1.1237781069671384,44.448699487129886],[-1.1206406888198381,44.44881691981442],[-1.1208045699989022,44.451064346440724],[-1.1145294459945942,44.4512989534901],[-1.1146930915260278,44.45354639165415],[-1.09900443240395,44.45413137041277],[-1.0986783977089345,44.44963644842254]]],[[[-0.9564683268582513,44.889765550046455],[-0.9501434821989605,44.88999083768746],[-0.9499851537811754,44.887742790919795],[-0.9436605110597095,44.887967709274974],[-0.9435024479709252,44.885719654695194],[-0.9403402339400527,44.88583197425466],[-0.9393928789475331,44.872343647932915],[-0.9425543352322173,44.87223135583249],[-0.9422383988710514,44.86773526719394],[-0.9517219342967254,44.8673978783819],[-0.951880274881087,44.86964590826205],[-0.9550415542545782,44.869533260747964],[-0.9552000337676078,44.871781287417754],[-0.9583614267003222,44.87166854531358],[-0.9588373201935695,44.87841261978493],[-0.9619990792261329,44.8782997738872],[-0.9624754659566593,44.88504384685787],[-0.97196180336831,44.884704727655155],[-0.9722802160329754,44.889200755447675],[-0.9691178636638452,44.88931389442194],[-0.9692769627923056,44.89156191495313],[-0.9566269206407436,44.89201358898319],[-0.9564683268582513,44.889765550046455]]],[[[-0.9882865331464343,44.93595552338569],[-0.9851215768768065,44.93606911963184],[-0.9849617164394102,44.93382109131667],[-0.9817968738839161,44.93393459283595],[-0.9816371527800661,44.93168656117576],[-0.9784724239417821,44.93179996797516],[-0.9773556199598924,44.91606375014555],[-0.9805194634329002,44.915950375692134],[-0.9802002387668161,44.911454334413946],[-0.9865273815956699,44.91122733380264],[-0.9866872403897546,44.9134753445356],[-0.9930145848338161,44.913247974416926],[-0.9931747093081923,44.91549597719466],[-1.0026660090148354,44.91515423261905],[-1.002505505246906,44.91290624376737],[-1.0056691196768215,44.912792153427326],[-1.0053478978952868,44.908296188953905],[-1.0085112466316437,44.90818201785843],[-1.0086719774942379,44.910429994786206],[-1.0149988891320172,44.91020137312083],[-1.0151598857021344,44.91244934204452],[-1.0278140597426557,44.91199099937538],[-1.028298644020613,44.91873485794911],[-1.0188068950068578,44.91907879208176],[-1.0186457332872696,44.916830823906494],[-1.0091542473635153,44.917173933430924],[-1.009315029752264,44.91942191558836],[-1.0061510488831455,44.9195361099488],[-1.0059903929411067,44.91728812313798],[-0.9996626454850313,44.91751623234708],[-0.9998230485290119,44.91976422845373],[-0.9903309516093033,44.92010573066279],[-0.9904909881195375,44.922353741985894],[-0.987326803683642,44.922467400538764],[-0.9876466622226603,44.926963436335825],[-0.9844822120049557,44.927077014066434],[-0.9846420340050241,44.92932503853059],[-0.9878066107205765,44.92921145617141],[-0.9879665720394837,44.931459477293814],[-0.9974606047344026,44.93111817577133],[-0.997620958420668,44.933366184268294],[-1.0039505023256077,44.93313819016921],[-1.0041111219085568,44.935386190654356],[-1.0009462298679033,44.93550023739883],[-1.0011067357964294,44.93774824380737],[-0.9884465329375582,44.938203548348376],[-0.9882865331464343,44.93595552338569]]],[[[-1.0446045642424653,44.924903632996894],[-1.0509329610786247,44.9246729643784],[-1.050770495969894,44.922425039169426],[-1.060262614179625,44.92207837480804],[-1.0604254586491777,44.92432628589029],[-1.0667537251228085,44.92409471653122],[-1.067079959076851,44.92859052367553],[-1.0702443256363159,44.9284745944399],[-1.0704075887021465,44.93072249520716],[-1.0514204345378622,44.93141674770888],[-1.0515829517405044,44.933664678042284],[-1.0389240823157138,44.9341257301209],[-1.0384380876556514,44.927381886591604],[-1.0447667894371282,44.92715156889197],[-1.0446045642424653,44.924903632996894]]],[[[-1.0455781104796262,44.938391267547864],[-1.0519080252295208,44.93816054252367],[-1.0520705815190254,44.940408476664885],[-1.0615657354623518,44.94006169927243],[-1.0617286843868121,44.94230962054449],[-1.0680589747814775,44.94207797568168],[-1.068222189850777,44.94432588877245],[-1.0745526809836554,44.94409387404975],[-1.0747161622334387,44.94634177894036],[-1.0715507966682651,44.946457836083205],[-1.0717141644687722,44.94870574695422],[-1.0590520650930348,44.949169093320066],[-1.0592149397095163,44.951417024320925],[-1.0370548773813681,44.952224443951295],[-1.036892888820399,44.94997648004776],[-1.0337272401777657,44.95009146054136],[-1.0330799220385174,44.94109959872015],[-1.0362450644396528,44.94098463696746],[-1.0357593324666945,44.93424076791243],[-1.0389240823157138,44.9341257301209],[-1.0390861065077384,44.93637368051544],[-1.0454158202566939,44.93614332527058],[-1.0455781104796262,44.938391267547864]]]]}},{"type":"Feature","properties":{"category":"arrival_step","arrival_snapshot_index":21,"first_detected_utc":"2026-07-25T04:26:00+00:00","first_detected_local":"2026-07-25T06:26:00+02:00","area_km2":19.125,"label":"Première détection FIRMS","model_version":"fire_progression_arrival_v1"},"geometry":{"type":"MultiPolygon","coordinates":[[[[-1.0924033406606628,44.44986979580591],[-1.0892657927305165,44.44998633555353],[-1.0884527972780091,44.438748994183506],[-1.0915897236598102,44.43863247816446],[-1.0911017085880104,44.43189011161268],[-1.0942382492369247,44.43177352056108],[-1.0940754791426723,44.42952607381756],[-1.1003482731421934,44.42929263342199],[-1.1008373677614598,44.436034951171216],[-1.0977006044637991,44.43615173026694],[-1.0978635376344934,44.438399178292585],[-1.0947266371152464,44.43851587286729],[-1.0955408756567449,44.449753166762065],[-1.0986783977089345,44.44963644842254],[-1.0988414085788105,44.451883908425415],[-1.092566102856869,44.452117265312324],[-1.0924033406606628,44.44986979580591]]],[[[-1.1297244350183573,44.443969535315034],[-1.1295602200241475,44.44172212901474],[-1.1326972261468466,44.441604442839385],[-1.1325328999202127,44.43935704332756],[-1.1356697687075923,44.439239272670484],[-1.1359986827841855,44.443734064097036],[-1.1328615654306167,44.44385184434683],[-1.1330259177730753,44.44609924784654],[-1.126751395299371,44.44633455008325],[-1.1265872915572308,44.44408713700106],[-1.1297244350183573,44.443969535315034]]],[[[-1.040076510344258,44.77406498843437],[-1.0395917603601277,44.767321498963355],[-1.0427471116674696,44.767206358416395],[-1.0425854284135627,44.76495853632421],[-1.0457406410477392,44.76484331065338],[-1.0459024500525511,44.76709112805092],[-1.0490577755053747,44.766975807867496],[-1.0492197232017975,44.76922362208865],[-1.052375161470168,44.769108207385685],[-1.0528614595618795,44.77585164503913],[-1.0497056439601071,44.77596707384973],[-1.0498676434410585,44.77821489412473],[-1.0435557218018823,44.77844549164432],[-1.0432322389689488,44.77394983381324],[-1.040076510344258,44.77406498843437]]],[[[-1.060309962602754,44.79135519248546],[-1.059985066044275,44.78685956371074],[-1.0631414718064054,44.78674384183605],[-1.0629789171741457,44.78449603439812],[-1.0661351841084303,44.78438022739381],[-1.0666232645203269,44.791123640020686],[-1.0634666200612202,44.79123946118071],[-1.0637918203134793,44.795735086461306],[-1.0606349111186384,44.7958508271969],[-1.0607974048644997,44.79809864677048],[-1.0576403567924324,44.79821430235503],[-1.0571532921549343,44.79147083393436],[-1.060309962602754,44.79135519248546]]],[[[-0.9172401769793145,44.918200750923496],[-0.9167689458548233,44.91145641587124],[-0.9136052280497189,44.91156797518965],[-0.9132913897673917,44.90707174933185],[-0.9101279122611989,44.907183209495734],[-0.9099711384012092,44.90493509401588],[-0.9068077747563067,44.90504645957848],[-0.9063379077445158,44.89830210753115],[-0.9095008921794002,44.89819075558297],[-0.9093441685531564,44.89594264545213],[-0.9156698469824743,44.895719680498374],[-0.9159838123349878,44.90021588392904],[-0.9191468854598566,44.90010425728919],[-0.9193040134009228,44.90235235646494],[-0.9256303746699414,44.902128823926134],[-0.9257877680136717,44.904376915327255],[-0.9384408447644771,44.90392875135838],[-0.9382829458124433,44.9016806782204],[-0.9477722413808309,44.90134362340877],[-0.947930519523146,44.90359168281097],[-0.9510937190928769,44.90347914652272],[-0.9515690088573048,44.910223318935714],[-0.9484054300459633,44.9103358689829],[-0.9485637589239372,44.91258393368406],[-0.9359088111660365,44.91303325154249],[-0.9360666469400712,44.915281335870986],[-0.9329027519051816,44.915393444732146],[-0.9330604738663334,44.91764153494316],[-0.9298964397292931,44.9177535582959],[-0.9300540478573942,44.92000165438278],[-0.9205614902757063,44.92033719764612],[-0.9204042615769107,44.91808908788519],[-0.9172401769793145,44.918200750923496]]],[[[-0.9751726028581942,44.97473959184811],[-0.9748534722657589,44.97024345695871],[-0.9716865527706426,44.970356671879784],[-0.9712083328963006,44.96361246491548],[-0.9680417806493248,44.963725575847434],[-0.9678825262520871,44.96147750471988],[-0.9710489518405344,44.96136439839754],[-0.9705708853587668,44.95462020630151],[-0.9737369182549239,44.954507023673415],[-0.9734180179332784,44.95001091108282],[-0.9702522382601715,44.95012408448617],[-0.970092933873042,44.947876025463245],[-0.9669272680235778,44.94798910413209],[-0.9667681029969918,44.945741041761956],[-0.9636025509742387,44.945854025703255],[-0.9632845123512276,44.94135789555164],[-0.9727803706901044,44.941018701017796],[-0.9726209908287089,44.93877065167047],[-0.9789512460729677,44.93854408065942],[-0.9787916259010802,44.93629604181955],[-0.9819566077916583,44.936182625776645],[-0.9817968738839161,44.93393459283595],[-0.9849617164394102,44.93382109131667],[-0.9851215768768065,44.93606911963184],[-0.9882865331464343,44.93595552338569],[-0.9884465329375582,44.938203548348376],[-1.0042717543675728,44.937634192415175],[-1.0045930579199907,44.94213019975044],[-1.0014277862575947,44.942244260438606],[-1.0017488882012178,44.94674028213288],[-0.9985833505334856,44.946854262001],[-0.9990647202277866,44.95359831791216],[-0.9958987899139952,44.953712221587594],[-0.9963798955491948,44.96045630266677],[-0.9932135724992661,44.96057013012881],[-0.9933738401216421,44.962818164276854],[-0.9965402898177723,44.96270433217588],[-0.9968611169494722,44.9672003948979],[-1.0031944843747944,44.96697244168675],[-1.0033551705894124,44.969220465602824],[-1.0065219616475451,44.969106349121695],[-1.0066827874333388,44.97135436961222],[-1.00351586969322,44.971468490744066],[-1.0036765816877666,44.9737165171071],[-0.997342454156582,44.97394449818962],[-0.9975029256343559,44.976192535062324],[-0.9880012576971589,44.97653384437961],[-0.9881613618930117,44.97878189637775],[-0.9786591981968978,44.97912240806657],[-0.9783397629569957,44.97462627753281],[-0.9751726028581942,44.97473959184811]]],[[[-1.028204077573528,44.961561053359446],[-1.0280424169281612,44.959313070441084],[-1.0312085979317642,44.95919825147033],[-1.0303998561368497,44.947958378895464],[-1.033565391180186,44.9478434932023],[-1.0337272401777657,44.95009146054136],[-1.036892888820399,44.94997648004776],[-1.0373788934731685,44.95672037549482],[-1.0342128650434055,44.95683537004623],[-1.034536679863516,44.96133131592206],[-1.0313703852062592,44.96144622970947],[-1.03153218545623,44.9636942091821],[-1.0251993039453717,44.96392377569922],[-1.0250377569754228,44.96167578687141],[-1.028204077573528,44.961561053359446]]]]}},{"type":"Feature","properties":{"category":"arrival_step","arrival_snapshot_index":24,"first_detected_utc":"2026-07-25T13:33:00+00:00","first_detected_local":"2026-07-25T15:33:00+02:00","area_km2":11.25,"label":"Première détection FIRMS","model_version":"fire_progression_arrival_v1"},"geometry":{"type":"MultiPolygon","coordinates":[[[[-1.052375161470168,44.769108207385685],[-1.0492197232017975,44.76922362208865],[-1.0490577755053747,44.766975807867496],[-1.0459024500525511,44.76709112805092],[-1.0457406410477392,44.76484331065338],[-1.0425854284135627,44.76495853632421],[-1.0427471116674696,44.767206358416395],[-1.0395917603601277,44.767321498963355],[-1.0397533307738451,44.76956932726902],[-1.0271312934565666,44.77002900998868],[-1.0269702261081037,44.76778116295478],[-1.0238148103394271,44.76789585440071],[-1.0236538816234073,44.76564800421737],[-1.0204985787541725,44.76576260117232],[-1.0201770113962196,44.761266896052064],[-1.0233320627720206,44.76115230843467],[-1.0231711726335735,44.75890446284208],[-1.0263260854215412,44.758789790085885],[-1.0261650824190143,44.756541950702236],[-1.0293198566222297,44.756427192814876],[-1.0291587407756115,44.75417935964676],[-1.0512409192336043,44.75337357282596],[-1.0514029149975783,44.755621373164296],[-1.0577122438970568,44.75539033078271],[-1.0578745040165385,44.757638123246416],[-1.0704935089651864,44.757174942048216],[-1.0706562848940409,44.75942271717572],[-1.0738111293481316,44.75930669265078],[-1.0739740440014767,44.76155446458182],[-1.077129001153397,44.76143834552426],[-1.077455120979695,44.76593388450187],[-1.064834208435719,44.766397859700795],[-1.0653219768283932,44.77314123627187],[-1.052699347241585,44.77360383097531],[-1.052375161470168,44.769108207385685]]],[[[-0.944609339333793,44.85638271982745],[-0.9414487792682797,44.85649506987765],[-0.940975159194605,44.84975096827206],[-0.9504556658808552,44.849413689428786],[-0.9506139050885135,44.85166170814674],[-0.9600946762607553,44.85132360585391],[-0.9604119497147631,44.85581961995209],[-0.9572514529982833,44.85593241987526],[-0.9574099825880976,44.85818043362221],[-0.944767364162936,44.858630751924075],[-0.944609339333793,44.85638271982745]]],[[[-0.9847697798952253,44.88649930320047],[-0.9784454171533412,44.88672620208073],[-0.9782859645762829,44.884478198091635],[-0.9687997036343212,44.88481785740897],[-0.9686406427301979,44.882569840933954],[-0.9654786565602939,44.8826828760621],[-0.9651608255434915,44.87818683797995],[-0.9619990792261329,44.8782997738872],[-0.9613640749245347,44.86930769573238],[-0.9645253162008863,44.86919477823198],[-0.964366470666953,44.866946766734756],[-0.9738497394446597,44.866607488095404],[-0.9740089636747504,44.86885548576704],[-0.9803313315941052,44.868628840826155],[-0.9804908210500959,44.87087683064074],[-0.9836521120966267,44.87076336855933],[-0.9839713818252055,44.87525934306252],[-0.9871329125897824,44.87514578173182],[-0.9874524859940645,44.879641752451356],[-0.990614256500723,44.87952809185649],[-0.9909341336704033,44.884024058756445],[-0.9846100747038177,44.88425130845726],[-0.9847697798952253,44.88649930320047]]],[[[-1.0037425607962767,44.88581644609123],[-1.0005804627177888,44.88593048065499],[-1.0007408122602766,44.88817845356958],[-0.9944163249679793,44.88840626192695],[-0.9942562280445973,44.886158279729514],[-0.9910940914700211,44.88627204423917],[-0.9909341336704033,44.884024058756445],[-1.0035820977987049,44.883568479173405],[-1.0037425607962767,44.88581644609123]]]]}},{"type":"Feature","properties":{"category":"historical_support","snapshot_index":1,"pass_time_utc":"2026-07-23T15:54:00+00:00","dt_local":"2026-07-23T17:54:00+02:00","area_km2":22.188,"label":"Isoline temporelle","coherence_level":"indisponible","coherence_fraction":0.0,"projection_displayed":false,"model_version":"fire_progression_arrival_v1"},"geometry":{"type":"MultiPolygon","coordinates":[[[[-1.1092672709114952,44.42219954663629],[-1.1061312919256805,44.4223165649519],[-1.105968076717933,44.42006914532668],[-1.102832208971239,44.42018606963057],[-1.102506065821686,44.41569122695282],[-1.0993704335028986,44.415808052494164],[-1.098718799238888,44.40681837258864],[-1.1018539349129464,44.406701566076286],[-1.1016909345497647,44.40445415597648],[-1.1110958914676015,44.404103215382975],[-1.1112592642315406,44.40635061119084],[-1.1143943480705314,44.406233447781446],[-1.1145578579482482,44.40848084086836],[-1.1176930529427216,44.40836358346106],[-1.118020359961095,44.41285836622152],[-1.1211557902647804,44.412741010030395],[-1.121811057011896,44.42173058088615],[-1.118675129982847,44.42184795619573],[-1.118838854994189,44.42409535876414],[-1.1094306232959565,44.42444696352333],[-1.1092672709114952,44.42219954663629]]],[[[-1.1629820492041685,44.810083930417434],[-1.159824540785329,44.810202495264654],[-1.1591586664267473,44.801211776398894],[-1.1623156712880358,44.80109323087186],[-1.1621491101107344,44.79884555962033],[-1.1653059757901596,44.798726929067065],[-1.1651393020775986,44.796479264109216],[-1.1777661280250948,44.796003862718436],[-1.1779333051327154,44.798251508307935],[-1.181090104074535,44.79813242848455],[-1.181759449675502,44.807123005998335],[-1.1786021472545563,44.807242105228674],[-1.1787693912158672,44.809489758082684],[-1.1756119495245705,44.809608772294176],[-1.1757790809550073,44.811856431439786],[-1.1631486769929167,44.81233160892183],[-1.1629820492041685,44.810083930417434]]],[[[-1.119930054151803,44.82746991027364],[-1.1167714784607294,44.82758725028451],[-1.1139713646780598,44.789375540373165],[-1.1171277997863311,44.789258281606024],[-1.1169630798953605,44.78701055190563],[-1.1264319286931448,44.786658250886376],[-1.126597026054243,44.788905966233344],[-1.1297534084245646,44.78878834808729],[-1.1300838944172693,44.79328377363324],[-1.1332405152453693,44.793166056052414],[-1.1335713057960315,44.79766147789768],[-1.1367281651055945,44.79754366086724],[-1.1387155308898829,44.82451625651898],[-1.1355571605144947,44.82463413116454],[-1.1357227344615648,44.826881861616016],[-1.1325642248524435,44.82699965115941],[-1.1327296860470952,44.829247387832154],[-1.1200950113350665,44.82971766610654],[-1.119930054151803,44.82746991027364]]],[[[-1.079684270052985,44.84022742009803],[-1.0793575406223606,44.835731774771915],[-1.0761984161793572,44.835847960131986],[-1.0760351971181967,44.83360013485692],[-1.0728761856634268,44.83371622556019],[-1.0725500387845208,44.82922056981149],[-1.06939126635151,44.829336561138796],[-1.0687396331537167,44.82034524788054],[-1.071897901565419,44.82022927545563],[-1.0715719112002025,44.815733636902486],[-1.068413894739004,44.815849599877424],[-1.0677625742154746,44.806858321258176],[-1.0709200868959179,44.80674237718073],[-1.0707571633995143,44.80449456589175],[-1.0802292454678937,44.80414620857695],[-1.0803925467153506,44.80639400567243],[-1.0835500072144741,44.80627770207958],[-1.0838769007498472,44.81077329116767],[-1.0870346000332944,44.810656888212534],[-1.0871981923528276,44.81290468019412],[-1.0903560044935576,44.81278818260844],[-1.0906834803011372,44.81728376142129],[-1.0938415312552874,44.81716716444767],[-1.0944971439993396,44.826158320344746],[-1.0913385891078637,44.82627493632222],[-1.0916662221321418,44.830770532356325],[-1.0948250290524326,44.830653906875696],[-1.095480956583654,44.83964509696736],[-1.0923216454853815,44.83976174145678],[-1.0924855341046715,44.842009547260595],[-1.0830071439480433,44.84235895537636],[-1.0828436335469123,44.84011113533632],[-1.079684270052985,44.84022742009803]]],[[[-1.0426588755356003,44.897928503576246],[-1.0424968192317963,44.895680584670444],[-1.0393342444994453,44.89579572285628],[-1.038362937039012,44.88230820933396],[-1.0415247539489034,44.88219309929479],[-1.0413627884772056,44.87994518977359],[-1.0508477825423497,44.87959933371235],[-1.0510101268102883,44.88184722914043],[-1.054171891774455,44.881731759078555],[-1.054334375316266,44.88397965115156],[-1.057496253539647,44.88386408637654],[-1.0584721859571515,44.89735143871733],[-1.055309549897738,44.897467031749976],[-1.0554721245643357,44.89971493317825],[-1.0459837592582013,44.90006118620375],[-1.0458215636246733,44.89781327066648],[-1.0426588755356003,44.897928503576246]]]]}},{"type":"Feature","properties":{"category":"observed_front","snapshot_index":1,"pass_time_utc":"2026-07-23T15:54:00+00:00","dt_local":"2026-07-23T17:54:00+02:00","area_km2":22.188,"label":"Activité observée","coherence_level":"indisponible","coherence_fraction":0.0,"projection_displayed":false,"model_version":"fire_progression_arrival_v1"},"geometry":{"type":"MultiPolygon","coordinates":[[[[-1.1092672709114952,44.42219954663629],[-1.1061312919256805,44.4223165649519],[-1.105968076717933,44.42006914532668],[-1.102832208971239,44.42018606963057],[-1.102506065821686,44.41569122695282],[-1.0993704335028986,44.415808052494164],[-1.098718799238888,44.40681837258864],[-1.1018539349129464,44.406701566076286],[-1.1016909345497647,44.40445415597648],[-1.1110958914676015,44.404103215382975],[-1.1112592642315406,44.40635061119084],[-1.1143943480705314,44.406233447781446],[-1.1145578579482482,44.40848084086836],[-1.1176930529427216,44.40836358346106],[-1.118020359961095,44.41285836622152],[-1.1211557902647804,44.412741010030395],[-1.121811057011896,44.42173058088615],[-1.118675129982847,44.42184795619573],[-1.118838854994189,44.42409535876414],[-1.1094306232959565,44.42444696352333],[-1.1092672709114952,44.42219954663629]]],[[[-1.1629820492041685,44.810083930417434],[-1.159824540785329,44.810202495264654],[-1.1591586664267473,44.801211776398894],[-1.1623156712880358,44.80109323087186],[-1.1621491101107344,44.79884555962033],[-1.1653059757901596,44.798726929067065],[-1.1651393020775986,44.796479264109216],[-1.1777661280250948,44.796003862718436],[-1.1779333051327154,44.798251508307935],[-1.181090104074535,44.79813242848455],[-1.181759449675502,44.807123005998335],[-1.1786021472545563,44.807242105228674],[-1.1787693912158672,44.809489758082684],[-1.1756119495245705,44.809608772294176],[-1.1757790809550073,44.811856431439786],[-1.1631486769929167,44.81233160892183],[-1.1629820492041685,44.810083930417434]]],[[[-1.119930054151803,44.82746991027364],[-1.1167714784607294,44.82758725028451],[-1.1139713646780598,44.789375540373165],[-1.1171277997863311,44.789258281606024],[-1.1169630798953605,44.78701055190563],[-1.1264319286931448,44.786658250886376],[-1.126597026054243,44.788905966233344],[-1.1297534084245646,44.78878834808729],[-1.1300838944172693,44.79328377363324],[-1.1332405152453693,44.793166056052414],[-1.1335713057960315,44.79766147789768],[-1.1367281651055945,44.79754366086724],[-1.1387155308898829,44.82451625651898],[-1.1355571605144947,44.82463413116454],[-1.1357227344615648,44.826881861616016],[-1.1325642248524435,44.82699965115941],[-1.1327296860470952,44.829247387832154],[-1.1200950113350665,44.82971766610654],[-1.119930054151803,44.82746991027364]]],[[[-1.079684270052985,44.84022742009803],[-1.0793575406223606,44.835731774771915],[-1.0761984161793572,44.835847960131986],[-1.0760351971181967,44.83360013485692],[-1.0728761856634268,44.83371622556019],[-1.0725500387845208,44.82922056981149],[-1.06939126635151,44.829336561138796],[-1.0687396331537167,44.82034524788054],[-1.071897901565419,44.82022927545563],[-1.0715719112002025,44.815733636902486],[-1.068413894739004,44.815849599877424],[-1.0677625742154746,44.806858321258176],[-1.0709200868959179,44.80674237718073],[-1.0707571633995143,44.80449456589175],[-1.0802292454678937,44.80414620857695],[-1.0803925467153506,44.80639400567243],[-1.0835500072144741,44.80627770207958],[-1.0838769007498472,44.81077329116767],[-1.0870346000332944,44.810656888212534],[-1.0871981923528276,44.81290468019412],[-1.0903560044935576,44.81278818260844],[-1.0906834803011372,44.81728376142129],[-1.0938415312552874,44.81716716444767],[-1.0944971439993396,44.826158320344746],[-1.0913385891078637,44.82627493632222],[-1.0916662221321418,44.830770532356325],[-1.0948250290524326,44.830653906875696],[-1.095480956583654,44.83964509696736],[-1.0923216454853815,44.83976174145678],[-1.0924855341046715,44.842009547260595],[-1.0830071439480433,44.84235895537636],[-1.0828436335469123,44.84011113533632],[-1.079684270052985,44.84022742009803]]],[[[-1.0426588755356003,44.897928503576246],[-1.0424968192317963,44.895680584670444],[-1.0393342444994453,44.89579572285628],[-1.038362937039012,44.88230820933396],[-1.0415247539489034,44.88219309929479],[-1.0413627884772056,44.87994518977359],[-1.0508477825423497,44.87959933371235],[-1.0510101268102883,44.88184722914043],[-1.054171891774455,44.881731759078555],[-1.054334375316266,44.88397965115156],[-1.057496253539647,44.88386408637654],[-1.0584721859571515,44.89735143871733],[-1.055309549897738,44.897467031749976],[-1.0554721245643357,44.89971493317825],[-1.0459837592582013,44.90006118620375],[-1.0458215636246733,44.89781327066648],[-1.0426588755356003,44.897928503576246]]]]}},{"type":"Feature","properties":{"category":"historical_support","snapshot_index":2,"pass_time_utc":"2026-07-23T20:34:00+00:00","dt_local":"2026-07-23T22:34:00+02:00","area_km2":88.5,"label":"Isoline temporelle","coherence_level":"indisponible","coherence_fraction":0.0,"projection_displayed":false,"model_version":"fire_progression_arrival_v1"},"geometry":{"type":"MultiPolygon","coordinates":[[[[-1.11387499389737,44.44230922070194],[-1.113711413372449,44.44006179248866],[-1.1105744534022302,44.4401789382133],[-1.11041101015319,44.43793150722956],[-1.1072741614769015,44.43804855890879],[-1.1071108554840992,44.435801125161944],[-1.1039741181048335,44.435918082802694],[-1.1036477935549907,44.43142321180848],[-1.1005112917302324,44.43154007065841],[-1.0988816883996573,44.40906578949647],[-1.09574641564333,44.40918251153646],[-1.0950954331328582,44.40019283721421],[-1.0982302093559608,44.400076134186264],[-1.0980673719229832,44.39782872550367],[-1.1012020111091838,44.39771193801704],[-1.1010390625068454,44.39546453615504],[-1.1073080538654396,44.39523070307315],[-1.1074712506580826,44.39747809541245],[-1.1106058510011827,44.397361040295635],[-1.1107691848539654,44.39960842993202],[-1.1201732803389293,44.39925671500769],[-1.1203369994886099,44.40150409238127],[-1.139145583855766,44.40079822511113],[-1.1394745505610786,44.405292928532006],[-1.1426095171976878,44.405174962137586],[-1.1431034376307323,44.4119170182124],[-1.146238763599653,44.41179894817668],[-1.1468980039262855,44.42078836556338],[-1.1437621812816865,44.42090645483346],[-1.1442563763795581,44.42764855357299],[-1.1411201680381446,44.42776656801707],[-1.1414494484107691,44.43226132020262],[-1.1383129785303134,44.432379254997365],[-1.1384775140907764,44.43462663890732],[-1.1353409068925964,44.434744489239],[-1.1355053312681724,44.43699187995368],[-1.1292318291761179,44.437227322404965],[-1.1293960180772527,44.439474724710266],[-1.1199852943130908,44.43982723320662],[-1.120149123411452,44.442074651867266],[-1.11387499389737,44.44230922070194]]],[[[-1.0841520832359695,44.85809373481712],[-1.074670926841277,44.858442432945544],[-1.0745077032522605,44.85619458893135],[-1.068187119277512,44.85642659507911],[-1.068024161036376,44.85417874299754],[-1.0648639756209517,44.85429460640883],[-1.0647011565567714,44.852046750995896],[-1.061541084243763,44.85216251973186],[-1.0612157374490094,44.8476668036548],[-1.058055904358469,44.84778247300926],[-1.057893376596211,44.84553461235615],[-1.0547336566058563,44.84565018705303],[-1.054571267948707,44.84340232309446],[-1.057730861840654,44.843286753106646],[-1.0565936226083892,44.827551777944706],[-1.0597523210982356,44.82743615099925],[-1.0595897843235689,44.825188307811246],[-1.0627483437941325,44.825072595665695],[-1.062585694017168,44.822824758625984],[-1.0657441144715674,44.82270896128803],[-1.0655813517123585,44.82046113040327],[-1.071897901565419,44.82022927545563],[-1.0715719112002025,44.815733636902486],[-1.068413894739004,44.815849599877424],[-1.0677625742154746,44.806858321258176],[-1.0709200868959179,44.80674237718073],[-1.0707571633995143,44.80449456589175],[-1.0802292454678937,44.80414620857695],[-1.0803925467153506,44.80639400567243],[-1.0835500072144741,44.80627770207958],[-1.0833865800531275,44.804029909722566],[-1.0897012100071664,44.803797042393015],[-1.0895375441115762,44.80154926098598],[-1.0926947135611802,44.80143269726117],[-1.0925309348636958,44.79918492206862],[-1.0956879653284328,44.79906827322806],[-1.0953601954738743,44.79457273675695],[-1.0985169610908843,44.79445600756419],[-1.0981889919446761,44.789960486504995],[-1.1045019804364122,44.78972677759533],[-1.1043377638610277,44.78747902880813],[-1.110650448173984,44.78724497004306],[-1.1104859930855504,44.78499723227622],[-1.1515155201117129,44.783467153145395],[-1.151681610712225,44.785714828574385],[-1.1548377613189467,44.78559649651911],[-1.1550039910049084,44.78784416860871],[-1.1581602541296303,44.78772574189377],[-1.1584930050135762,44.79222108085369],[-1.1616495064774515,44.79210255464348],[-1.1618160277070377,44.79435022150279],[-1.1870685659372913,44.79339873869412],[-1.1874036618155492,44.79789399928153],[-1.1905604205947322,44.797774649903054],[-1.1910635424776574,44.80451753713065],[-1.1879064061185836,44.804636901096856],[-1.1882416359964363,44.809132176223855],[-1.1850842344618129,44.809251460046944],[-1.1852517436066996,44.81149910463512],[-1.1789366485527244,44.81173741237947],[-1.1792712033594888,44.81623272528786],[-1.1761133839188904,44.816351754046465],[-1.1764477403641362,44.8208470823846],[-1.1701315576064268,44.821084889629645],[-1.1702985039707618,44.82333256562837],[-1.1671402665953303,44.82345133925341],[-1.16730710034345,44.82569902151443],[-1.1641487236500028,44.82581771007963],[-1.1643154447618653,44.82806539859633],[-1.1611569287472052,44.828184002093984],[-1.1613235372027682,44.83043169685976],[-1.1581648818636956,44.83055021528221],[-1.1583313776429103,44.83279791629045],[-1.1520137749981658,44.83303469305731],[-1.1521800320615716,44.835282405123095],[-1.1142717893291603,44.83669557045874],[-1.1144365472181925,44.838943341510166],[-1.1081180696364394,44.8391776197103],[-1.1082825885878556,44.84142540171398],[-1.105123203982498,44.84154241068934],[-1.1054520292273846,44.84603798843972],[-1.1022923793065509,44.8461549170106],[-1.1031140421507486,44.85739390960108],[-1.0936331217628499,44.857744227030494],[-1.0937971153504966,44.85999204397758],[-1.0843156983645172,44.86034156600535],[-1.0841520832359695,44.85809373481712]]],[[[-1.0304927239313482,44.905132355796276],[-1.0273295919357306,44.90524715257259],[-1.0271681285419565,44.90299920626988],[-1.017679034111525,44.9033430423096],[-1.0171958587593324,44.896599169312715],[-1.0140331805438898,44.89671358725054],[-1.0130679359986972,44.88322584934494],[-1.0162298563171765,44.883111459378206],[-1.015747029143623,44.876367622623036],[-1.0189085577632442,44.87625315663906],[-1.0185864849261819,44.87175728160427],[-1.0217477481642445,44.87164273495632],[-1.021586604858705,44.86939480415833],[-1.0247477289675195,44.86928017218985],[-1.0245864723477134,44.867032247435056],[-1.0309084293927977,44.86680272288925],[-1.0307469332760268,44.86455480886225],[-1.0402293932421915,44.8642098612313],[-1.0400675314852175,44.861961962638084],[-1.04954949626636,44.861616219299954],[-1.0497117365782926,44.86386410380494],[-1.059193963012998,44.86351753659841],[-1.0593565948850538,44.8657654083588],[-1.065678266468569,44.86553390425132],[-1.0658411637543848,44.867781767951755],[-1.0690021061840485,44.86766587621105],[-1.069165142716486,44.86991373655862],[-1.0723261982963284,44.86979775011248],[-1.0724893740954886,44.87204560709975],[-1.0756505428223733,44.87192952594122],[-1.0759771860716145,44.87642523453896],[-1.0791385941720653,44.87630905392723],[-1.079629035890457,44.8830526127773],[-1.0827908096466095,44.88293632795934],[-1.0837728044139865,44.89642345344905],[-1.077447728277108,44.896655989926025],[-1.0776111872994227,44.89890385830522],[-1.0744485032546627,44.89901999623741],[-1.074611849029633,44.9012678706706],[-1.0714490255569302,44.901383923301495],[-1.071612258064424,44.90363180378204],[-1.0526342848308134,44.904326257123614],[-1.0527967722013374,44.906574167217876],[-1.0306543266471597,44.90738029873902],[-1.0304927239313482,44.905132355796276]]]]}},{"type":"Feature","properties":{"category":"observed_front","snapshot_index":2,"pass_time_utc":"2026-07-23T20:34:00+00:00","dt_local":"2026-07-23T22:34:00+02:00","area_km2":104.5,"label":"Activité observée","coherence_level":"indisponible","coherence_fraction":0.0,"projection_displayed":false,"model_version":"fire_progression_arrival_v1"},"geometry":{"type":"MultiPolygon","coordinates":[[[[-1.11387499389737,44.44230922070194],[-1.113711413372449,44.44006179248866],[-1.1105744534022302,44.4401789382133],[-1.11041101015319,44.43793150722956],[-1.1072741614769015,44.43804855890879],[-1.1071108554840992,44.435801125161944],[-1.1039741181048335,44.435918082802694],[-1.1036477935549907,44.43142321180848],[-1.1005112917302324,44.43154007065841],[-1.0988816883996573,44.40906578949647],[-1.09574641564333,44.40918251153646],[-1.0950954331328582,44.40019283721421],[-1.0982302093559608,44.400076134186264],[-1.0980673719229832,44.39782872550367],[-1.1012020111091838,44.39771193801704],[-1.1010390625068454,44.39546453615504],[-1.1073080538654396,44.39523070307315],[-1.1074712506580826,44.39747809541245],[-1.1106058510011827,44.397361040295635],[-1.1107691848539654,44.39960842993202],[-1.1201732803389293,44.39925671500769],[-1.1203369994886099,44.40150409238127],[-1.1548190451404268,44.40020754907753],[-1.155149252931153,44.404702204388684],[-1.1582841541122728,44.404583791911506],[-1.1587799365176095,44.41132577575963],[-1.1556446629513877,44.411444202703876],[-1.1559750018725126,44.41593887844056],[-1.1497039187828642,44.416175483919424],[-1.14986885958055,44.41842283447118],[-1.1467331742102234,44.41854100817122],[-1.1468980039262855,44.42078836556338],[-1.1437621812816865,44.42090645483346],[-1.1442563763795581,44.42764855357299],[-1.1411201680381446,44.42776656801707],[-1.1414494484107691,44.43226132020262],[-1.1383129785303134,44.432379254997365],[-1.1384775140907764,44.43462663890732],[-1.1353409068925964,44.434744489239],[-1.1355053312681724,44.43699187995368],[-1.1292318291761179,44.437227322404965],[-1.1293960180772527,44.439474724710266],[-1.1199852943130908,44.43982723320662],[-1.120149123411452,44.442074651867266],[-1.11387499389737,44.44230922070194]]],[[[-1.0306543266471597,44.90738029873902],[-1.0304927239313482,44.905132355796276],[-1.0273295919357306,44.90524715257259],[-1.0271681285419565,44.90299920626988],[-1.0081898235379254,44.903686067953835],[-1.0080291313037093,44.901438094983774],[-1.0017031792855189,44.90166631921907],[-1.001542752658086,44.89941833827511],[-0.9983798837338106,44.89953231068394],[-0.9977388110981876,44.89054038166385],[-1.0009011746463998,44.89042642783085],[-1.0005804627177888,44.88593048065499],[-1.0037425607962767,44.88581644609123],[-1.003421647651748,44.8813205136088],[-1.009745300082858,44.88109219303947],[-1.0095846102354926,44.87884423813508],[-1.015907958646524,44.87861556685004],[-1.0146208833509163,44.86063205137466],[-1.0209421606379658,44.86040309472299],[-1.020781081825398,44.8581551708202],[-1.0239415749549428,44.85804056220418],[-1.0237803828706213,44.85579264436042],[-1.0269407369320078,44.85567795044883],[-1.0266181391709894,44.8511821282882],[-1.0297782280247954,44.85106735376548],[-1.0296168223766846,44.848819449458404],[-1.0454164420140961,44.8482442509385],[-1.0452544186949733,44.84599637147021],[-1.0547336566058563,44.84565018705303],[-1.054571267948707,44.84340232309446],[-1.057730861840654,44.843286753106646],[-1.0565936226083892,44.827551777944706],[-1.0597523210982356,44.82743615099925],[-1.0595897843235689,44.825188307811246],[-1.0627483437941325,44.825072595665695],[-1.062585694017168,44.822824758625984],[-1.0657441144715674,44.82270896128803],[-1.0655813517123585,44.82046113040327],[-1.071897901565419,44.82022927545563],[-1.0715719112002025,44.815733636902486],[-1.0747299146248463,44.815617584033234],[-1.0745668130391945,44.81336977165301],[-1.0777246774601712,44.81325363362199],[-1.077561462972459,44.811005827423166],[-1.0807191883928962,44.810889604238064],[-1.0805558610231627,44.808641804227264],[-1.083713447446192,44.808525495895736],[-1.0833865800531275,44.804029909722566],[-1.0897012100071664,44.803797042393015],[-1.0895375441115762,44.80154926098598],[-1.0926947135611802,44.80143269726117],[-1.0925309348636958,44.79918492206862],[-1.0956879653284328,44.79906827322806],[-1.0953601954738743,44.79457273675695],[-1.0985169610908843,44.79445600756419],[-1.0981889919446761,44.789960486504995],[-1.1045019804364122,44.78972677759533],[-1.1043377638610277,44.78747902880813],[-1.110650448173984,44.78724497004306],[-1.1104859930855504,44.78499723227622],[-1.1515155201117129,44.783467153145395],[-1.151681610712225,44.785714828574385],[-1.1548377613189467,44.78559649651911],[-1.1550039910049084,44.78784416860871],[-1.1581602541296303,44.78772574189377],[-1.1584930050135762,44.79222108085369],[-1.1616495064774515,44.79210255464348],[-1.1618160277070377,44.79435022150279],[-1.1870685659372913,44.79339873869412],[-1.1874036618155492,44.79789399928153],[-1.1905604205947322,44.797774649903054],[-1.1910635424776574,44.80451753713065],[-1.1879064061185836,44.804636901096856],[-1.1882416359964363,44.809132176223855],[-1.1850842344618129,44.809251460046944],[-1.1852517436066996,44.81149910463512],[-1.1789366485527244,44.81173741237947],[-1.1792712033594888,44.81623272528786],[-1.1761133839188904,44.816351754046465],[-1.1764477403641362,44.8208470823846],[-1.1701315576064268,44.821084889629645],[-1.1702985039707618,44.82333256562837],[-1.1671402665953303,44.82345133925341],[-1.16730710034345,44.82569902151443],[-1.1641487236500028,44.82581771007963],[-1.1643154447618653,44.82806539859633],[-1.1611569287472052,44.828184002093984],[-1.1613235372027682,44.83043169685976],[-1.1581648818636956,44.83055021528221],[-1.1583313776429103,44.83279791629045],[-1.1520137749981658,44.83303469305731],[-1.1521800320615716,44.835282405123095],[-1.1142717893291603,44.83669557045874],[-1.1144365472181925,44.838943341510166],[-1.1081180696364394,44.8391776197103],[-1.1082825885878556,44.84142540171398],[-1.105123203982498,44.84154241068934],[-1.1054520292273846,44.84603798843972],[-1.1022923793065509,44.8461549170106],[-1.1032784141833207,44.859641712274104],[-1.1001179943839148,44.85975857947161],[-1.1002822534179724,44.86200638828359],[-1.0971216943119966,44.8621231702765],[-1.0972858403274506,44.86437098522085],[-1.0941251419117517,44.86448768200149],[-1.0944532209981221,44.86898332550922],[-1.0912922570779051,44.86909994182145],[-1.0922760522528532,44.882586933490934],[-1.0891143178378642,44.882703488315585],[-1.089769938828802,44.8916948620216],[-1.086607686169025,44.89181134582848],[-1.0867714979326166,44.894059197337],[-1.083609105845843,44.89417559586986],[-1.0837728044139865,44.89642345344905],[-1.077447728277108,44.896655989926025],[-1.0776111872994227,44.89890385830522],[-1.0744485032546627,44.89901999623741],[-1.074611849029633,44.9012678706706],[-1.0714490255569302,44.901383923301495],[-1.071612258064424,44.90363180378204],[-1.0526342848308134,44.904326257123614],[-1.0527967722013374,44.906574167217876],[-1.0306543266471597,44.90738029873902]]]]}},{"type":"Feature","properties":{"category":"historical_support","snapshot_index":3,"pass_time_utc":"2026-07-24T01:34:00+00:00","dt_local":"2026-07-24T03:34:00+02:00","area_km2":117.375,"label":"Isoline temporelle","coherence_level":"indisponible","coherence_fraction":0.0,"projection_displayed":false,"model_version":"fire_progression_arrival_v1"},"geometry":{"type":"MultiPolygon","coordinates":[[[[-1.11387499389737,44.44230922070194],[-1.113711413372449,44.44006179248866],[-1.1105744534022302,44.4401789382133],[-1.11041101015319,44.43793150722956],[-1.1072741614769015,44.43804855890879],[-1.1071108554840992,44.435801125161944],[-1.1039741181048335,44.435918082802694],[-1.1036477935549907,44.43142321180848],[-1.1005112917302324,44.43154007065841],[-1.0988816883996573,44.40906578949647],[-1.09574641564333,44.40918251153646],[-1.0950954331328582,44.40019283721421],[-1.0982302093559608,44.400076134186264],[-1.0980673719229832,44.39782872550367],[-1.1012020111091838,44.39771193801704],[-1.1010390625068454,44.39546453615504],[-1.1073080538654396,44.39523070307315],[-1.1074712506580826,44.39747809541245],[-1.1106058510011827,44.397361040295635],[-1.1107691848539654,44.39960842993202],[-1.1139038963308616,44.39949128083568],[-1.1137404383769818,44.39724389596992],[-1.135682186100134,44.39642138788805],[-1.1358465127183883,44.39866873925811],[-1.1452502956576296,44.39831488330807],[-1.1454150076139833,44.40056222232676],[-1.148549699880713,44.40044408711946],[-1.1497039187828642,44.416175483919424],[-1.1465683575848018,44.416293652807155],[-1.1468980039262855,44.42078836556338],[-1.1437621812816865,44.42090645483346],[-1.1442563763795581,44.42764855357299],[-1.1411201680381446,44.42776656801707],[-1.1414494484107691,44.43226132020262],[-1.1383129785303134,44.432379254997365],[-1.1384775140907764,44.43462663890732],[-1.1353409068925964,44.434744489239],[-1.1355053312681724,44.43699187995368],[-1.1292318291761179,44.437227322404965],[-1.1293960180772527,44.439474724710266],[-1.1199852943130908,44.43982723320662],[-1.120149123411452,44.442074651867266],[-1.11387499389737,44.44230922070194]]],[[[-1.0306543266471597,44.90738029873902],[-1.0304927239313482,44.905132355796276],[-1.0273295919357306,44.90524715257259],[-1.0271681285419565,44.90299920626988],[-1.017679034111525,44.9033430423096],[-1.0171958587593324,44.896599169312715],[-1.0140331805438898,44.89671358725054],[-1.0138722742368473,44.89446562758234],[-1.0107097094741964,44.894579950827946],[-1.0100667183867154,44.885588106913524],[-1.0132287778785418,44.88547380230067],[-1.0130679359986972,44.88322584934494],[-1.0162298563171765,44.883111459378206],[-1.0146208833509163,44.86063205137466],[-1.0209421606379658,44.86040309472299],[-1.020781081825398,44.8581551708202],[-1.0239415749549428,44.85804056220418],[-1.0237803828706213,44.85579264436042],[-1.0269407369320078,44.85567795044883],[-1.0266181391709894,44.8511821282882],[-1.0297782280247954,44.85106735376548],[-1.0296168223766846,44.848819449458404],[-1.0454164420140961,44.8482442509385],[-1.0452544186949733,44.84599637147021],[-1.0515739236188393,44.84576567180471],[-1.0514116610616566,44.843517803140735],[-1.057730861840654,44.843286753106646],[-1.0565936226083892,44.827551777944706],[-1.0597523210982356,44.82743615099925],[-1.0595897843235689,44.825188307811246],[-1.0627483437941325,44.825072595665695],[-1.062585694017168,44.822824758625984],[-1.0657441144715674,44.82270896128803],[-1.0655813517123585,44.82046113040327],[-1.071897901565419,44.82022927545563],[-1.0715719112002025,44.815733636902486],[-1.068413894739004,44.815849599877424],[-1.0677625742154746,44.806858321258176],[-1.0709200868959179,44.80674237718073],[-1.0707571633995143,44.80449456589175],[-1.0802292454678937,44.80414620857695],[-1.0803925467153506,44.80639400567243],[-1.0835500072144741,44.80627770207958],[-1.0833865800531275,44.804029909722566],[-1.0897012100071664,44.803797042393015],[-1.0895375441115762,44.80154926098598],[-1.0926947135611802,44.80143269726117],[-1.0925309348636958,44.79918492206862],[-1.0956879653284328,44.79906827322806],[-1.0953601954738743,44.79457273675695],[-1.0985169610908843,44.79445600756419],[-1.0981889919446761,44.789960486504995],[-1.1045019804364122,44.78972677759533],[-1.1043377638610277,44.78747902880813],[-1.110650448173984,44.78724497004306],[-1.1104859930855504,44.78499723227622],[-1.1515155201117129,44.783467153145395],[-1.151681610712225,44.785714828574385],[-1.1548377613189467,44.78559649651911],[-1.1550039910049084,44.78784416860871],[-1.1581602541296303,44.78772574189377],[-1.1584930050135762,44.79222108085369],[-1.1616495064774515,44.79210255464348],[-1.1618160277070377,44.79435022150279],[-1.1712858296758242,44.79399408929705],[-1.171118930952781,44.79174643694635],[-1.17743181390605,44.79150857593191],[-1.1772646768914243,44.78926093474163],[-1.1867335236363967,44.78890348396979],[-1.1865660225734498,44.78665585881471],[-1.2086586485895985,44.78581869686889],[-1.2089954253083177,44.79031388043837],[-1.2121517125684729,44.79019391678098],[-1.2126573560771912,44.79693668847178],[-1.2158140073158035,44.79681662030547],[-1.2163201496640133,44.8035593904369],[-1.1879064061185836,44.804636901096856],[-1.1882416359964363,44.809132176223855],[-1.1850842344618129,44.809251460046944],[-1.1852517436066996,44.81149910463512],[-1.1789366485527244,44.81173741237947],[-1.1792712033594888,44.81623272528786],[-1.1761133839188904,44.816351754046465],[-1.1764477403641362,44.8208470823846],[-1.1701315576064268,44.821084889629645],[-1.1702985039707618,44.82333256562837],[-1.1671402665953303,44.82345133925341],[-1.16730710034345,44.82569902151443],[-1.1641487236500028,44.82581771007963],[-1.1643154447618653,44.82806539859633],[-1.1611569287472052,44.828184002093984],[-1.1613235372027682,44.83043169685976],[-1.1581648818636956,44.83055021528221],[-1.1583313776429103,44.83279791629045],[-1.1520137749981658,44.83303469305731],[-1.1521800320615716,44.835282405123095],[-1.1142717893291603,44.83669557045874],[-1.1144365472181925,44.838943341510166],[-1.1081180696364394,44.8391776197103],[-1.1082825885878556,44.84142540171398],[-1.105123203982498,44.84154241068934],[-1.1054520292273846,44.84603798843972],[-1.1022923793065509,44.8461549170106],[-1.1032784141833207,44.859641712274104],[-1.1001179943839148,44.85975857947161],[-1.1002822534179724,44.86200638828359],[-1.0971216943119966,44.8621231702765],[-1.0972858403274506,44.86437098522085],[-1.1036071977248245,44.86413732174803],[-1.1034427993741538,44.861889516324204],[-1.119245331556596,44.861303807050135],[-1.1190803156055906,44.859056026864266],[-1.125400983785479,44.85882112298062],[-1.1252357287700467,44.85657335374168],[-1.1315560917691503,44.85633809961058],[-1.1313905977342154,44.8540903413357],[-1.1471906426445284,44.85350065585972],[-1.147356767267822,44.855748390108005],[-1.1505168625159692,44.85563017835356],[-1.1511819985495364,44.86462110982124],[-1.144860785645685,44.86485748189943],[-1.1450268506064791,44.86710522781541],[-1.141866098042864,44.86722328371621],[-1.142032050122507,44.86947103580329],[-1.1388711580958288,44.869589006540686],[-1.139036997274228,44.87183676479227],[-1.1358759657813013,44.87195465035859],[-1.1360416920383647,44.87420241476804],[-1.129719336853868,44.874437925560514],[-1.1298848239566497,44.87668570091745],[-1.126723500270358,44.8768033261317],[-1.1268888743999637,44.87905110762983],[-1.1174044452507337,44.8794034577018],[-1.1175694539100385,44.8816512549022],[-1.1080845271191633,44.882002809362604],[-1.108249170235158,44.88425062223025],[-1.1019255672576138,44.884484551411866],[-1.1020899710262186,44.8867323751512],[-1.0957660628469388,44.88696595383799],[-1.0959302272231846,44.889213788431846],[-1.0927681271258183,44.88933044751715],[-1.0929321783584995,44.8915782881984],[-1.089769938828802,44.8916948620216],[-1.089933876897797,44.89394270878362],[-1.0867714979326166,44.894059197337],[-1.086935322817802,44.89630705017315],[-1.077447728277108,44.896655989926025],[-1.0776111872994227,44.89890385830522],[-1.0744485032546627,44.89901999623741],[-1.074611849029633,44.9012678706706],[-1.0714490255569302,44.901383923301495],[-1.071612258064424,44.90363180378204],[-1.0526342848308134,44.904326257123614],[-1.0527967722013374,44.906574167217876],[-1.0306543266471597,44.90738029873902]]]]}},{"type":"Feature","properties":{"category":"observed_front","snapshot_index":3,"pass_time_utc":"2026-07-24T01:34:00+00:00","dt_local":"2026-07-24T03:34:00+02:00","area_km2":73.312,"label":"Activité observée","coherence_level":"indisponible","coherence_fraction":0.0,"projection_displayed":false,"model_version":"fire_progression_arrival_v1"},"geometry":{"type":"MultiPolygon","coordinates":[[[[-1.1198214782310287,44.4375798165458],[-1.119657675163717,44.4353324018881],[-1.1165209897390673,44.435449716612055],[-1.1163573239414446,44.43320229918335],[-1.1132207497714486,44.433319519863446],[-1.1127302030986024,44.4265772653306],[-1.1095939886564359,44.426694382434235],[-1.1092672709114952,44.42219954663629],[-1.1061312919256805,44.4223165649519],[-1.105968076717933,44.42006914532668],[-1.102832208971239,44.42018606963057],[-1.102506065821686,44.41569122695282],[-1.0993704335028986,44.415808052494164],[-1.098393059718578,44.402323544930205],[-1.1015279471291037,44.40220674793111],[-1.1013649726494241,44.3999593419435],[-1.1139038963308616,44.39949128083568],[-1.1137404383769818,44.39724389596992],[-1.135682186100134,44.39642138788805],[-1.1358465127183883,44.39866873925811],[-1.1452502956576296,44.39831488330807],[-1.1454150076139833,44.40056222232676],[-1.148549699880713,44.40044408711946],[-1.1497039187828642,44.416175483919424],[-1.1465683575848018,44.416293652807155],[-1.1468980039262855,44.42078836556338],[-1.1437621812816865,44.42090645483346],[-1.1439268998965098,44.4231538190595],[-1.140790939974523,44.42327182389197],[-1.1411201680381446,44.42776656801707],[-1.1379839466194817,44.42788449320666],[-1.1381484560404014,44.43013187309603],[-1.135012097326756,44.43024971382938],[-1.1351764955793089,44.43249710052977],[-1.1320399995675718,44.43261485679928],[-1.132204286632129,44.43486225030414],[-1.125931006963595,44.43509750463261],[-1.12609505855887,44.43734490972397],[-1.1198214782310287,44.4375798165458]]],[[[-1.0516596339128428,44.890838824320696],[-1.0548219040267826,44.89072333543666],[-1.0544968718712158,44.88622754457116],[-1.057658876375447,44.88611197508705],[-1.057496253539647,44.88386408637654],[-1.0606581187398285,44.883748431594164],[-1.0604953826579984,44.8815005489426],[-1.063657108557259,44.88138480886965],[-1.0634942592495167,44.87913693228365],[-1.0666558458509843,44.87902110692779],[-1.0664928833374434,44.87677323641398],[-1.069654330644249,44.876657325782894],[-1.0694912549450202,44.87440946134792],[-1.0726525629602983,44.87429346544927],[-1.0723261982963284,44.86979775011248],[-1.069165142716486,44.86991373655862],[-1.0690021061840485,44.86766587621105],[-1.0658411637543848,44.867781767951755],[-1.065678266468569,44.86553390425132],[-1.0593565948850538,44.8657654083588],[-1.059193963012998,44.86351753659841],[-1.0497117365782926,44.86386410380494],[-1.04954949626636,44.861616219299954],[-1.046388854313401,44.86173155705201],[-1.0465509684419043,44.863979446256714],[-1.0433901873265214,44.86409469873236],[-1.0435521882389833,44.86634259401076],[-1.0403912679580631,44.86645776120233],[-1.0405531556343857,44.86870566254781],[-1.034231023783292,44.86893573636232],[-1.034392671983567,44.87118364845396],[-1.0280702359206,44.87141337168612],[-1.0277474573303793,44.86691753015373],[-1.0245864723477134,44.867032247435056],[-1.0247477289675195,44.86928017218985],[-1.021586604858705,44.86939480415833],[-1.0217477481642445,44.87164273495632],[-1.0185864849261819,44.87175728160427],[-1.0189085577632442,44.87625315663906],[-1.015747029143623,44.876367622623036],[-1.0146208833509163,44.86063205137466],[-1.0209421606379658,44.86040309472299],[-1.020781081825398,44.8581551708202],[-1.0239415749549428,44.85804056220418],[-1.0237803828706213,44.85579264436042],[-1.0269407369320078,44.85567795044883],[-1.0266181391709894,44.8511821282882],[-1.0297782280247954,44.85106735376548],[-1.0296168223766846,44.848819449458404],[-1.0454164420140961,44.8482442509385],[-1.0452544186949733,44.84599637147021],[-1.0515739236188393,44.84576567180471],[-1.0514116610616566,44.843517803140735],[-1.057730861840654,44.843286753106646],[-1.057405871343404,44.83879103883197],[-1.0605652000666241,44.83867538832801],[-1.0604025982550729,44.836427538021695],[-1.0635617879010557,44.8363118023004],[-1.0630736823877995,44.82956827404248],[-1.0662324808825927,44.82945246254932],[-1.0660696790551232,44.82720462736443],[-1.0692283385021095,44.827088730676174],[-1.0690654236870523,44.82484090164333],[-1.0722239440893557,44.82472491976763],[-1.0720609163067656,44.822477096893465],[-1.0752192976675115,44.822361029837985],[-1.0750561569374397,44.82011321312911],[-1.0782143992597581,44.81999706090155],[-1.0780511456022555,44.81774925036456],[-1.0843673391081101,44.817516685684296],[-1.0842038465792385,44.81526888606532],[-1.087361797757453,44.81515247362452],[-1.0871981923528276,44.81290468019412],[-1.0903560044935576,44.81278818260844],[-1.0901922862332174,44.810540395373245],[-1.0933499593396008,44.81042381265036],[-1.0931861282435833,44.80817603161697],[-1.09634366231876,44.808059363764556],[-1.0961797184071003,44.805811588939584],[-1.099337113454211,44.80569483596529],[-1.0991730567469387,44.80344706735535],[-1.1023303127691297,44.80333022926684],[-1.1021661432862735,44.801082466878555],[-1.1053232602866898,44.80096554368352],[-1.1051589780482753,44.79871778752349],[-1.1083159560300633,44.79860077922958],[-1.1081515610561128,44.796353029304434],[-1.1113084000224234,44.79623593591932],[-1.1111438923329562,44.79398819223566],[-1.11430059228694,44.793871013766996],[-1.1141359719019737,44.79162327633142],[-1.117292532846783,44.79150601278689],[-1.1171277997863311,44.789258281606024],[-1.1202842217251225,44.78914093299329],[-1.1201193760091972,44.78689320807373],[-1.1264319286931448,44.786658250886376],[-1.1262668445299593,44.78441053702267],[-1.13889128821153,44.78393956375815],[-1.1390568756060657,44.786187258433706],[-1.1422130792644936,44.78606928572431],[-1.1423788057108293,44.788316977075894],[-1.1455351219336236,44.788198909719135],[-1.145700987451765,44.79044659773931],[-1.1488574162357483,44.790328435728256],[-1.149023420845701,44.79257612040957],[-1.1521799621876954,44.792457863737305],[-1.1523461059094684,44.79470554507235],[-1.1555027598062924,44.794587193731914],[-1.1556690426598946,44.79683487171322],[-1.1651393020775986,44.796479264109216],[-1.1649726416909496,44.79423160061523],[-1.1712858296758242,44.79399408929705],[-1.171118930952781,44.79174643694635],[-1.17743181390605,44.79150857593191],[-1.1772646768914243,44.78926093474163],[-1.1867335236363967,44.78890348396979],[-1.1865660225734498,44.78665585881471],[-1.2055025994572852,44.785938560923576],[-1.205334357068302,44.78369096646578],[-1.2274255375665717,44.78285006595689],[-1.2275946603837253,44.785097626157096],[-1.230750615089485,44.784977133313326],[-1.2314277447451778,44.793967369175505],[-1.2282712868635084,44.79408788165554],[-1.228440477294346,44.7963354491877],[-1.225283880066102,44.79645587673385],[-1.225452958193939,44.798703450628445],[-1.21913947152861,44.79894404598929],[-1.2193083114895997,44.8011916311388],[-1.2161514220576617,44.80131179894159],[-1.2163201496640133,44.8035593904369],[-1.1847492563571402,44.80475617520103],[-1.1849167387124948,44.80700381690111],[-1.1786021472545563,44.807242105228674],[-1.1787693912158672,44.809489758082684],[-1.1724544944677393,44.809727696633985],[-1.1726214999901534,44.811975360624764],[-1.1663062979990948,44.81221294936636],[-1.1664730650377582,44.8144606244768],[-1.1633153181087448,44.81457928886668],[-1.1634819725532501,44.81682697024862],[-1.1571661868487135,44.8170640390422],[-1.156999784274702,44.81481634800195],[-1.1538419973897038,44.81493474274615],[-1.153675734051962,44.812687048319916],[-1.1410449573522694,44.813159709202964],[-1.1412107169635877,44.81540742288662],[-1.134894997159092,44.81564322364695],[-1.1350605181361852,44.817890948376345],[-1.1255864613144622,44.81824398974991],[-1.1254213181884483,44.815996250637106],[-1.1191054661489663,44.81623115252358],[-1.1189405881200232,44.81398340528005],[-1.1157827682592958,44.81410071660981],[-1.1156180293538591,44.81185296603018],[-1.1124603222545295,44.81197018269783],[-1.112295722452564,44.80972242878955],[-1.0996652662316733,44.810190377556104],[-1.099829362305008,44.81243815053022],[-1.0966715894796661,44.812554917775934],[-1.0968355727320551,44.8148026969556],[-1.0936776608438816,44.81491937906908],[-1.0953169550187865,44.83739729732415],[-1.0921577699800558,44.837513937061075],[-1.0923216454853815,44.83976174145678],[-1.0860029839569767,44.83999476064184],[-1.0861666204323985,44.84224257594012],[-1.0766881517330713,44.84259144443895],[-1.0768514230462758,44.84483927535727],[-1.0642127775467785,44.84530319312902],[-1.0643755575212477,44.84755104435262],[-1.0612157374490094,44.8476668036548],[-1.061541084243763,44.85216251973186],[-1.0647011565567714,44.852046750995896],[-1.0648639756209517,44.85429460640883],[-1.068024161036376,44.85417874299754],[-1.068187119277512,44.85642659507911],[-1.0745077032522605,44.85619458893135],[-1.074670926841277,44.858442432945544],[-1.0841520832359695,44.85809373481712],[-1.0843156983645172,44.86034156600535],[-1.0937971153504966,44.85999204397758],[-1.0936331217628499,44.857744227030494],[-1.1031140421507486,44.85739390960108],[-1.1032784141833207,44.859641712274104],[-1.1001179943839148,44.85975857947161],[-1.1002822534179724,44.86200638828359],[-1.0971216943119966,44.8621231702765],[-1.0972858403274506,44.86437098522085],[-1.1036071977248245,44.86413732174803],[-1.1034427993741538,44.861889516324204],[-1.119245331556596,44.861303807050135],[-1.1190803156055906,44.859056026864266],[-1.125400983785479,44.85882112298062],[-1.1252357287700467,44.85657335374168],[-1.1315560917691503,44.85633809961058],[-1.1313905977342154,44.8540903413357],[-1.1471906426445284,44.85350065585972],[-1.147356767267822,44.855748390108005],[-1.1505168625159692,44.85563017835356],[-1.1511819985495364,44.86462110982124],[-1.144860785645685,44.86485748189943],[-1.1450268506064791,44.86710522781541],[-1.141866098042864,44.86722328371621],[-1.142032050122507,44.86947103580329],[-1.1388711580958288,44.869589006540686],[-1.139036997274228,44.87183676479227],[-1.1358759657813013,44.87195465035859],[-1.1360416920383647,44.87420241476804],[-1.129719336853868,44.874437925560514],[-1.1298848239566497,44.87668570091745],[-1.126723500270358,44.8768033261317],[-1.1268888743999637,44.87905110762983],[-1.1174044452507337,44.8794034577018],[-1.1175694539100385,44.8816512549022],[-1.1080845271191633,44.882002809362604],[-1.108249170235158,44.88425062223025],[-1.1019255672576138,44.884484551411866],[-1.1020899710262186,44.8867323751512],[-1.0957660628469388,44.88696595383799],[-1.0959302272231846,44.889213788431846],[-1.0927681271258183,44.88933044751715],[-1.0929321783584995,44.8915782881984],[-1.089769938828802,44.8916948620216],[-1.089933876897797,44.89394270878362],[-1.0867714979326166,44.894059197337],[-1.086935322817802,44.89630705017315],[-1.077447728277108,44.896655989926025],[-1.0776111872994227,44.89890385830522],[-1.0744485032546627,44.89901999623741],[-1.074611849029633,44.9012678706706],[-1.052471810477426,44.90207834834577],[-1.0516596339128428,44.890838824320696]]],[[[-1.0100667183867154,44.885588106913524],[-1.0132287778785418,44.88547380230067],[-1.0130679359986972,44.88322584934494],[-1.0193917637447945,44.88299697940046],[-1.0200362190070065,44.89198876199762],[-1.0168738063611984,44.89210326063658],[-1.0170348261109652,44.89435121430688],[-1.0107097094741964,44.894579950827946],[-1.0100667183867154,44.885588106913524]]]]}},{"type":"Feature","properties":{"category":"historical_support","snapshot_index":4,"pass_time_utc":"2026-07-24T02:11:00+00:00","dt_local":"2026-07-24T04:11:00+02:00","area_km2":132.625,"label":"Isoline temporelle","coherence_level":"élevée","coherence_fraction":0.978,"projection_displayed":true,"model_version":"fire_progression_arrival_v1"},"geometry":{"type":"MultiPolygon","coordinates":[[[[-1.11387499389737,44.44230922070194],[-1.113711413372449,44.44006179248866],[-1.1105744534022302,44.4401789382133],[-1.11041101015319,44.43793150722956],[-1.1072741614769015,44.43804855890879],[-1.1071108554840992,44.435801125161944],[-1.1039741181048335,44.435918082802694],[-1.1036477935549907,44.43142321180848],[-1.1005112917302324,44.43154007065841],[-1.0988816883996573,44.40906578949647],[-1.09574641564333,44.40918251153646],[-1.0950954331328582,44.40019283721421],[-1.0982302093559608,44.400076134186264],[-1.0980673719229832,44.39782872550367],[-1.1012020111091838,44.39771193801704],[-1.1010390625068454,44.39546453615504],[-1.1073080538654396,44.39523070307315],[-1.1074712506580826,44.39747809541245],[-1.1106058510011827,44.397361040295635],[-1.1107691848539654,44.39960842993202],[-1.1139038963308616,44.39949128083568],[-1.1137404383769818,44.39724389596992],[-1.135682186100134,44.39642138788805],[-1.1358465127183883,44.39866873925811],[-1.1515194189169753,44.39807853330913],[-1.1518493522997273,44.4025731941511],[-1.1549841424812204,44.40245487570764],[-1.155314376491785,44.40694953511731],[-1.1521793380798402,44.407067863197604],[-1.152674415022342,44.413809882092266],[-1.1495389910840692,44.41392813539891],[-1.1497039187828642,44.416175483919424],[-1.1465683575848018,44.416293652807155],[-1.1468980039262855,44.42078836556338],[-1.1437621812816865,44.42090645483346],[-1.1442563763795581,44.42764855357299],[-1.1411201680381446,44.42776656801707],[-1.1414494484107691,44.43226132020262],[-1.1383129785303134,44.432379254997365],[-1.1384775140907764,44.43462663890732],[-1.1353409068925964,44.434744489239],[-1.1355053312681724,44.43699187995368],[-1.1292318291761179,44.437227322404965],[-1.1293960180772527,44.439474724710266],[-1.1199852943130908,44.43982723320662],[-1.120149123411452,44.442074651867266],[-1.11387499389737,44.44230922070194]]],[[[-1.0306543266471597,44.90738029873902],[-1.0304927239313482,44.905132355796276],[-1.0273295919357306,44.90524715257259],[-1.0271681285419565,44.90299920626988],[-1.017679034111525,44.9033430423096],[-1.017356904307849,44.89884712565071],[-1.011031282282549,44.89907588081427],[-1.0108704894383669,44.89682791515483],[-1.0077077854528307,44.89694215302503],[-1.0075471318330795,44.894694184043104],[-1.0043845413235648,44.894808327227274],[-1.0037425607962767,44.88581644609123],[-1.0069046460226065,44.88570232151056],[-1.0067440567293997,44.88345435924309],[-1.0099060027994182,44.88334014930008],[-1.009745300082858,44.88109219303947],[-1.0160689010371933,44.88086351243622],[-1.0146208833509163,44.86063205137466],[-1.0209421606379658,44.86040309472299],[-1.020781081825398,44.8581551708202],[-1.0239415749549428,44.85804056220418],[-1.0237803828706213,44.85579264436042],[-1.0269407369320078,44.85567795044883],[-1.0266181391709894,44.8511821282882],[-1.0297782280247954,44.85106735376548],[-1.0296168223766846,44.848819449458404],[-1.0454164420140961,44.8482442509385],[-1.0450924083423945,44.843748493406345],[-1.0482520411895393,44.84363319324488],[-1.0480899177089091,44.84138532128673],[-1.0512494114895399,44.841269935884135],[-1.0510871749009325,44.83902207003829],[-1.054246529618162,44.83890659940224],[-1.0540841799416498,44.836658739675364],[-1.0572433955985923,44.836543183813546],[-1.0565936226083892,44.827551777944706],[-1.0597523210982356,44.82743615099925],[-1.0595897843235689,44.825188307811246],[-1.0627483437941325,44.825072595665695],[-1.062585694017168,44.822824758625984],[-1.0657441144715674,44.82270896128803],[-1.0655813517123585,44.82046113040327],[-1.071897901565419,44.82022927545563],[-1.0715719112002025,44.815733636902486],[-1.068413894739004,44.815849599877424],[-1.0677625742154746,44.806858321258176],[-1.0709200868959179,44.80674237718073],[-1.0707571633995143,44.80449456589175],[-1.0802292454678937,44.80414620857695],[-1.0803925467153506,44.80639400567243],[-1.0835500072144741,44.80627770207958],[-1.0833865800531275,44.804029909722566],[-1.0897012100071664,44.803797042393015],[-1.0895375441115762,44.80154926098598],[-1.0926947135611802,44.80143269726117],[-1.0925309348636958,44.79918492206862],[-1.0956879653284328,44.79906827322806],[-1.0953601954738743,44.79457273675695],[-1.0985169610908843,44.79445600756419],[-1.0981889919446761,44.789960486504995],[-1.1045019804364122,44.78972677759533],[-1.1043377638610277,44.78747902880813],[-1.110650448173984,44.78724497004306],[-1.1104859930855504,44.78499723227622],[-1.1199545434711766,44.78464548463782],[-1.1197897241094856,44.78239776268892],[-1.1418816661140092,44.781573907471106],[-1.1420473660660826,44.78382159585492],[-1.1515155201117129,44.783467153145395],[-1.151681610712225,44.785714828574385],[-1.1548377613189467,44.78559649651911],[-1.1550039910049084,44.78784416860871],[-1.1581602541296303,44.78772574189377],[-1.1584930050135762,44.79222108085369],[-1.1679624694570574,44.79186523268924],[-1.1677957098962908,44.7896175769691],[-1.1741083679075073,44.789379905323145],[-1.1739413700603616,44.787132260759286],[-1.1802537230559615,44.786894239455066],[-1.1800864869672405,44.78464660606459],[-1.189554538789538,44.78428891492687],[-1.1893869387240956,44.78204129758783],[-1.2020103170992122,44.781563137952794],[-1.2018422273663485,44.779315541575436],[-1.2207761370927759,44.778595636783486],[-1.2206073063072624,44.776348071218095],[-1.2269182502159017,44.77610739422887],[-1.2270873324842788,44.77835494998942],[-1.2333984738172228,44.77811390393812],[-1.2335678210966128,44.78036145136204],[-1.2367234972119001,44.78024078870101],[-1.236892983783285,44.78248833268877],[-1.2400487721064593,44.78236757529229],[-1.2410667308313286,44.795852840574135],[-1.2379101877734855,44.79597362749069],[-1.2380797692139887,44.79822118173873],[-1.2349230867728092,44.798341883730686],[-1.2350925559368036,44.80058944434831],[-1.2319357341090422,44.80071006140798],[-1.2321050909765219,44.80295762838858],[-1.2257911550088796,44.803198602773584],[-1.2259602736992234,44.805446181017366],[-1.2070173863798963,44.806166976997076],[-1.2071857633366088,44.80841458604929],[-1.1913990241254804,44.80901280253141],[-1.1915667850719749,44.8112604373964],[-1.1789366485527244,44.81173741237947],[-1.1792712033594888,44.81623272528786],[-1.1761133839188904,44.816351754046465],[-1.1764477403641362,44.8208470823846],[-1.1701315576064268,44.821084889629645],[-1.1702985039707618,44.82333256562837],[-1.1671402665953303,44.82345133925341],[-1.16730710034345,44.82569902151443],[-1.1641487236500028,44.82581771007963],[-1.1643154447618653,44.82806539859633],[-1.1611569287472052,44.828184002093984],[-1.1613235372027682,44.83043169685976],[-1.1581648818636956,44.83055021528221],[-1.1583313776429103,44.83279791629045],[-1.1520137749981658,44.83303469305731],[-1.1521800320615716,44.835282405123095],[-1.1142717893291603,44.83669557045874],[-1.1144365472181925,44.838943341510166],[-1.1081180696364394,44.8391776197103],[-1.1082825885878556,44.84142540171398],[-1.105123203982498,44.84154241068934],[-1.1054520292273846,44.84603798843972],[-1.1022923793065509,44.8461549170106],[-1.1032784141833207,44.859641712274104],[-1.1127595945918067,44.85929057091037],[-1.1125948441285143,44.857042782544305],[-1.1189153128630591,44.85680824805445],[-1.1187503233274176,44.85456047062406],[-1.1250704869815855,44.854325585881725],[-1.1249052584185075,44.85207781940419],[-1.1501843743492894,44.8511347208703],[-1.150350611779784,44.853382448921565],[-1.156670510123187,44.85314576520689],[-1.1573366019224742,44.86213665260881],[-1.1541761549096101,44.86225505873464],[-1.1543425850359748,44.864502788835],[-1.1511819985495364,44.86462110982124],[-1.1513483158381193,44.86686884610622],[-1.1481875898749119,44.86698708194522],[-1.1483537943056241,44.86923482440819],[-1.1451929288624538,44.86935297509226],[-1.1453590204152049,44.871600723726615],[-1.142198015488879,44.871718789248085],[-1.1423639941435757,44.87396654404721],[-1.129719336853868,44.874437925560514],[-1.1298848239566497,44.87668570091745],[-1.126723500270358,44.8768033261317],[-1.1268888743999637,44.87905110762983],[-1.1174044452507337,44.8794034577018],[-1.1175694539100385,44.8816512549022],[-1.1144078248472846,44.881768529719615],[-1.1145727204699216,44.88401633304108],[-1.1114109519504163,44.88413352263633],[-1.1115757345162758,44.88638133207223],[-1.1052519053701442,44.88661545079747],[-1.1054164485833031,44.88886327110921],[-1.1022543879619866,44.888980200227294],[-1.102418818066498,44.89122802663679],[-1.0992566179874084,44.89134487050542],[-1.0994209349631519,44.89359270300604],[-1.0930962427313213,44.89382613021028],[-1.0932603202458626,44.8960739735494],[-1.077447728277108,44.896655989926025],[-1.0776111872994227,44.89890385830522],[-1.0744485032546627,44.89901999623741],[-1.074611849029633,44.9012678706706],[-1.0714490255569302,44.901383923301495],[-1.071612258064424,44.90363180378204],[-1.0652863191893651,44.9038636483873],[-1.0654493120425066,44.90611153963051],[-1.0306543266471597,44.90738029873902]]]]}},{"type":"Feature","properties":{"category":"observed_front","snapshot_index":4,"pass_time_utc":"2026-07-24T02:11:00+00:00","dt_local":"2026-07-24T04:11:00+02:00","area_km2":102.438,"label":"Activité observée","coherence_level":"élevée","coherence_fraction":0.978,"projection_displayed":true,"model_version":"fire_progression_arrival_v1"},"geometry":{"type":"MultiPolygon","coordinates":[[[[-1.1168483603460095,44.439944557486236],[-1.1166846685400729,44.437697136047476],[-1.1135478458441865,44.43781436627559],[-1.1133842913110361,44.43556694206605],[-1.1102475798894405,44.43568407824955],[-1.1097573669944791,44.42894180336567],[-1.1066210153430716,44.42905883597875],[-1.1061312919256805,44.4223165649519],[-1.1029952999752044,44.422433494017596],[-1.1026691309205794,44.41793864727454],[-1.0995333744160896,44.418055477573624],[-1.0985559230123747,44.40457095773209],[-1.1016909345497647,44.40445415597648],[-1.1013649726494241,44.3999593419435],[-1.1044997230034455,44.3998424604865],[-1.1043366373574837,44.39759506131976],[-1.1106058510011827,44.397361040295635],[-1.1107691848539654,44.39960842993202],[-1.1139038963308616,44.39949128083568],[-1.1137404383769818,44.39724389596992],[-1.135682186100134,44.39642138788805],[-1.1358465127183883,44.39866873925811],[-1.1515194189169753,44.39807853330913],[-1.1518493522997273,44.4025731941511],[-1.1549841424812204,44.40245487570764],[-1.155314376491785,44.40694953511731],[-1.1521793380798402,44.407067863197604],[-1.152674415022342,44.413809882092266],[-1.1495389910840692,44.41392813539891],[-1.1497039187828642,44.416175483919424],[-1.1465683575848018,44.416293652807155],[-1.1468980039262855,44.42078836556338],[-1.1437621812816865,44.42090645483346],[-1.1442563763795581,44.42764855357299],[-1.1411201680381446,44.42776656801707],[-1.1414494484107691,44.43226132020262],[-1.1383129785303134,44.432379254997365],[-1.1384775140907764,44.43462663890732],[-1.1353409068925964,44.434744489239],[-1.1355053312681724,44.43699187995368],[-1.1292318291761179,44.437227322404965],[-1.1293960180772527,44.439474724710266],[-1.1168483603460095,44.439944557486236]]],[[[-1.0108704894383669,44.89682791515483],[-1.0077077854528307,44.89694215302503],[-1.0075471318330795,44.894694184043104],[-1.0043845413235648,44.894808327227274],[-1.0037425607962767,44.88581644609123],[-1.0069046460226065,44.88570232151056],[-1.0067440567293997,44.88345435924309],[-1.0099060027994182,44.88334014930008],[-1.009745300082858,44.88109219303947],[-1.0160689010371933,44.88086351243622],[-1.015907958646524,44.87861556685004],[-1.019069613525419,44.878501096201695],[-1.0189085577632442,44.87625315663906],[-1.0220700734865868,44.87613860065561],[-1.021264356951147,44.86489894668258],[-1.0244252286381017,44.864784324055705],[-1.0242639978371353,44.862536402055184],[-1.027424730421142,44.862421694122375],[-1.027263386343018,44.86017377817801],[-1.0304239798271735,44.86005898494693],[-1.0302625224919888,44.85781107506536],[-1.0365834183326599,44.85758122805457],[-1.036260037811977,44.85308543119079],[-1.0394202140151914,44.852970382110925],[-1.0392584170293824,44.85072249045746],[-1.0424184541451578,44.85060735611002],[-1.0422565439826508,44.848359470545844],[-1.0454164420140961,44.8482442509385],[-1.0450924083423945,44.843748493406345],[-1.0482520411895393,44.84363319324488],[-1.0480899177089091,44.84138532128673],[-1.0512494114895399,44.841269935884135],[-1.0510871749009325,44.83902207003829],[-1.054246529618162,44.83890659940224],[-1.0540841799416498,44.836658739675364],[-1.0572433955985923,44.836543183813546],[-1.0570809328542436,44.83429533021223],[-1.0602400094540179,44.834179689132284],[-1.0600774336618999,44.831931841663156],[-1.0632363712076232,44.83181611537278],[-1.0629110065838228,44.82732043413899],[-1.0660696790551232,44.82720462736443],[-1.0657441144715674,44.82270896128803],[-1.0689025219047756,44.82259307404365],[-1.0687396331537167,44.82034524788054],[-1.071897901565419,44.82022927545563],[-1.071734899863752,44.81798145545752],[-1.0780511456022555,44.81774925036456],[-1.0778879050029146,44.81550144127026],[-1.0810458823243851,44.815385208614096],[-1.0808825288261152,44.81313740570147],[-1.084040367127007,44.81302108789199],[-1.0838769007498472,44.81077329116767],[-1.0870346000332944,44.810656888212534],[-1.086707454643227,44.8061613086093],[-1.0898648889915914,44.806044825262155],[-1.0897012100071664,44.803797042393015],[-1.0928585053559439,44.803680473918995],[-1.0926947135611802,44.80143269726117],[-1.0958518699135071,44.801316043667974],[-1.0956879653284328,44.79906827322806],[-1.0988449826874485,44.79895153452331],[-1.098680965332086,44.79670377030794],[-1.1049947089456136,44.796470032831294],[-1.104830452977132,44.79422227961029],[-1.1079871792263507,44.79410528085027],[-1.107822810539203,44.79185753387046],[-1.1109793977961115,44.79174045002614],[-1.1108149164103125,44.78949270929414],[-1.1139713646780598,44.789375540373165],[-1.1138067706136225,44.7871278058956],[-1.1169630798953605,44.78701055190563],[-1.1167983731722924,44.7847628236891],[-1.1199545434711766,44.78464548463782],[-1.1197897241094856,44.78239776268892],[-1.1418816661140092,44.781573907471106],[-1.1420473660660826,44.78382159585492],[-1.1452034306742984,44.783703538118004],[-1.1453692696749975,44.78595122317757],[-1.1485254468275756,44.785833070794084],[-1.1488574162357483,44.790328435728256],[-1.1520138317486257,44.790210183873725],[-1.1521799621876954,44.792457863737305],[-1.155336490246989,44.79233951721848],[-1.1555027598062924,44.794587193731914],[-1.1618160277070377,44.79435022150279],[-1.1616495064774515,44.79210255464348],[-1.1679624694570574,44.79186523268924],[-1.1677957098962908,44.7896175769691],[-1.1741083679075073,44.789379905323145],[-1.1739413700603616,44.787132260759286],[-1.1802537230559615,44.786894239455066],[-1.1800864869672405,44.78464660606459],[-1.189554538789538,44.78428891492687],[-1.1893869387240956,44.78204129758783],[-1.2020103170992122,44.781563137952794],[-1.2018422273663485,44.779315541575436],[-1.2207761370927759,44.778595636783486],[-1.2206073063072624,44.776348071218095],[-1.2269182502159017,44.77610739422887],[-1.2270873324842788,44.77835494998942],[-1.2333984738172228,44.77811390393812],[-1.2335678210966128,44.78036145136204],[-1.2367234972119001,44.78024078870101],[-1.236892983783285,44.78248833268877],[-1.2400487721064593,44.78236757529229],[-1.2410667308313286,44.795852840574135],[-1.2379101877734855,44.79597362749069],[-1.2380797692139887,44.79822118173873],[-1.2349230867728092,44.798341883730686],[-1.2350925559368036,44.80058944434831],[-1.2319357341090422,44.80071006140798],[-1.2321050909765219,44.80295762838858],[-1.2257911550088796,44.803198602773584],[-1.2259602736992234,44.805446181017366],[-1.2070173863798963,44.806166976997076],[-1.2071857633366088,44.80841458604929],[-1.1913990241254804,44.80901280253141],[-1.1915667850719749,44.8112604373964],[-1.1789366485527244,44.81173741237947],[-1.1791039192667307,44.81398506811564],[-1.17594622575258,44.81410409202501],[-1.1761133839188904,44.816351754046465],[-1.1666398454151137,44.81670830102408],[-1.1668066391327618,44.81895597900487],[-1.1636486403280304,44.819074653064256],[-1.1638153214346836,44.821322337310214],[-1.1606571833435948,44.8214409263124],[-1.1608237518192173,44.82368861681693],[-1.1576654744385757,44.823807120754225],[-1.1578319302631257,44.82605481751072],[-1.154673513589739,44.82617323637546],[-1.1548398567431735,44.8284209393773],[-1.1453641489507027,44.82877567101361],[-1.1451981837700547,44.82652795355946],[-1.138881230824224,44.82676398216784],[-1.1387155308898829,44.82451625651898],[-1.1323987768942312,44.82475191590898],[-1.1322333421708717,44.8225041820842],[-1.1038084291037238,44.82356015611391],[-1.1039727299463096,44.825807932963116],[-1.1008142144285882,44.825924818664625],[-1.101142603529873,44.83042038616732],[-1.0979838228550194,44.830537191479166],[-1.098312012444712,44.83503277418441],[-1.0951529665763422,44.835149499092225],[-1.0953169550187865,44.83739729732415],[-1.0921577699800558,44.837513937061075],[-1.0923216454853815,44.83976174145678],[-1.0891623212731452,44.83987829601513],[-1.0893260838212868,44.842126106568],[-1.0830071439480433,44.84235895537636],[-1.0831706674346069,44.844606776821735],[-1.0768514230462758,44.84483927535727],[-1.0770147074264091,44.84708710767798],[-1.0738549395277657,44.8472032267654],[-1.0740181108672875,44.84945106521652],[-1.070858203799514,44.84956709908623],[-1.0711843334087292,44.85406278962869],[-1.068024161036376,44.85417874299754],[-1.068187119277512,44.85642659507911],[-1.0650268077181608,44.85654246321144],[-1.0651896528499638,44.858790321400384],[-1.0557082615332394,44.85913740016633],[-1.0558707411997736,44.861385273880686],[-1.0527101252318334,44.861500791576],[-1.0528724917256367,44.863748671377564],[-1.0497117365782926,44.86386410380494],[-1.0498739898792686,44.866111989687106],[-1.0467130955494028,44.86622733683884],[-1.0468752356374533,44.868475228794985],[-1.0437142021219483,44.8685904906634],[-1.0438762289769719,44.87083838868691],[-1.0407150562727137,44.87095356526436],[-1.040876969874604,44.87320146934859],[-1.037715657978482,44.87331656062738],[-1.037877458307132,44.875564470765696],[-1.0347160072160344,44.87567947673816],[-1.0348776942513338,44.87792739292395],[-1.031716103962152,44.87804231358241],[-1.0318776776839882,44.88029023580906],[-1.028715948193615,44.880405071145844],[-1.0290388819012313,44.88490092901915],[-1.0258768869217592,44.88501568370256],[-1.0265224043014463,44.89400743430686],[-1.023359891153332,44.89412211766857],[-1.0235211764797016,44.896370063338736],[-1.0203585240746258,44.896484661341916],[-1.020519695972987,44.898732613013706],[-1.011031282282549,44.89907588081427],[-1.0108704894383669,44.89682791515483]]],[[[-1.0463081895084403,44.9045570212456],[-1.043145122346726,44.90467226824307],[-1.0428209448216499,44.90017642380922],[-1.0459837592582013,44.90006118620375],[-1.0456593809834591,44.89556535645612],[-1.0488219297443675,44.89545003821392],[-1.0484973507911386,44.89095422318525],[-1.0516596339128428,44.890838824320696],[-1.0513348543522834,44.8863430240437],[-1.0544968718712158,44.88622754457116],[-1.054171891774455,44.881731759078555],[-1.0573336437270446,44.88161619901243],[-1.0571710469360793,44.87936831299809],[-1.0603326596078628,44.87925266764059],[-1.0601699495878565,44.877004787691554],[-1.0633314229819602,44.87688905705039],[-1.0631685997530256,44.87464118317326],[-1.0663299338725782,44.87452536725611],[-1.0660040740826144,44.870029633021616],[-1.069165142716486,44.86991373655862],[-1.0690021061840485,44.86766587621105],[-1.0721630355612495,44.86754989449085],[-1.0718367492770662,44.86305418735803],[-1.0749974132197522,44.862938125117495],[-1.074670926841277,44.858442432945544],[-1.0841520832359695,44.85809373481712],[-1.0839884812038452,44.85584590501059],[-1.0966293350978256,44.85537973370174],[-1.0967934416987604,44.85762754451357],[-1.0999537484980744,44.85751077203691],[-1.1001179943839148,44.85975857947161],[-1.1127595945918067,44.85929057091037],[-1.1125948441285143,44.857042782544305],[-1.1189153128630591,44.85680824805445],[-1.1187503233274176,44.85456047062406],[-1.1250704869815855,44.854325585881725],[-1.1249052584185075,44.85207781940419],[-1.1501843743492894,44.8511347208703],[-1.150350611779784,44.853382448921565],[-1.156670510123187,44.85314576520689],[-1.1573366019224742,44.86213665260881],[-1.1541761549096101,44.86225505873464],[-1.1543425850359748,44.864502788835],[-1.1511819985495364,44.86462110982124],[-1.1513483158381193,44.86686884610622],[-1.1481875898749119,44.86698708194522],[-1.1483537943056241,44.86923482440819],[-1.1451929288624538,44.86935297509226],[-1.1453590204152049,44.871600723726615],[-1.142198015488879,44.871718789248085],[-1.1423639941435757,44.87396654404721],[-1.129719336853868,44.874437925560514],[-1.1298848239566497,44.87668570091745],[-1.126723500270358,44.8768033261317],[-1.1268888743999637,44.87905110762983],[-1.1174044452507337,44.8794034577018],[-1.1175694539100385,44.8816512549022],[-1.1144078248472846,44.881768529719615],[-1.1145727204699216,44.88401633304108],[-1.1114109519504163,44.88413352263633],[-1.1115757345162758,44.88638133207223],[-1.1052519053701442,44.88661545079747],[-1.1054164485833031,44.88886327110921],[-1.1022543879619866,44.888980200227294],[-1.102418818066498,44.89122802663679],[-1.0992566179874084,44.89134487050542],[-1.0994209349631519,44.89359270300604],[-1.0930962427313213,44.89382613021028],[-1.0932603202458626,44.8960739735494],[-1.077447728277108,44.896655989926025],[-1.0776111872994227,44.89890385830522],[-1.0744485032546627,44.89901999623741],[-1.074611849029633,44.9012678706706],[-1.0714490255569302,44.901383923301495],[-1.071612258064424,44.90363180378204],[-1.0652863191893651,44.9038636483873],[-1.0654493120425066,44.90611153963051],[-1.0464704241282725,44.90680494074343],[-1.0463081895084403,44.9045570212456]]]]}},{"type":"Feature","properties":{"category":"plausible_front_1h","snapshot_index":4,"pass_time_utc":"2026-07-24T02:11:00+00:00","dt_local":"2026-07-24T04:11:00+02:00","area_km2":104.75,"label":"Progression plausible à +1 h","coherence_level":"élevée","coherence_fraction":0.978,"projection_displayed":true,"model_version":"fire_progression_arrival_v1"},"geometry":{"type":"MultiPolygon","coordinates":[[[[-1.1168483603460095,44.439944557486236],[-1.1166846685400729,44.437697136047476],[-1.1135478458441865,44.43781436627559],[-1.1133842913110361,44.43556694206605],[-1.1102475798894405,44.43568407824955],[-1.1097573669944791,44.42894180336567],[-1.1066210153430716,44.42905883597875],[-1.1061312919256805,44.4223165649519],[-1.1029952999752044,44.422433494017596],[-1.1026691309205794,44.41793864727454],[-1.0995333744160896,44.418055477573624],[-1.0985559230123747,44.40457095773209],[-1.1016909345497647,44.40445415597648],[-1.1013649726494241,44.3999593419435],[-1.1044997230034455,44.3998424604865],[-1.1043366373574837,44.39759506131976],[-1.1106058510011827,44.397361040295635],[-1.1107691848539654,44.39960842993202],[-1.1139038963308616,44.39949128083568],[-1.1137404383769818,44.39724389596992],[-1.135682186100134,44.39642138788805],[-1.1358465127183883,44.39866873925811],[-1.1515194189169753,44.39807853330913],[-1.1518493522997273,44.4025731941511],[-1.1549841424812204,44.40245487570764],[-1.155314376491785,44.40694953511731],[-1.1521793380798402,44.407067863197604],[-1.152674415022342,44.413809882092266],[-1.1495389910840692,44.41392813539891],[-1.1497039187828642,44.416175483919424],[-1.1465683575848018,44.416293652807155],[-1.1468980039262855,44.42078836556338],[-1.1437621812816865,44.42090645483346],[-1.1442563763795581,44.42764855357299],[-1.1411201680381446,44.42776656801707],[-1.1414494484107691,44.43226132020262],[-1.1383129785303134,44.432379254997365],[-1.1384775140907764,44.43462663890732],[-1.1353409068925964,44.434744489239],[-1.1355053312681724,44.43699187995368],[-1.1292318291761179,44.437227322404965],[-1.1293960180772527,44.439474724710266],[-1.1168483603460095,44.439944557486236]]],[[[-1.0108704894383669,44.89682791515483],[-1.0077077854528307,44.89694215302503],[-1.0075471318330795,44.894694184043104],[-1.0043845413235648,44.894808327227274],[-1.0037425607962767,44.88581644609123],[-1.0069046460226065,44.88570232151056],[-1.0067440567293997,44.88345435924309],[-1.0099060027994182,44.88334014930008],[-1.009745300082858,44.88109219303947],[-1.0160689010371933,44.88086351243622],[-1.015907958646524,44.87861556685004],[-1.019069613525419,44.878501096201695],[-1.0189085577632442,44.87625315663906],[-1.0220700734865868,44.87613860065561],[-1.021264356951147,44.86489894668258],[-1.0244252286381017,44.864784324055705],[-1.0242639978371353,44.862536402055184],[-1.027424730421142,44.862421694122375],[-1.027263386343018,44.86017377817801],[-1.0304239798271735,44.86005898494693],[-1.0302625224919888,44.85781107506536],[-1.0365834183326599,44.85758122805457],[-1.036260037811977,44.85308543119079],[-1.0394202140151914,44.852970382110925],[-1.0392584170293824,44.85072249045746],[-1.0424184541451578,44.85060735611002],[-1.0422565439826508,44.848359470545844],[-1.0454164420140961,44.8482442509385],[-1.0450924083423945,44.843748493406345],[-1.0482520411895393,44.84363319324488],[-1.0480899177089091,44.84138532128673],[-1.0512494114895399,44.841269935884135],[-1.0510871749009325,44.83902207003829],[-1.054246529618162,44.83890659940224],[-1.0540841799416498,44.836658739675364],[-1.0572433955985923,44.836543183813546],[-1.0570809328542436,44.83429533021223],[-1.0602400094540179,44.834179689132284],[-1.0600774336618999,44.831931841663156],[-1.0632363712076232,44.83181611537278],[-1.0629110065838228,44.82732043413899],[-1.0660696790551232,44.82720462736443],[-1.0657441144715674,44.82270896128803],[-1.0689025219047756,44.82259307404365],[-1.0687396331537167,44.82034524788054],[-1.071897901565419,44.82022927545563],[-1.071734899863752,44.81798145545752],[-1.0780511456022555,44.81774925036456],[-1.0778879050029146,44.81550144127026],[-1.0810458823243851,44.815385208614096],[-1.0808825288261152,44.81313740570147],[-1.084040367127007,44.81302108789199],[-1.0838769007498472,44.81077329116767],[-1.0870346000332944,44.810656888212534],[-1.086707454643227,44.8061613086093],[-1.0898648889915914,44.806044825262155],[-1.0897012100071664,44.803797042393015],[-1.0928585053559439,44.803680473918995],[-1.0926947135611802,44.80143269726117],[-1.0958518699135071,44.801316043667974],[-1.0956879653284328,44.79906827322806],[-1.0988449826874485,44.79895153452331],[-1.098680965332086,44.79670377030794],[-1.1049947089456136,44.796470032831294],[-1.104830452977132,44.79422227961029],[-1.1079871792263507,44.79410528085027],[-1.107822810539203,44.79185753387046],[-1.1109793977961115,44.79174045002614],[-1.1108149164103125,44.78949270929414],[-1.1139713646780598,44.789375540373165],[-1.1138067706136225,44.7871278058956],[-1.1169630798953605,44.78701055190563],[-1.1167983731722924,44.7847628236891],[-1.1199545434711766,44.78464548463782],[-1.1197897241094856,44.78239776268892],[-1.1418816661140092,44.781573907471106],[-1.1420473660660826,44.78382159585492],[-1.1452034306742984,44.783703538118004],[-1.1453692696749975,44.78595122317757],[-1.1485254468275756,44.785833070794084],[-1.1488574162357483,44.790328435728256],[-1.1520138317486257,44.790210183873725],[-1.1521799621876954,44.792457863737305],[-1.155336490246989,44.79233951721848],[-1.1555027598062924,44.794587193731914],[-1.1618160277070377,44.79435022150279],[-1.1616495064774515,44.79210255464348],[-1.1679624694570574,44.79186523268924],[-1.1677957098962908,44.7896175769691],[-1.1741083679075073,44.789379905323145],[-1.1739413700603616,44.787132260759286],[-1.1802537230559615,44.786894239455066],[-1.1800864869672405,44.78464660606459],[-1.189554538789538,44.78428891492687],[-1.1893869387240956,44.78204129758783],[-1.2020103170992122,44.781563137952794],[-1.2018422273663485,44.779315541575436],[-1.2207761370927759,44.778595636783486],[-1.2206073063072624,44.776348071218095],[-1.223762785013097,44.7762277776291],[-1.2235938419883725,44.77398021845116],[-1.226749181460546,44.773859839954966],[-1.2270873324842788,44.77835494998942],[-1.230242909913066,44.778234471870626],[-1.2300737019056849,44.77598692101798],[-1.2332291400724558,44.77586635799702],[-1.2333984738172228,44.77811390393812],[-1.2365540241867548,44.77799324619248],[-1.2367234972119001,44.78024078870101],[-1.2398791597809484,44.78012003622379],[-1.2400487721064593,44.78236757529229],[-1.2432045468717796,44.782246728076565],[-1.2442232603215695,44.795731963816415],[-1.2410667308313286,44.795852840574135],[-1.2412364380959393,44.798100389901414],[-1.2380797692139887,44.79822118173873],[-1.2382493642137171,44.80046873743902],[-1.2350925559368036,44.80058944434831],[-1.2352620386516457,44.802837006415025],[-1.2321050909765219,44.80295762838858],[-1.2322744613864682,44.80520519681512],[-1.2291173743098878,44.80532573384529],[-1.2289481297589313,44.803078160508306],[-1.2257911550088796,44.803198602773584],[-1.2259602736992234,44.805446181017366],[-1.2070173863798963,44.806166976997076],[-1.2071857633366088,44.80841458604929],[-1.1913990241254804,44.80901280253141],[-1.1915667850719749,44.8112604373964],[-1.1789366485527244,44.81173741237947],[-1.1791039192667307,44.81398506811564],[-1.17594622575258,44.81410409202501],[-1.1761133839188904,44.816351754046465],[-1.1666398454151137,44.81670830102408],[-1.1668066391327618,44.81895597900487],[-1.1636486403280304,44.819074653064256],[-1.1638153214346836,44.821322337310214],[-1.1606571833435948,44.8214409263124],[-1.1608237518192173,44.82368861681693],[-1.1576654744385757,44.823807120754225],[-1.1579983994043004,44.828302515687845],[-1.1548398567431735,44.8284209393773],[-1.155006213204806,44.83066864379663],[-1.1455301274094767,44.83102338988583],[-1.1453641489507027,44.82877567101361],[-1.1390469440150526,44.8290117092386],[-1.138881230824224,44.82676398216784],[-1.1325642248524435,44.82699965115941],[-1.1323987768942312,44.82475191590898],[-1.1292403800391144,44.8248696107517],[-1.1290750712961772,44.82262187213183],[-1.1227584898870786,44.82285698253062],[-1.122923546664417,44.82510473072974],[-1.1039727299463096,44.825807932963116],[-1.1041370439335323,44.82805571123984],[-1.1009784024111375,44.82817260170379],[-1.101142603529873,44.83042038616732],[-1.0979838228550194,44.830537191479166],[-1.098312012444712,44.83503277418441],[-1.0951529665763422,44.835149499092225],[-1.0953169550187865,44.83739729732415],[-1.0921577699800558,44.837513937061075],[-1.0923216454853815,44.83976174145678],[-1.0891623212731452,44.83987829601513],[-1.0893260838212868,44.842126106568],[-1.0830071439480433,44.84235895537636],[-1.0831706674346069,44.844606776821735],[-1.0768514230462758,44.84483927535727],[-1.0770147074264091,44.84708710767798],[-1.0738549395277657,44.8472032267654],[-1.0740181108672875,44.84945106521652],[-1.070858203799514,44.84956709908623],[-1.0711843334087292,44.85406278962869],[-1.068024161036376,44.85417874299754],[-1.068187119277512,44.85642659507911],[-1.0650268077181608,44.85654246321144],[-1.0651896528499638,44.858790321400384],[-1.0557082615332394,44.85913740016633],[-1.0558707411997736,44.861385273880686],[-1.0527101252318334,44.861500791576],[-1.0528724917256367,44.863748671377564],[-1.0497117365782926,44.86386410380494],[-1.0498739898792686,44.866111989687106],[-1.0467130955494028,44.86622733683884],[-1.0468752356374533,44.868475228794985],[-1.0437142021219483,44.8685904906634],[-1.0438762289769719,44.87083838868691],[-1.0407150562727137,44.87095356526436],[-1.040876969874604,44.87320146934859],[-1.037715657978482,44.87331656062738],[-1.037877458307132,44.875564470765696],[-1.0347160072160344,44.87567947673816],[-1.0350393942347502,44.8801753104677],[-1.0318776776839882,44.88029023580906],[-1.0322008639480469,44.884786084323295],[-1.0290388819012313,44.88490092901915],[-1.0292003681532478,44.88714885997984],[-1.0260382468789104,44.887263619339436],[-1.0265224043014463,44.89400743430686],[-1.023359891153332,44.89412211766857],[-1.0235211764797016,44.896370063338736],[-1.0203585240746258,44.896484661341916],[-1.020519695972987,44.898732613013706],[-1.011031282282549,44.89907588081427],[-1.0108704894383669,44.89682791515483]]],[[[-1.0464704241282725,44.90680494074343],[-1.0433072305888709,44.906920192437205],[-1.043145122346726,44.90467226824307],[-1.0399820421980888,44.90478742519743],[-1.0398200733120435,44.902539497627885],[-1.0429830270915055,44.90242434536595],[-1.0428209448216499,44.90017642380922],[-1.0459837592582013,44.90006118620375],[-1.0456593809834591,44.89556535645612],[-1.0488219297443675,44.89545003821392],[-1.0484973507911386,44.89095422318525],[-1.0516596339128428,44.890838824320696],[-1.0513348543522834,44.8863430240437],[-1.0544968718712158,44.88622754457116],[-1.054171891774455,44.881731759078555],[-1.0573336437270446,44.88161619901243],[-1.0571710469360793,44.87936831299809],[-1.0603326596078628,44.87925266764059],[-1.0601699495878565,44.877004787691554],[-1.0633314229819602,44.87688905705039],[-1.0631685997530256,44.87464118317326],[-1.0663299338725782,44.87452536725611],[-1.0660040740826144,44.870029633021616],[-1.069165142716486,44.86991373655862],[-1.0690021061840485,44.86766587621105],[-1.0721630355612495,44.86754989449085],[-1.0718367492770662,44.86305418735803],[-1.0749974132197522,44.862938125117495],[-1.074670926841277,44.858442432945544],[-1.0841520832359695,44.85809373481712],[-1.0839884812038452,44.85584590501059],[-1.0966293350978256,44.85537973370174],[-1.0967934416987604,44.85762754451357],[-1.0999537484980744,44.85751077203691],[-1.1001179943839148,44.85975857947161],[-1.1127595945918067,44.85929057091037],[-1.1125948441285143,44.857042782544305],[-1.1189153128630591,44.85680824805445],[-1.1187503233274176,44.85456047062406],[-1.1250704869815855,44.854325585881725],[-1.1249052584185075,44.85207781940419],[-1.1501843743492894,44.8511347208703],[-1.150350611779784,44.853382448921565],[-1.156670510123187,44.85314576520689],[-1.1573366019224742,44.86213665260881],[-1.1541761549096101,44.86225505873464],[-1.1543425850359748,44.864502788835],[-1.1511819985495364,44.86462110982124],[-1.1513483158381193,44.86686884610622],[-1.1481875898749119,44.86698708194522],[-1.1483537943056241,44.86923482440819],[-1.1451929288624538,44.86935297509226],[-1.1453590204152049,44.871600723726615],[-1.142198015488879,44.871718789248085],[-1.1423639941435757,44.87396654404721],[-1.129719336853868,44.874437925560514],[-1.1298848239566497,44.87668570091745],[-1.126723500270358,44.8768033261317],[-1.1268888743999637,44.87905110762983],[-1.1174044452507337,44.8794034577018],[-1.1175694539100385,44.8816512549022],[-1.1144078248472846,44.881768529719615],[-1.1145727204699216,44.88401633304108],[-1.1114109519504163,44.88413352263633],[-1.1115757345162758,44.88638133207223],[-1.1052519053701442,44.88661545079747],[-1.1054164485833031,44.88886327110921],[-1.1022543879619866,44.888980200227294],[-1.102418818066498,44.89122802663679],[-1.0992566179874084,44.89134487050542],[-1.0994209349631519,44.89359270300604],[-1.0930962427313213,44.89382613021028],[-1.0932603202458626,44.8960739735494],[-1.077447728277108,44.896655989926025],[-1.0776111872994227,44.89890385830522],[-1.0744485032546627,44.89901999623741],[-1.074611849029633,44.9012678706706],[-1.0714490255569302,44.901383923301495],[-1.071612258064424,44.90363180378204],[-1.0652863191893651,44.9038636483873],[-1.0654493120425066,44.90611153963051],[-1.0496336046691184,44.906689599003464],[-1.0497959786737052,44.90893751511456],[-1.0466326717466594,44.90905286155469],[-1.0464704241282725,44.90680494074343]]]]}},{"type":"Feature","properties":{"category":"historical_support","snapshot_index":5,"pass_time_utc":"2026-07-24T02:28:00+00:00","dt_local":"2026-07-24T04:28:00+02:00","area_km2":134.0,"label":"Isoline temporelle","coherence_level":"élevée","coherence_fraction":1.0,"projection_displayed":true,"model_version":"fire_progression_arrival_v1"},"geometry":{"type":"MultiPolygon","coordinates":[[[[-1.11387499389737,44.44230922070194],[-1.113711413372449,44.44006179248866],[-1.1105744534022302,44.4401789382133],[-1.11041101015319,44.43793150722956],[-1.1072741614769015,44.43804855890879],[-1.1071108554840992,44.435801125161944],[-1.1039741181048335,44.435918082802694],[-1.1036477935549907,44.43142321180848],[-1.1005112917302324,44.43154007065841],[-1.0988816883996573,44.40906578949647],[-1.09574641564333,44.40918251153646],[-1.0950954331328582,44.40019283721421],[-1.0982302093559608,44.400076134186264],[-1.0980673719229832,44.39782872550367],[-1.1012020111091838,44.39771193801704],[-1.1010390625068454,44.39546453615504],[-1.1073080538654396,44.39523070307315],[-1.1074712506580826,44.39747809541245],[-1.1106058510011827,44.397361040295635],[-1.1107691848539654,44.39960842993202],[-1.1139038963308616,44.39949128083568],[-1.1137404383769818,44.39724389596992],[-1.135682186100134,44.39642138788805],[-1.1358465127183883,44.39866873925811],[-1.1515194189169753,44.39807853330913],[-1.1518493522997273,44.4025731941511],[-1.1549841424812204,44.40245487570764],[-1.155314376491785,44.40694953511731],[-1.1521793380798402,44.407067863197604],[-1.152674415022342,44.413809882092266],[-1.1495389910840692,44.41392813539891],[-1.1497039187828642,44.416175483919424],[-1.1465683575848018,44.416293652807155],[-1.1468980039262855,44.42078836556338],[-1.1437621812816865,44.42090645483346],[-1.1442563763795581,44.42764855357299],[-1.1411201680381446,44.42776656801707],[-1.1414494484107691,44.43226132020262],[-1.1383129785303134,44.432379254997365],[-1.1384775140907764,44.43462663890732],[-1.1353409068925964,44.434744489239],[-1.1355053312681724,44.43699187995368],[-1.1292318291761179,44.437227322404965],[-1.1293960180772527,44.439474724710266],[-1.1199852943130908,44.43982723320662],[-1.120149123411452,44.442074651867266],[-1.11387499389737,44.44230922070194]]],[[[-1.0306543266471597,44.90738029873902],[-1.0304927239313482,44.905132355796276],[-1.0273295919357306,44.90524715257259],[-1.0271681285419565,44.90299920626988],[-1.017679034111525,44.9033430423096],[-1.017356904307849,44.89884712565071],[-1.0141940997410137,44.89896154825109],[-1.0143550318297654,44.90120951058061],[-1.0080291313037093,44.901438094983774],[-1.007868451942526,44.89919012333972],[-1.0047056087310147,44.89930427582684],[-1.0037425607962767,44.88581644609123],[-1.0069046460226065,44.88570232151056],[-1.0067440567293997,44.88345435924309],[-1.0099060027994182,44.88334014930008],[-1.009745300082858,44.88109219303947],[-1.0160689010371933,44.88086351243622],[-1.0146208833509163,44.86063205137466],[-1.0209421606379658,44.86040309472299],[-1.020781081825398,44.8581551708202],[-1.0239415749549428,44.85804056220418],[-1.0237803828706213,44.85579264436042],[-1.0269407369320078,44.85567795044883],[-1.0266181391709894,44.8511821282882],[-1.0297782280247954,44.85106735376548],[-1.0296168223766846,44.848819449458404],[-1.0454164420140961,44.8482442509385],[-1.0450924083423945,44.843748493406345],[-1.0482520411895393,44.84363319324488],[-1.0480899177089091,44.84138532128673],[-1.0512494114895399,44.841269935884135],[-1.0510871749009325,44.83902207003829],[-1.054246529618162,44.83890659940224],[-1.0540841799416498,44.836658739675364],[-1.0572433955985923,44.836543183813546],[-1.0565936226083892,44.827551777944706],[-1.0597523210982356,44.82743615099925],[-1.0595897843235689,44.825188307811246],[-1.0627483437941325,44.825072595665695],[-1.062585694017168,44.822824758625984],[-1.0657441144715674,44.82270896128803],[-1.0655813517123585,44.82046113040327],[-1.071897901565419,44.82022927545563],[-1.0715719112002025,44.815733636902486],[-1.068413894739004,44.815849599877424],[-1.0677625742154746,44.806858321258176],[-1.0709200868959179,44.80674237718073],[-1.0707571633995143,44.80449456589175],[-1.0802292454678937,44.80414620857695],[-1.0803925467153506,44.80639400567243],[-1.0835500072144741,44.80627770207958],[-1.0833865800531275,44.804029909722566],[-1.0897012100071664,44.803797042393015],[-1.0895375441115762,44.80154926098598],[-1.0926947135611802,44.80143269726117],[-1.0925309348636958,44.79918492206862],[-1.0956879653284328,44.79906827322806],[-1.0953601954738743,44.79457273675695],[-1.0985169610908843,44.79445600756419],[-1.0981889919446761,44.789960486504995],[-1.1045019804364122,44.78972677759533],[-1.1043377638610277,44.78747902880813],[-1.110650448173984,44.78724497004306],[-1.1104859930855504,44.78499723227622],[-1.1199545434711766,44.78464548463782],[-1.1197897241094856,44.78239776268892],[-1.1418816661140092,44.781573907471106],[-1.1420473660660826,44.78382159585492],[-1.1515155201117129,44.783467153145395],[-1.151681610712225,44.785714828574385],[-1.1548377613189467,44.78559649651911],[-1.1550039910049084,44.78784416860871],[-1.1581602541296303,44.78772574189377],[-1.1584930050135762,44.79222108085369],[-1.1679624694570574,44.79186523268924],[-1.1677957098962908,44.7896175769691],[-1.1741083679075073,44.789379905323145],[-1.1739413700603616,44.787132260759286],[-1.1802537230559615,44.786894239455066],[-1.1800864869672405,44.78464660606459],[-1.189554538789538,44.78428891492687],[-1.1893869387240956,44.78204129758783],[-1.2020103170992122,44.781563137952794],[-1.2018422273663485,44.779315541575436],[-1.2207761370927759,44.778595636783486],[-1.2206073063072624,44.776348071218095],[-1.2269182502159017,44.77610739422887],[-1.2270873324842788,44.77835494998942],[-1.2333984738172228,44.77811390393812],[-1.2335678210966128,44.78036145136204],[-1.2367234972119001,44.78024078870101],[-1.236892983783285,44.78248833268877],[-1.2400487721064593,44.78236757529229],[-1.2410667308313286,44.795852840574135],[-1.2379101877734855,44.79597362749069],[-1.2380797692139887,44.79822118173873],[-1.2349230867728092,44.798341883730686],[-1.2350925559368036,44.80058944434831],[-1.2319357341090422,44.80071006140798],[-1.2321050909765219,44.80295762838858],[-1.2257911550088796,44.803198602773584],[-1.2259602736992234,44.805446181017366],[-1.2070173863798963,44.806166976997076],[-1.2071857633366088,44.80841458604929],[-1.2040284423856298,44.80853440907976],[-1.2041967069160358,44.810782024454525],[-1.19472428568382,44.81114096896812],[-1.1948921859559198,44.813388600404366],[-1.1885769194966136,44.813627457119466],[-1.1887445813590887,44.81587509972202],[-1.1761133839188904,44.816351754046465],[-1.1764477403641362,44.8208470823846],[-1.1701315576064268,44.821084889629645],[-1.1702985039707618,44.82333256562837],[-1.1671402665953303,44.82345133925341],[-1.16730710034345,44.82569902151443],[-1.1641487236500028,44.82581771007963],[-1.1643154447618653,44.82806539859633],[-1.1611569287472052,44.828184002093984],[-1.1613235372027682,44.83043169685976],[-1.1581648818636956,44.83055021528221],[-1.1583313776429103,44.83279791629045],[-1.1520137749981658,44.83303469305731],[-1.1521800320615716,44.835282405123095],[-1.1142717893291603,44.83669557045874],[-1.1144365472181925,44.838943341510166],[-1.1081180696364394,44.8391776197103],[-1.1082825885878556,44.84142540171398],[-1.105123203982498,44.84154241068934],[-1.1054520292273846,44.84603798843972],[-1.1022923793065509,44.8461549170106],[-1.1032784141833207,44.859641712274104],[-1.1127595945918067,44.85929057091037],[-1.1125948441285143,44.857042782544305],[-1.1189153128630591,44.85680824805445],[-1.1187503233274176,44.85456047062406],[-1.1250704869815855,44.854325585881725],[-1.1249052584185075,44.85207781940419],[-1.1501843743492894,44.8511347208703],[-1.150350611779784,44.853382448921565],[-1.156670510123187,44.85314576520689],[-1.1573366019224742,44.86213665260881],[-1.1541761549096101,44.86225505873464],[-1.1543425850359748,44.864502788835],[-1.1511819985495364,44.86462110982124],[-1.1513483158381193,44.86686884610622],[-1.1481875898749119,44.86698708194522],[-1.1483537943056241,44.86923482440819],[-1.1451929288624538,44.86935297509226],[-1.1453590204152049,44.871600723726615],[-1.142198015488879,44.871718789248085],[-1.1423639941435757,44.87396654404721],[-1.129719336853868,44.874437925560514],[-1.1298848239566497,44.87668570091745],[-1.126723500270358,44.8768033261317],[-1.1268888743999637,44.87905110762983],[-1.1174044452507337,44.8794034577018],[-1.1175694539100385,44.8816512549022],[-1.1144078248472846,44.881768529719615],[-1.1145727204699216,44.88401633304108],[-1.1114109519504163,44.88413352263633],[-1.1115757345162758,44.88638133207223],[-1.1052519053701442,44.88661545079747],[-1.1054164485833031,44.88886327110921],[-1.1022543879619866,44.888980200227294],[-1.102418818066498,44.89122802663679],[-1.0992566179874084,44.89134487050542],[-1.0994209349631519,44.89359270300604],[-1.0930962427313213,44.89382613021028],[-1.0932603202458626,44.8960739735494],[-1.086935322817802,44.89630705017315],[-1.0870991608261555,44.8985549043336],[-1.0807738582496356,44.89878763034346],[-1.0809374567068164,44.90103549530804],[-1.0714490255569302,44.901383923301495],[-1.071612258064424,44.90363180378204],[-1.0652863191893651,44.9038636483873],[-1.0654493120425066,44.90611153963051],[-1.0306543266471597,44.90738029873902]]]]}},{"type":"Feature","properties":{"category":"observed_front","snapshot_index":5,"pass_time_utc":"2026-07-24T02:28:00+00:00","dt_local":"2026-07-24T04:28:00+02:00","area_km2":81.438,"label":"Activité observée","coherence_level":"élevée","coherence_fraction":1.0,"projection_displayed":true,"model_version":"fire_progression_arrival_v1"},"geometry":{"type":"MultiPolygon","coordinates":[[[[-1.1165209897390673,44.435449716612055],[-1.1133842913110361,44.43556694206605],[-1.1130572212238783,44.431072099671105],[-1.10992075831163,44.43118922631426],[-1.1092672709114952,44.42219954663629],[-1.1061312919256805,44.4223165649519],[-1.105641685190249,44.415574312171884],[-1.102506065821686,44.41569122695282],[-1.1015279471291037,44.40220674793111],[-1.1046628215986491,44.40208986171415],[-1.1044997230034455,44.3998424604865],[-1.142115714408114,44.39843292449844],[-1.1422803022690677,44.400680268324166],[-1.148549699880713,44.40044408711946],[-1.1497039187828642,44.416175483919424],[-1.1465683575848018,44.416293652807155],[-1.1468980039262855,44.42078836556338],[-1.1437621812816865,44.42090645483346],[-1.1442563763795581,44.42764855357299],[-1.1411201680381446,44.42776656801707],[-1.1412848016850532,44.43001394310397],[-1.1381484560404014,44.43013187309603],[-1.1383129785303134,44.432379254997365],[-1.1320399995675718,44.43261485679928],[-1.132204286632129,44.43486225030414],[-1.129067653319189,44.434979922102215],[-1.1292318291761179,44.437227322404965],[-1.1166846685400729,44.437697136047476],[-1.1165209897390673,44.435449716612055]]],[[[-1.0244252286381017,44.864784324055705],[-1.0275860874164127,44.86466961144875],[-1.027424730421142,44.862421694122375],[-1.0337461568276682,44.86219200832972],[-1.0335845603856852,44.85994410174419],[-1.036745128008505,44.8598291285704],[-1.0365834183326599,44.85758122805457],[-1.0397438468417375,44.85746616959861],[-1.0395820239521252,44.8552182751591],[-1.0427423133505698,44.85510313142865],[-1.0425803772672793,44.852855243072085],[-1.0457405275581995,44.852740014074826],[-1.0454164420140961,44.8482442509385],[-1.0485763270774413,44.84812894138061],[-1.0484141776451976,44.84588106661063],[-1.0515739236188393,44.84576567180471],[-1.0514116610616566,44.843517803140735],[-1.054571267948707,44.84340232309446],[-1.0544088922866621,44.84115446054307],[-1.0607278148902324,44.84092324004786],[-1.0605652000666241,44.83867538832801],[-1.063724515777787,44.838559647890946],[-1.0633990730448553,44.83406395812655],[-1.0665581236167234,44.833948137195584],[-1.0662324808825927,44.82945246254932],[-1.06939126635151,44.829336561138796],[-1.0690654236870523,44.82484090164333],[-1.0722239440893557,44.82472491976763],[-1.071897901565419,44.82022927545563],[-1.0750561569374397,44.82011321312911],[-1.074893029257073,44.81786539785973],[-1.0780511456022555,44.81774925036456],[-1.0778879050029146,44.81550144127026],[-1.0810458823243851,44.815385208614096],[-1.0808825288261152,44.81313740570147],[-1.084040367127007,44.81302108789199],[-1.083713447446192,44.808525495895736],[-1.086871020797283,44.80840909768313],[-1.086707454643227,44.8061613086093],[-1.0898648889915914,44.806044825262155],[-1.0895375441115762,44.80154926098598],[-1.0958518699135071,44.801316043667974],[-1.0956879653284328,44.79906827322806],[-1.1051589780482753,44.79871778752349],[-1.1049947089456136,44.796470032831294],[-1.1081515610561128,44.796353029304434],[-1.1079871792263507,44.79410528085027],[-1.1111438923329562,44.79398819223566],[-1.1109793977961115,44.79174045002614],[-1.1141359719019737,44.79162327633142],[-1.1139713646780598,44.789375540373165],[-1.1202842217251225,44.78914093299329],[-1.1201193760091972,44.78689320807373],[-1.1232756589451252,44.78677577440045],[-1.1231107005937329,44.78452805574881],[-1.1294229752698541,44.784292928459955],[-1.1292577785027902,44.7820452208742],[-1.1387257140533322,44.78169187056837],[-1.13889128821153,44.78393956375815],[-1.1420473660660826,44.78382159585492],[-1.1425445454066776,44.7905646699063],[-1.145700987451765,44.79044659773931],[-1.145866866231009,44.79269428723472],[-1.149023420845701,44.79257612040957],[-1.1491894387283503,44.79482380656255],[-1.1712858296758242,44.79399408929705],[-1.171118930952781,44.79174643694635],[-1.17743181390605,44.79150857593191],[-1.1772646768914243,44.78926093474163],[-1.1835772547658698,44.78902272406436],[-1.18340987950447,44.7867750940516],[-1.1960343714032269,44.786297614109166],[-1.195866506364791,44.78405000502424],[-1.205334357068302,44.78369096646578],[-1.205166128127227,44.78144337348597],[-1.2304121314450802,44.7804820242063],[-1.230581366503346,44.78272957802167],[-1.2337371819122496,44.78260900026544],[-1.2347536311580398,44.79609432456552],[-1.2315970609949922,44.796214931798055],[-1.2317663907824066,44.79846249587668],[-1.2286096812527825,44.798583018176124],[-1.2287788987404373,44.80083058861746],[-1.2224651874207106,44.80107137348345],[-1.2226341667363718,44.803318955183826],[-1.2194771649514144,44.803439217738465],[-1.2196460319156737,44.8056868057849],[-1.2070173863798963,44.806166976997076],[-1.2071857633366088,44.80841458604929],[-1.2040284423856298,44.80853440907976],[-1.2041967069160358,44.810782024454525],[-1.19472428568382,44.81114096896812],[-1.1948921859559198,44.813388600404366],[-1.1885769194966136,44.813627457119466],[-1.1887445813590887,44.81587509972202],[-1.1761133839188904,44.816351754046465],[-1.1762805554555413,44.8185994175008],[-1.1699646245956024,44.81883721505744],[-1.1701315576064268,44.821084889629645],[-1.1669734461923011,44.821203658415776],[-1.1671402665953303,44.82345133925341],[-1.163982015874808,44.823570022983134],[-1.1641487236500028,44.82581771007963],[-1.1451981837700547,44.82652795355946],[-1.145032231865941,44.82428023752678],[-1.1418738880103723,44.824398291972855],[-1.1417080753552704,44.8221505725553],[-1.1196001793727184,44.82297440288064],[-1.1194352617737329,44.82072665132724],[-1.113118853130551,44.8209612127687],[-1.1127895613557517,44.816465694852454],[-1.1064736038889598,44.81669987761916],[-1.1063092296561776,44.814452111278875],[-1.1031513571482232,44.81456906305991],[-1.1033156054280215,44.81681683416524],[-1.1001575938287493,44.81693370081908],[-1.100321729282304,44.819181478127035],[-1.0971635785885665,44.819298259646],[-1.0973276011958342,44.82154604315],[-1.094169311404484,44.82166273952641],[-1.0943332211454186,44.82391052921982],[-1.09117479225331,44.82402714044601],[-1.0918300583050082,44.83301833250747],[-1.0886711122460206,44.83313487281986],[-1.0888348354870834,44.83538267913768],[-1.085675750286255,44.8354991342742],[-1.085839360575453,44.837746946752084],[-1.082680136229644,44.83786331670501],[-1.0828436335469123,44.84011113533632],[-1.0765248934852285,44.84034361492638],[-1.0766881517330713,44.84259144443895],[-1.0703691072566561,44.84282357375121],[-1.0705321263902343,44.84507141412789],[-1.067372458486914,44.84518734859993],[-1.067535364565146,44.84743519510329],[-1.0643755575212477,44.84755104435262],[-1.0645383505240582,44.84979889697603],[-1.0613784043364547,44.849914660995],[-1.061541084243763,44.85216251973186],[-1.05838099890933,44.852278198512785],[-1.0585435657010547,44.85452606335645],[-1.0553833412166704,44.85464165689167],[-1.0555457948727247,44.856889527835534],[-1.052385431235267,44.85700503611737],[-1.0525477717355634,44.859252913154805],[-1.0493872689419126,44.859368336175585],[-1.04954949626636,44.861616219299954],[-1.046388854313401,44.86173155705201],[-1.0465509684419043,44.863979446256714],[-1.0433901873265214,44.86409469873236],[-1.0435521882389833,44.86634259401076],[-1.0403912679580631,44.86645776120233],[-1.0405531556343857,44.86870566254781],[-1.0373920961848158,44.86882074444763],[-1.0375538706048946,44.87106865185356],[-1.034392671983567,44.87118364845396],[-1.0345543331272964,44.873431561913705],[-1.02507028094391,44.87377602581233],[-1.0244252286381017,44.864784324055705]]],[[[-1.0463081895084403,44.9045570212456],[-1.043145122346726,44.90467226824307],[-1.0428209448216499,44.90017642380922],[-1.0459837592582013,44.90006118620375],[-1.0458215636246733,44.89781327066648],[-1.0489842387214316,44.897697947725106],[-1.0488219297443675,44.89545003821392],[-1.0519844655044548,44.895334629944365],[-1.0516596339128428,44.890838824320696],[-1.0548219040267826,44.89072333543666],[-1.0544968718712158,44.88622754457116],[-1.057658876375447,44.88611197508705],[-1.057496253539647,44.88386408637654],[-1.0606581187398285,44.883748431594164],[-1.0604953826579984,44.8815005489426],[-1.063657108557259,44.88138480886965],[-1.0634942592495167,44.87913693228365],[-1.0666558458509843,44.87902110692779],[-1.0663299338725782,44.87452536725611],[-1.0694912549450202,44.87440946134792],[-1.0693281923029545,44.87216159827204],[-1.0724893740954886,44.87204560709975],[-1.0721630355612495,44.86754989449085],[-1.075323951875936,44.867433822791725],[-1.0749974132197522,44.862938125117495],[-1.078158064093011,44.86282197290593],[-1.0779946882004818,44.86057413086311],[-1.081155199826475,44.860457893417355],[-1.0809917108541036,44.858210057489366],[-1.0873124425214113,44.85797732218285],[-1.0881312800333058,44.869216468154505],[-1.0944532209981221,44.86898332550922],[-1.0942891748885097,44.86673550307156],[-1.0974499994842288,44.86661880153594],[-1.0972858403274506,44.86437098522085],[-1.1036071977248245,44.86413732174803],[-1.1034427993741538,44.861889516324204],[-1.109763851796956,44.86165550250829],[-1.1095992142973103,44.85940770799291],[-1.1190803156055906,44.859056026864266],[-1.1189153128630591,44.85680824805445],[-1.1252357287700467,44.85657335374168],[-1.1250704869815855,44.854325585881725],[-1.1471906426445284,44.85350065585972],[-1.147356767267822,44.855748390108005],[-1.1505168625159692,44.85563017835356],[-1.1510156945746277,44.86237337490013],[-1.1478552209275696,44.86249160110467],[-1.1480213987494259,44.864739340842924],[-1.144860785645685,44.86485748189943],[-1.1450268506064791,44.86710522781541],[-1.141866098042864,44.86722328371621],[-1.142032050122507,44.86947103580329],[-1.1388711580958288,44.869589006540686],[-1.139036997274228,44.87183676479227],[-1.1358759657813013,44.87195465035859],[-1.1360416920383647,44.87420241476804],[-1.129719336853868,44.874437925560514],[-1.1298848239566497,44.87668570091745],[-1.126723500270358,44.8768033261317],[-1.1268888743999637,44.87905110762983],[-1.1174044452507337,44.8794034577018],[-1.1175694539100385,44.8816512549022],[-1.1144078248472846,44.881768529719615],[-1.1145727204699216,44.88401633304108],[-1.108249170235158,44.88425062223025],[-1.1084138265368488,44.886498436437634],[-1.1052519053701442,44.88661545079747],[-1.1054164485833031,44.88886327110921],[-1.099092314171928,44.889097039335034],[-1.0992566179874084,44.89134487050542],[-1.096094404748055,44.89146162435949],[-1.0962585954231268,44.89370946161757],[-1.089933876897797,44.89394270878362],[-1.0900978280984486,44.89619055687309],[-1.086935322817802,44.89630705017315],[-1.0870991608261555,44.8985549043336],[-1.0807738582496356,44.89878763034346],[-1.0809374567068164,44.90103549530804],[-1.061960476723187,44.90173154098586],[-1.062123330160677,44.903979435631506],[-1.0557973129713314,44.904210740000245],[-1.0559599267148567,44.90645864538721],[-1.0464704241282725,44.90680494074343],[-1.0463081895084403,44.9045570212456]]],[[[-1.007868451942526,44.89919012333972],[-1.0047056087310147,44.89930427582684],[-1.0040635253494339,44.89031238397306],[-1.0072258631972248,44.890198250091046],[-1.0070652481780331,44.887950285127665],[-1.0102274468462977,44.88783606587639],[-1.0100667183867154,44.885588106913524],[-1.0163908244880209,44.88535940767262],[-1.0162298563171765,44.883111459378206],[-1.0193917637447945,44.88299697940046],[-1.019552858205092,44.88524492302986],[-1.022714879019692,44.885130348372996],[-1.023359891153332,44.89412211766857],[-1.0201973650864828,44.8942367110021],[-1.020519695972987,44.898732613013706],[-1.0141940997410137,44.89896154825109],[-1.0143550318297654,44.90120951058061],[-1.0080291313037093,44.901438094983774],[-1.007868451942526,44.89919012333972]]]]}},{"type":"Feature","properties":{"category":"plausible_front_1h","snapshot_index":5,"pass_time_utc":"2026-07-24T02:28:00+00:00","dt_local":"2026-07-24T04:28:00+02:00","area_km2":81.812,"label":"Progression plausible à +1 h","coherence_level":"élevée","coherence_fraction":1.0,"projection_displayed":true,"model_version":"fire_progression_arrival_v1"},"geometry":{"type":"MultiPolygon","coordinates":[[[[-1.1165209897390673,44.435449716612055],[-1.1133842913110361,44.43556694206605],[-1.1130572212238783,44.431072099671105],[-1.10992075831163,44.43118922631426],[-1.1092672709114952,44.42219954663629],[-1.1061312919256805,44.4223165649519],[-1.105641685190249,44.415574312171884],[-1.102506065821686,44.41569122695282],[-1.1015279471291037,44.40220674793111],[-1.1046628215986491,44.40208986171415],[-1.1044997230034455,44.3998424604865],[-1.142115714408114,44.39843292449844],[-1.1422803022690677,44.400680268324166],[-1.148549699880713,44.40044408711946],[-1.1497039187828642,44.416175483919424],[-1.1465683575848018,44.416293652807155],[-1.1468980039262855,44.42078836556338],[-1.1437621812816865,44.42090645483346],[-1.1442563763795581,44.42764855357299],[-1.1411201680381446,44.42776656801707],[-1.1412848016850532,44.43001394310397],[-1.1381484560404014,44.43013187309603],[-1.1383129785303134,44.432379254997365],[-1.1320399995675718,44.43261485679928],[-1.132204286632129,44.43486225030414],[-1.129067653319189,44.434979922102215],[-1.1292318291761179,44.437227322404965],[-1.1166846685400729,44.437697136047476],[-1.1165209897390673,44.435449716612055]]],[[[-1.0244252286381017,44.864784324055705],[-1.0275860874164127,44.86466961144875],[-1.027424730421142,44.862421694122375],[-1.0337461568276682,44.86219200832972],[-1.0335845603856852,44.85994410174419],[-1.036745128008505,44.8598291285704],[-1.0365834183326599,44.85758122805457],[-1.0397438468417375,44.85746616959861],[-1.0395820239521252,44.8552182751591],[-1.0427423133505698,44.85510313142865],[-1.0425803772672793,44.852855243072085],[-1.0457405275581995,44.852740014074826],[-1.0454164420140961,44.8482442509385],[-1.0485763270774413,44.84812894138061],[-1.0484141776451976,44.84588106661063],[-1.0515739236188393,44.84576567180471],[-1.0514116610616566,44.843517803140735],[-1.054571267948707,44.84340232309446],[-1.0544088922866621,44.84115446054307],[-1.0607278148902324,44.84092324004786],[-1.0605652000666241,44.83867538832801],[-1.063724515777787,44.838559647890946],[-1.0633990730448553,44.83406395812655],[-1.0665581236167234,44.833948137195584],[-1.0662324808825927,44.82945246254932],[-1.06939126635151,44.829336561138796],[-1.0690654236870523,44.82484090164333],[-1.0722239440893557,44.82472491976763],[-1.071897901565419,44.82022927545563],[-1.0750561569374397,44.82011321312911],[-1.074893029257073,44.81786539785973],[-1.0780511456022555,44.81774925036456],[-1.0778879050029146,44.81550144127026],[-1.0810458823243851,44.815385208614096],[-1.0808825288261152,44.81313740570147],[-1.084040367127007,44.81302108789199],[-1.083713447446192,44.808525495895736],[-1.086871020797283,44.80840909768313],[-1.086707454643227,44.8061613086093],[-1.0898648889915914,44.806044825262155],[-1.0895375441115762,44.80154926098598],[-1.0958518699135071,44.801316043667974],[-1.0956879653284328,44.79906827322806],[-1.1051589780482753,44.79871778752349],[-1.1049947089456136,44.796470032831294],[-1.1081515610561128,44.796353029304434],[-1.1079871792263507,44.79410528085027],[-1.1111438923329562,44.79398819223566],[-1.1109793977961115,44.79174045002614],[-1.1141359719019737,44.79162327633142],[-1.1139713646780598,44.789375540373165],[-1.1202842217251225,44.78914093299329],[-1.1201193760091972,44.78689320807373],[-1.1232756589451252,44.78677577440045],[-1.1231107005937329,44.78452805574881],[-1.1294229752698541,44.784292928459955],[-1.1292577785027902,44.7820452208742],[-1.1387257140533322,44.78169187056837],[-1.13889128821153,44.78393956375815],[-1.1420473660660826,44.78382159585492],[-1.1425445454066776,44.7905646699063],[-1.145700987451765,44.79044659773931],[-1.145866866231009,44.79269428723472],[-1.149023420845701,44.79257612040957],[-1.1491894387283503,44.79482380656255],[-1.1712858296758242,44.79399408929705],[-1.171118930952781,44.79174643694635],[-1.17743181390605,44.79150857593191],[-1.1772646768914243,44.78926093474163],[-1.1835772547658698,44.78902272406436],[-1.18340987950447,44.7867750940516],[-1.1960343714032269,44.786297614109166],[-1.195866506364791,44.78405000502424],[-1.205334357068302,44.78369096646578],[-1.205166128127227,44.78144337348597],[-1.2304121314450802,44.7804820242063],[-1.230581366503346,44.78272957802167],[-1.2337371819122496,44.78260900026544],[-1.2347536311580398,44.79609432456552],[-1.2315970609949922,44.796214931798055],[-1.2317663907824066,44.79846249587668],[-1.2286096812527825,44.798583018176124],[-1.2287788987404373,44.80083058861746],[-1.2224651874207106,44.80107137348345],[-1.2226341667363718,44.803318955183826],[-1.2194771649514144,44.803439217738465],[-1.2196460319156737,44.8056868057849],[-1.2070173863798963,44.806166976997076],[-1.2071857633366088,44.80841458604929],[-1.2040284423856298,44.80853440907976],[-1.2041967069160358,44.810782024454525],[-1.19472428568382,44.81114096896812],[-1.1950600996568397,44.815636233275605],[-1.1887445813590887,44.81587509972202],[-1.1889122566319676,44.818122743756625],[-1.1794385008326045,44.81848038389275],[-1.1792712033594888,44.81623272528786],[-1.1761133839188904,44.816351754046465],[-1.1762805554555413,44.8185994175008],[-1.1699646245956024,44.81883721505744],[-1.1701315576064268,44.821084889629645],[-1.1669734461923011,44.821203658415776],[-1.16730710034345,44.82569902151443],[-1.1451981837700547,44.82652795355946],[-1.145032231865941,44.82428023752678],[-1.1418738880103723,44.824398291972855],[-1.1417080753552704,44.8221505725553],[-1.1196001793727184,44.82297440288064],[-1.1194352617737329,44.82072665132724],[-1.113118853130551,44.8209612127687],[-1.1127895613557517,44.816465694852454],[-1.1064736038889598,44.81669987761916],[-1.1063092296561776,44.814452111278875],[-1.1031513571482232,44.81456906305991],[-1.1033156054280215,44.81681683416524],[-1.1001575938287493,44.81693370081908],[-1.100321729282304,44.819181478127035],[-1.0971635785885665,44.819298259646],[-1.0973276011958342,44.82154604315],[-1.094169311404484,44.82166273952641],[-1.0943332211454186,44.82391052921982],[-1.09117479225331,44.82402714044601],[-1.0918300583050082,44.83301833250747],[-1.0886711122460206,44.83313487281986],[-1.0888348354870834,44.83538267913768],[-1.085675750286255,44.8354991342742],[-1.085839360575453,44.837746946752084],[-1.082680136229644,44.83786331670501],[-1.0828436335469123,44.84011113533632],[-1.0765248934852285,44.84034361492638],[-1.0766881517330713,44.84259144443895],[-1.0703691072566561,44.84282357375121],[-1.0705321263902343,44.84507141412789],[-1.067372458486914,44.84518734859993],[-1.067535364565146,44.84743519510329],[-1.0643755575212477,44.84755104435262],[-1.0645383505240582,44.84979889697603],[-1.0613784043364547,44.849914660995],[-1.061541084243763,44.85216251973186],[-1.05838099890933,44.852278198512785],[-1.0585435657010547,44.85452606335645],[-1.0553833412166704,44.85464165689167],[-1.0555457948727247,44.856889527835534],[-1.052385431235267,44.85700503611737],[-1.0525477717355634,44.859252913154805],[-1.0493872689419126,44.859368336175585],[-1.04954949626636,44.861616219299954],[-1.046388854313401,44.86173155705201],[-1.0465509684419043,44.863979446256714],[-1.0433901873265214,44.86409469873236],[-1.0435521882389833,44.86634259401076],[-1.0403912679580631,44.86645776120233],[-1.0405531556343857,44.86870566254781],[-1.0373920961848158,44.86882074444763],[-1.0375538706048946,44.87106865185356],[-1.034392671983567,44.87118364845396],[-1.0345543331272964,44.873431561913705],[-1.02507028094391,44.87377602581233],[-1.0244252286381017,44.864784324055705]]],[[[-1.0463081895084403,44.9045570212456],[-1.043145122346726,44.90467226824307],[-1.0428209448216499,44.90017642380922],[-1.0459837592582013,44.90006118620375],[-1.0458215636246733,44.89781327066648],[-1.0489842387214316,44.897697947725106],[-1.0488219297443675,44.89545003821392],[-1.0519844655044548,44.895334629944365],[-1.0516596339128428,44.890838824320696],[-1.0548219040267826,44.89072333543666],[-1.0544968718712158,44.88622754457116],[-1.057658876375447,44.88611197508705],[-1.057496253539647,44.88386408637654],[-1.0606581187398285,44.883748431594164],[-1.0604953826579984,44.8815005489426],[-1.063657108557259,44.88138480886965],[-1.0634942592495167,44.87913693228365],[-1.0666558458509843,44.87902110692779],[-1.0663299338725782,44.87452536725611],[-1.0694912549450202,44.87440946134792],[-1.0693281923029545,44.87216159827204],[-1.0724893740954886,44.87204560709975],[-1.0721630355612495,44.86754989449085],[-1.075323951875936,44.867433822791725],[-1.0749974132197522,44.862938125117495],[-1.078158064093011,44.86282197290593],[-1.0779946882004818,44.86057413086311],[-1.081155199826475,44.860457893417355],[-1.0809917108541036,44.858210057489366],[-1.0873124425214113,44.85797732218285],[-1.0881312800333058,44.869216468154505],[-1.0944532209981221,44.86898332550922],[-1.0942891748885097,44.86673550307156],[-1.0974499994842288,44.86661880153594],[-1.0972858403274506,44.86437098522085],[-1.1036071977248245,44.86413732174803],[-1.1034427993741538,44.861889516324204],[-1.109763851796956,44.86165550250829],[-1.1095992142973103,44.85940770799291],[-1.1190803156055906,44.859056026864266],[-1.1189153128630591,44.85680824805445],[-1.1252357287700467,44.85657335374168],[-1.1250704869815855,44.854325585881725],[-1.1471906426445284,44.85350065585972],[-1.147356767267822,44.855748390108005],[-1.1505168625159692,44.85563017835356],[-1.1510156945746277,44.86237337490013],[-1.1478552209275696,44.86249160110467],[-1.1480213987494259,44.864739340842924],[-1.144860785645685,44.86485748189943],[-1.1450268506064791,44.86710522781541],[-1.141866098042864,44.86722328371621],[-1.142032050122507,44.86947103580329],[-1.1388711580958288,44.869589006540686],[-1.139036997274228,44.87183676479227],[-1.1358759657813013,44.87195465035859],[-1.1360416920383647,44.87420241476804],[-1.129719336853868,44.874437925560514],[-1.1298848239566497,44.87668570091745],[-1.126723500270358,44.8768033261317],[-1.1268888743999637,44.87905110762983],[-1.1174044452507337,44.8794034577018],[-1.1175694539100385,44.8816512549022],[-1.1144078248472846,44.881768529719615],[-1.1145727204699216,44.88401633304108],[-1.108249170235158,44.88425062223025],[-1.1084138265368488,44.886498436437634],[-1.1052519053701442,44.88661545079747],[-1.1054164485833031,44.88886327110921],[-1.099092314171928,44.889097039335034],[-1.0992566179874084,44.89134487050542],[-1.096094404748055,44.89146162435949],[-1.0962585954231268,44.89370946161757],[-1.089933876897797,44.89394270878362],[-1.0900978280984486,44.89619055687309],[-1.086935322817802,44.89630705017315],[-1.0870991608261555,44.8985549043336],[-1.0807738582496356,44.89878763034346],[-1.0809374567068164,44.90103549530804],[-1.061960476723187,44.90173154098586],[-1.062123330160677,44.903979435631506],[-1.0557973129713314,44.904210740000245],[-1.0559599267148567,44.90645864538721],[-1.0464704241282725,44.90680494074343],[-1.0463081895084403,44.9045570212456]]],[[[-1.007868451942526,44.89919012333972],[-1.0047056087310147,44.89930427582684],[-1.0040635253494339,44.89031238397306],[-1.0072258631972248,44.890198250091046],[-1.0070652481780331,44.887950285127665],[-1.0102274468462977,44.88783606587639],[-1.0100667183867154,44.885588106913524],[-1.0163908244880209,44.88535940767262],[-1.0162298563171765,44.883111459378206],[-1.0193917637447945,44.88299697940046],[-1.019552858205092,44.88524492302986],[-1.022714879019692,44.885130348372996],[-1.023359891153332,44.89412211766857],[-1.0201973650864828,44.8942367110021],[-1.020519695972987,44.898732613013706],[-1.0141940997410137,44.89896154825109],[-1.0143550318297654,44.90120951058061],[-1.0080291313037093,44.901438094983774],[-1.007868451942526,44.89919012333972]]]]}},{"type":"Feature","properties":{"category":"historical_support","snapshot_index":6,"pass_time_utc":"2026-07-24T03:13:00+00:00","dt_local":"2026-07-24T05:13:00+02:00","area_km2":136.875,"label":"Isoline temporelle","coherence_level":"élevée","coherence_fraction":0.99,"projection_displayed":true,"model_version":"fire_progression_arrival_v1"},"geometry":{"type":"MultiPolygon","coordinates":[[[[-1.11387499389737,44.44230922070194],[-1.113711413372449,44.44006179248866],[-1.1105744534022302,44.4401789382133],[-1.11041101015319,44.43793150722956],[-1.1072741614769015,44.43804855890879],[-1.1071108554840992,44.435801125161944],[-1.1039741181048335,44.435918082802694],[-1.1036477935549907,44.43142321180848],[-1.1005112917302324,44.43154007065841],[-1.0988816883996573,44.40906578949647],[-1.09574641564333,44.40918251153646],[-1.0950954331328582,44.40019283721421],[-1.0982302093559608,44.400076134186264],[-1.0980673719229832,44.39782872550367],[-1.1012020111091838,44.39771193801704],[-1.1010390625068454,44.39546453615504],[-1.1073080538654396,44.39523070307315],[-1.1074712506580826,44.39747809541245],[-1.1106058510011827,44.397361040295635],[-1.1107691848539654,44.39960842993202],[-1.1139038963308616,44.39949128083568],[-1.1137404383769818,44.39724389596992],[-1.135682186100134,44.39642138788805],[-1.1358465127183883,44.39866873925811],[-1.1515194189169753,44.39807853330913],[-1.1518493522997273,44.4025731941511],[-1.1549841424812204,44.40245487570764],[-1.155314376491785,44.40694953511731],[-1.1521793380798402,44.407067863197604],[-1.1534998054233832,44.425046620893],[-1.1503637605825403,44.42516489828041],[-1.1505287537913804,44.42741225692362],[-1.1473925716339073,44.427530449874986],[-1.1475574537281217,44.42977781534605],[-1.1412848016850532,44.43001394310397],[-1.1414494484107691,44.43226132020262],[-1.1383129785303134,44.432379254997365],[-1.1384775140907764,44.43462663890732],[-1.1353409068925964,44.434744489239],[-1.1355053312681724,44.43699187995368],[-1.1292318291761179,44.437227322404965],[-1.1293960180772527,44.439474724710266],[-1.1199852943130908,44.43982723320662],[-1.120149123411452,44.442074651867266],[-1.11387499389737,44.44230922070194]]],[[[-1.0499583656884808,44.91118543253549],[-1.0497959786737052,44.90893751511456],[-1.043469351819498,44.909168117944944],[-1.0433072305888709,44.906920192437205],[-1.0306543266471597,44.90738029873902],[-1.0304927239313482,44.905132355796276],[-1.0273295919357306,44.90524715257259],[-1.0271681285419565,44.90299920626988],[-1.017679034111525,44.9033430423096],[-1.017356904307849,44.89884712565071],[-1.0141940997410137,44.89896154825109],[-1.0143550318297654,44.90120951058061],[-1.0080291313037093,44.901438094983774],[-1.007868451942526,44.89919012333972],[-1.0047056087310147,44.89930427582684],[-1.0045450685973525,44.897056300860584],[-1.0013823388820011,44.897170358660915],[-1.0010615498777005,44.89267440343542],[-0.9978990600005742,44.89278836191207],[-0.9977388110981876,44.89054038166385],[-1.0009011746463998,44.89042642783085],[-1.0005804627177888,44.88593048065499],[-1.0069046460226065,44.88570232151056],[-1.0067440567293997,44.88345435924309],[-1.0099060027994182,44.88334014930008],[-1.009745300082858,44.88109219303947],[-1.0160689010371933,44.88086351243622],[-1.0146208833509163,44.86063205137466],[-1.0209421606379658,44.86040309472299],[-1.020781081825398,44.8581551708202],[-1.0239415749549428,44.85804056220418],[-1.0237803828706213,44.85579264436042],[-1.0269407369320078,44.85567795044883],[-1.0266181391709894,44.8511821282882],[-1.0297782280247954,44.85106735376548],[-1.0296168223766846,44.848819449458404],[-1.0454164420140961,44.8482442509385],[-1.0450924083423945,44.843748493406345],[-1.0482520411895393,44.84363319324488],[-1.0480899177089091,44.84138532128673],[-1.0512494114895399,44.841269935884135],[-1.0510871749009325,44.83902207003829],[-1.054246529618162,44.83890659940224],[-1.0540841799416498,44.836658739675364],[-1.0572433955985923,44.836543183813546],[-1.0565936226083892,44.827551777944706],[-1.0597523210982356,44.82743615099925],[-1.0595897843235689,44.825188307811246],[-1.0627483437941325,44.825072595665695],[-1.062585694017168,44.822824758625984],[-1.0657441144715674,44.82270896128803],[-1.0655813517123585,44.82046113040327],[-1.071897901565419,44.82022927545563],[-1.0715719112002025,44.815733636902486],[-1.068413894739004,44.815849599877424],[-1.0677625742154746,44.806858321258176],[-1.0709200868959179,44.80674237718073],[-1.0707571633995143,44.80449456589175],[-1.0802292454678937,44.80414620857695],[-1.0803925467153506,44.80639400567243],[-1.0835500072144741,44.80627770207958],[-1.0833865800531275,44.804029909722566],[-1.0897012100071664,44.803797042393015],[-1.0895375441115762,44.80154926098598],[-1.0926947135611802,44.80143269726117],[-1.0925309348636958,44.79918492206862],[-1.0956879653284328,44.79906827322806],[-1.0953601954738743,44.79457273675695],[-1.0985169610908843,44.79445600756419],[-1.0981889919446761,44.789960486504995],[-1.1045019804364122,44.78972677759533],[-1.1043377638610277,44.78747902880813],[-1.110650448173984,44.78724497004306],[-1.1104859930855504,44.78499723227622],[-1.1199545434711766,44.78464548463782],[-1.1197897241094856,44.78239776268892],[-1.1418816661140092,44.781573907471106],[-1.1420473660660826,44.78382159585492],[-1.1515155201117129,44.783467153145395],[-1.151681610712225,44.785714828574385],[-1.1548377613189467,44.78559649651911],[-1.1550039910049084,44.78784416860871],[-1.1581602541296303,44.78772574189377],[-1.1584930050135762,44.79222108085369],[-1.1679624694570574,44.79186523268924],[-1.1677957098962908,44.7896175769691],[-1.1741083679075073,44.789379905323145],[-1.1739413700603616,44.787132260759286],[-1.1802537230559615,44.786894239455066],[-1.1800864869672405,44.78464660606459],[-1.189554538789538,44.78428891492687],[-1.1893869387240956,44.78204129758783],[-1.2020103170992122,44.781563137952794],[-1.2018422273663485,44.779315541575436],[-1.2207761370927759,44.778595636783486],[-1.2206073063072624,44.776348071218095],[-1.2269182502159017,44.77610739422887],[-1.2270873324842788,44.77835494998942],[-1.2333984738172228,44.77811390393812],[-1.2335678210966128,44.78036145136204],[-1.2367234972119001,44.78024078870101],[-1.236892983783285,44.78248833268877],[-1.2400487721064593,44.78236757529229],[-1.2410667308313286,44.795852840574135],[-1.2379101877734855,44.79597362749069],[-1.2380797692139887,44.79822118173873],[-1.2349230867728092,44.798341883730686],[-1.2350925559368036,44.80058944434831],[-1.2319357341090422,44.80071006140798],[-1.2321050909765219,44.80295762838858],[-1.2257911550088796,44.803198602773584],[-1.2259602736992234,44.805446181017366],[-1.2070173863798963,44.806166976997076],[-1.2071857633366088,44.80841458604929],[-1.2040284423856298,44.80853440907976],[-1.2041967069160358,44.810782024454525],[-1.19472428568382,44.81114096896812],[-1.1948921859559198,44.813388600404366],[-1.1885769194966136,44.813627457119466],[-1.1887445813590887,44.81587509972202],[-1.1761133839188904,44.816351754046465],[-1.1764477403641362,44.8208470823846],[-1.1701315576064268,44.821084889629645],[-1.1702985039707618,44.82333256562837],[-1.1671402665953303,44.82345133925341],[-1.16730710034345,44.82569902151443],[-1.1641487236500028,44.82581771007963],[-1.1643154447618653,44.82806539859633],[-1.1611569287472052,44.828184002093984],[-1.1613235372027682,44.83043169685976],[-1.1581648818636956,44.83055021528221],[-1.1583313776429103,44.83279791629045],[-1.1520137749981658,44.83303469305731],[-1.1521800320615716,44.835282405123095],[-1.1142717893291603,44.83669557045874],[-1.1144365472181925,44.838943341510166],[-1.1081180696364394,44.8391776197103],[-1.1082825885878556,44.84142540171398],[-1.105123203982498,44.84154241068934],[-1.1054520292273846,44.84603798843972],[-1.1022923793065509,44.8461549170106],[-1.1032784141833207,44.859641712274104],[-1.1127595945918067,44.85929057091037],[-1.1125948441285143,44.857042782544305],[-1.1189153128630591,44.85680824805445],[-1.1187503233274176,44.85456047062406],[-1.1250704869815855,44.854325585881725],[-1.1249052584185075,44.85207781940419],[-1.1470245313168876,44.851252922992394],[-1.1468584332833056,44.84900519150937],[-1.156337544184523,44.84865032977426],[-1.156504020491772,44.85089804679873],[-1.1628236133375918,44.850661012961204],[-1.1629903551635337,44.85290872171162],[-1.1661502576699694,44.85279006504771],[-1.1664840335808015,44.85728547701556],[-1.1633238788545301,44.85740414334877],[-1.1634906607227857,44.85965185622875],[-1.1571700589784102,44.85988892869969],[-1.1573366019224742,44.86213665260881],[-1.1541761549096101,44.86225505873464],[-1.1543425850359748,44.864502788835],[-1.1511819985495364,44.86462110982124],[-1.1513483158381193,44.86686884610622],[-1.1481875898749119,44.86698708194522],[-1.1483537943056241,44.86923482440819],[-1.1451929288624538,44.86935297509226],[-1.1453590204152049,44.871600723726615],[-1.142198015488879,44.871718789248085],[-1.1423639941435757,44.87396654404721],[-1.129719336853868,44.874437925560514],[-1.1298848239566497,44.87668570091745],[-1.126723500270358,44.8768033261317],[-1.1268888743999637,44.87905110762983],[-1.1174044452507337,44.8794034577018],[-1.1175694539100385,44.8816512549022],[-1.1144078248472846,44.881768529719615],[-1.1145727204699216,44.88401633304108],[-1.1114109519504163,44.88413352263633],[-1.1115757345162758,44.88638133207223],[-1.1052519053701442,44.88661545079747],[-1.1054164485833031,44.88886327110921],[-1.1022543879619866,44.888980200227294],[-1.102418818066498,44.89122802663679],[-1.0992566179874084,44.89134487050542],[-1.0994209349631519,44.89359270300604],[-1.0930962427313213,44.89382613021028],[-1.0932603202458626,44.8960739735494],[-1.086935322817802,44.89630705017315],[-1.0870991608261555,44.8985549043336],[-1.0807738582496356,44.89878763034346],[-1.0809374567068164,44.90103549530804],[-1.0714490255569302,44.901383923301495],[-1.071612258064424,44.90363180378204],[-1.0652863191893651,44.9038636483873],[-1.0656123179546317,44.9083594321859],[-1.0592858213534115,44.9085909355007],[-1.059448587547625,44.91083883879858],[-1.0499583656884808,44.91118543253549]]]]}},{"type":"Feature","properties":{"category":"observed_front","snapshot_index":6,"pass_time_utc":"2026-07-24T03:13:00+00:00","dt_local":"2026-07-24T05:13:00+02:00","area_km2":71.5,"label":"Activité observée","coherence_level":"élevée","coherence_fraction":0.99,"projection_displayed":true,"model_version":"fire_progression_arrival_v1"},"geometry":{"type":"MultiPolygon","coordinates":[[[[-1.1165209897390673,44.435449716612055],[-1.1133842913110361,44.43556694206605],[-1.1130572212238783,44.431072099671105],[-1.10992075831163,44.43118922631426],[-1.1092672709114952,44.42219954663629],[-1.1061312919256805,44.4223165649519],[-1.1058048744733033,44.41782172773222],[-1.1026691309205794,44.41793864727454],[-1.1018539349129464,44.406701566076286],[-1.104989057642944,44.40658467033884],[-1.1048259331446344,44.40433726499938],[-1.1079609187871806,44.40422028480134],[-1.1077976831174117,44.40197288627991],[-1.1140673672633834,44.401738667761784],[-1.1139038963308616,44.39949128083568],[-1.1452502956576296,44.39831488330807],[-1.1454150076139833,44.40056222232676],[-1.148549699880713,44.40044408711946],[-1.1487145490188946,44.4026914233822],[-1.1518493522997273,44.4025731941511],[-1.1534998054233832,44.425046620893],[-1.1503637605825403,44.42516489828041],[-1.1505287537913804,44.42741225692362],[-1.1473925716339073,44.427530449874986],[-1.1475574537281217,44.42977781534605],[-1.1412848016850532,44.43001394310397],[-1.1414494484107691,44.43226132020262],[-1.1320399995675718,44.43261485679928],[-1.132204286632129,44.43486225030414],[-1.129067653319189,44.434979922102215],[-1.1292318291761179,44.437227322404965],[-1.1166846685400729,44.437697136047476],[-1.1165209897390673,44.435449716612055]]],[[[-1.1686296410433157,44.80085587024012],[-1.1679624694570574,44.79186523268924],[-1.171118930952781,44.79174643694635],[-1.170952045572462,44.78949878606584],[-1.1867335236363967,44.78890348396979],[-1.1865660225734498,44.78665585881471],[-1.202346536875455,44.786058335148915],[-1.202178420268378,44.783810735811755],[-1.2274255375665717,44.78285006595689],[-1.2275946603837253,44.785097626157096],[-1.230750615089485,44.784977133313326],[-1.2309198772051169,44.78722469007793],[-1.2340759441587434,44.78710410249711],[-1.2342453455928457,44.78935165581863],[-1.231089152851861,44.78947224831206],[-1.2314277447451778,44.793967369175505],[-1.2251148154558604,44.79420830429573],[-1.225283880066102,44.79645587673385],[-1.2221272693202618,44.79657621443592],[-1.2222962216158801,44.79882379323303],[-1.2159827079421306,44.79906420889667],[-1.2161514220576617,44.80131179894159],[-1.212994519134904,44.80143187689124],[-1.213163120884175,44.80367947327854],[-1.2068490228872144,44.80391936938911],[-1.2070173863798963,44.806166976997076],[-1.1975457608207232,44.806526161855146],[-1.1977137601267813,44.80877378554081],[-1.1756119495245705,44.809608772294176],[-1.1757790809550073,44.811856431439786],[-1.1663062979990948,44.81221294936636],[-1.1654726628302283,44.80097459548539],[-1.1686296410433157,44.80085587024012]]],[[[-1.0657441144715674,44.82270896128803],[-1.0655813517123585,44.82046113040327],[-1.071897901565419,44.82022927545563],[-1.0715719112002025,44.815733636902486],[-1.0747299146248463,44.815617584033234],[-1.0745668130391945,44.81336977165301],[-1.0777246774601712,44.81325363362199],[-1.077561462972459,44.811005827423166],[-1.0807191883928962,44.810889604238064],[-1.0805558610231627,44.808641804227264],[-1.086871020797283,44.80840909768313],[-1.0865439015695575,44.8039135209944],[-1.0897012100071664,44.803797042393015],[-1.0895375441115762,44.80154926098598],[-1.0926947135611802,44.80143269726117],[-1.0925309348636958,44.79918492206862],[-1.0956879653284328,44.79906827322806],[-1.0955240738490781,44.7968205042566],[-1.098680965332086,44.79670377030794],[-1.0985169610908843,44.79445600756419],[-1.1016737135953067,44.79433918851512],[-1.1015095966122763,44.79209143200567],[-1.104666210141256,44.791974527863836],[-1.1045019804364122,44.78972677759533],[-1.1108149164103125,44.78949270929414],[-1.110650448173984,44.78724497004306],[-1.1138067706136225,44.7871278058956],[-1.113642189707083,44.78488007290209],[-1.1199545434711766,44.78464548463782],[-1.1197897241094856,44.78239776268892],[-1.1387257140533322,44.78169187056837],[-1.1395537172235521,44.79293035134128],[-1.142710298353624,44.79281236421214],[-1.1430418440071677,44.7973077572367],[-1.1461986635791637,44.79718967063777],[-1.1463645821512536,44.799437364538655],[-1.149521514318104,44.79931918326999],[-1.1503519356760499,44.81055765055644],[-1.1471943740554154,44.810675855901806],[-1.1473603722561243,44.81292355852258],[-1.1442026714376912,44.81304167880334],[-1.1443685569830022,44.815289387678106],[-1.1412107169635877,44.81540742288662],[-1.1413764898334682,44.81765513800879],[-1.138218510609893,44.81777308813738],[-1.138384170784306,44.82002080950037],[-1.1257516176505313,44.82049173029896],[-1.1255864613144622,44.81824398974991],[-1.1224284159404194,44.81836149042474],[-1.122263398767934,44.81611374652474],[-1.1191054661489663,44.81623115252358],[-1.1189405881200232,44.81398340528005],[-1.1126249352217323,44.814217938053254],[-1.1124603222545295,44.81197018269783],[-1.099829362305008,44.81243815053022],[-1.0999934715035082,44.81468592495235],[-1.0968355727320551,44.8148026969556],[-1.0969995691011654,44.817050477580075],[-1.0938415312552874,44.81716716444767],[-1.094169311404484,44.82166273952641],[-1.0910110085017182,44.82177934600154],[-1.0913385891078637,44.82627493632222],[-1.088180021111856,44.82639146239053],[-1.0883437050599778,44.82863926444292],[-1.085184997956927,44.82875570534567],[-1.085348568978562,44.831003513567616],[-1.0821897227653305,44.831119869297154],[-1.082353180840422,44.83336768368204],[-1.079194195513873,44.83348395423069],[-1.0793575406223606,44.835731774771915],[-1.0761984161793572,44.835847960131986],[-1.0763616483011784,44.83809578682292],[-1.063724515777787,44.838559647890946],[-1.062585694017168,44.822824758625984],[-1.0657441144715674,44.82270896128803]]],[[[-1.0450924083423945,44.843748493406345],[-1.0482520411895393,44.84363319324488],[-1.0480899177089091,44.84138532128673],[-1.0512494114895399,44.841269935884135],[-1.0510871749009325,44.83902207003829],[-1.063724515777787,44.838559647890946],[-1.0642127775467785,44.84530319312902],[-1.0610530835798646,44.84541894771461],[-1.0613784043364547,44.849914660995],[-1.0582184451289889,44.850030335062584],[-1.05838099890933,44.852278198512785],[-1.0552209005635156,44.85239378733811],[-1.0555457948727247,44.856889527835534],[-1.046064664987151,44.85723578278833],[-1.0450924083423945,44.843748493406345]]],[[[-1.043469351819498,44.909168117944944],[-1.043145122346726,44.90467226824307],[-1.0399820421980888,44.90478742519743],[-1.0396581174012944,44.90029157137892],[-1.0428209448216499,44.90017642380922],[-1.0426588755356003,44.897928503576246],[-1.0458215636246733,44.89781327066648],[-1.0456593809834591,44.89556535645612],[-1.0488219297443675,44.89545003821392],[-1.0486596337681227,44.89320213003283],[-1.0518220432039853,44.89308672646588],[-1.0516596339128428,44.890838824320696],[-1.0548219040267826,44.89072333543666],[-1.0546593814408678,44.888475439333995],[-1.0578215122360097,44.88835986514058],[-1.057658876375447,44.88611197508705],[-1.0608208678549158,44.885996315591925],[-1.0606581187398285,44.883748431594164],[-1.0638199709067522,44.88363268680501],[-1.063657108557259,44.88138480886965],[-1.066818821414768,44.881268978794125],[-1.0666558458509843,44.87902110692779],[-1.0698174194022092,44.8789051915736],[-1.069654330644249,44.876657325782894],[-1.0728157648923249,44.8765413251577],[-1.0726525629602983,44.87429346544927],[-1.0758138579083592,44.87417737956075],[-1.0756505428223733,44.87192952594122],[-1.0851339705086147,44.87158074255396],[-1.084970289874375,44.86933290450783],[-1.0912922570779051,44.86909994182145],[-1.0911283371599365,44.866852114632245],[-1.0942891748885097,44.86673550307156],[-1.0941251419117517,44.86448768200149],[-1.0972858403274506,44.86437098522085],[-1.0971216943119966,44.8621231702765],[-1.1066033321704962,44.86177255439892],[-1.1064388208244669,44.859524755114336],[-1.1127595945918067,44.85929057091037],[-1.1125948441285143,44.857042782544305],[-1.1189153128630591,44.85680824805445],[-1.1187503233274176,44.85456047062406],[-1.1250704869815855,44.854325585881725],[-1.1249052584185075,44.85207781940419],[-1.1470245313168876,44.851252922992394],[-1.1468584332833056,44.84900519150937],[-1.156337544184523,44.84865032977426],[-1.156504020491772,44.85089804679873],[-1.1628236133375918,44.850661012961204],[-1.1629903551635337,44.85290872171162],[-1.1661502576699694,44.85279006504771],[-1.1664840335808015,44.85728547701556],[-1.1633238788545301,44.85740414334877],[-1.1634906607227857,44.85965185622875],[-1.1571700589784102,44.85988892869969],[-1.1573366019224742,44.86213665260881],[-1.1478552209275696,44.86249160110467],[-1.1480213987494259,44.864739340842924],[-1.144860785645685,44.86485748189943],[-1.1450268506064791,44.86710522781541],[-1.141866098042864,44.86722328371621],[-1.142032050122507,44.86947103580329],[-1.1357102527924683,44.869706887303884],[-1.1358759657813013,44.87195465035859],[-1.1263927917333403,44.87230776718465],[-1.1265581393820128,44.87455554598217],[-1.1233969286704848,44.87467307642001],[-1.123562163342804,44.87692086135845],[-1.1204008131840415,44.87703830659716],[-1.1205659348599064,44.8792860976699],[-1.1174044452507337,44.8794034577018],[-1.1175694539100385,44.8816512549022],[-1.1144078248472846,44.881768529719615],[-1.1145727204699216,44.88401633304108],[-1.1114109519504163,44.88413352263633],[-1.1115757345162758,44.88638133207223],[-1.1020899710262186,44.8867323751512],[-1.1022543879619866,44.888980200227294],[-1.099092314171928,44.889097039335034],[-1.0992566179874084,44.89134487050542],[-1.0929321783584995,44.8915782881984],[-1.0930962427313213,44.89382613021028],[-1.0804467006475382,44.89429190438162],[-1.0806102728970668,44.8965397667002],[-1.077447728277108,44.896655989926025],[-1.0776111872994227,44.89890385830522],[-1.0744485032546627,44.89901999623741],[-1.074611849029633,44.9012678706706],[-1.0714490255569302,44.901383923301495],[-1.071612258064424,44.90363180378204],[-1.0652863191893651,44.9038636483873],[-1.0656123179546317,44.9083594321859],[-1.0592858213534115,44.9085909355007],[-1.059448587547625,44.91083883879858],[-1.0499583656884808,44.91118543253549],[-1.0497959786737052,44.90893751511456],[-1.043469351819498,44.909168117944944]]],[[[-1.0047056087310147,44.89930427582684],[-1.0045450685973525,44.897056300860584],[-1.0013823388820011,44.897170358660915],[-1.0010615498777005,44.89267440343542],[-0.9978990600005742,44.89278836191207],[-0.9977388110981876,44.89054038166385],[-1.0009011746463998,44.89042642783085],[-1.0005804627177888,44.88593048065499],[-1.0069046460226065,44.88570232151056],[-1.0067440567293997,44.88345435924309],[-1.0099060027994182,44.88334014930008],[-1.009745300082858,44.88109219303947],[-1.0192306821854193,44.88074903712327],[-1.019552858205092,44.88524492302986],[-1.022714879019692,44.885130348372996],[-1.023359891153332,44.89412211766857],[-1.0201973650864828,44.8942367110021],[-1.020519695972987,44.898732613013706],[-1.0141940997410137,44.89896154825109],[-1.0143550318297654,44.90120951058061],[-1.0080291313037093,44.901438094983774],[-1.007868451942526,44.89919012333972],[-1.0047056087310147,44.89930427582684]]]]}},{"type":"Feature","properties":{"category":"plausible_front_1h","snapshot_index":6,"pass_time_utc":"2026-07-24T03:13:00+00:00","dt_local":"2026-07-24T05:13:00+02:00","area_km2":71.938,"label":"Progression plausible à +1 h","coherence_level":"élevée","coherence_fraction":0.99,"projection_displayed":true,"model_version":"fire_progression_arrival_v1"},"geometry":{"type":"MultiPolygon","coordinates":[[[[-1.1165209897390673,44.435449716612055],[-1.1133842913110361,44.43556694206605],[-1.1130572212238783,44.431072099671105],[-1.10992075831163,44.43118922631426],[-1.1092672709114952,44.42219954663629],[-1.1061312919256805,44.4223165649519],[-1.1058048744733033,44.41782172773222],[-1.1026691309205794,44.41793864727454],[-1.1018539349129464,44.406701566076286],[-1.104989057642944,44.40658467033884],[-1.1048259331446344,44.40433726499938],[-1.1079609187871806,44.40422028480134],[-1.1077976831174117,44.40197288627991],[-1.1140673672633834,44.401738667761784],[-1.1139038963308616,44.39949128083568],[-1.1452502956576296,44.39831488330807],[-1.1454150076139833,44.40056222232676],[-1.148549699880713,44.40044408711946],[-1.1487145490188946,44.4026914233822],[-1.1518493522997273,44.4025731941511],[-1.1534998054233832,44.425046620893],[-1.1503637605825403,44.42516489828041],[-1.1505287537913804,44.42741225692362],[-1.1473925716339073,44.427530449874986],[-1.1475574537281217,44.42977781534605],[-1.1412848016850532,44.43001394310397],[-1.1414494484107691,44.43226132020262],[-1.1320399995675718,44.43261485679928],[-1.132204286632129,44.43486225030414],[-1.129067653319189,44.434979922102215],[-1.1292318291761179,44.437227322404965],[-1.1166846685400729,44.437697136047476],[-1.1165209897390673,44.435449716612055]]],[[[-1.1686296410433157,44.80085587024012],[-1.1679624694570574,44.79186523268924],[-1.171118930952781,44.79174643694635],[-1.170952045572462,44.78949878606584],[-1.1867335236363967,44.78890348396979],[-1.1865660225734498,44.78665585881471],[-1.202346536875455,44.786058335148915],[-1.202178420268378,44.783810735811755],[-1.2274255375665717,44.78285006595689],[-1.2275946603837253,44.785097626157096],[-1.230750615089485,44.784977133313326],[-1.2309198772051169,44.78722469007793],[-1.2340759441587434,44.78710410249711],[-1.2342453455928457,44.78935165581863],[-1.231089152851861,44.78947224831206],[-1.2314277447451778,44.793967369175505],[-1.2251148154558604,44.79420830429573],[-1.225283880066102,44.79645587673385],[-1.2221272693202618,44.79657621443592],[-1.2222962216158801,44.79882379323303],[-1.2159827079421306,44.79906420889667],[-1.2161514220576617,44.80131179894159],[-1.212994519134904,44.80143187689124],[-1.213163120884175,44.80367947327854],[-1.2068490228872144,44.80391936938911],[-1.2070173863798963,44.806166976997076],[-1.1975457608207232,44.806526161855146],[-1.1977137601267813,44.80877378554081],[-1.1756119495245705,44.809608772294176],[-1.1757790809550073,44.811856431439786],[-1.1663062979990948,44.81221294936636],[-1.1654726628302283,44.80097459548539],[-1.1686296410433157,44.80085587024012]]],[[[-1.0657441144715674,44.82270896128803],[-1.0655813517123585,44.82046113040327],[-1.071897901565419,44.82022927545563],[-1.0715719112002025,44.815733636902486],[-1.0747299146248463,44.815617584033234],[-1.0745668130391945,44.81336977165301],[-1.0777246774601712,44.81325363362199],[-1.077561462972459,44.811005827423166],[-1.0807191883928962,44.810889604238064],[-1.0805558610231627,44.808641804227264],[-1.086871020797283,44.80840909768313],[-1.0865439015695575,44.8039135209944],[-1.0897012100071664,44.803797042393015],[-1.0895375441115762,44.80154926098598],[-1.0926947135611802,44.80143269726117],[-1.0925309348636958,44.79918492206862],[-1.0956879653284328,44.79906827322806],[-1.0955240738490781,44.7968205042566],[-1.098680965332086,44.79670377030794],[-1.0985169610908843,44.79445600756419],[-1.1016737135953067,44.79433918851512],[-1.1015095966122763,44.79209143200567],[-1.104666210141256,44.791974527863836],[-1.1045019804364122,44.78972677759533],[-1.1108149164103125,44.78949270929414],[-1.110650448173984,44.78724497004306],[-1.1138067706136225,44.7871278058956],[-1.113642189707083,44.78488007290209],[-1.1199545434711766,44.78464548463782],[-1.1197897241094856,44.78239776268892],[-1.1387257140533322,44.78169187056837],[-1.1395537172235521,44.79293035134128],[-1.142710298353624,44.79281236421214],[-1.1430418440071677,44.7973077572367],[-1.1461986635791637,44.79718967063777],[-1.1463645821512536,44.799437364538655],[-1.149521514318104,44.79931918326999],[-1.1503519356760499,44.81055765055644],[-1.1471943740554154,44.810675855901806],[-1.1473603722561243,44.81292355852258],[-1.1442026714376912,44.81304167880334],[-1.1443685569830022,44.815289387678106],[-1.1412107169635877,44.81540742288662],[-1.1413764898334682,44.81765513800879],[-1.138218510609893,44.81777308813738],[-1.138384170784306,44.82002080950037],[-1.1257516176505313,44.82049173029896],[-1.1255864613144622,44.81824398974991],[-1.1224284159404194,44.81836149042474],[-1.122263398767934,44.81611374652474],[-1.1191054661489663,44.81623115252358],[-1.1189405881200232,44.81398340528005],[-1.1126249352217323,44.814217938053254],[-1.1124603222545295,44.81197018269783],[-1.099829362305008,44.81243815053022],[-1.0999934715035082,44.81468592495235],[-1.0968355727320551,44.8148026969556],[-1.0969995691011654,44.817050477580075],[-1.0938415312552874,44.81716716444767],[-1.094169311404484,44.82166273952641],[-1.0910110085017182,44.82177934600154],[-1.0913385891078637,44.82627493632222],[-1.088180021111856,44.82639146239053],[-1.0883437050599778,44.82863926444292],[-1.085184997956927,44.82875570534567],[-1.085348568978562,44.831003513567616],[-1.0821897227653305,44.831119869297154],[-1.082353180840422,44.83336768368204],[-1.079194195513873,44.83348395423069],[-1.0793575406223606,44.835731774771915],[-1.0761984161793572,44.835847960131986],[-1.0763616483011784,44.83809578682292],[-1.063724515777787,44.838559647890946],[-1.062585694017168,44.822824758625984],[-1.0657441144715674,44.82270896128803]]],[[[-1.0450924083423945,44.843748493406345],[-1.0482520411895393,44.84363319324488],[-1.0480899177089091,44.84138532128673],[-1.0512494114895399,44.841269935884135],[-1.0510871749009325,44.83902207003829],[-1.063724515777787,44.838559647890946],[-1.0642127775467785,44.84530319312902],[-1.0610530835798646,44.84541894771461],[-1.0613784043364547,44.849914660995],[-1.0582184451289889,44.850030335062584],[-1.05838099890933,44.852278198512785],[-1.0552209005635156,44.85239378733811],[-1.0555457948727247,44.856889527835534],[-1.046064664987151,44.85723578278833],[-1.0450924083423945,44.843748493406345]]],[[[-1.043469351819498,44.909168117944944],[-1.043145122346726,44.90467226824307],[-1.0399820421980888,44.90478742519743],[-1.0396581174012944,44.90029157137892],[-1.0428209448216499,44.90017642380922],[-1.0426588755356003,44.897928503576246],[-1.0458215636246733,44.89781327066648],[-1.0456593809834591,44.89556535645612],[-1.0488219297443675,44.89545003821392],[-1.0486596337681227,44.89320213003283],[-1.0518220432039853,44.89308672646588],[-1.0516596339128428,44.890838824320696],[-1.0548219040267826,44.89072333543666],[-1.0546593814408678,44.888475439333995],[-1.0578215122360097,44.88835986514058],[-1.057658876375447,44.88611197508705],[-1.0608208678549158,44.885996315591925],[-1.0606581187398285,44.883748431594164],[-1.0638199709067522,44.88363268680501],[-1.063657108557259,44.88138480886965],[-1.066818821414768,44.881268978794125],[-1.0666558458509843,44.87902110692779],[-1.0698174194022092,44.8789051915736],[-1.069654330644249,44.876657325782894],[-1.0728157648923249,44.8765413251577],[-1.0726525629602983,44.87429346544927],[-1.0758138579083592,44.87417737956075],[-1.0756505428223733,44.87192952594122],[-1.0851339705086147,44.87158074255396],[-1.084970289874375,44.86933290450783],[-1.0912922570779051,44.86909994182145],[-1.0911283371599365,44.866852114632245],[-1.0942891748885097,44.86673550307156],[-1.0941251419117517,44.86448768200149],[-1.0972858403274506,44.86437098522085],[-1.0971216943119966,44.8621231702765],[-1.1066033321704962,44.86177255439892],[-1.1064388208244669,44.859524755114336],[-1.1127595945918067,44.85929057091037],[-1.1125948441285143,44.857042782544305],[-1.1189153128630591,44.85680824805445],[-1.1187503233274176,44.85456047062406],[-1.1250704869815855,44.854325585881725],[-1.1249052584185075,44.85207781940419],[-1.1470245313168876,44.851252922992394],[-1.1468584332833056,44.84900519150937],[-1.1626568848558863,44.84841330559405],[-1.1628236133375918,44.850661012961204],[-1.1659833897491638,44.85054236113163],[-1.1661502576699694,44.85279006504771],[-1.1693101468205325,44.85267131844039],[-1.169644174947996,44.857166720731605],[-1.1664840335808015,44.85728547701556],[-1.1666509415740325,44.85953318506054],[-1.1634906607227857,44.85965185622875],[-1.1636574559416828,44.86189957047847],[-1.160497035603178,44.86201815652322],[-1.1603303665208982,44.85977043744197],[-1.1571700589784102,44.85988892869969],[-1.1573366019224742,44.86213665260881],[-1.1478552209275696,44.86249160110467],[-1.1480213987494259,44.864739340842924],[-1.144860785645685,44.86485748189943],[-1.1450268506064791,44.86710522781541],[-1.141866098042864,44.86722328371621],[-1.142032050122507,44.86947103580329],[-1.1357102527924683,44.869706887303884],[-1.1358759657813013,44.87195465035859],[-1.1263927917333403,44.87230776718465],[-1.1265581393820128,44.87455554598217],[-1.1233969286704848,44.87467307642001],[-1.123562163342804,44.87692086135845],[-1.1204008131840415,44.87703830659716],[-1.1205659348599064,44.8792860976699],[-1.1174044452507337,44.8794034577018],[-1.1175694539100385,44.8816512549022],[-1.1144078248472846,44.881768529719615],[-1.1145727204699216,44.88401633304108],[-1.1114109519504163,44.88413352263633],[-1.1115757345162758,44.88638133207223],[-1.1020899710262186,44.8867323751512],[-1.1022543879619866,44.888980200227294],[-1.099092314171928,44.889097039335034],[-1.0992566179874084,44.89134487050542],[-1.0929321783584995,44.8915782881984],[-1.0930962427313213,44.89382613021028],[-1.0804467006475382,44.89429190438162],[-1.0806102728970668,44.8965397667002],[-1.077447728277108,44.896655989926025],[-1.0776111872994227,44.89890385830522],[-1.0744485032546627,44.89901999623741],[-1.074611849029633,44.9012678706706],[-1.0714490255569302,44.901383923301495],[-1.071612258064424,44.90363180378204],[-1.0652863191893651,44.9038636483873],[-1.0656123179546317,44.9083594321859],[-1.0592858213534115,44.9085909355007],[-1.059448587547625,44.91083883879858],[-1.0499583656884808,44.91118543253549],[-1.0497959786737052,44.90893751511456],[-1.043469351819498,44.909168117944944]]],[[[-1.0047056087310147,44.89930427582684],[-1.0045450685973525,44.897056300860584],[-1.0013823388820011,44.897170358660915],[-1.0010615498777005,44.89267440343542],[-0.9978990600005742,44.89278836191207],[-0.9977388110981876,44.89054038166385],[-1.0009011746463998,44.89042642783085],[-1.0005804627177888,44.88593048065499],[-1.0069046460226065,44.88570232151056],[-1.0067440567293997,44.88345435924309],[-1.0099060027994182,44.88334014930008],[-1.009745300082858,44.88109219303947],[-1.0192306821854193,44.88074903712327],[-1.019552858205092,44.88524492302986],[-1.022714879019692,44.885130348372996],[-1.023359891153332,44.89412211766857],[-1.0201973650864828,44.8942367110021],[-1.020519695972987,44.898732613013706],[-1.0141940997410137,44.89896154825109],[-1.0143550318297654,44.90120951058061],[-1.0080291313037093,44.901438094983774],[-1.007868451942526,44.89919012333972],[-1.0047056087310147,44.89930427582684]]]]}},{"type":"Feature","properties":{"category":"historical_support","snapshot_index":7,"pass_time_utc":"2026-07-24T03:48:00+00:00","dt_local":"2026-07-24T05:48:00+02:00","area_km2":159.625,"label":"Isoline temporelle","coherence_level":"élevée","coherence_fraction":0.993,"projection_displayed":true,"model_version":"fire_progression_arrival_v1"},"geometry":{"type":"MultiPolygon","coordinates":[[[[-1.1204768206632756,44.4465694951745],[-1.1203129655276638,44.444322072524336],[-1.1171757829788687,44.44443940636043],[-1.1170120651584254,44.44219198092501],[-1.1013265789693119,44.44277728699001],[-1.0998592950698785,44.42255033383281],[-1.090451202722931,44.42290031776992],[-1.0902886085495,44.420652874371996],[-1.0840167308150204,44.42088574125025],[-1.0838543979605206,44.4186382904008],[-1.0807185639514603,44.41875458522862],[-1.080394185299673,44.414259680167916],[-1.0772585867906326,44.41437587628397],[-1.0767724879103826,44.40763351982443],[-1.0799077139183277,44.40751733790369],[-1.0797455825441047,44.40526989458285],[-1.0828806715307397,44.405153628168044],[-1.082718428894329,44.40290619163784],[-1.0889883199391424,44.40267340061461],[-1.0888258419369399,44.40042597562345],[-1.0919606439899179,44.400309451026814],[-1.091798054776077,44.39806203284285],[-1.1012020111091838,44.39771193801704],[-1.1010390625068454,44.39546453615504],[-1.1073080538654396,44.39523070307315],[-1.1074712506580826,44.39747809541245],[-1.1106058510011827,44.397361040295635],[-1.1107691848539654,44.39960842993202],[-1.1139038963308616,44.39949128083568],[-1.1137404383769818,44.39724389596992],[-1.135682186100134,44.39642138788805],[-1.1358465127183883,44.39866873925811],[-1.1515194189169753,44.39807853330913],[-1.1518493522997273,44.4025731941511],[-1.1612536835069898,44.402217971185976],[-1.1615844139690958,44.40671261130021],[-1.164719413014859,44.406594015564544],[-1.1652159796060226,44.413335976566685],[-1.1620806081551238,44.41345458679177],[-1.1625769205701084,44.420196580587195],[-1.159441163484595,44.42031511606397],[-1.1597718557504408,44.42480979837304],[-1.1566358371492869,44.424928254257026],[-1.1568010787764502,44.42717560326308],[-1.1536649228421654,44.42729397471945],[-1.1539951970307945,44.431788688411835],[-1.1508587795306873,44.431906980250176],[-1.1510238120642744,44.43415434492679],[-1.1478872572134153,44.43427255231885],[-1.1480521786076145,44.43651992381388],[-1.1417787811048516,44.436756080421794],[-1.1416141082168494,44.43450869930968],[-1.1353409068925964,44.434744489239],[-1.1355053312681724,44.43699187995368],[-1.1323685867491577,44.437109645814694],[-1.1326972261468466,44.441604442839385],[-1.1295602200241475,44.44172212901474],[-1.1297244350183573,44.443969535315034],[-1.1265872915572308,44.44408713700106],[-1.126751395299371,44.44633455008325],[-1.1204768206632756,44.4465694951745]]],[[[-1.0374664488172238,44.91389423428183],[-1.0369808045546907,44.90715042568389],[-1.0306543266471597,44.90738029873902],[-1.0304927239313482,44.905132355796276],[-1.0273295919357306,44.90524715257259],[-1.0271681285419565,44.90299920626988],[-1.017679034111525,44.9033430423096],[-1.017356904307849,44.89884712565071],[-1.0141940997410137,44.89896154825109],[-1.0143550318297654,44.90120951058061],[-1.0080291313037093,44.901438094983774],[-1.007868451942526,44.89919012333972],[-1.0047056087310147,44.89930427582684],[-1.0045450685973525,44.897056300860584],[-1.0013823388820011,44.897170358660915],[-1.0010615498777005,44.89267440343542],[-0.9978990600005742,44.89278836191207],[-0.9977388110981876,44.89054038166385],[-1.0009011746463998,44.89042642783085],[-1.0005804627177888,44.88593048065499],[-1.0069046460226065,44.88570232151056],[-1.0067440567293997,44.88345435924309],[-1.0099060027994182,44.88334014930008],[-1.009745300082858,44.88109219303947],[-1.0160689010371933,44.88086351243622],[-1.0146208833509163,44.86063205137466],[-1.0209421606379658,44.86040309472299],[-1.020781081825398,44.8581551708202],[-1.0239415749549428,44.85804056220418],[-1.0237803828706213,44.85579264436042],[-1.0269407369320078,44.85567795044883],[-1.0266181391709894,44.8511821282882],[-1.0297782280247954,44.85106735376548],[-1.0296168223766846,44.848819449458404],[-1.0327767721801209,44.848704589658915],[-1.0326152533290185,44.846456691433936],[-1.0357750640851855,44.84634174636531],[-1.035451812952037,44.841845963501214],[-1.038611358566332,44.84173093785811],[-1.038449626312852,44.839483053228776],[-1.054246529618162,44.83890659940224],[-1.0540841799416498,44.836658739675364],[-1.0572433955985923,44.836543183813546],[-1.0562688140848966,44.82305608358045],[-1.0594272605516022,44.82294046605699],[-1.0592647497807746,44.8206926257399],[-1.071897901565419,44.82022927545563],[-1.0715719112002025,44.815733636902486],[-1.068413894739004,44.815849599877424],[-1.0677625742154746,44.806858321258176],[-1.0709200868959179,44.80674237718073],[-1.0707571633995143,44.80449456589175],[-1.0802292454678937,44.80414620857695],[-1.0803925467153506,44.80639400567243],[-1.0835500072144741,44.80627770207958],[-1.083223165960585,44.801782118828044],[-1.0863803615747072,44.801665734841784],[-1.086216834657109,44.79941795015486],[-1.0956879653284328,44.79906827322806],[-1.0953601954738743,44.79457273675695],[-1.0985169610908843,44.79445600756419],[-1.0981889919446761,44.789960486504995],[-1.1045019804364122,44.78972677759533],[-1.1040093700923441,44.78298353569115],[-1.1071654671852624,44.78286656076228],[-1.1070011641875686,44.780618821204854],[-1.1133130673613985,44.78038461138077],[-1.1134776219568672,44.78263234139604],[-1.1197897241094856,44.78239776268892],[-1.1196249179225435,44.78015004223044],[-1.1259367157910036,44.77991511375843],[-1.125771671212072,44.77766740436463],[-1.1383946054396052,44.77719648865965],[-1.1385601531298861,44.77944417886774],[-1.141715979406687,44.779326220576216],[-1.1420473660660826,44.78382159585492],[-1.1515155201117129,44.783467153145395],[-1.151681610712225,44.785714828574385],[-1.1706183148336033,44.78500348872889],[-1.1707851735332684,44.78725113665891],[-1.1802537230559615,44.786894239455066],[-1.1800864869672405,44.78464660606459],[-1.189554538789538,44.78428891492687],[-1.1893869387240956,44.78204129758783],[-1.2020103170992122,44.781563137952794],[-1.2018422273663485,44.779315541575436],[-1.2207761370927759,44.778595636783486],[-1.2206073063072624,44.776348071218095],[-1.2269182502159017,44.77610739422887],[-1.2270873324842788,44.77835494998942],[-1.2333984738172228,44.77811390393812],[-1.2335678210966128,44.78036145136204],[-1.2367234972119001,44.78024078870101],[-1.236892983783285,44.78248833268877],[-1.2400487721064593,44.78236757529229],[-1.2410667308313286,44.795852840574135],[-1.2379101877734855,44.79597362749069],[-1.2380797692139887,44.79822118173873],[-1.2349230867728092,44.798341883730686],[-1.2350925559368036,44.80058944434831],[-1.2319357341090422,44.80071006140798],[-1.2321050909765219,44.80295762838858],[-1.2257911550088796,44.803198602773584],[-1.2262985516537603,44.80994134183053],[-1.2168264134441604,44.81030217359128],[-1.2166576453556461,44.80805457776512],[-1.2103430708219438,44.808294673152965],[-1.2105115871346341,44.81054227876073],[-1.2073541537589636,44.81066219654238],[-1.2075225576485764,44.81290980847299],[-1.2043649849036888,44.81302964126703],[-1.204701581257185,44.81752487919166],[-1.1952280267881918,44.81788386757843],[-1.1950600996568397,44.815636233275605],[-1.1761133839188904,44.816351754046465],[-1.1764477403641362,44.8208470823846],[-1.1701315576064268,44.821084889629645],[-1.1702985039707618,44.82333256562837],[-1.1671402665953303,44.82345133925341],[-1.16730710034345,44.82569902151443],[-1.1641487236500028,44.82581771007963],[-1.1643154447618653,44.82806539859633],[-1.1611569287472052,44.828184002093984],[-1.1613235372027682,44.83043169685976],[-1.1581648818636956,44.83055021528221],[-1.1583313776429103,44.83279791629045],[-1.1520137749981658,44.83303469305731],[-1.1521800320615716,44.835282405123095],[-1.1142717893291603,44.83669557045874],[-1.1144365472181925,44.838943341510166],[-1.1081180696364394,44.8391776197103],[-1.1082825885878556,44.84142540171398],[-1.105123203982498,44.84154241068934],[-1.1054520292273846,44.84603798843972],[-1.1022923793065509,44.8461549170106],[-1.1031140421507486,44.85739390960108],[-1.1062743226467417,44.85727695720664],[-1.1061098376357386,44.85502916067923],[-1.1250704869815855,44.854325585881725],[-1.1249052584185075,44.85207781940419],[-1.1470245313168876,44.851252922992394],[-1.1468584332833056,44.84900519150937],[-1.156337544184523,44.84865032977426],[-1.156504020491772,44.85089804679873],[-1.1691431528064655,44.850423619362324],[-1.1693101468205325,44.85267131844039],[-1.1756298850138955,44.85243355539789],[-1.175797144595655,44.85468124616807],[-1.1789571197168687,44.85456222488487],[-1.1796267964301312,44.86355298228979],[-1.1764663168146066,44.86367202297177],[-1.1768009832817203,44.86816741956013],[-1.1609971229096272,44.86876132195304],[-1.161163845370316,44.87100904648037],[-1.1580029070363176,44.87112756187955],[-1.1583361396181946,44.87562302464816],[-1.1551749355555199,44.8757414597237],[-1.1555079690741228,44.880236937530015],[-1.1491850160934582,44.88047355701491],[-1.1493513003890603,44.882721307570954],[-1.1335430539130575,44.88331130547414],[-1.1337087202836873,44.885559081407386],[-1.1305469048967998,44.885676815795534],[-1.1307124582720463,44.887924597860746],[-1.1275505033627806,44.888042247040964],[-1.1277159437225324,44.89029003523151],[-1.1119053392415859,44.8908769549491],[-1.1120701614042046,44.89312476838328],[-1.1089078745719207,44.893241887064335],[-1.1090725836322217,44.89548970659683],[-1.1059101573019212,44.89560674002998],[-1.106074753239782,44.89785456565415],[-1.0870991608261555,44.8985549043336],[-1.0874268762186712,44.90305061661379],[-1.0842639788033421,44.90316703412003],[-1.0844277298333507,44.90541489697689],[-1.0812646929413123,44.905531229187616],[-1.081428330721774,44.90777909809584],[-1.0751019648771452,44.90801150186668],[-1.0749385798393039,44.90576362348862],[-1.0654493120425066,44.90611153963051],[-1.0656123179546317,44.9083594321859],[-1.0592858213534115,44.9085909355007],[-1.059448587547625,44.91083883879858],[-1.046794932365163,44.911300783675976],[-1.0469572059853447,44.91354870710394],[-1.0374664488172238,44.91389423428183]]]]}},{"type":"Feature","properties":{"category":"observed_front","snapshot_index":7,"pass_time_utc":"2026-07-24T03:48:00+00:00","dt_local":"2026-07-24T05:48:00+02:00","area_km2":108.062,"label":"Activité observée","coherence_level":"élevée","coherence_fraction":0.993,"projection_displayed":true,"model_version":"fire_progression_arrival_v1"},"geometry":{"type":"MultiPolygon","coordinates":[[[[-1.1203129655276638,44.444322072524336],[-1.1171757829788687,44.44443940636043],[-1.1170120651584254,44.44219198092501],[-1.1013265789693119,44.44277728699001],[-1.0998592950698785,44.42255033383281],[-1.090451202722931,44.42290031776992],[-1.0902886085495,44.420652874371996],[-1.0840167308150204,44.42088574125025],[-1.0838543979605206,44.4186382904008],[-1.0807185639514603,44.41875458522862],[-1.080394185299673,44.414259680167916],[-1.0772585867906326,44.41437587628397],[-1.0767724879103826,44.40763351982443],[-1.0799077139183277,44.40751733790369],[-1.0797455825441047,44.40526989458285],[-1.0828806715307397,44.405153628168044],[-1.082718428894329,44.40290619163784],[-1.0889883199391424,44.40267340061461],[-1.0888258419369399,44.40042597562345],[-1.0919606439899179,44.400309451026814],[-1.091798054776077,44.39806203284285],[-1.1012020111091838,44.39771193801704],[-1.1010390625068454,44.39546453615504],[-1.1041735646592221,44.39534766421731],[-1.1043366373574837,44.39759506131976],[-1.1106058510011827,44.397361040295635],[-1.1107691848539654,44.39960842993202],[-1.1139038963308616,44.39949128083568],[-1.1137404383769818,44.39724389596992],[-1.1200095741874896,44.39700933969401],[-1.1201732803389293,44.39925671500769],[-1.1295772588397215,44.39890419718589],[-1.1297413503035372,44.401151560203544],[-1.1454150076139833,44.40056222232676],[-1.1455797326485215,44.40280956340035],[-1.1612536835069898,44.402217971185976],[-1.1615844139690958,44.40671261130021],[-1.164719413014859,44.406594015564544],[-1.1652159796060226,44.413335976566685],[-1.1620806081551238,44.41345458679177],[-1.1625769205701084,44.420196580587195],[-1.159441163484595,44.42031511606397],[-1.1597718557504408,44.42480979837304],[-1.1566358371492869,44.424928254257026],[-1.1568010787764502,44.42717560326308],[-1.1536649228421654,44.42729397471945],[-1.1539951970307945,44.431788688411835],[-1.1508587795306873,44.431906980250176],[-1.1510238120642744,44.43415434492679],[-1.1478872572134153,44.43427255231885],[-1.1480521786076145,44.43651992381388],[-1.1417787811048516,44.436756080421794],[-1.1416141082168494,44.43450869930968],[-1.1353409068925964,44.434744489239],[-1.1355053312681724,44.43699187995368],[-1.1323685867491577,44.437109645814694],[-1.1326972261468466,44.441604442839385],[-1.1295602200241475,44.44172212901474],[-1.1297244350183573,44.443969535315034],[-1.1265872915572308,44.44408713700106],[-1.126751395299371,44.44633455008325],[-1.1204768206632756,44.4465694951745],[-1.1203129655276638,44.444322072524336]]],[[[-1.0335845603856852,44.85994410174419],[-1.027263386343018,44.86017377817801],[-1.0266181391709894,44.8511821282882],[-1.0297782280247954,44.85106735376548],[-1.0296168223766846,44.848819449458404],[-1.0327767721801209,44.848704589658915],[-1.0326152533290185,44.846456691433936],[-1.0357750640851855,44.84634174636531],[-1.035451812952037,44.841845963501214],[-1.038611358566332,44.84173093785811],[-1.038449626312852,44.839483053228776],[-1.054246529618162,44.83890659940224],[-1.0540841799416498,44.836658739675364],[-1.0572433955985923,44.836543183813546],[-1.0562688140848966,44.82305608358045],[-1.0594272605516022,44.82294046605699],[-1.0592647497807746,44.8206926257399],[-1.0782143992597581,44.81999706090155],[-1.0778879050029146,44.81550144127026],[-1.0810458823243851,44.815385208614096],[-1.0803925467153506,44.80639400567243],[-1.0835500072144741,44.80627770207958],[-1.083223165960585,44.801782118828044],[-1.0863803615747072,44.801665734841784],[-1.086216834657109,44.79941795015486],[-1.0988449826874485,44.79895153452331],[-1.098680965332086,44.79670377030794],[-1.1018378437009353,44.79658694649932],[-1.1015095966122763,44.79209143200567],[-1.104666210141256,44.791974527863836],[-1.1040093700923441,44.78298353569115],[-1.1071654671852624,44.78286656076228],[-1.1070011641875686,44.780618821204854],[-1.1133130673613985,44.78038461138077],[-1.1134776219568672,44.78263234139604],[-1.1197897241094856,44.78239776268892],[-1.1196249179225435,44.78015004223044],[-1.1259367157910036,44.77991511375843],[-1.125771671212072,44.77766740436463],[-1.1383946054396052,44.77719648865965],[-1.1385601531298861,44.77944417886774],[-1.141715979406687,44.779326220576216],[-1.1420473660660826,44.78382159585492],[-1.1515155201117129,44.783467153145395],[-1.151681610712225,44.785714828574385],[-1.1706183148336033,44.78500348872889],[-1.1707851735332684,44.78725113665891],[-1.1802537230559615,44.786894239455066],[-1.1800864869672405,44.78464660606459],[-1.189554538789538,44.78428891492687],[-1.1893869387240956,44.78204129758783],[-1.2020103170992122,44.781563137952794],[-1.2018422273663485,44.779315541575436],[-1.2239317415408513,44.7784753382939],[-1.2241007115732527,44.78072290044216],[-1.2272564282672958,44.78060250723321],[-1.2289481297589313,44.803078160508306],[-1.2257911550088796,44.803198602773584],[-1.2262985516537603,44.80994134183053],[-1.2168264134441604,44.81030217359128],[-1.2166576453556461,44.80805457776512],[-1.2103430708219438,44.808294673152965],[-1.2105115871346341,44.81054227876073],[-1.2073541537589636,44.81066219654238],[-1.2075225576485764,44.81290980847299],[-1.2043649849036888,44.81302964126703],[-1.204701581257185,44.81752487919166],[-1.1952280267881918,44.81788386757843],[-1.1950600996568397,44.815636233275605],[-1.1729555511079501,44.81647069292241],[-1.172788518869691,44.81422302605537],[-1.169630798628078,44.81434187020616],[-1.1697977049366852,44.81658954191516],[-1.1666398454151137,44.81670830102408],[-1.1669734461923011,44.821203658415776],[-1.1638153214346836,44.821322337310214],[-1.1641487236500028,44.82581771007963],[-1.1578319302631257,44.82605481751072],[-1.1576654744385757,44.823807120754225],[-1.154507183742907,44.82392553479444],[-1.1538419973897038,44.81493474274615],[-1.1506841972060775,44.8150530476073],[-1.1505180597975537,44.81280534836122],[-1.134729489420525,44.8133955003565],[-1.134894997159092,44.81564322364695],[-1.131737117394046,44.815760989197635],[-1.131902512422365,44.81800871872515],[-1.128744493478451,44.8181263991832],[-1.128909775776485,44.82037413494121],[-1.1194352617737329,44.82072665132724],[-1.1192703573663418,44.81847890120709],[-1.1161122856022503,44.81859622209639],[-1.1156180293538591,44.81185296603018],[-1.1124603222545295,44.81197018269783],[-1.112295722452564,44.80972242878955],[-1.105980520629373,44.8099565829343],[-1.1058161858321993,44.80770882093675],[-1.0995011832819321,44.80794260603332],[-1.099337113454211,44.80569483596529],[-1.0961797184071003,44.805811588939584],[-1.09634366231876,44.808059363764556],[-1.0931861282435833,44.80817603161697],[-1.093513803539176,44.81267159513552],[-1.0903560044935576,44.81278818260844],[-1.0913385891078637,44.82627493632222],[-1.088180021111856,44.82639146239053],[-1.0888348354870834,44.83538267913768],[-1.085675750286255,44.8354991342742],[-1.085839360575453,44.837746946752084],[-1.0700431081238033,44.83832789721974],[-1.0703691072566561,44.84282357375121],[-1.0672095654454976,44.84293950349956],[-1.067535364565146,44.84743519510329],[-1.0548960582596683,44.84789805241541],[-1.0558707411997736,44.861385273880686],[-1.0337461568276682,44.86219200832972],[-1.0335845603856852,44.85994410174419]],[[-1.1563343070491612,44.80582559824962],[-1.1558353388093905,44.79908255115901],[-1.158992231113809,44.798964100317846],[-1.1584930050135762,44.79222108085369],[-1.155336490246989,44.79233951721848],[-1.1551702339803915,44.79009184217629],[-1.1362316215732082,44.79080054470578],[-1.1363971228507987,44.793048248621574],[-1.1332405152453693,44.793166056052414],[-1.1335713057960315,44.79766147789768],[-1.1304144332606303,44.79777920507081],[-1.130910340648364,44.80452236321496],[-1.1340675908197857,44.8044046216518],[-1.1342330456201128,44.80665233915267],[-1.146862417478646,44.80618045499832],[-1.1470283891301198,44.80842815472593],[-1.1533432472659906,44.80819166379404],[-1.1531770238145744,44.805943973701154],[-1.1563343070491612,44.80582559824962]]],[[[-1.036495277007201,44.900406628912265],[-1.0396581174012944,44.90029157137892],[-1.0394961744642799,44.89804364645393],[-1.052146900815809,44.89758253475276],[-1.0519844655044548,44.895334629944365],[-1.0551469882536546,44.89521913164804],[-1.0548219040267826,44.89072333543666],[-1.0579841611228975,44.890607756533754],[-1.057496253539647,44.88386408637654],[-1.0606581187398285,44.883748431594164],[-1.0603326596078628,44.87925266764059],[-1.0634942592495167,44.87913693228365],[-1.0633314229819602,44.87688905705039],[-1.069654330644249,44.876657325782894],[-1.0698174194022092,44.8789051915736],[-1.0761405273137108,44.87867309087247],[-1.0759771860716145,44.87642523453896],[-1.0791385941720653,44.87630905392723],[-1.0784848551180586,44.86731766111426],[-1.0816457452775692,44.86720140945901],[-1.081155199826475,44.860457893417355],[-1.0843156983645172,44.86034156600535],[-1.0841520832359695,44.85809373481712],[-1.1062743226467417,44.85727695720664],[-1.1061098376357386,44.85502916067923],[-1.1219104117621734,44.854443073228644],[-1.1220755274250176,44.85669084587564],[-1.147356767267822,44.855748390108005],[-1.1471906426445284,44.85350065585972],[-1.150350611779784,44.853382448921565],[-1.1501843743492894,44.8511347208703],[-1.1691431528064655,44.850423619362324],[-1.1693101468205325,44.85267131844039],[-1.1756298850138955,44.85243355539789],[-1.175797144595655,44.85468124616807],[-1.1789571197168687,44.85456222488487],[-1.1796267964301312,44.86355298228979],[-1.1764663168146066,44.86367202297177],[-1.1768009832817203,44.86816741956013],[-1.1609971229096272,44.86876132195304],[-1.161163845370316,44.87100904648037],[-1.1580029070363176,44.87112756187955],[-1.1583361396181946,44.87562302464816],[-1.1551749355555199,44.8757414597237],[-1.1555079690741228,44.880236937530015],[-1.1491850160934582,44.88047355701491],[-1.1493513003890603,44.882721307570954],[-1.1335430539130575,44.88331130547414],[-1.1337087202836873,44.885559081407386],[-1.1305469048967998,44.885676815795534],[-1.1307124582720463,44.887924597860746],[-1.1275505033627806,44.888042247040964],[-1.1277159437225324,44.89029003523151],[-1.1119053392415859,44.8908769549491],[-1.1120701614042046,44.89312476838328],[-1.1089078745719207,44.893241887064335],[-1.1090725836322217,44.89548970659683],[-1.1059101573019212,44.89560674002998],[-1.106074753239782,44.89785456565415],[-1.0870991608261555,44.8985549043336],[-1.0874268762186712,44.90305061661379],[-1.0842639788033421,44.90316703412003],[-1.0844277298333507,44.90541489697689],[-1.0812646929413123,44.905531229187616],[-1.081428330721774,44.90777909809584],[-1.0751019648771452,44.90801150186668],[-1.0749385798393039,44.90576362348862],[-1.0559599267148567,44.90645864538721],[-1.056122553487154,44.90870655208701],[-1.0497959786737052,44.90893751511456],[-1.0499583656884808,44.91118543253549],[-1.046794932365163,44.911300783675976],[-1.0469572059853447,44.91354870710394],[-1.0374664488172238,44.91389423428183],[-1.036495277007201,44.900406628912265]]],[[[-1.0045450685973525,44.897056300860584],[-1.0013823388820011,44.897170358660915],[-1.0005804627177888,44.88593048065499],[-1.0069046460226065,44.88570232151056],[-1.0067440567293997,44.88345435924309],[-1.0130679359986972,44.88322584934494],[-1.0140331805438898,44.89671358725054],[-1.0108704894383669,44.89682791515483],[-1.011031282282549,44.89907588081427],[-1.0047056087310147,44.89930427582684],[-1.0045450685973525,44.897056300860584]]]]}},{"type":"Feature","properties":{"category":"plausible_front_1h","snapshot_index":7,"pass_time_utc":"2026-07-24T03:48:00+00:00","dt_local":"2026-07-24T05:48:00+02:00","area_km2":123.375,"label":"Progression plausible à +1 h","coherence_level":"élevée","coherence_fraction":0.993,"projection_displayed":true,"model_version":"fire_progression_arrival_v1"},"geometry":{"type":"MultiPolygon","coordinates":[[[[-1.1204768206632756,44.4465694951745],[-1.1173395138088897,44.44668683378916],[-1.1171757829788687,44.44443940636043],[-1.098352414828797,44.445141534383616],[-1.096886132746518,44.424914520324755],[-1.0812052285561438,44.4254969580795],[-1.0810429941356035,44.423249498432355],[-1.0779068988210967,44.423365713478375],[-1.0777448015027997,44.421118251127496],[-1.0746088175295674,44.42123437218934],[-1.0744468572938835,44.418986907142106],[-1.0713109846649926,44.419102934226665],[-1.0701784922971649,44.40337070302466],[-1.0764484863208597,44.403138625776045],[-1.0762865048206987,44.40089118183928],[-1.079421358415804,44.40077501411207],[-1.0792592656586626,44.39852757696884],[-1.0886633768349734,44.39817855269423],[-1.0885009246317066,44.395931131830324],[-1.1010390625068454,44.39546453615504],[-1.100876126840869,44.393217136360875],[-1.1040105049071212,44.39310026918247],[-1.1043366373574837,44.39759506131976],[-1.1106058510011827,44.397361040295635],[-1.1107691848539654,44.39960842993202],[-1.1139038963308616,44.39949128083568],[-1.1137404383769818,44.39724389596992],[-1.1200095741874896,44.39700933969401],[-1.1201732803389293,44.39925671500769],[-1.1295772588397215,44.39890419718589],[-1.1297413503035372,44.401151560203544],[-1.1454150076139833,44.40056222232676],[-1.1455797326485215,44.40280956340035],[-1.1581189195535733,44.40233646805241],[-1.1579536981138128,44.40008914624403],[-1.1610883379698222,44.39997065420294],[-1.1612536835069898,44.402217971185976],[-1.164388434331668,44.4020993851089],[-1.164553917103214,44.40434669931325],[-1.1676887788934367,44.404228019193305],[-1.1685170105513312,44.41546459668521],[-1.1653815280937003,44.41558330097232],[-1.1657126645143794,44.420077955870816],[-1.1625769205701084,44.420196580587195],[-1.1627423843221678,44.42244391590422],[-1.159606503051019,44.42256245620821],[-1.1597718557504408,44.42480979837304],[-1.1566358371492869,44.424928254257026],[-1.1568010787764502,44.42717560326308],[-1.1536649228421654,44.42729397471945],[-1.1539951970307945,44.431788688411835],[-1.1508587795306873,44.431906980250176],[-1.1510238120642744,44.43415434492679],[-1.1478872572134153,44.43427255231885],[-1.1480521786076145,44.43651992381388],[-1.1417787811048516,44.436756080421794],[-1.1416141082168494,44.43450869930968],[-1.1353409068925964,44.434744489239],[-1.1355053312681724,44.43699187995368],[-1.1323685867491577,44.437109645814694],[-1.1326972261468466,44.441604442839385],[-1.1295602200241475,44.44172212901474],[-1.1298886630614344,44.446216943607794],[-1.126751395299371,44.44633455008325],[-1.1269155120821108,44.44858196515477],[-1.1206406888198381,44.44881691981442],[-1.1204768206632756,44.4465694951745]]],[[[-1.0242639978371353,44.862536402055184],[-1.021103252346033,44.86265102001159],[-1.020136895499183,44.84916348913443],[-1.0264568596553547,44.84893421930454],[-1.0262955930475708,44.846686311723126],[-1.0294554296464666,44.84657154655337],[-1.0292940498325933,44.844323645053805],[-1.032453747404301,44.844208794614175],[-1.032292254404418,44.841960899203045],[-1.035451812952037,44.841845963501214],[-1.035290206786222,44.839598074185155],[-1.038449626312852,44.839483053228776],[-1.0382879070011801,44.83723517001442],[-1.0414471875099258,44.83712006381118],[-1.0416090328976753,44.839367942335336],[-1.054246529618162,44.83890659940224],[-1.0540841799416498,44.836658739675364],[-1.0572433955985923,44.836543183813546],[-1.0562688140848966,44.82305608358045],[-1.0594272605516022,44.82294046605699],[-1.0592647497807746,44.8206926257399],[-1.0782143992597581,44.81999706090155],[-1.0778879050029146,44.81550144127026],[-1.0810458823243851,44.815385208614096],[-1.0803925467153506,44.80639400567243],[-1.0835500072144741,44.80627770207958],[-1.083223165960585,44.801782118828044],[-1.0863803615747072,44.801665734841784],[-1.086216834657109,44.79941795015486],[-1.0988449826874485,44.79895153452331],[-1.098680965332086,44.79670377030794],[-1.1018378437009353,44.79658694649932],[-1.1015095966122763,44.79209143200567],[-1.104666210141256,44.791974527863836],[-1.1040093700923441,44.78298353569115],[-1.1071654671852624,44.78286656076228],[-1.1070011641875686,44.780618821204854],[-1.1133130673613985,44.78038461138077],[-1.1134776219568672,44.78263234139604],[-1.1197897241094856,44.78239776268892],[-1.1196249179225435,44.78015004223044],[-1.1259367157910036,44.77991511375843],[-1.125771671212072,44.77766740436463],[-1.1383946054396052,44.77719648865965],[-1.1385601531298861,44.77944417886774],[-1.141715979406687,44.779326220576216],[-1.1420473660660826,44.78382159585492],[-1.1452034306742984,44.783703538118004],[-1.1450376049299362,44.781455854543786],[-1.15450534180922,44.781101156787386],[-1.154671544920914,44.783348825910885],[-1.1672955111943468,44.78287461866481],[-1.167462230766532,44.78512226995352],[-1.1706183148336033,44.78500348872889],[-1.1707851735332684,44.78725113665891],[-1.1802537230559615,44.786894239455066],[-1.1800864869672405,44.78464660606459],[-1.189554538789538,44.78428891492687],[-1.1893869387240956,44.78204129758783],[-1.2020103170992122,44.781563137952794],[-1.2018422273663485,44.779315541575436],[-1.2239317415408513,44.7784753382939],[-1.2241007115732527,44.78072290044216],[-1.2272564282672958,44.78060250723321],[-1.2287788987404373,44.80083058861746],[-1.2319357341090422,44.80071006140798],[-1.2321050909765219,44.80295762838858],[-1.2289481297589313,44.803078160508306],[-1.2296251891737413,44.81206846249938],[-1.2138376627217258,44.812669873266046],[-1.2135003648316258,44.80817467039139],[-1.2103430708219438,44.808294673152965],[-1.2105115871346341,44.81054227876073],[-1.2073541537589636,44.81066219654238],[-1.2080278501371011,44.81965265285607],[-1.192237963046036,44.8202509912082],[-1.1920701484210918,44.81800335060921],[-1.1794385008326045,44.81848038389275],[-1.1792712033594888,44.81623272528786],[-1.1729555511079501,44.81647069292241],[-1.172788518869691,44.81422302605537],[-1.169630798628078,44.81434187020616],[-1.1697977049366852,44.81658954191516],[-1.1666398454151137,44.81670830102408],[-1.1668066391327618,44.81895597900487],[-1.1699646245956024,44.81883721505744],[-1.1706324367663616,44.82782792189192],[-1.1674739474382585,44.82794670519544],[-1.1676408078813583,44.83019439029305],[-1.155006213204806,44.83066864379663],[-1.1548398567431735,44.8284209393773],[-1.1516813007738498,44.82853927316182],[-1.151515083609751,44.82629156533888],[-1.1483566403331813,44.826409804400406],[-1.1478584465266428,44.8196666750203],[-1.151016511890556,44.81954845040981],[-1.1505180597975537,44.81280534836122],[-1.134729489420525,44.8133955003565],[-1.134894997159092,44.81564322364695],[-1.131737117394046,44.815760989197635],[-1.131902512422365,44.81800871872515],[-1.128744493478451,44.8181263991832],[-1.128909775776485,44.82037413494121],[-1.1194352617737329,44.82072665132724],[-1.1192703573663418,44.81847890120709],[-1.1161122856022503,44.81859622209639],[-1.1156180293538591,44.81185296603018],[-1.1124603222545295,44.81197018269783],[-1.112295722452564,44.80972242878955],[-1.105980520629373,44.8099565829343],[-1.1058161858321993,44.80770882093675],[-1.0995011832819321,44.80794260603332],[-1.099337113454211,44.80569483596529],[-1.0961797184071003,44.805811588939584],[-1.09634366231876,44.808059363764556],[-1.0931861282435833,44.80817603161697],[-1.093513803539176,44.81267159513552],[-1.0903560044935576,44.81278818260844],[-1.0913385891078637,44.82627493632222],[-1.088180021111856,44.82639146239053],[-1.0888348354870834,44.83538267913768],[-1.085675750286255,44.8354991342742],[-1.085839360575453,44.837746946752084],[-1.0700431081238033,44.83832789721974],[-1.0703691072566561,44.84282357375121],[-1.0672095654454976,44.84293950349956],[-1.067535364565146,44.84743519510329],[-1.0548960582596683,44.84789805241541],[-1.0558707411997736,44.861385273880686],[-1.046388854313401,44.86173155705201],[-1.0465509684419043,44.863979446256714],[-1.0244252286381017,44.864784324055705],[-1.0242639978371353,44.862536402055184]],[[-1.1558353388093905,44.79908255115901],[-1.1555027598062924,44.794587193731914],[-1.1523461059094684,44.79470554507235],[-1.1521799621876954,44.792457863737305],[-1.145866866231009,44.79269428723472],[-1.145700987451765,44.79044659773931],[-1.1362316215732082,44.79080054470578],[-1.1363971228507987,44.793048248621574],[-1.1332405152453693,44.793166056052414],[-1.1335713057960315,44.79766147789768],[-1.1304144332606303,44.79777920507081],[-1.130910340648364,44.80452236321496],[-1.1340675908197857,44.8044046216518],[-1.1342330456201128,44.80665233915267],[-1.146862417478646,44.80618045499832],[-1.1470283891301198,44.80842815472593],[-1.1533432472659906,44.80819166379404],[-1.1526784332074853,44.79920091214326],[-1.1558353388093905,44.79908255115901]]],[[[-1.036495277007201,44.900406628912265],[-1.0396581174012944,44.90029157137892],[-1.0394961744642799,44.89804364645393],[-1.052146900815809,44.89758253475276],[-1.0519844655044548,44.895334629944365],[-1.0551469882536546,44.89521913164804],[-1.0548219040267826,44.89072333543666],[-1.0579841611228975,44.890607756533754],[-1.057496253539647,44.88386408637654],[-1.0606581187398285,44.883748431594164],[-1.0603326596078628,44.87925266764059],[-1.0634942592495167,44.87913693228365],[-1.0633314229819602,44.87688905705039],[-1.069654330644249,44.876657325782894],[-1.0698174194022092,44.8789051915736],[-1.0761405273137108,44.87867309087247],[-1.0759771860716145,44.87642523453896],[-1.0791385941720653,44.87630905392723],[-1.0778313253858585,44.85832629019904],[-1.0809917108541036,44.858210057489366],[-1.0808282349681126,44.855962222943305],[-1.0966293350978256,44.85537973370174],[-1.0967934416987604,44.85762754451357],[-1.1062743226467417,44.85727695720664],[-1.1061098376357386,44.85502916067923],[-1.1219104117621734,44.854443073228644],[-1.1220755274250176,44.85669084587564],[-1.147356767267822,44.855748390108005],[-1.1471906426445284,44.85350065585972],[-1.150350611779784,44.853382448921565],[-1.1501843743492894,44.8511347208703],[-1.1691431528064655,44.850423619362324],[-1.1693101468205325,44.85267131844039],[-1.1724700226051858,44.85255248189027],[-1.1723029024994607,44.85030478765384],[-1.175462638818116,44.85018586600676],[-1.1756298850138955,44.85243355539789],[-1.1819495696633402,44.85219543258872],[-1.183122433720293,44.8679292288282],[-1.1799617152046415,44.86804836917749],[-1.1801291947019932,44.870296064655804],[-1.1769683366103108,44.87041511988908],[-1.1771357033377328,44.87266282157008],[-1.170813694605479,44.872900671814094],[-1.1706465802404928,44.87065296044237],[-1.1643247703557082,44.870890441107406],[-1.1646585077082172,44.8753858845526],[-1.161497330339111,44.87550449959093],[-1.1619976579348765,44.882247689345746],[-1.1588360885582156,44.88236622889163],[-1.1590027648958823,44.88461396631673],[-1.1526793336307501,44.88485078507888],[-1.152845770814302,44.8870985334864],[-1.133874399922047,44.887806858675326],[-1.1340400928297294,44.89005463727457],[-1.1308780249065584,44.89017238125746],[-1.1310436048019283,44.89242016598231],[-1.1120701614042046,44.89312476838328],[-1.1122349967689111,44.895372583143484],[-1.1090725836322217,44.89548970659683],[-1.109237305886134,44.89773752745215],[-1.106074753239782,44.89785456565415],[-1.1062393623627733,44.90010239259797],[-1.0935885147064113,44.900569664195835],[-1.0934244109037004,44.898321818212374],[-1.0902617924323328,44.89843840628662],[-1.0905897605061048,44.9029341090724],[-1.0874268762186712,44.90305061661379],[-1.087590753605986,44.905298474726784],[-1.0844277298333507,44.90541489697689],[-1.0845914939827626,44.90766276114471],[-1.081428330721774,44.90777909809584],[-1.0815919816131434,44.910026968311854],[-1.0752653630057527,44.910259381552954],[-1.0751019648771452,44.90801150186668],[-1.0719387623136447,44.908127568685266],[-1.071775503649472,44.90587968557776],[-1.0559599267148567,44.90645864538721],[-1.056122553487154,44.90870655208701],[-1.0497959786737052,44.90893751511456],[-1.0499583656884808,44.91118543253549],[-1.046794932365163,44.911300783675976],[-1.0469572059853447,44.91354870710394],[-1.0374664488172238,44.91389423428183],[-1.036495277007201,44.900406628912265]]],[[[-1.0045450685973525,44.897056300860584],[-1.0013823388820011,44.897170358660915],[-1.0005804627177888,44.88593048065499],[-1.0069046460226065,44.88570232151056],[-1.0067440567293997,44.88345435924309],[-1.0130679359986972,44.88322584934494],[-1.0140331805438898,44.89671358725054],[-1.0108704894383669,44.89682791515483],[-1.011031282282549,44.89907588081427],[-1.0047056087310147,44.89930427582684],[-1.0045450685973525,44.897056300860584]]]]}},{"type":"Feature","properties":{"category":"historical_support","snapshot_index":8,"pass_time_utc":"2026-07-24T10:06:00+00:00","dt_local":"2026-07-24T12:06:00+02:00","area_km2":161.938,"label":"Isoline temporelle","coherence_level":"indisponible","coherence_fraction":0.0,"projection_displayed":false,"model_version":"fire_progression_arrival_v1"},"geometry":{"type":"MultiPolygon","coordinates":[[[[-1.1204768206632756,44.4465694951745],[-1.1203129655276638,44.444322072524336],[-1.1171757829788687,44.44443940636043],[-1.1170120651584254,44.44219198092501],[-1.1013265789693119,44.44277728699001],[-1.0998592950698785,44.42255033383281],[-1.090451202722931,44.42290031776992],[-1.0902886085495,44.420652874371996],[-1.0840167308150204,44.42088574125025],[-1.0838543979605206,44.4186382904008],[-1.0807185639514603,44.41875458522862],[-1.080394185299673,44.414259680167916],[-1.0772585867906326,44.41437587628397],[-1.0767724879103826,44.40763351982443],[-1.0799077139183277,44.40751733790369],[-1.0797455825441047,44.40526989458285],[-1.0828806715307397,44.405153628168044],[-1.082718428894329,44.40290619163784],[-1.0889883199391424,44.40267340061461],[-1.0888258419369399,44.40042597562345],[-1.0919606439899179,44.400309451026814],[-1.091798054776077,44.39806203284285],[-1.1012020111091838,44.39771193801704],[-1.1010390625068454,44.39546453615504],[-1.1073080538654396,44.39523070307315],[-1.1074712506580826,44.39747809541245],[-1.1106058510011827,44.397361040295635],[-1.1107691848539654,44.39960842993202],[-1.1139038963308616,44.39949128083568],[-1.1137404383769818,44.39724389596992],[-1.135682186100134,44.39642138788805],[-1.1358465127183883,44.39866873925811],[-1.1515194189169753,44.39807853330913],[-1.1518493522997273,44.4025731941511],[-1.1612536835069898,44.402217971185976],[-1.1615844139690958,44.40671261130021],[-1.164719413014859,44.406594015564544],[-1.1652159796060226,44.413335976566685],[-1.1620806081551238,44.41345458679177],[-1.1625769205701084,44.420196580587195],[-1.159441163484595,44.42031511606397],[-1.1597718557504408,44.42480979837304],[-1.1566358371492869,44.424928254257026],[-1.1568010787764502,44.42717560326308],[-1.1536649228421654,44.42729397471945],[-1.1539951970307945,44.431788688411835],[-1.1508587795306873,44.431906980250176],[-1.1510238120642744,44.43415434492679],[-1.1478872572134153,44.43427255231885],[-1.1480521786076145,44.43651992381388],[-1.1417787811048516,44.436756080421794],[-1.1416141082168494,44.43450869930968],[-1.1353409068925964,44.434744489239],[-1.1355053312681724,44.43699187995368],[-1.1323685867491577,44.437109645814694],[-1.1326972261468466,44.441604442839385],[-1.1295602200241475,44.44172212901474],[-1.1297244350183573,44.443969535315034],[-1.1265872915572308,44.44408713700106],[-1.126751395299371,44.44633455008325],[-1.1204768206632756,44.4465694951745]]],[[[-1.0374664488172238,44.91389423428183],[-1.0369808045546907,44.90715042568389],[-1.0306543266471597,44.90738029873902],[-1.0304927239313482,44.905132355796276],[-1.0273295919357306,44.90524715257259],[-1.0271681285419565,44.90299920626988],[-1.017679034111525,44.9033430423096],[-1.017356904307849,44.89884712565071],[-1.0141940997410137,44.89896154825109],[-1.0143550318297654,44.90120951058061],[-1.0080291313037093,44.901438094983774],[-1.007868451942526,44.89919012333972],[-1.0047056087310147,44.89930427582684],[-1.0045450685973525,44.897056300860584],[-1.0013823388820011,44.897170358660915],[-1.0010615498777005,44.89267440343542],[-0.9978990600005742,44.89278836191207],[-0.9977388110981876,44.89054038166385],[-1.0009011746463998,44.89042642783085],[-1.0005804627177888,44.88593048065499],[-1.0069046460226065,44.88570232151056],[-1.0067440567293997,44.88345435924309],[-1.0099060027994182,44.88334014930008],[-1.009745300082858,44.88109219303947],[-1.0160689010371933,44.88086351243622],[-1.0146208833509163,44.86063205137466],[-1.0209421606379658,44.86040309472299],[-1.020781081825398,44.8581551708202],[-1.0239415749549428,44.85804056220418],[-1.0237803828706213,44.85579264436042],[-1.0269407369320078,44.85567795044883],[-1.0266181391709894,44.8511821282882],[-1.0297782280247954,44.85106735376548],[-1.0296168223766846,44.848819449458404],[-1.0327767721801209,44.848704589658915],[-1.0326152533290185,44.846456691433936],[-1.0357750640851855,44.84634174636531],[-1.035451812952037,44.841845963501214],[-1.038611358566332,44.84173093785811],[-1.038449626312852,44.839483053228776],[-1.054246529618162,44.83890659940224],[-1.0540841799416498,44.836658739675364],[-1.0572433955985923,44.836543183813546],[-1.0562688140848966,44.82305608358045],[-1.0594272605516022,44.82294046605699],[-1.0592647497807746,44.8206926257399],[-1.071897901565419,44.82022927545563],[-1.0715719112002025,44.815733636902486],[-1.068413894739004,44.815849599877424],[-1.0677625742154746,44.806858321258176],[-1.0709200868959179,44.80674237718073],[-1.0707571633995143,44.80449456589175],[-1.0802292454678937,44.80414620857695],[-1.0803925467153506,44.80639400567243],[-1.0835500072144741,44.80627770207958],[-1.083223165960585,44.801782118828044],[-1.0863803615747072,44.801665734841784],[-1.086216834657109,44.79941795015486],[-1.0956879653284328,44.79906827322806],[-1.0953601954738743,44.79457273675695],[-1.0985169610908843,44.79445600756419],[-1.0981889919446761,44.789960486504995],[-1.1045019804364122,44.78972677759533],[-1.1040093700923441,44.78298353569115],[-1.1071654671852624,44.78286656076228],[-1.1070011641875686,44.780618821204854],[-1.1133130673613985,44.78038461138077],[-1.1134776219568672,44.78263234139604],[-1.1197897241094856,44.78239776268892],[-1.1196249179225435,44.78015004223044],[-1.1259367157910036,44.77991511375843],[-1.125771671212072,44.77766740436463],[-1.1383946054396052,44.77719648865965],[-1.1385601531298861,44.77944417886774],[-1.141715979406687,44.779326220576216],[-1.1420473660660826,44.78382159585492],[-1.1515155201117129,44.783467153145395],[-1.151681610712225,44.785714828574385],[-1.1706183148336033,44.78500348872889],[-1.1707851735332684,44.78725113665891],[-1.1802537230559615,44.786894239455066],[-1.1800864869672405,44.78464660606459],[-1.189554538789538,44.78428891492687],[-1.1893869387240956,44.78204129758783],[-1.2020103170992122,44.781563137952794],[-1.2018422273663485,44.779315541575436],[-1.2207761370927759,44.778595636783486],[-1.2206073063072624,44.776348071218095],[-1.2269182502159017,44.77610739422887],[-1.2270873324842788,44.77835494998942],[-1.2333984738172228,44.77811390393812],[-1.2335678210966128,44.78036145136204],[-1.2367234972119001,44.78024078870101],[-1.236892983783285,44.78248833268877],[-1.2400487721064593,44.78236757529229],[-1.2410667308313286,44.795852840574135],[-1.2379101877734855,44.79597362749069],[-1.2380797692139887,44.79822118173873],[-1.2349230867728092,44.798341883730686],[-1.2350925559368036,44.80058944434831],[-1.2319357341090422,44.80071006140798],[-1.2321050909765219,44.80295762838858],[-1.2257911550088796,44.803198602773584],[-1.2262985516537603,44.80994134183053],[-1.2168264134441604,44.81030217359128],[-1.2166576453556461,44.80805457776512],[-1.2103430708219438,44.808294673152965],[-1.2105115871346341,44.81054227876073],[-1.2073541537589636,44.81066219654238],[-1.2075225576485764,44.81290980847299],[-1.2043649849036888,44.81302964126703],[-1.204701581257185,44.81752487919166],[-1.1952280267881918,44.81788386757843],[-1.1950600996568397,44.815636233275605],[-1.1761133839188904,44.816351754046465],[-1.1764477403641362,44.8208470823846],[-1.1701315576064268,44.821084889629645],[-1.1702985039707618,44.82333256562837],[-1.1671402665953303,44.82345133925341],[-1.16730710034345,44.82569902151443],[-1.1641487236500028,44.82581771007963],[-1.1643154447618653,44.82806539859633],[-1.1611569287472052,44.828184002093984],[-1.1613235372027682,44.83043169685976],[-1.1581648818636956,44.83055021528221],[-1.1583313776429103,44.83279791629045],[-1.1520137749981658,44.83303469305731],[-1.1521800320615716,44.835282405123095],[-1.1142717893291603,44.83669557045874],[-1.1144365472181925,44.838943341510166],[-1.1081180696364394,44.8391776197103],[-1.1082825885878556,44.84142540171398],[-1.105123203982498,44.84154241068934],[-1.1054520292273846,44.84603798843972],[-1.1022923793065509,44.8461549170106],[-1.1031140421507486,44.85739390960108],[-1.1062743226467417,44.85727695720664],[-1.1061098376357386,44.85502916067923],[-1.1250704869815855,44.854325585881725],[-1.1249052584185075,44.85207781940419],[-1.1470245313168876,44.851252922992394],[-1.1468584332833056,44.84900519150937],[-1.156337544184523,44.84865032977426],[-1.156504020491772,44.85089804679873],[-1.1691431528064655,44.850423619362324],[-1.1693101468205325,44.85267131844039],[-1.1756298850138955,44.85243355539789],[-1.175797144595655,44.85468124616807],[-1.1789571197168687,44.85456222488487],[-1.1796267964301312,44.86355298228979],[-1.1764663168146066,44.86367202297177],[-1.1768009832817203,44.86816741956013],[-1.1609971229096272,44.86876132195304],[-1.161163845370316,44.87100904648037],[-1.1580029070363176,44.87112756187955],[-1.1583361396181946,44.87562302464816],[-1.1551749355555199,44.8757414597237],[-1.1555079690741228,44.880236937530015],[-1.1491850160934582,44.88047355701491],[-1.1493513003890603,44.882721307570954],[-1.1335430539130575,44.88331130547414],[-1.1337087202836873,44.885559081407386],[-1.1305469048967998,44.885676815795534],[-1.1307124582720463,44.887924597860746],[-1.1275505033627806,44.888042247040964],[-1.1280468641960224,44.89478561559425],[-1.1248845171783164,44.89490318913985],[-1.1252152380446054,44.89939878437072],[-1.122052625156677,44.899516277473495],[-1.1222178791314295,44.901764081850715],[-1.1190551266766284,44.901881489712196],[-1.119220267550106,44.90412930018538],[-1.109731551825378,44.90448099792129],[-1.1095667899811275,44.90223317311776],[-1.1064039846724787,44.90235022085808],[-1.1062393623627733,44.90010239259797],[-1.1030766702035915,44.900219345540975],[-1.1029121874082985,44.89797151383175],[-1.0870991608261555,44.8985549043336],[-1.0874268762186712,44.90305061661379],[-1.0842639788033421,44.90316703412003],[-1.0844277298333507,44.90541489697689],[-1.0812646929413123,44.905531229187616],[-1.081428330721774,44.90777909809584],[-1.0751019648771452,44.90801150186668],[-1.0752653630057527,44.910259381552954],[-1.0689386920290078,44.9104914346004],[-1.0687755466694502,44.908243545458525],[-1.0592858213534115,44.9085909355007],[-1.059448587547625,44.91083883879858],[-1.046794932365163,44.911300783675976],[-1.0469572059853447,44.91354870710394],[-1.0374664488172238,44.91389423428183]]]]}},{"type":"Feature","properties":{"category":"observed_front","snapshot_index":8,"pass_time_utc":"2026-07-24T10:06:00+00:00","dt_local":"2026-07-24T12:06:00+02:00","area_km2":22.625,"label":"Activité observée","coherence_level":"indisponible","coherence_fraction":0.0,"projection_displayed":false,"model_version":"fire_progression_arrival_v1"},"geometry":{"type":"MultiPolygon","coordinates":[[[[-1.1318757255539316,44.43036746530345],[-1.1317114645896558,44.42812007581999],[-1.1285752039981194,44.42823773324261],[-1.1282469696433115,44.42374295074364],[-1.1251109444487475,44.42386050933411],[-1.1249469710272242,44.421613116329524],[-1.1280828720190221,44.421495562526424],[-1.1277547158689172,44.41700079217333],[-1.1308903554543746,44.416883158705645],[-1.1307261727536697,44.41463578136681],[-1.143268103925334,44.414164374318496],[-1.1434327832976554,44.416411732459615],[-1.1465683575848018,44.416293652807155],[-1.1468980039262855,44.42078836556338],[-1.1500338134786838,44.42067018705083],[-1.150198780478828,44.422917541655025],[-1.1470628467345478,44.4230357249803],[-1.1473925716339073,44.427530449874986],[-1.1442563763795581,44.42764855357299],[-1.1444211342508983,44.429895923853785],[-1.1318757255539316,44.43036746530345]]],[[[-1.1095667899811275,44.90223317311776],[-1.1064039846724787,44.90235022085808],[-1.1062393623627733,44.90010239259797],[-1.1030766702035915,44.900219345540975],[-1.102418818066498,44.89122802663679],[-1.1055810049752643,44.89111109275413],[-1.1054164485833031,44.88886327110921],[-1.1085784960258178,44.88874625198136],[-1.108249170235158,44.88425062223025],[-1.1114109519504163,44.88413352263633],[-1.1109166834210131,44.877390102379245],[-1.1140780732130935,44.87727292710812],[-1.1139132171983717,44.87502512782486],[-1.1170744675686144,44.87490786734194],[-1.116414670705949,44.86591670288068],[-1.119575403090367,44.86579937153657],[-1.1194103607176598,44.86355158860869],[-1.122570953721476,44.86343417207846],[-1.1224057984030833,44.861186395303925],[-1.131887119581765,44.86083362029278],[-1.1317215990511376,44.858585859264075],[-1.1348818868160269,44.85846809246988],[-1.134550633247356,44.85397258413774],[-1.144030660213621,44.85361877285099],[-1.1441966587224277,44.855866511911906],[-1.1410365368898234,44.8559845437647],[-1.142198015488879,44.871718789248085],[-1.139036997274228,44.87183676479227],[-1.1392028497309048,44.87408452439837],[-1.1360416920383647,44.87420241476804],[-1.136373184363545,44.878697947637676],[-1.1332117609686212,44.87881575762523],[-1.1337087202836873,44.885559081407386],[-1.1305469048967998,44.885676815795534],[-1.1307124582720463,44.887924597860746],[-1.1275505033627806,44.888042247040964],[-1.1280468641960224,44.89478561559425],[-1.1248845171783164,44.89490318913985],[-1.1252152380446054,44.89939878437072],[-1.122052625156677,44.899516277473495],[-1.1222178791314295,44.901764081850715],[-1.1190551266766284,44.901881489712196],[-1.119220267550106,44.90412930018538],[-1.109731551825378,44.90448099792129],[-1.1095667899811275,44.90223317311776]]],[[[-1.0687755466694502,44.908243545458525],[-1.0624490761792615,44.9084752288668],[-1.0622861966455122,44.90622733159296],[-1.059123068199606,44.90634303351206],[-1.0586348869649802,44.89959933543527],[-1.0617976363314783,44.89948364765935],[-1.0616348089839822,44.89723575565538],[-1.0647974189681668,44.89711998256471],[-1.0644715507535492,44.89262421197257],[-1.0676338950421487,44.8925083582957],[-1.0669818100303603,44.88351685200964],[-1.0701436361005918,44.88340092720861],[-1.0699805212204678,44.88115305871661],[-1.0731422079643032,44.88103704863769],[-1.0723261982963284,44.86979775011248],[-1.0754872408120884,44.869681673683765],[-1.075323951875936,44.867433822791725],[-1.0784848551180586,44.86731766111426],[-1.078158064093011,44.86282197290593],[-1.0813187018867962,44.86270573072388],[-1.0808282349681126,44.855962222943305],[-1.0839884812038452,44.85584590501059],[-1.0838248922665743,44.853598076589144],[-1.086984999272934,44.85348167344105],[-1.086821297304466,44.85123385115085],[-1.0963011612994427,44.85088411623427],[-1.096465241631911,44.85313192427419],[-1.0996252961647337,44.853015161312946],[-1.0997895157588726,44.8552629659829],[-1.1029496832748573,44.85514610830854],[-1.1036071977248245,44.86413732174803],[-1.1004465256018234,44.8642541984695],[-1.1006108109370463,44.86650201002596],[-1.0974499994842288,44.86661880153594],[-1.0982709924432001,44.87785790355445],[-1.0951095367966386,44.87797462886809],[-1.0952736485941665,44.88022245809297],[-1.0921120535649682,44.88033909816596],[-1.0924400640745722,44.88483477016004],[-1.0892782033959936,44.884951329734015],[-1.089933876897797,44.89394270878362],[-1.0867714979326166,44.894059197337],[-1.0870991608261555,44.8985549043336],[-1.0839365160952348,44.89867131235273],[-1.0844277298333507,44.90541489697689],[-1.0812646929413123,44.905531229187616],[-1.081428330721774,44.90777909809584],[-1.0751019648771452,44.90801150186668],[-1.0752653630057527,44.910259381552954],[-1.0689386920290078,44.9104914346004],[-1.0687755466694502,44.908243545458525]]]]}},{"type":"Feature","properties":{"category":"historical_support","snapshot_index":9,"pass_time_utc":"2026-07-24T11:53:00+00:00","dt_local":"2026-07-24T13:53:00+02:00","area_km2":167.188,"label":"Isoline temporelle","coherence_level":"moyenne","coherence_fraction":0.664,"projection_displayed":false,"model_version":"fire_progression_arrival_v1"},"geometry":{"type":"MultiPolygon","coordinates":[[[[-1.1204768206632756,44.4465694951745],[-1.1203129655276638,44.444322072524336],[-1.1171757829788687,44.44443940636043],[-1.1170120651584254,44.44219198092501],[-1.1013265789693119,44.44277728699001],[-1.0998592950698785,44.42255033383281],[-1.090451202722931,44.42290031776992],[-1.0902886085495,44.420652874371996],[-1.0840167308150204,44.42088574125025],[-1.0838543979605206,44.4186382904008],[-1.0807185639514603,44.41875458522862],[-1.080394185299673,44.414259680167916],[-1.0772585867906326,44.41437587628397],[-1.0767724879103826,44.40763351982443],[-1.0799077139183277,44.40751733790369],[-1.0797455825441047,44.40526989458285],[-1.0828806715307397,44.405153628168044],[-1.082718428894329,44.40290619163784],[-1.0889883199391424,44.40267340061461],[-1.0888258419369399,44.40042597562345],[-1.0919606439899179,44.400309451026814],[-1.091798054776077,44.39806203284285],[-1.1012020111091838,44.39771193801704],[-1.1010390625068454,44.39546453615504],[-1.1073080538654396,44.39523070307315],[-1.1074712506580826,44.39747809541245],[-1.1106058510011827,44.397361040295635],[-1.1107691848539654,44.39960842993202],[-1.1139038963308616,44.39949128083568],[-1.1137404383769818,44.39724389596992],[-1.135682186100134,44.39642138788805],[-1.1358465127183883,44.39866873925811],[-1.1515194189169753,44.39807853330913],[-1.1518493522997273,44.4025731941511],[-1.1612536835069898,44.402217971185976],[-1.1615844139690958,44.40671261130021],[-1.164719413014859,44.406594015564544],[-1.1652159796060226,44.413335976566685],[-1.1620806081551238,44.41345458679177],[-1.1625769205701084,44.420196580587195],[-1.159441163484595,44.42031511606397],[-1.1597718557504408,44.42480979837304],[-1.1566358371492869,44.424928254257026],[-1.1568010787764502,44.42717560326308],[-1.1536649228421654,44.42729397471945],[-1.1539951970307945,44.431788688411835],[-1.1508587795306873,44.431906980250176],[-1.1510238120642744,44.43415434492679],[-1.1478872572134153,44.43427255231885],[-1.1482171131049268,44.43876729731021],[-1.1325328999202127,44.43935704332756],[-1.1326972261468466,44.441604442839385],[-1.1295602200241475,44.44172212901474],[-1.1297244350183573,44.443969535315034],[-1.1265872915572308,44.44408713700106],[-1.126751395299371,44.44633455008325],[-1.1204768206632756,44.4465694951745]]],[[[-1.0566105119923141,44.915450280029425],[-1.0564478461243167,44.913202369411486],[-1.0374664488172238,44.91389423428183],[-1.0369808045546907,44.90715042568389],[-1.0306543266471597,44.90738029873902],[-1.0304927239313482,44.905132355796276],[-1.0273295919357306,44.90524715257259],[-1.0271681285419565,44.90299920626988],[-1.017679034111525,44.9033430423096],[-1.017356904307849,44.89884712565071],[-1.0141940997410137,44.89896154825109],[-1.0143550318297654,44.90120951058061],[-1.0080291313037093,44.901438094983774],[-1.007868451942526,44.89919012333972],[-1.0047056087310147,44.89930427582684],[-1.0045450685973525,44.897056300860584],[-1.0013823388820011,44.897170358660915],[-1.0010615498777005,44.89267440343542],[-0.9978990600005742,44.89278836191207],[-0.9977388110981876,44.89054038166385],[-1.0009011746463998,44.89042642783085],[-1.0005804627177888,44.88593048065499],[-1.0069046460226065,44.88570232151056],[-1.0067440567293997,44.88345435924309],[-1.0099060027994182,44.88334014930008],[-1.009745300082858,44.88109219303947],[-1.0160689010371933,44.88086351243622],[-1.0146208833509163,44.86063205137466],[-1.0209421606379658,44.86040309472299],[-1.020781081825398,44.8581551708202],[-1.0239415749549428,44.85804056220418],[-1.0237803828706213,44.85579264436042],[-1.0269407369320078,44.85567795044883],[-1.0266181391709894,44.8511821282882],[-1.0297782280247954,44.85106735376548],[-1.0296168223766846,44.848819449458404],[-1.0327767721801209,44.848704589658915],[-1.0326152533290185,44.846456691433936],[-1.0357750640851855,44.84634174636531],[-1.035451812952037,44.841845963501214],[-1.038611358566332,44.84173093785811],[-1.038449626312852,44.839483053228776],[-1.054246529618162,44.83890659940224],[-1.0540841799416498,44.836658739675364],[-1.0572433955985923,44.836543183813546],[-1.0562688140848966,44.82305608358045],[-1.0594272605516022,44.82294046605699],[-1.05910225200953,44.81844478686335],[-1.0622604334951788,44.81832908886082],[-1.0620978227470346,44.8160812561421],[-1.068413894739004,44.815849599877424],[-1.0677625742154746,44.806858321258176],[-1.0709200868959179,44.80674237718073],[-1.0707571633995143,44.80449456589175],[-1.0802292454678937,44.80414620857695],[-1.0803925467153506,44.80639400567243],[-1.0835500072144741,44.80627770207958],[-1.083223165960585,44.801782118828044],[-1.0863803615747072,44.801665734841784],[-1.086216834657109,44.79941795015486],[-1.0956879653284328,44.79906827322806],[-1.0953601954738743,44.79457273675695],[-1.0985169610908843,44.79445600756419],[-1.0981889919446761,44.789960486504995],[-1.1045019804364122,44.78972677759533],[-1.1040093700923441,44.78298353569115],[-1.1071654671852624,44.78286656076228],[-1.1070011641875686,44.780618821204854],[-1.1133130673613985,44.78038461138077],[-1.1134776219568672,44.78263234139604],[-1.1197897241094856,44.78239776268892],[-1.1196249179225435,44.78015004223044],[-1.1259367157910036,44.77991511375843],[-1.125771671212072,44.77766740436463],[-1.1383946054396052,44.77719648865965],[-1.1385601531298861,44.77944417886774],[-1.141715979406687,44.779326220576216],[-1.1420473660660826,44.78382159585492],[-1.1515155201117129,44.783467153145395],[-1.151681610712225,44.785714828574385],[-1.1706183148336033,44.78500348872889],[-1.1707851735332684,44.78725113665891],[-1.1802537230559615,44.786894239455066],[-1.1800864869672405,44.78464660606459],[-1.189554538789538,44.78428891492687],[-1.1893869387240956,44.78204129758783],[-1.2020103170992122,44.781563137952794],[-1.2018422273663485,44.779315541575436],[-1.2207761370927759,44.778595636783486],[-1.2206073063072624,44.776348071218095],[-1.2269182502159017,44.77610739422887],[-1.2270873324842788,44.77835494998942],[-1.2333984738172228,44.77811390393812],[-1.2335678210966128,44.78036145136204],[-1.2367234972119001,44.78024078870101],[-1.236892983783285,44.78248833268877],[-1.2400487721064593,44.78236757529229],[-1.2410667308313286,44.795852840574135],[-1.2379101877734855,44.79597362749069],[-1.2380797692139887,44.79822118173873],[-1.2349230867728092,44.798341883730686],[-1.2350925559368036,44.80058944434831],[-1.2319357341090422,44.80071006140798],[-1.2321050909765219,44.80295762838858],[-1.2257911550088796,44.803198602773584],[-1.2262985516537603,44.80994134183053],[-1.2168264134441604,44.81030217359128],[-1.2166576453556461,44.80805457776512],[-1.2103430708219438,44.808294673152965],[-1.2105115871346341,44.81054227876073],[-1.2073541537589636,44.81066219654238],[-1.2075225576485764,44.81290980847299],[-1.2043649849036888,44.81302964126703],[-1.204701581257185,44.81752487919166],[-1.1952280267881918,44.81788386757843],[-1.1950600996568397,44.815636233275605],[-1.1761133839188904,44.816351754046465],[-1.1764477403641362,44.8208470823846],[-1.1701315576064268,44.821084889629645],[-1.1702985039707618,44.82333256562837],[-1.1671402665953303,44.82345133925341],[-1.16730710034345,44.82569902151443],[-1.1641487236500028,44.82581771007963],[-1.1643154447618653,44.82806539859633],[-1.1611569287472052,44.828184002093984],[-1.1613235372027682,44.83043169685976],[-1.1581648818636956,44.83055021528221],[-1.1583313776429103,44.83279791629045],[-1.1520137749981658,44.83303469305731],[-1.1521800320615716,44.835282405123095],[-1.1142717893291603,44.83669557045874],[-1.1144365472181925,44.838943341510166],[-1.1081180696364394,44.8391776197103],[-1.1082825885878556,44.84142540171398],[-1.105123203982498,44.84154241068934],[-1.1054520292273846,44.84603798843972],[-1.1022923793065509,44.8461549170106],[-1.1031140421507486,44.85739390960108],[-1.1062743226467417,44.85727695720664],[-1.1061098376357386,44.85502916067923],[-1.1250704869815855,44.854325585881725],[-1.1249052584185075,44.85207781940419],[-1.1470245313168876,44.851252922992394],[-1.1468584332833056,44.84900519150937],[-1.156337544184523,44.84865032977426],[-1.156504020491772,44.85089804679873],[-1.1691431528064655,44.850423619362324],[-1.1693101468205325,44.85267131844039],[-1.1756298850138955,44.85243355539789],[-1.175797144595655,44.85468124616807],[-1.1789571197168687,44.85456222488487],[-1.1796267964301312,44.86355298228979],[-1.1764663168146066,44.86367202297177],[-1.1768009832817203,44.86816741956013],[-1.1704794792542499,44.86840525042307],[-1.170813694605479,44.872900671814094],[-1.1676526701638077,44.87301946197283],[-1.1678196717154672,44.875267179533736],[-1.161497330339111,44.87550449959093],[-1.161664092850421,44.877752228167395],[-1.1553414456481657,44.877989197955166],[-1.1555079690741228,44.880236937530015],[-1.1491850160934582,44.88047355701491],[-1.1493513003890603,44.882721307570954],[-1.1367047297807507,44.88319348588579],[-1.1370363283027245,44.88768902948531],[-1.133874399922047,44.887806858675326],[-1.1347029971855418,44.899045764917],[-1.131540424069101,44.89916352809189],[-1.1317060570238207,44.901411318095484],[-1.12854334431509,44.90152899604179],[-1.1287088642034993,44.903776792151696],[-1.109731551825378,44.90448099792129],[-1.1095667899811275,44.90223317311776],[-1.1064039846724787,44.90235022085808],[-1.1062393623627733,44.90010239259797],[-1.1030766702035915,44.900219345540975],[-1.1029121874082985,44.89797151383175],[-1.0965870162301932,44.89820514011146],[-1.0967512463653446,44.900452981340486],[-1.0935885147064113,44.900569664195835],[-1.093752631655576,44.90281751149641],[-1.0905897605061048,44.9029341090724],[-1.090753764249148,44.90518196243788],[-1.087590753605986,44.905298474726784],[-1.087918547770606,44.90979419488167],[-1.0847552712531525,44.909910626620125],[-1.0850828651631703,44.914406361480154],[-1.0566105119923141,44.915450280029425]]]]}},{"type":"Feature","properties":{"category":"observed_front","snapshot_index":9,"pass_time_utc":"2026-07-24T11:53:00+00:00","dt_local":"2026-07-24T13:53:00+02:00","area_km2":43.438,"label":"Activité observée","coherence_level":"moyenne","coherence_fraction":0.664,"projection_displayed":false,"model_version":"fire_progression_arrival_v1"},"geometry":{"type":"MultiPolygon","coordinates":[[[[-1.1323685867491577,44.437109645814694],[-1.1292318291761179,44.437227322404965],[-1.1289034905049151,44.43273252380532],[-1.1257669684011582,44.43285010154733],[-1.1252749308953518,44.42610790436153],[-1.1284110803024934,44.42599034098348],[-1.1280828720190221,44.421495562526424],[-1.1312187599774781,44.42137791947739],[-1.1310545511951275,44.419130538076956],[-1.1341903019205797,44.41901281057697],[-1.1340259819997849,44.41676543599987],[-1.1402971959312327,44.41652972287628],[-1.140132640724483,44.414282359930304],[-1.1464035540484647,44.41404629947451],[-1.146238763599653,44.41179894817668],[-1.1525093762697851,44.411562540421855],[-1.152674415022342,44.413809882092266],[-1.155809825853479,44.41369153955513],[-1.1561401910100477,44.41818621935682],[-1.1592758370496044,44.418067777943634],[-1.159606503051019,44.42256245620821],[-1.1564706086468732,44.4226809072684],[-1.1568010787764502,44.42717560326308],[-1.1536649228421654,44.42729397471945],[-1.1539951970307945,44.431788688411835],[-1.1508587795306873,44.431906980250176],[-1.1510238120642744,44.43415434492679],[-1.1478872572134153,44.43427255231885],[-1.1482171131049268,44.43876729731021],[-1.1325328999202127,44.43935704332756],[-1.1323685867491577,44.437109645814694]]],[[[-1.1141359719019737,44.79162327633142],[-1.1109793977961115,44.79174045002614],[-1.1103215511434368,44.78274949599705],[-1.1197897241094856,44.78239776268892],[-1.1196249179225435,44.78015004223044],[-1.1227808234483587,44.780032622909346],[-1.1229457554286708,44.78228033858398],[-1.1261017735631058,44.782162824645546],[-1.1269272603765046,44.79340140136347],[-1.11430059228694,44.793871013766996],[-1.1141359719019737,44.79162327633142]]],[[[-1.05910225200953,44.81844478686335],[-1.0622604334951788,44.81832908886082],[-1.0620978227470346,44.8160812561421],[-1.068413894739004,44.815849599877424],[-1.0682510450722271,44.81360177804417],[-1.0714089355732068,44.81348581979391],[-1.0712459729812025,44.811238004135184],[-1.0744037244985543,44.811121960722396],[-1.0742406490013632,44.80887415124479],[-1.0805558610231627,44.808641804227264],[-1.0803925467153506,44.80639400567243],[-1.0898648889915914,44.806044825262155],[-1.0903560044935576,44.81278818260844],[-1.0871981923528276,44.81290468019412],[-1.087361797757453,44.81515247362452],[-1.0842038465792385,44.81526888606532],[-1.0843673391081101,44.817516685684296],[-1.0812092488892746,44.81763301297255],[-1.0813726285223484,44.819880818773484],[-1.0782143992597581,44.81999706090155],[-1.0783776659769895,44.822244872877825],[-1.0752192976675115,44.822361029837985],[-1.075382451448851,44.824608847983015],[-1.0690654236870523,44.82484090164333],[-1.0692283385021095,44.827088730676174],[-1.0597523210982356,44.82743615099925],[-1.05910225200953,44.81844478686335]]],[[[-1.0564478461243167,44.913202369411486],[-1.0469572059853447,44.91354870710394],[-1.046794932365163,44.911300783675976],[-1.0436314860401679,44.91141604476295],[-1.0429830270915055,44.90242434536595],[-1.046145967885603,44.90230910306458],[-1.0459837592582013,44.90006118620375],[-1.0523093491396118,44.89983044088769],[-1.052146900815809,44.89758253475276],[-1.055309549897738,44.897467031749976],[-1.0551469882536546,44.89521913164804],[-1.0583094979819037,44.8951035433255],[-1.0581468230376743,44.8928556492632],[-1.06130919341537,44.892739975628594],[-1.060983630004825,44.88824420093251],[-1.064145734737255,44.88812844671032],[-1.0638199709067522,44.88363268680501],[-1.0669818100303603,44.88351685200964],[-1.066818821414768,44.881268978794125],[-1.0731422079643032,44.88103704863769],[-1.0729789798931368,44.87878918622163],[-1.0793020616538747,44.87855690552666],[-1.0791385941720653,44.87630905392723],[-1.085461371096232,44.87607642272712],[-1.0852976642487095,44.873828581961504],[-1.0916201362885607,44.87359560028967],[-1.0911283371599365,44.866852114632245],[-1.0942891748885097,44.86673550307156],[-1.0939611220662726,44.86223986230237],[-1.1034427993741538,44.861889516324204],[-1.1032784141833207,44.859641712274104],[-1.1222406563047926,44.85893861990185],[-1.1224057984030833,44.861186395303925],[-1.1255662520294696,44.86106889359524],[-1.125731533503604,44.86331666558209],[-1.128892100054001,44.8631990691202],[-1.1290575209240667,44.865446837684416],[-1.1353788666131208,44.86521136527226],[-1.1352131934194236,44.86296360630207],[-1.141534233737394,44.86272778362868],[-1.141368321508379,44.860480035635],[-1.1445286956032619,44.86036199416364],[-1.144362670518443,44.85811425235058],[-1.1475229051883635,44.85799612573382],[-1.147356767267822,44.855748390108005],[-1.1505168625159692,44.85563017835356],[-1.150350611779784,44.853382448921565],[-1.1693101468205325,44.85267131844039],[-1.1694771542005082,44.85491901889797],[-1.1726371560868554,44.85480017750597],[-1.1731386368035774,44.86154327259486],[-1.1699782565519221,44.8616621285137],[-1.170813694605479,44.872900671814094],[-1.1676526701638077,44.87301946197283],[-1.1678196717154672,44.875267179533736],[-1.161497330339111,44.87550449959093],[-1.161664092850421,44.877752228167395],[-1.1458573748700736,44.87834397774093],[-1.1460235196258886,44.88059173177151],[-1.142862009853561,44.8807098165368],[-1.1430280416775045,44.882957576719484],[-1.1367047297807507,44.88319348588579],[-1.1370363283027245,44.88768902948531],[-1.133874399922047,44.887806858675326],[-1.1347029971855418,44.899045764917],[-1.131540424069101,44.89916352809189],[-1.1317060570238207,44.901411318095484],[-1.12854334431509,44.90152899604179],[-1.1287088642034993,44.903776792151696],[-1.1160573755252556,44.90424662279787],[-1.1158923609932676,44.901998807544246],[-1.1127295820914125,44.90211603534628],[-1.1125647071109301,44.89986821662836],[-1.1094020413352412,44.8999853496269],[-1.1090725836322217,44.89548970659683],[-1.1059101573019212,44.89560674002998],[-1.1057455745476097,44.89335891572885],[-1.1025832613413329,44.89347585437627],[-1.1027477177880736,44.8957236834424],[-1.099585265100738,44.89584053683348],[-1.0997496084017473,44.898088371984365],[-1.0965870162301932,44.89820514011146],[-1.0967512463653446,44.900452981340486],[-1.0935885147064113,44.900569664195835],[-1.093752631655576,44.90281751149641],[-1.0905897605061048,44.9029341090724],[-1.090753764249148,44.90518196243788],[-1.087590753605986,44.905298474726784],[-1.087918547770606,44.90979419488167],[-1.0847552712531525,44.909910626620125],[-1.0850828651631703,44.914406361480154],[-1.0566105119923141,44.915450280029425],[-1.0564478461243167,44.913202369411486]]]]}},{"type":"Feature","properties":{"category":"historical_support","snapshot_index":10,"pass_time_utc":"2026-07-24T12:14:00+00:00","dt_local":"2026-07-24T14:14:00+02:00","area_km2":170.375,"label":"Isoline temporelle","coherence_level":"moyenne","coherence_fraction":0.513,"projection_displayed":true,"model_version":"fire_progression_arrival_v1"},"geometry":{"type":"MultiPolygon","coordinates":[[[[-1.1204768206632756,44.4465694951745],[-1.1203129655276638,44.444322072524336],[-1.1171757829788687,44.44443940636043],[-1.1170120651584254,44.44219198092501],[-1.1013265789693119,44.44277728699001],[-1.0998592950698785,44.42255033383281],[-1.090451202722931,44.42290031776992],[-1.0902886085495,44.420652874371996],[-1.0840167308150204,44.42088574125025],[-1.0838543979605206,44.4186382904008],[-1.0807185639514603,44.41875458522862],[-1.080394185299673,44.414259680167916],[-1.0772585867906326,44.41437587628397],[-1.0767724879103826,44.40763351982443],[-1.0799077139183277,44.40751733790369],[-1.0797455825441047,44.40526989458285],[-1.0828806715307397,44.405153628168044],[-1.082718428894329,44.40290619163784],[-1.0889883199391424,44.40267340061461],[-1.0888258419369399,44.40042597562345],[-1.0919606439899179,44.400309451026814],[-1.091798054776077,44.39806203284285],[-1.1012020111091838,44.39771193801704],[-1.1010390625068454,44.39546453615504],[-1.1073080538654396,44.39523070307315],[-1.1074712506580826,44.39747809541245],[-1.1106058510011827,44.397361040295635],[-1.1107691848539654,44.39960842993202],[-1.1139038963308616,44.39949128083568],[-1.1137404383769818,44.39724389596992],[-1.135682186100134,44.39642138788805],[-1.1358465127183883,44.39866873925811],[-1.1515194189169753,44.39807853330913],[-1.1518493522997273,44.4025731941511],[-1.1612536835069898,44.402217971185976],[-1.1615844139690958,44.40671261130021],[-1.164719413014859,44.406594015564544],[-1.1652159796060226,44.413335976566685],[-1.1620806081551238,44.41345458679177],[-1.1625769205701084,44.420196580587195],[-1.159441163484595,44.42031511606397],[-1.1597718557504408,44.42480979837304],[-1.1566358371492869,44.424928254257026],[-1.1568010787764502,44.42717560326308],[-1.1536649228421654,44.42729397471945],[-1.1539951970307945,44.431788688411835],[-1.1508587795306873,44.431906980250176],[-1.1510238120642744,44.43415434492679],[-1.1478872572134153,44.43427255231885],[-1.1482171131049268,44.43876729731021],[-1.1325328999202127,44.43935704332756],[-1.1326972261468466,44.441604442839385],[-1.1295602200241475,44.44172212901474],[-1.1297244350183573,44.443969535315034],[-1.1265872915572308,44.44408713700106],[-1.126751395299371,44.44633455008325],[-1.1204768206632756,44.4465694951745]]],[[[-1.1103907312177108,44.91347231019475],[-1.1100611151153077,44.90897665145291],[-1.1132242862897803,44.90885949936145],[-1.1130593716792516,44.90661167671621],[-1.116222403277326,44.90649443936039],[-1.1160573755252556,44.90424662279787],[-1.109731551825378,44.90448099792129],[-1.1095667899811275,44.90223317311776],[-1.1064039846724787,44.90235022085808],[-1.1062393623627733,44.90010239259797],[-1.1030766702035915,44.900219345540975],[-1.1029121874082985,44.89797151383175],[-1.0965870162301932,44.89820514011146],[-1.0967512463653446,44.900452981340486],[-1.0935885147064113,44.900569664195835],[-1.093752631655576,44.90281751149641],[-1.0905897605061048,44.9029341090724],[-1.090753764249148,44.90518196243788],[-1.087590753605986,44.905298474726784],[-1.087918547770606,44.90979419488167],[-1.0847552712531525,44.909910626620125],[-1.0850828651631703,44.914406361480154],[-1.0566105119923141,44.915450280029425],[-1.0564478461243167,44.913202369411486],[-1.0374664488172238,44.91389423428183],[-1.0369808045546907,44.90715042568389],[-1.0306543266471597,44.90738029873902],[-1.0304927239313482,44.905132355796276],[-1.0273295919357306,44.90524715257259],[-1.0271681285419565,44.90299920626988],[-1.017679034111525,44.9033430423096],[-1.017356904307849,44.89884712565071],[-1.0141940997410137,44.89896154825109],[-1.0143550318297654,44.90120951058061],[-1.0080291313037093,44.901438094983774],[-1.007868451942526,44.89919012333972],[-1.0047056087310147,44.89930427582684],[-1.0045450685973525,44.897056300860584],[-1.0013823388820011,44.897170358660915],[-1.0010615498777005,44.89267440343542],[-0.9978990600005742,44.89278836191207],[-0.9977388110981876,44.89054038166385],[-1.0009011746463998,44.89042642783085],[-1.0005804627177888,44.88593048065499],[-1.0069046460226065,44.88570232151056],[-1.0067440567293997,44.88345435924309],[-1.0099060027994182,44.88334014930008],[-1.009745300082858,44.88109219303947],[-1.0160689010371933,44.88086351243622],[-1.0146208833509163,44.86063205137466],[-1.0209421606379658,44.86040309472299],[-1.020781081825398,44.8581551708202],[-1.0239415749549428,44.85804056220418],[-1.0237803828706213,44.85579264436042],[-1.0269407369320078,44.85567795044883],[-1.0266181391709894,44.8511821282882],[-1.0297782280247954,44.85106735376548],[-1.0296168223766846,44.848819449458404],[-1.0327767721801209,44.848704589658915],[-1.0326152533290185,44.846456691433936],[-1.0357750640851855,44.84634174636531],[-1.035451812952037,44.841845963501214],[-1.038611358566332,44.84173093785811],[-1.0381262006297645,44.834987288218386],[-1.0444444965664346,44.834756995262666],[-1.04428255102326,44.832509124271546],[-1.053759519558354,44.83216302447692],[-1.053434911124316,44.827667314974725],[-1.0565936226083892,44.827551777944706],[-1.0562688140848966,44.82305608358045],[-1.0594272605516022,44.82294046605699],[-1.05910225200953,44.81844478686335],[-1.0622604334951788,44.81832908886082],[-1.0620978227470346,44.8160812561421],[-1.068413894739004,44.815849599877424],[-1.0677625742154746,44.806858321258176],[-1.0709200868959179,44.80674237718073],[-1.0707571633995143,44.80449456589175],[-1.0802292454678937,44.80414620857695],[-1.0803925467153506,44.80639400567243],[-1.0835500072144741,44.80627770207958],[-1.083223165960585,44.801782118828044],[-1.0863803615747072,44.801665734841784],[-1.086216834657109,44.79941795015486],[-1.0956879653284328,44.79906827322806],[-1.0953601954738743,44.79457273675695],[-1.0985169610908843,44.79445600756419],[-1.0981889919446761,44.789960486504995],[-1.1045019804364122,44.78972677759533],[-1.1040093700923441,44.78298353569115],[-1.1071654671852624,44.78286656076228],[-1.1070011641875686,44.780618821204854],[-1.1133130673613985,44.78038461138077],[-1.1134776219568672,44.78263234139604],[-1.1197897241094856,44.78239776268892],[-1.1196249179225435,44.78015004223044],[-1.1259367157910036,44.77991511375843],[-1.125771671212072,44.77766740436463],[-1.1383946054396052,44.77719648865965],[-1.1385601531298861,44.77944417886774],[-1.141715979406687,44.779326220576216],[-1.1420473660660826,44.78382159585492],[-1.1515155201117129,44.783467153145395],[-1.151681610712225,44.785714828574385],[-1.1706183148336033,44.78500348872889],[-1.1707851735332684,44.78725113665891],[-1.1802537230559615,44.786894239455066],[-1.1800864869672405,44.78464660606459],[-1.189554538789538,44.78428891492687],[-1.1893869387240956,44.78204129758783],[-1.2020103170992122,44.781563137952794],[-1.2018422273663485,44.779315541575436],[-1.2207761370927759,44.778595636783486],[-1.2206073063072624,44.776348071218095],[-1.2269182502159017,44.77610739422887],[-1.2270873324842788,44.77835494998942],[-1.2333984738172228,44.77811390393812],[-1.2335678210966128,44.78036145136204],[-1.2367234972119001,44.78024078870101],[-1.236892983783285,44.78248833268877],[-1.2400487721064593,44.78236757529229],[-1.2410667308313286,44.795852840574135],[-1.2379101877734855,44.79597362749069],[-1.2380797692139887,44.79822118173873],[-1.2349230867728092,44.798341883730686],[-1.2350925559368036,44.80058944434831],[-1.2319357341090422,44.80071006140798],[-1.2321050909765219,44.80295762838858],[-1.2257911550088796,44.803198602773584],[-1.2262985516537603,44.80994134183053],[-1.2136690070330367,44.81042227111016],[-1.2138376627217258,44.812669873266046],[-1.2043649849036888,44.81302964126703],[-1.204701581257185,44.81752487919166],[-1.1952280267881918,44.81788386757843],[-1.1950600996568397,44.815636233275605],[-1.1761133839188904,44.816351754046465],[-1.1764477403641362,44.8208470823846],[-1.1701315576064268,44.821084889629645],[-1.1702985039707618,44.82333256562837],[-1.1671402665953303,44.82345133925341],[-1.16730710034345,44.82569902151443],[-1.1641487236500028,44.82581771007963],[-1.1643154447618653,44.82806539859633],[-1.1611569287472052,44.828184002093984],[-1.1613235372027682,44.83043169685976],[-1.1581648818636956,44.83055021528221],[-1.1583313776429103,44.83279791629045],[-1.1520137749981658,44.83303469305731],[-1.152346302427936,44.837530118596426],[-1.149187229096468,44.83764838174719],[-1.1493533867263246,44.83989610144316],[-1.143034948102941,44.8401323676079],[-1.1432008669219524,44.842380098331255],[-1.1400415016352863,44.84249810133331],[-1.1398757088721456,44.840250365802234],[-1.1335571906225037,44.840486092411986],[-1.133391663221843,44.83823834867845],[-1.130232510273667,44.83835607229614],[-1.1300671221579623,44.83610832517167],[-1.1142717893291603,44.83669557045874],[-1.1144365472181925,44.838943341510166],[-1.1081180696364394,44.8391776197103],[-1.1082825885878556,44.84142540171398],[-1.105123203982498,44.84154241068934],[-1.1054520292273846,44.84603798843972],[-1.1022923793065509,44.8461549170106],[-1.1031140421507486,44.85739390960108],[-1.1062743226467417,44.85727695720664],[-1.1061098376357386,44.85502916067923],[-1.1124301068520288,44.85479499555809],[-1.1122653827607683,44.85254720995511],[-1.1185853469970806,44.85231269457649],[-1.1184203838704663,44.8500649199151],[-1.1215802200809344,44.84994753208586],[-1.1217453093146739,44.852195301964265],[-1.1470245313168876,44.851252922992394],[-1.1468584332833056,44.84900519150937],[-1.156337544184523,44.84865032977426],[-1.156504020491772,44.85089804679873],[-1.1691431528064655,44.850423619362324],[-1.1693101468205325,44.85267131844039],[-1.1756298850138955,44.85243355539789],[-1.175797144595655,44.85468124616807],[-1.1789571197168687,44.85456222488487],[-1.1796267964301312,44.86355298228979],[-1.1764663168146066,44.86367202297177],[-1.1768009832817203,44.86816741956013],[-1.1704794792542499,44.86840525042307],[-1.170813694605479,44.872900671814094],[-1.1676526701638077,44.87301946197283],[-1.1678196717154672,44.875267179533736],[-1.161497330339111,44.87550449959093],[-1.161664092850421,44.877752228167395],[-1.1553414456481657,44.877989197955166],[-1.1555079690741228,44.880236937530015],[-1.1491850160934582,44.88047355701491],[-1.1493513003890603,44.882721307570954],[-1.1367047297807507,44.88319348588579],[-1.1370363283027245,44.88768902948531],[-1.133874399922047,44.887806858675326],[-1.1347029971855418,44.899045764917],[-1.131540424069101,44.89916352809189],[-1.1317060570238207,44.901411318095484],[-1.12854334431509,44.90152899604179],[-1.1287088642034993,44.903776792151696],[-1.1223831463448066,44.904011887539795],[-1.122879027432587,44.91075531244441],[-1.1197157695577817,44.91087273944354],[-1.1198809633613847,44.913120555131194],[-1.1103907312177108,44.91347231019475]]]]}},{"type":"Feature","properties":{"category":"observed_front","snapshot_index":10,"pass_time_utc":"2026-07-24T12:14:00+00:00","dt_local":"2026-07-24T14:14:00+02:00","area_km2":44.125,"label":"Activité observée","coherence_level":"moyenne","coherence_fraction":0.513,"projection_displayed":true,"model_version":"fire_progression_arrival_v1"},"geometry":{"type":"MultiPolygon","coordinates":[[[[-1.0962347882436958,44.41592478879533],[-1.0960719844483529,44.413677360999806],[-1.0929364504375167,44.413794003309924],[-1.0927737837404046,44.41154657280576],[-1.0896383609810107,44.41166312113172],[-1.0891508108431147,44.404920827664355],[-1.0922858611492456,44.4048042935766],[-1.0921232461137955,44.4025568712725],[-1.0952581593768749,44.402440252710846],[-1.0950954331328582,44.40019283721421],[-1.1044997230034455,44.3998424604865],[-1.1046628215986491,44.40208986171415],[-1.1077976831174117,44.40197288627991],[-1.1079609187871806,44.40422028480134],[-1.1110958914676015,44.404103215382975],[-1.1114226499689537,44.40859800904918],[-1.1145578579482482,44.40848084086836],[-1.1148849166596895,44.41297563317953],[-1.1117494603703721,44.41309281090384],[-1.112076322684214,44.417587620920166],[-1.1026691309205794,44.41793864727454],[-1.102506065821686,44.41569122695282],[-1.0962347882436958,44.41592478879533]]],[[[-1.129067653319189,44.434979922102215],[-1.1287393407317432,44.43048512751767],[-1.1256029428700065,44.43060270047148],[-1.1251109444487475,44.42386050933411],[-1.1282469696433115,44.42374295074364],[-1.1274266118397687,44.412506029950954],[-1.1305620030914596,44.41238840606381],[-1.1303978464661928,44.41014103279999],[-1.136668341549245,44.40990552692449],[-1.1368327464742047,44.41215289059753],[-1.1431034376307323,44.4119170182124],[-1.143268103925334,44.414164374318496],[-1.155809825853479,44.41369153955513],[-1.1559750018725126,44.41593887844056],[-1.159110523744485,44.415820441850556],[-1.1597718557504408,44.42480979837304],[-1.1566358371492869,44.424928254257026],[-1.1568010787764502,44.42717560326308],[-1.1536649228421654,44.42729397471945],[-1.1539951970307945,44.431788688411835],[-1.1508587795306873,44.431906980250176],[-1.1510238120642744,44.43415434492679],[-1.1447506892610013,44.43439067044665],[-1.1449154864028817,44.436638046752044],[-1.1323685867491577,44.437109645814694],[-1.132204286632129,44.43486225030414],[-1.129067653319189,44.434979922102215]]],[[[-1.1835772547658698,44.78902272406436],[-1.1832425176225978,44.784527465514955],[-1.189554538789538,44.78428891492687],[-1.1893869387240956,44.78204129758783],[-1.1956986547442727,44.781802397417955],[-1.195866506364791,44.78405000502424],[-1.1990224700305414,44.78393041533144],[-1.1993584651071851,44.788425625232215],[-1.1930460211940555,44.788664734271705],[-1.1932137872664152,44.79091235117257],[-1.1869010380904759,44.79115111059738],[-1.1867335236363967,44.78890348396979],[-1.1835772547658698,44.78902272406436]]],[[[-1.1335571906225037,44.840486092411986],[-1.133391663221843,44.83823834867845],[-1.130232510273667,44.83835607229614],[-1.1299017472750177,44.833860579456186],[-1.1267428331667955,44.8339782035645],[-1.126247165934904,44.82723496052956],[-1.1294057020068815,44.82711735079745],[-1.1292403800391144,44.8248696107517],[-1.1323987768942312,44.82475191590898],[-1.1322333421708717,44.8225041820842],[-1.1385498442104398,44.82226853229536],[-1.138384170784306,44.82002080950037],[-1.151016511890556,44.81954845040981],[-1.1508503479032142,44.817300748291274],[-1.1540082740260746,44.817182438610104],[-1.1538419973897038,44.81493474274615],[-1.156999784274702,44.81481634800195],[-1.156833395009336,44.81256865839917],[-1.1631486769929167,44.81233160892183],[-1.1629820492041685,44.810083930417434],[-1.1756119495245705,44.809608772294176],[-1.1754448314596673,44.80736111459155],[-1.1786021472545563,44.807242105228674],[-1.1784349166671872,44.80499445382083],[-1.1815920932033388,44.804875359442526],[-1.1814247501135264,44.80262771433605],[-1.190895821773116,44.8022699066016],[-1.1907281144793427,44.800022277524604],[-1.1970418435001293,44.799783299480985],[-1.196873897920427,44.79753568159512],[-1.2031873215358586,44.79729635388977],[-1.2030191377150732,44.79504874721217],[-1.2124887947655194,44.79468909644634],[-1.2123202469298187,44.79244150588161],[-1.2186330326344208,44.79220129927547],[-1.2188018321026381,44.79444888005425],[-1.2219583305322363,44.79432863709549],[-1.2229721659066628,44.80781412292091],[-1.2198149123839948,44.807934395274756],[-1.219983806357996,44.81018198620465],[-1.2136690070330367,44.81042227111016],[-1.2138376627217258,44.812669873266046],[-1.2043649849036888,44.81302964126703],[-1.2045332763502004,44.81527725951385],[-1.1761133839188904,44.816351754046465],[-1.1764477403641362,44.8208470823846],[-1.1701315576064268,44.821084889629645],[-1.1702985039707618,44.82333256562837],[-1.1671402665953303,44.82345133925341],[-1.16730710034345,44.82569902151443],[-1.160990333619888,44.82593630874526],[-1.1611569287472052,44.828184002093984],[-1.1579983994043004,44.828302515687845],[-1.1583313776429103,44.83279791629045],[-1.1520137749981658,44.83303469305731],[-1.152346302427936,44.837530118596426],[-1.149187229096468,44.83764838174719],[-1.1493533867263246,44.83989610144316],[-1.143034948102941,44.8401323676079],[-1.1432008669219524,44.842380098331255],[-1.1400415016352863,44.84249810133331],[-1.1398757088721456,44.840250365802234],[-1.1335571906225037,44.840486092411986]]],[[[-1.0390966329931453,44.84847460020207],[-1.0389348619049266,44.84622671134813],[-1.0357750640851855,44.84634174636531],[-1.035451812952037,44.841845963501214],[-1.038611358566332,44.84173093785811],[-1.0381262006297645,44.834987288218386],[-1.0444444965664346,44.834756995262666],[-1.04428255102326,44.832509124271546],[-1.053759519558354,44.83216302447692],[-1.053434911124316,44.827667314974725],[-1.0565936226083892,44.827551777944706],[-1.0562688140848966,44.82305608358045],[-1.0594272605516022,44.82294046605699],[-1.05910225200953,44.81844478686335],[-1.0622604334951788,44.81832908886082],[-1.0620978227470346,44.8160812561421],[-1.068413894739004,44.815849599877424],[-1.0682510450722271,44.81360177804417],[-1.0714089355732068,44.81348581979391],[-1.0712459729812025,44.811238004135184],[-1.0901922862332174,44.810540395373245],[-1.0903560044935576,44.81278818260844],[-1.0871981923528276,44.81290468019412],[-1.087361797757453,44.81515247362452],[-1.0842038465792385,44.81526888606532],[-1.0843673391081101,44.817516685684296],[-1.0812092488892746,44.81763301297255],[-1.0813726285223484,44.819880818773484],[-1.0782143992597581,44.81999706090155],[-1.0783776659769895,44.822244872877825],[-1.0752192976675115,44.822361029837985],[-1.075382451448851,44.824608847983015],[-1.0722239440893557,44.82472491976763],[-1.0723869849147525,44.82697274407476],[-1.0692283385021095,44.827088730676174],[-1.069880128121399,44.83608006107169],[-1.0667209645265086,44.836195976650195],[-1.0670466854393332,44.840691659805564],[-1.0607278148902324,44.84092324004786],[-1.0608904427274595,44.84317109317783],[-1.057730861840654,44.843286753106646],[-1.057893376596211,44.84553461235615],[-1.0515739236188393,44.84576567180471],[-1.051736199162645,44.84801354187271],[-1.0454164420140961,44.8482442509385],[-1.04557847830132,44.85049213180781],[-1.0424184541451578,44.85060735611002],[-1.0422565439826508,44.848359470545844],[-1.0390966329931453,44.84847460020207]]],[[[-1.1125948441285143,44.857042782544305],[-1.1122653827607683,44.85254720995511],[-1.1185853469970806,44.85231269457649],[-1.1184203838704663,44.8500649199151],[-1.1215802200809344,44.84994753208586],[-1.1217453093146739,44.852195301964265],[-1.1249052584185075,44.85207781940419],[-1.1250704869815855,44.854325585881725],[-1.128230548975611,44.854208008583896],[-1.1285612980376079,44.858703536101174],[-1.125400983785479,44.85882112298062],[-1.125731533503604,44.86331666558209],[-1.1099285024765297,44.86390329839698],[-1.1094345899760107,44.85715991485421],[-1.1125948441285143,44.857042782544305]]],[[[-1.0654493120425066,44.90611153963051],[-1.0652863191893651,44.9038636483873],[-1.062123330160677,44.903979435631506],[-1.061960476723187,44.90173154098586],[-1.0587976010069562,44.90184723347596],[-1.0584721859571515,44.89735143871733],[-1.0616348089839822,44.89723575565538],[-1.060983630004825,44.88824420093251],[-1.064145734737255,44.88812844671032],[-1.0638199709067522,44.88363268680501],[-1.0669818100303603,44.88351685200964],[-1.0666558458509843,44.87902110692779],[-1.0729789798931368,44.87878918622163],[-1.0728157648923249,44.8765413251577],[-1.0886227398998425,44.87595997213989],[-1.0879674863085562,44.86696863621743],[-1.0911283371599365,44.866852114632245],[-1.0909644303647752,44.86460428881084],[-1.1036071977248245,44.86413732174803],[-1.1042649227574766,44.873128557112906],[-1.107426086480494,44.873011571356834],[-1.107919897187281,44.87975499783805],[-1.1110814264043685,44.87963790778646],[-1.1112461825803086,44.88188571453994],[-1.1080845271191633,44.882002809362604],[-1.1084138265368488,44.886498436437634],[-1.1020899710262186,44.8867323751512],[-1.1022543879619866,44.888980200227294],[-1.099092314171928,44.889097039335034],[-1.0994209349631519,44.89359270300604],[-1.1025832613413329,44.89347585437627],[-1.1029121874082985,44.89797151383175],[-1.0965870162301932,44.89820514011146],[-1.0967512463653446,44.900452981340486],[-1.0935885147064113,44.900569664195835],[-1.093752631655576,44.90281751149641],[-1.0905897605061048,44.9029341090724],[-1.090753764249148,44.90518196243788],[-1.087590753605986,44.905298474726784],[-1.087754644122772,44.907546334150545],[-1.0719387623136447,44.908127568685266],[-1.071775503649472,44.90587968557776],[-1.0654493120425066,44.90611153963051]]],[[[-1.1132242862897803,44.90885949936145],[-1.1130593716792516,44.90661167671621],[-1.116222403277326,44.90649443936039],[-1.1160573755252556,44.90424662279787],[-1.1223831463448066,44.904011887539795],[-1.122879027432587,44.91075531244441],[-1.1197157695577817,44.91087273944354],[-1.1198809633613847,44.913120555131194],[-1.1103907312177108,44.91347231019475],[-1.1100611151153077,44.90897665145291],[-1.1132242862897803,44.90885949936145]]]]}},{"type":"Feature","properties":{"category":"plausible_front_1h","snapshot_index":10,"pass_time_utc":"2026-07-24T12:14:00+00:00","dt_local":"2026-07-24T14:14:00+02:00","area_km2":52.438,"label":"Progression plausible à +1 h","coherence_level":"moyenne","coherence_fraction":0.513,"projection_displayed":true,"model_version":"fire_progression_arrival_v1"},"geometry":{"type":"MultiPolygon","coordinates":[[[[-1.1026691309205794,44.41793864727454],[-1.102506065821686,44.41569122695282],[-1.0962347882436958,44.41592478879533],[-1.0960719844483529,44.413677360999806],[-1.0929364504375167,44.413794003309924],[-1.0927737837404046,44.41154657280576],[-1.0896383609810107,44.41166312113172],[-1.0891508108431147,44.404920827664355],[-1.0922858611492456,44.4048042935766],[-1.0921232461137955,44.4025568712725],[-1.0952581593768749,44.402440252710846],[-1.0950954331328582,44.40019283721421],[-1.1044997230034455,44.3998424604865],[-1.1046628215986491,44.40208986171415],[-1.1140673672633834,44.401738667761784],[-1.1143943480705314,44.406233447781446],[-1.1175294189262477,44.406116195149224],[-1.118184032966086,44.41510576066345],[-1.1150484654965063,44.41522303239712],[-1.1152120273227808,44.417470433651566],[-1.112076322684214,44.417587620920166],[-1.1122397733121552,44.41983502898058],[-1.109103931501509,44.41995213177648],[-1.1089406050644512,44.41770471894725],[-1.1026691309205794,44.41793864727454]]],[[[-1.129067653319189,44.434979922102215],[-1.1287393407317432,44.43048512751767],[-1.1256029428700065,44.43060270047148],[-1.1251109444487475,44.42386050933411],[-1.1282469696433115,44.42374295074364],[-1.127918787428075,44.41924817633521],[-1.1247830106292325,44.419365725351156],[-1.1241272992415727,44.410376181766566],[-1.1272625793666764,44.41025865189718],[-1.1270985599191718,44.408011275886146],[-1.1396390535055003,44.40754028331703],[-1.139968098585648,44.412034999019525],[-1.1431034376307323,44.4119170182124],[-1.143268103925334,44.414164374318496],[-1.155809825853479,44.41369153955513],[-1.1559750018725126,44.41593887844056],[-1.159110523744485,44.415820441850556],[-1.1597718557504408,44.42480979837304],[-1.1566358371492869,44.424928254257026],[-1.1568010787764502,44.42717560326308],[-1.1536649228421654,44.42729397471945],[-1.1539951970307945,44.431788688411835],[-1.1508587795306873,44.431906980250176],[-1.1510238120642744,44.43415434492679],[-1.1447506892610013,44.43439067044665],[-1.1449154864028817,44.436638046752044],[-1.1323685867491577,44.437109645814694],[-1.132204286632129,44.43486225030414],[-1.129067653319189,44.434979922102215]]],[[[-1.1835772547658698,44.78902272406436],[-1.1832425176225978,44.784527465514955],[-1.189554538789538,44.78428891492687],[-1.1893869387240956,44.78204129758783],[-1.1956986547442727,44.781802397417955],[-1.195866506364791,44.78405000502424],[-1.1990224700305414,44.78393041533144],[-1.1993584651071851,44.788425625232215],[-1.1930460211940555,44.788664734271705],[-1.1932137872664152,44.79091235117257],[-1.1869010380904759,44.79115111059738],[-1.1867335236363967,44.78890348396979],[-1.1835772547658698,44.78902272406436]]],[[[-1.1307287540332116,44.84509932208978],[-1.1305633262097046,44.84285157075858],[-1.1242444763883206,44.84308676738553],[-1.1237490286545149,44.83634349305216],[-1.1300671221579623,44.83610832517167],[-1.1299017472750177,44.833860579456186],[-1.1267428331667955,44.8339782035645],[-1.126247165934904,44.82723496052956],[-1.1294057020068815,44.82711735079745],[-1.1292403800391144,44.8248696107517],[-1.1323987768942312,44.82475191590898],[-1.1322333421708717,44.8225041820842],[-1.1385498442104398,44.82226853229536],[-1.138384170784306,44.82002080950037],[-1.151016511890556,44.81954845040981],[-1.1508503479032142,44.817300748291274],[-1.1540082740260746,44.817182438610104],[-1.1538419973897038,44.81493474274615],[-1.156999784274702,44.81481634800195],[-1.156833395009336,44.81256865839917],[-1.1631486769929167,44.81233160892183],[-1.1629820492041685,44.810083930417434],[-1.1756119495245705,44.809608772294176],[-1.1754448314596673,44.80736111459155],[-1.1786021472545563,44.807242105228674],[-1.1784349166671872,44.80499445382083],[-1.1815920932033388,44.804875359442526],[-1.1814247501135264,44.80262771433605],[-1.190895821773116,44.8022699066016],[-1.1907281144793427,44.800022277524604],[-1.1970418435001293,44.799783299480985],[-1.196873897920427,44.79753568159512],[-1.2031873215358586,44.79729635388977],[-1.2030191377150732,44.79504874721217],[-1.2124887947655194,44.79468909644634],[-1.2123202469298187,44.79244150588161],[-1.2186330326344208,44.79220129927547],[-1.2188018321026381,44.79444888005425],[-1.2219583305322363,44.79432863709549],[-1.2229721659066628,44.80781412292091],[-1.2198149123839948,44.807934395274756],[-1.219983806357996,44.81018198620465],[-1.2136690070330367,44.81042227111016],[-1.2138376627217258,44.812669873266046],[-1.2043649849036888,44.81302964126703],[-1.2045332763502004,44.81527725951385],[-1.1761133839188904,44.816351754046465],[-1.1764477403641362,44.8208470823846],[-1.1701315576064268,44.821084889629645],[-1.1702985039707618,44.82333256562837],[-1.1671402665953303,44.82345133925341],[-1.16730710034345,44.82569902151443],[-1.160990333619888,44.82593630874526],[-1.1611569287472052,44.828184002093984],[-1.1579983994043004,44.828302515687845],[-1.1583313776429103,44.83279791629045],[-1.1520137749981658,44.83303469305731],[-1.152346302427936,44.837530118596426],[-1.149187229096468,44.83764838174719],[-1.1493533867263246,44.83989610144316],[-1.143034948102941,44.8401323676079],[-1.1432008669219524,44.842380098331255],[-1.1463602189309676,44.84226200539999],[-1.1465262770919402,44.844509732709795],[-1.1433667990186147,44.844627830452644],[-1.1435327443945191,44.846875563968695],[-1.1403731269660131,44.846993576586826],[-1.1402073076660448,44.84474583826264],[-1.1307287540332116,44.84509932208978]]],[[[-1.0424184541451578,44.85060735611002],[-1.0422565439826508,44.848359470545844],[-1.0390966329931453,44.84847460020207],[-1.0392584170293824,44.85072249045746],[-1.0329383039591578,44.850952489285746],[-1.0327767721801209,44.848704589658915],[-1.0296168223766846,44.848819449458404],[-1.0289713289476836,44.83982784628448],[-1.0321307743278194,44.8397130052039],[-1.0316464116222348,44.83296933171217],[-1.034805465873204,44.83285441474144],[-1.0346439114251713,44.83060653110628],[-1.0441206184373033,44.83026125470513],[-1.043958698807011,44.82801338656675],[-1.0471174492135962,44.82789811928633],[-1.0472794948767263,44.83014598272802],[-1.0504383583504544,44.830030620830165],[-1.0502761866560417,44.827782762088795],[-1.0565936226083892,44.827551777944706],[-1.0562688140848966,44.82305608358045],[-1.0594272605516022,44.82294046605699],[-1.05910225200953,44.81844478686335],[-1.0622604334951788,44.81832908886082],[-1.0620978227470346,44.8160812561421],[-1.068413894739004,44.815849599877424],[-1.0682510450722271,44.81360177804417],[-1.0714089355732068,44.81348581979391],[-1.0712459729812025,44.811238004135184],[-1.0901922862332174,44.810540395373245],[-1.0903560044935576,44.81278818260844],[-1.0871981923528276,44.81290468019412],[-1.087361797757453,44.81515247362452],[-1.0842038465792385,44.81526888606532],[-1.0843673391081101,44.817516685684296],[-1.0812092488892746,44.81763301297255],[-1.0813726285223484,44.819880818773484],[-1.0782143992597581,44.81999706090155],[-1.0783776659769895,44.822244872877825],[-1.0752192976675115,44.822361029837985],[-1.075382451448851,44.824608847983015],[-1.0722239440893557,44.82472491976763],[-1.0723869849147525,44.82697274407476],[-1.0692283385021095,44.827088730676174],[-1.06939126635151,44.829336561138796],[-1.0725500387845208,44.82922056981149],[-1.0728761856634268,44.83371622556019],[-1.0760351971181967,44.83360013485692],[-1.0763616483011784,44.83809578682292],[-1.0732023847385888,44.838211886986755],[-1.0735286360225273,44.84270755406416],[-1.0703691072566561,44.84282357375121],[-1.0705321263902343,44.84507141412789],[-1.0642127775467785,44.84530319312902],[-1.0643755575212477,44.84755104435262],[-1.0612157374490094,44.8476668036548],[-1.0613784043364547,44.849914660995],[-1.0550584729117019,44.850145919178225],[-1.0552209005635156,44.85239378733811],[-1.0489006648779076,44.85262469511969],[-1.0487384894878253,44.850376817551414],[-1.0424184541451578,44.85060735611002]]],[[[-1.1152605344578592,44.85018221779958],[-1.115095710632053,44.84793443974865],[-1.1182554339459896,44.84781714664329],[-1.1180904972220669,44.84556937476442],[-1.121250081248397,44.8454519965005],[-1.12141514405937,44.8476997635968],[-1.124574840962161,44.84758229060979],[-1.124740043079228,44.84983005431242],[-1.1278998528553095,44.84971248659536],[-1.1280651942985425,44.85196024689685],[-1.1312251169447418,44.85184258444281],[-1.1317215990511376,44.858585859264075],[-1.1285612980376079,44.858703536101174],[-1.1287266924257104,44.86095130192466],[-1.1255662520294696,44.86106889359524],[-1.125731533503604,44.86331666558209],[-1.1099285024765297,44.86390329839698],[-1.1089407960663833,44.850416543731946],[-1.1152605344578592,44.85018221779958]]],[[[-1.0654493120425066,44.90611153963051],[-1.0652863191893651,44.9038636483873],[-1.062123330160677,44.903979435631506],[-1.061960476723187,44.90173154098586],[-1.0587976010069562,44.90184723347596],[-1.0584721859571515,44.89735143871733],[-1.0616348089839822,44.89723575565538],[-1.060983630004825,44.88824420093251],[-1.064145734737255,44.88812844671032],[-1.0638199709067522,44.88363268680501],[-1.0669818100303603,44.88351685200964],[-1.0666558458509843,44.87902110692779],[-1.0729789798931368,44.87878918622163],[-1.0728157648923249,44.8765413251577],[-1.0886227398998425,44.87595997213989],[-1.0879674863085562,44.86696863621743],[-1.0911283371599365,44.866852114632245],[-1.0909644303647752,44.86460428881084],[-1.1036071977248245,44.86413732174803],[-1.1042649227574766,44.873128557112906],[-1.107426086480494,44.873011571356834],[-1.107919897187281,44.87975499783805],[-1.1110814264043685,44.87963790778646],[-1.1112461825803086,44.88188571453994],[-1.1080845271191633,44.882002809362604],[-1.1084138265368488,44.886498436437634],[-1.1020899710262186,44.8867323751512],[-1.1022543879619866,44.888980200227294],[-1.099092314171928,44.889097039335034],[-1.0994209349631519,44.89359270300604],[-1.1025832613413329,44.89347585437627],[-1.1029121874082985,44.89797151383175],[-1.0965870162301932,44.89820514011146],[-1.0967512463653446,44.900452981340486],[-1.0935885147064113,44.900569664195835],[-1.093752631655576,44.90281751149641],[-1.0905897605061048,44.9029341090724],[-1.090753764249148,44.90518196243788],[-1.087590753605986,44.905298474726784],[-1.087754644122772,44.907546334150545],[-1.0719387623136447,44.908127568685266],[-1.071775503649472,44.90587968557776],[-1.0654493120425066,44.90611153963051]]],[[[-1.1073919955403935,44.91583721787127],[-1.1072272940771455,44.91358938178448],[-1.1040638437403631,44.9137063633242],[-1.1037347331670773,44.90921068550891],[-1.1068979307377165,44.90909371350227],[-1.106733268858367,44.90684588131361],[-1.1098963268695763,44.90672882403413],[-1.109731551825378,44.90448099792129],[-1.1128944702803243,44.90436385537669],[-1.1127295820914125,44.90211603534628],[-1.1222178791314295,44.901764081850715],[-1.1223831463448066,44.904011887539795],[-1.1255460118992933,44.903894384861715],[-1.126207718624766,44.91288560151595],[-1.1230443476163627,44.913003123347146],[-1.1232096810467136,44.91525093554483],[-1.1200461704014908,44.91536837211402],[-1.1202113906796913,44.91761619038862],[-1.1107204001452715,44.917967974119726],[-1.1105555590775538,44.91572014151104],[-1.1073919955403935,44.91583721787127]]]]}},{"type":"Feature","properties":{"category":"historical_support","snapshot_index":11,"pass_time_utc":"2026-07-24T12:57:00+00:00","dt_local":"2026-07-24T14:57:00+02:00","area_km2":176.125,"label":"Isoline temporelle","coherence_level":"élevée","coherence_fraction":0.741,"projection_displayed":true,"model_version":"fire_progression_arrival_v1"},"geometry":{"type":"MultiPolygon","coordinates":[[[[-1.1204768206632756,44.4465694951745],[-1.1203129655276638,44.444322072524336],[-1.1171757829788687,44.44443940636043],[-1.1170120651584254,44.44219198092501],[-1.1013265789693119,44.44277728699001],[-1.0998592950698785,44.42255033383281],[-1.090451202722931,44.42290031776992],[-1.0902886085495,44.420652874371996],[-1.0840167308150204,44.42088574125025],[-1.0838543979605206,44.4186382904008],[-1.0807185639514603,44.41875458522862],[-1.080394185299673,44.414259680167916],[-1.0772585867906326,44.41437587628397],[-1.0767724879103826,44.40763351982443],[-1.0799077139183277,44.40751733790369],[-1.0797455825441047,44.40526989458285],[-1.0828806715307397,44.405153628168044],[-1.082718428894329,44.40290619163784],[-1.0889883199391424,44.40267340061461],[-1.0888258419369399,44.40042597562345],[-1.0919606439899179,44.400309451026814],[-1.091798054776077,44.39806203284285],[-1.1012020111091838,44.39771193801704],[-1.1010390625068454,44.39546453615504],[-1.1073080538654396,44.39523070307315],[-1.1074712506580826,44.39747809541245],[-1.1106058510011827,44.397361040295635],[-1.1107691848539654,44.39960842993202],[-1.1139038963308616,44.39949128083568],[-1.1137404383769818,44.39724389596992],[-1.135682186100134,44.39642138788805],[-1.1358465127183883,44.39866873925811],[-1.1515194189169753,44.39807853330913],[-1.1518493522997273,44.4025731941511],[-1.1612536835069898,44.402217971185976],[-1.1615844139690958,44.40671261130021],[-1.164719413014859,44.406594015564544],[-1.1652159796060226,44.413335976566685],[-1.1620806081551238,44.41345458679177],[-1.1625769205701084,44.420196580587195],[-1.159441163484595,44.42031511606397],[-1.1597718557504408,44.42480979837304],[-1.1566358371492869,44.424928254257026],[-1.1568010787764502,44.42717560326308],[-1.1536649228421654,44.42729397471945],[-1.1539951970307945,44.431788688411835],[-1.1508587795306873,44.431906980250176],[-1.1510238120642744,44.43415434492679],[-1.1478872572134153,44.43427255231885],[-1.1482171131049268,44.43876729731021],[-1.1325328999202127,44.43935704332756],[-1.1326972261468466,44.441604442839385],[-1.1295602200241475,44.44172212901474],[-1.1297244350183573,44.443969535315034],[-1.1265872915572308,44.44408713700106],[-1.126751395299371,44.44633455008325],[-1.1204768206632756,44.4465694951745]]],[[[-1.1020517976607238,44.9295582011664],[-1.1018872699057463,44.9273103478421],[-1.095558786213844,44.92754391776489],[-1.0957230610436248,44.92979178060706],[-1.0830654298861864,44.930257858548764],[-1.0829016609257673,44.92800997671477],[-1.07973734676583,44.928126266262296],[-1.0794101011310029,44.923630496952775],[-1.0762460267715372,44.92374668695351],[-1.0755921985415546,44.914755144836576],[-1.0566105119923141,44.915450280029425],[-1.0564478461243167,44.913202369411486],[-1.0374664488172238,44.91389423428183],[-1.0369808045546907,44.90715042568389],[-1.0306543266471597,44.90738029873902],[-1.0304927239313482,44.905132355796276],[-1.0273295919357306,44.90524715257259],[-1.0271681285419565,44.90299920626988],[-1.017679034111525,44.9033430423096],[-1.017356904307849,44.89884712565071],[-1.0141940997410137,44.89896154825109],[-1.0143550318297654,44.90120951058061],[-1.0080291313037093,44.901438094983774],[-1.007868451942526,44.89919012333972],[-1.0047056087310147,44.89930427582684],[-1.0045450685973525,44.897056300860584],[-1.0013823388820011,44.897170358660915],[-1.0010615498777005,44.89267440343542],[-0.9978990600005742,44.89278836191207],[-0.9977388110981876,44.89054038166385],[-1.0009011746463998,44.89042642783085],[-1.0005804627177888,44.88593048065499],[-1.0069046460226065,44.88570232151056],[-1.0067440567293997,44.88345435924309],[-1.0099060027994182,44.88334014930008],[-1.009745300082858,44.88109219303947],[-1.0160689010371933,44.88086351243622],[-1.0146208833509163,44.86063205137466],[-1.0209421606379658,44.86040309472299],[-1.020781081825398,44.8581551708202],[-1.0239415749549428,44.85804056220418],[-1.0237803828706213,44.85579264436042],[-1.0269407369320078,44.85567795044883],[-1.0266181391709894,44.8511821282882],[-1.0297782280247954,44.85106735376548],[-1.0296168223766846,44.848819449458404],[-1.0327767721801209,44.848704589658915],[-1.0326152533290185,44.846456691433936],[-1.0357750640851855,44.84634174636531],[-1.035451812952037,44.841845963501214],[-1.038611358566332,44.84173093785811],[-1.0381262006297645,44.834987288218386],[-1.0444444965664346,44.834756995262666],[-1.04428255102326,44.832509124271546],[-1.053759519558354,44.83216302447692],[-1.053434911124316,44.827667314974725],[-1.0565936226083892,44.827551777944706],[-1.0562688140848966,44.82305608358045],[-1.0594272605516022,44.82294046605699],[-1.05910225200953,44.81844478686335],[-1.0622604334951788,44.81832908886082],[-1.0620978227470346,44.8160812561421],[-1.068413894739004,44.815849599877424],[-1.0677625742154746,44.806858321258176],[-1.0709200868959179,44.80674237718073],[-1.0707571633995143,44.80449456589175],[-1.0802292454678937,44.80414620857695],[-1.0803925467153506,44.80639400567243],[-1.0835500072144741,44.80627770207958],[-1.083223165960585,44.801782118828044],[-1.0863803615747072,44.801665734841784],[-1.086216834657109,44.79941795015486],[-1.0956879653284328,44.79906827322806],[-1.0953601954738743,44.79457273675695],[-1.0985169610908843,44.79445600756419],[-1.0981889919446761,44.789960486504995],[-1.1045019804364122,44.78972677759533],[-1.1040093700923441,44.78298353569115],[-1.1071654671852624,44.78286656076228],[-1.1070011641875686,44.780618821204854],[-1.1133130673613985,44.78038461138077],[-1.1134776219568672,44.78263234139604],[-1.1197897241094856,44.78239776268892],[-1.1196249179225435,44.78015004223044],[-1.1259367157910036,44.77991511375843],[-1.125771671212072,44.77766740436463],[-1.1383946054396052,44.77719648865965],[-1.1385601531298861,44.77944417886774],[-1.141715979406687,44.779326220576216],[-1.1420473660660826,44.78382159585492],[-1.1515155201117129,44.783467153145395],[-1.151681610712225,44.785714828574385],[-1.1706183148336033,44.78500348872889],[-1.1707851735332684,44.78725113665891],[-1.1802537230559615,44.786894239455066],[-1.1800864869672405,44.78464660606459],[-1.189554538789538,44.78428891492687],[-1.1893869387240956,44.78204129758783],[-1.2020103170992122,44.781563137952794],[-1.2018422273663485,44.779315541575436],[-1.2207761370927759,44.778595636783486],[-1.2206073063072624,44.776348071218095],[-1.2269182502159017,44.77610739422887],[-1.2270873324842788,44.77835494998942],[-1.2333984738172228,44.77811390393812],[-1.2335678210966128,44.78036145136204],[-1.2367234972119001,44.78024078870101],[-1.236892983783285,44.78248833268877],[-1.2400487721064593,44.78236757529229],[-1.2410667308313286,44.795852840574135],[-1.2379101877734855,44.79597362749069],[-1.2380797692139887,44.79822118173873],[-1.2349230867728092,44.798341883730686],[-1.2350925559368036,44.80058944434831],[-1.2319357341090422,44.80071006140798],[-1.2321050909765219,44.80295762838858],[-1.2257911550088796,44.803198602773584],[-1.2262985516537603,44.80994134183053],[-1.2136690070330367,44.81042227111016],[-1.2138376627217258,44.812669873266046],[-1.2043649849036888,44.81302964126703],[-1.204701581257185,44.81752487919166],[-1.1952280267881918,44.81788386757843],[-1.1950600996568397,44.815636233275605],[-1.1761133839188904,44.816351754046465],[-1.1764477403641362,44.8208470823846],[-1.1701315576064268,44.821084889629645],[-1.1702985039707618,44.82333256562837],[-1.1671402665953303,44.82345133925341],[-1.16730710034345,44.82569902151443],[-1.1641487236500028,44.82581771007963],[-1.1643154447618653,44.82806539859633],[-1.1611569287472052,44.828184002093984],[-1.1613235372027682,44.83043169685976],[-1.1581648818636956,44.83055021528221],[-1.1583313776429103,44.83279791629045],[-1.1520137749981658,44.83303469305731],[-1.152346302427936,44.837530118596426],[-1.149187229096468,44.83764838174719],[-1.1493533867263246,44.83989610144316],[-1.143034948102941,44.8401323676079],[-1.1432008669219524,44.842380098331255],[-1.1400415016352863,44.84249810133331],[-1.1398757088721456,44.840250365802234],[-1.1335571906225037,44.840486092411986],[-1.133391663221843,44.83823834867845],[-1.130232510273667,44.83835607229614],[-1.1300671221579623,44.83610832517167],[-1.1142717893291603,44.83669557045874],[-1.1144365472181925,44.838943341510166],[-1.1081180696364394,44.8391776197103],[-1.1082825885878556,44.84142540171398],[-1.105123203982498,44.84154241068934],[-1.1054520292273846,44.84603798843972],[-1.1022923793065509,44.8461549170106],[-1.1031140421507486,44.85739390960108],[-1.1062743226467417,44.85727695720664],[-1.1061098376357386,44.85502916067923],[-1.1124301068520288,44.85479499555809],[-1.1122653827607683,44.85254720995511],[-1.1185853469970806,44.85231269457649],[-1.1184203838704663,44.8500649199151],[-1.1215802200809344,44.84994753208586],[-1.1217453093146739,44.852195301964265],[-1.1470245313168876,44.851252922992394],[-1.1468584332833056,44.84900519150937],[-1.156337544184523,44.84865032977426],[-1.156504020491772,44.85089804679873],[-1.1691431528064655,44.850423619362324],[-1.1693101468205325,44.85267131844039],[-1.1756298850138955,44.85243355539789],[-1.175797144595655,44.85468124616807],[-1.1789571197168687,44.85456222488487],[-1.1796267964301312,44.86355298228979],[-1.1764663168146066,44.86367202297177],[-1.1768009832817203,44.86816741956013],[-1.1704794792542499,44.86840525042307],[-1.170813694605479,44.872900671814094],[-1.1676526701638077,44.87301946197283],[-1.1678196717154672,44.875267179533736],[-1.161497330339111,44.87550449959093],[-1.161664092850421,44.877752228167395],[-1.1553414456481657,44.877989197955166],[-1.1555079690741228,44.880236937530015],[-1.1491850160934582,44.88047355701491],[-1.1493513003890603,44.882721307570954],[-1.1367047297807507,44.88319348588579],[-1.1370363283027245,44.88768902948531],[-1.133874399922047,44.887806858675326],[-1.1347029971855418,44.899045764917],[-1.131540424069101,44.89916352809189],[-1.1317060570238207,44.901411318095484],[-1.12854334431509,44.90152899604179],[-1.1287088642034993,44.903776792151696],[-1.1223831463448066,44.904011887539795],[-1.122879027432587,44.91075531244441],[-1.1197157695577817,44.91087273944354],[-1.1198809633613847,44.913120555131194],[-1.1040638437403631,44.9137063633242],[-1.1042284188054317,44.91595420417784],[-1.0947376095144696,44.91630462276977],[-1.0950660407106376,44.92080033691115],[-1.09822990981464,44.920683611256685],[-1.0983942715860866,44.92293146550261],[-1.1015582539509174,44.92281464502529],[-1.1017227553363385,44.92506249579395],[-1.1048868509588305,44.92494558048681],[-1.1052161461935825,44.92944127633061],[-1.1020517976607238,44.9295582011664]],[[-1.1160573755252556,44.90424662279787],[-1.1128944702803243,44.90436385537669],[-1.1130593716792516,44.90661167671621],[-1.116222403277326,44.90649443936039],[-1.1160573755252556,44.90424662279787]]]]}},{"type":"Feature","properties":{"category":"observed_front","snapshot_index":11,"pass_time_utc":"2026-07-24T12:57:00+00:00","dt_local":"2026-07-24T14:57:00+02:00","area_km2":44.562,"label":"Activité observée","coherence_level":"élevée","coherence_fraction":0.741,"projection_displayed":true,"model_version":"fire_progression_arrival_v1"},"geometry":{"type":"MultiPolygon","coordinates":[[[[-1.129067653319189,44.434979922102215],[-1.1284110803024934,44.42599034098348],[-1.1315472166731904,44.425872688352264],[-1.131382981802982,44.4236253029036],[-1.150198780478828,44.422917541655025],[-1.1505287537913804,44.42741225692362],[-1.1536649228421654,44.42729397471945],[-1.1538300533774486,44.42954133056018],[-1.1506937601069098,44.42965961758132],[-1.1508587795306873,44.431906980250176],[-1.1477223489207715,44.432025182828454],[-1.1478872572134153,44.43427255231885],[-1.1447506892610013,44.43439067044665],[-1.1449154864028817,44.436638046752044],[-1.1323685867491577,44.437109645814694],[-1.132204286632129,44.43486225030414],[-1.129067653319189,44.434979922102215]]],[[[-1.1930460211940555,44.788664734271705],[-1.1932137872664152,44.79091235117257],[-1.1837446434084007,44.79127035554983],[-1.1832425176225978,44.784527465514955],[-1.189554538789538,44.78428891492687],[-1.1893869387240956,44.78204129758783],[-1.205166128127227,44.78144337348597],[-1.2049979126324488,44.77919578198751],[-1.2239317415408513,44.7784753382939],[-1.2241007115732527,44.78072290044216],[-1.2272564282672958,44.78060250723321],[-1.227763796720376,44.787345187830425],[-1.2246077027145184,44.78746559575406],[-1.2247767267816876,44.78971316380246],[-1.2121517125684729,44.79019391678098],[-1.21198319167987,44.7879463291478],[-1.1930460211940555,44.788664734271705]]],[[[-1.1820942027732928,44.811618303444384],[-1.181926819531619,44.80937065400006],[-1.1850842344618129,44.809251460046944],[-1.1849167387124948,44.80700381690111],[-1.188074014355523,44.8068845379376],[-1.1879064061185836,44.804636901096856],[-1.1910635424776574,44.80451753713065],[-1.190895821773116,44.8022699066016],[-1.1940528188514496,44.802150457640344],[-1.1938849856993203,44.7999028334296],[-1.200198687871764,44.79966367567937],[-1.2000306164469274,44.79741606266685],[-1.2126573560771912,44.79693668847178],[-1.2124887947655194,44.79468909644634],[-1.2156453201770645,44.79456903317139],[-1.2158140073158035,44.79681662030547],[-1.2221272693202618,44.79657621443592],[-1.222803159564483,44.805566538330766],[-1.2196460319156737,44.8056868057849],[-1.2198149123839948,44.807934395274756],[-1.2166576453556461,44.80805457776512],[-1.2168264134441604,44.81030217359128],[-1.2105115871346341,44.81054227876073],[-1.2106801169245935,44.81278988580579],[-1.2043649849036888,44.81302964126703],[-1.2045332763502004,44.81527725951385],[-1.1792712033594888,44.81623272528786],[-1.1789366485527244,44.81173741237947],[-1.1820942027732928,44.811618303444384]]],[[[-1.0687396331537167,44.82034524788054],[-1.0682510450722271,44.81360177804417],[-1.0714089355732068,44.81348581979391],[-1.0712459729812025,44.811238004135184],[-1.0744037244985543,44.811121960722396],[-1.0742406490013632,44.80887415124479],[-1.0900285810664185,44.808292609590026],[-1.090519735849007,44.815035971292254],[-1.087361797757453,44.81515247362452],[-1.0875254162487378,44.81740026850035],[-1.0843673391081101,44.817516685684296],[-1.0845308447151871,44.81976448674554],[-1.0782143992597581,44.81999706090155],[-1.0783776659769895,44.822244872877825],[-1.0720609163067656,44.822477096893465],[-1.071897901565419,44.82022927545563],[-1.0687396331537167,44.82034524788054]]],[[[-1.133391663221843,44.83823834867845],[-1.1325642248524435,44.82699965115941],[-1.1357227344615648,44.826881861616016],[-1.1355571605144947,44.82463413116454],[-1.1481905624465685,44.82416209318129],[-1.1483566403331813,44.826409804400406],[-1.151515083609751,44.82629156533888],[-1.1516813007738498,44.82853927316182],[-1.1548398567431735,44.8284209393773],[-1.1551725829762327,44.83291634963],[-1.1520137749981658,44.83303469305731],[-1.152346302427936,44.837530118596426],[-1.149187229096468,44.83764838174719],[-1.1493533867263246,44.83989610144316],[-1.1367164563753227,44.84036827407046],[-1.1365508029256421,44.838120535137136],[-1.133391663221843,44.83823834867845]]],[[[-1.0390966329931453,44.84847460020207],[-1.038773103763173,44.84397882389899],[-1.0419327625302592,44.843863703624585],[-1.0416090328976753,44.839367942335336],[-1.0447684265306532,44.839252741505405],[-1.0446064550683807,44.837004867675084],[-1.0477657096665087,44.83688958160669],[-1.047603625101627,44.834641713891585],[-1.0507627406680162,44.834526342592426],[-1.0506005430205945,44.83227848099917],[-1.053759519558354,44.83216302447692],[-1.0535972088484569,44.829915169012104],[-1.0630736823877995,44.82956827404248],[-1.0632363712076232,44.83181611537278],[-1.0663952957359382,44.83170029916082],[-1.0670466854393332,44.840691659805564],[-1.0638872566766102,44.84080749489481],[-1.064050010599086,44.84305534330863],[-1.0608904427274595,44.84317109317783],[-1.0610530835798646,44.84541894771461],[-1.0547336566058563,44.84565018705303],[-1.0548960582596683,44.84789805241541],[-1.051736199162645,44.84801354187271],[-1.0518984876946331,44.85026141334136],[-1.0424184541451578,44.85060735611002],[-1.0422565439826508,44.848359470545844],[-1.0390966329931453,44.84847460020207]]],[[[-1.1518473476018802,44.87361206311041],[-1.1515146464419725,44.869116583751655],[-1.1483537943056241,44.86923482440819],[-1.1480213987494259,44.864739340842924],[-1.1511819985495364,44.86462110982124],[-1.1508494039117945,44.860125641346194],[-1.1540097381053627,44.860007330001295],[-1.15367694445683,44.85551187664914],[-1.1568370130803662,44.855393484995346],[-1.156504020491772,44.85089804679873],[-1.1691431528064655,44.850423619362324],[-1.1693101468205325,44.85267131844039],[-1.1756298850138955,44.85243355539789],[-1.175797144595655,44.85468124616807],[-1.1789571197168687,44.85456222488487],[-1.1796267964301312,44.86355298228979],[-1.1764663168146066,44.86367202297177],[-1.1768009832817203,44.86816741956013],[-1.1704794792542499,44.86840525042307],[-1.170813694605479,44.872900671814094],[-1.1676526701638077,44.87301946197283],[-1.1678196717154672,44.875267179533736],[-1.1583361396181946,44.87562302464816],[-1.1581695166571768,44.87337529258891],[-1.1518473476018802,44.87361206311041]]],[[[-1.0830654298861864,44.930257858548764],[-1.0829016609257673,44.92800997671477],[-1.07973734676583,44.928126266262296],[-1.0794101011310029,44.923630496952775],[-1.0762460267715372,44.92374668695351],[-1.0755921985415546,44.914755144836576],[-1.0724286167966164,44.9148712258447],[-1.072265318885646,44.91262333882212],[-1.0691018504607581,44.91273932504754],[-1.0689386920290078,44.9104914346004],[-1.0657753369273089,44.91060732605011],[-1.0656123179546317,44.9083594321859],[-1.0624490761792615,44.9084752288668],[-1.0622861966455122,44.90622733159296],[-1.059123068199606,44.90634303351206],[-1.0586348869649802,44.89959933543527],[-1.0617976363314783,44.89948364765935],[-1.06130919341537,44.892739975628594],[-1.0644715507535492,44.89262421197257],[-1.064145734737255,44.88812844671032],[-1.0673078264232365,44.888012602474625],[-1.0671448116993274,44.885764726570926],[-1.0703067640441493,44.88564879704619],[-1.0701436361005918,44.88340092720861],[-1.0733054491073917,44.883284912402495],[-1.0731422079643032,44.88103704863769],[-1.0826271897240465,44.880688478398],[-1.082463582903575,44.878440630184784],[-1.0887865860913626,44.87820780951514],[-1.0886227398998425,44.87595997213989],[-1.091784095584398,44.875843431561954],[-1.0916201362885607,44.87359560028967],[-1.0947813526222145,44.873478974473755],[-1.0946172802421659,44.87123114931108],[-1.1072615092692466,44.87076376523851],[-1.107426086480494,44.873011571356834],[-1.1169094985426287,44.87266007418925],[-1.1170744675686144,44.87490786734194],[-1.1202357047293354,44.87479051687346],[-1.1204008131840415,44.87703830659716],[-1.123562163342804,44.87692086135845],[-1.1237274112463331,44.87916864764571],[-1.1268888743999637,44.87905110762983],[-1.1270542617724193,44.88129889047319],[-1.1238926723826594,44.881416435278425],[-1.1242232343600576,44.885912014566664],[-1.1210613792303152,44.886029478948515],[-1.1212265538066803,44.88827727538358],[-1.1180645591799605,44.888394654544825],[-1.118394695452444,44.89289026097395],[-1.12155694264828,44.892772872246795],[-1.122052625156677,44.899516277473495],[-1.1188899990317116,44.89963368055108],[-1.1190551266766284,44.901881489712196],[-1.1158923609932676,44.901998807544246],[-1.1160573755252556,44.90424662279787],[-1.1128944702803243,44.90436385537669],[-1.1132242862897803,44.90885949936145],[-1.1100611151153077,44.90897665145291],[-1.1103907312177108,44.91347231019475],[-1.1040638437403631,44.9137063633242],[-1.1042284188054317,44.91595420417784],[-1.0947376095144696,44.91630462276977],[-1.0950660407106376,44.92080033691115],[-1.09822990981464,44.920683611256685],[-1.0983942715860866,44.92293146550261],[-1.1015582539509174,44.92281464502529],[-1.1017227553363385,44.92506249579395],[-1.1048868509588305,44.92494558048681],[-1.1052161461935825,44.92944127633061],[-1.1020517976607238,44.9295582011664],[-1.102216338602856,44.931806055763424],[-1.0895583068036452,44.93227287335502],[-1.0893942717585605,44.93002499973604],[-1.0830654298861864,44.930257858548764]]]]}},{"type":"Feature","properties":{"category":"plausible_front_1h","snapshot_index":11,"pass_time_utc":"2026-07-24T12:57:00+00:00","dt_local":"2026-07-24T14:57:00+02:00","area_km2":46.938,"label":"Progression plausible à +1 h","coherence_level":"élevée","coherence_fraction":0.741,"projection_displayed":true,"model_version":"fire_progression_arrival_v1"},"geometry":{"type":"MultiPolygon","coordinates":[[[[-1.129067653319189,44.434979922102215],[-1.1284110803024934,44.42599034098348],[-1.1315472166731904,44.425872688352264],[-1.131382981802982,44.4236253029036],[-1.150198780478828,44.422917541655025],[-1.1505287537913804,44.42741225692362],[-1.1536649228421654,44.42729397471945],[-1.1538300533774486,44.42954133056018],[-1.1506937601069098,44.42965961758132],[-1.1508587795306873,44.431906980250176],[-1.1477223489207715,44.432025182828454],[-1.1478872572134153,44.43427255231885],[-1.1447506892610013,44.43439067044665],[-1.1449154864028817,44.436638046752044],[-1.1323685867491577,44.437109645814694],[-1.132204286632129,44.43486225030414],[-1.129067653319189,44.434979922102215]]],[[[-1.1930460211940555,44.788664734271705],[-1.1932137872664152,44.79091235117257],[-1.1837446434084007,44.79127035554983],[-1.1832425176225978,44.784527465514955],[-1.189554538789538,44.78428891492687],[-1.1893869387240956,44.78204129758783],[-1.205166128127227,44.78144337348597],[-1.2049979126324488,44.77919578198751],[-1.2081535844538633,44.77907593258119],[-1.2079852566534623,44.776828347449865],[-1.223762785013097,44.7762277776291],[-1.2239317415408513,44.7784753382939],[-1.2270873324842788,44.77835494998942],[-1.2272564282672958,44.78060250723321],[-1.2304121314450802,44.7804820242063],[-1.2309198772051169,44.78722469007793],[-1.227763796720376,44.787345187830425],[-1.2279329465781426,44.789592750973526],[-1.2121517125684729,44.79019391678098],[-1.21198319167987,44.7879463291478],[-1.1930460211940555,44.788664734271705]]],[[[-1.1820942027732928,44.811618303444384],[-1.181926819531619,44.80937065400006],[-1.1850842344618129,44.809251460046944],[-1.1849167387124948,44.80700381690111],[-1.188074014355523,44.8068845379376],[-1.1879064061185836,44.804636901096856],[-1.1910635424776574,44.80451753713065],[-1.190895821773116,44.8022699066016],[-1.1940528188514496,44.802150457640344],[-1.1938849856993203,44.7999028334296],[-1.200198687871764,44.79966367567937],[-1.2000306164469274,44.79741606266685],[-1.2126573560771912,44.79693668847178],[-1.2124887947655194,44.79468909644634],[-1.2156453201770645,44.79456903317139],[-1.2158140073158035,44.79681662030547],[-1.2221272693202618,44.79657621443592],[-1.222803159564483,44.805566538330766],[-1.2196460319156737,44.8056868057849],[-1.2198149123839948,44.807934395274756],[-1.2166576453556461,44.80805457776512],[-1.2168264134441604,44.81030217359128],[-1.2105115871346341,44.81054227876073],[-1.2106801169245935,44.81278988580579],[-1.2043649849036888,44.81302964126703],[-1.2045332763502004,44.81527725951385],[-1.1792712033594888,44.81623272528786],[-1.1789366485527244,44.81173741237947],[-1.1820942027732928,44.811618303444384]]],[[[-1.0687396331537167,44.82034524788054],[-1.0682510450722271,44.81360177804417],[-1.0714089355732068,44.81348581979391],[-1.0712459729812025,44.811238004135184],[-1.0744037244985543,44.811121960722396],[-1.0742406490013632,44.80887415124479],[-1.0900285810664185,44.808292609590026],[-1.090519735849007,44.815035971292254],[-1.087361797757453,44.81515247362452],[-1.0875254162487378,44.81740026850035],[-1.0843673391081101,44.817516685684296],[-1.0845308447151871,44.81976448674554],[-1.0782143992597581,44.81999706090155],[-1.0783776659769895,44.822244872877825],[-1.0720609163067656,44.822477096893465],[-1.071897901565419,44.82022927545563],[-1.0687396331537167,44.82034524788054]]],[[[-1.133391663221843,44.83823834867845],[-1.1325642248524435,44.82699965115941],[-1.1357227344615648,44.826881861616016],[-1.1355571605144947,44.82463413116454],[-1.1481905624465685,44.82416209318129],[-1.1483566403331813,44.826409804400406],[-1.151515083609751,44.82629156533888],[-1.1516813007738498,44.82853927316182],[-1.1548398567431735,44.8284209393773],[-1.1551725829762327,44.83291634963],[-1.1520137749981658,44.83303469305731],[-1.152346302427936,44.837530118596426],[-1.149187229096468,44.83764838174719],[-1.1493533867263246,44.83989610144316],[-1.1367164563753227,44.84036827407046],[-1.1365508029256421,44.838120535137136],[-1.133391663221843,44.83823834867845]]],[[[-1.0390966329931453,44.84847460020207],[-1.038773103763173,44.84397882389899],[-1.0419327625302592,44.843863703624585],[-1.0416090328976753,44.839367942335336],[-1.0447684265306532,44.839252741505405],[-1.0446064550683807,44.837004867675084],[-1.0477657096665087,44.83688958160669],[-1.047603625101627,44.834641713891585],[-1.0507627406680162,44.834526342592426],[-1.0506005430205945,44.83227848099917],[-1.053759519558354,44.83216302447692],[-1.0535972088484569,44.829915169012104],[-1.0630736823877995,44.82956827404248],[-1.0632363712076232,44.83181611537278],[-1.0663952957359382,44.83170029916082],[-1.0670466854393332,44.840691659805564],[-1.0638872566766102,44.84080749489481],[-1.064050010599086,44.84305534330863],[-1.0608904427274595,44.84317109317783],[-1.0610530835798646,44.84541894771461],[-1.0547336566058563,44.84565018705303],[-1.0548960582596683,44.84789805241541],[-1.051736199162645,44.84801354187271],[-1.0518984876946331,44.85026141334136],[-1.0424184541451578,44.85060735611002],[-1.0422565439826508,44.848359470545844],[-1.0390966329931453,44.84847460020207]]],[[[-1.1518473476018802,44.87361206311041],[-1.1515146464419725,44.869116583751655],[-1.1483537943056241,44.86923482440819],[-1.1480213987494259,44.864739340842924],[-1.1511819985495364,44.86462110982124],[-1.1508494039117945,44.860125641346194],[-1.1540097381053627,44.860007330001295],[-1.15367694445683,44.85551187664914],[-1.1568370130803662,44.855393484995346],[-1.156504020491772,44.85089804679873],[-1.1691431528064655,44.850423619362324],[-1.1693101468205325,44.85267131844039],[-1.1756298850138955,44.85243355539789],[-1.175797144595655,44.85468124616807],[-1.1789571197168687,44.85456222488487],[-1.1796267964301312,44.86355298228979],[-1.1764663168146066,44.86367202297177],[-1.1768009832817203,44.86816741956013],[-1.1704794792542499,44.86840525042307],[-1.170813694605479,44.872900671814094],[-1.1676526701638077,44.87301946197283],[-1.1678196717154672,44.875267179533736],[-1.1583361396181946,44.87562302464816],[-1.1581695166571768,44.87337529258891],[-1.1518473476018802,44.87361206311041]]],[[[-1.086229857390746,44.93014147418221],[-1.086393765957618,44.93238935254753],[-1.0832292119732674,44.93250574165675],[-1.0830654298861864,44.930257858548764],[-1.0799009892549638,44.9303741528351],[-1.07973734676583,44.928126266262296],[-1.0765730194908876,44.9282424657327],[-1.0762460267715372,44.92374668695351],[-1.0730819393102968,44.92386278688385],[-1.072265318885646,44.91262333882212],[-1.0691018504607581,44.91273932504754],[-1.0689386920290078,44.9104914346004],[-1.0657753369273089,44.91060732605011],[-1.0656123179546317,44.9083594321859],[-1.0624490761792615,44.9084752288668],[-1.0622861966455122,44.90622733159296],[-1.059123068199606,44.90634303351206],[-1.0586348869649802,44.89959933543527],[-1.0617976363314783,44.89948364765935],[-1.06130919341537,44.892739975628594],[-1.0644715507535492,44.89262421197257],[-1.064145734737255,44.88812844671032],[-1.0673078264232365,44.888012602474625],[-1.0671448116993274,44.885764726570926],[-1.0703067640441493,44.88564879704619],[-1.0701436361005918,44.88340092720861],[-1.0733054491073917,44.883284912402495],[-1.0731422079643032,44.88103704863769],[-1.0826271897240465,44.880688478398],[-1.082463582903575,44.878440630184784],[-1.0887865860913626,44.87820780951514],[-1.0886227398998425,44.87595997213989],[-1.091784095584398,44.875843431561954],[-1.0916201362885607,44.87359560028967],[-1.0947813526222145,44.873478974473755],[-1.0946172802421659,44.87123114931108],[-1.1072615092692466,44.87076376523851],[-1.107426086480494,44.873011571356834],[-1.1200706094942008,44.87254272850217],[-1.1202357047293354,44.87479051687346],[-1.1233969286704848,44.87467307642001],[-1.123562163342804,44.87692086135845],[-1.126723500270358,44.8768033261317],[-1.1268888743999637,44.87905110762983],[-1.1300503243107431,44.8789334776228],[-1.130215837917739,44.8811812556732],[-1.1270542617724193,44.88129889047319],[-1.1273850762522384,44.88579446018215],[-1.1242232343600576,44.885912014566664],[-1.124388535204306,44.888159806215455],[-1.1212265538066803,44.88827727538358],[-1.12155694264828,44.892772872246795],[-1.1247191766118463,44.89265539350542],[-1.1252152380446054,44.89939878437072],[-1.122052625156677,44.899516277473495],[-1.1222178791314295,44.901764081850715],[-1.1158923609932676,44.901998807544246],[-1.1160573755252556,44.90424662279787],[-1.1128944702803243,44.90436385537669],[-1.1132242862897803,44.90885949936145],[-1.1100611151153077,44.90897665145291],[-1.1103907312177108,44.91347231019475],[-1.1040638437403631,44.9137063633242],[-1.1042284188054317,44.91595420417784],[-1.097901225782395,44.91618790662766],[-1.09822990981464,44.920683611256685],[-1.1013937657478992,44.920566795539514],[-1.1015582539509174,44.92281464502529],[-1.1047222231333444,44.92269773448217],[-1.1048868509588305,44.92494558048681],[-1.1080509333872566,44.92482857511079],[-1.1083804815292069,44.92932426141862],[-1.1052161461935825,44.92944127633061],[-1.1053808136060197,44.931689126163015],[-1.0895583068036452,44.93227287335502],[-1.0893942717585605,44.93002499973604],[-1.086229857390746,44.93014147418221]]]]}},{"type":"Feature","properties":{"category":"historical_support","snapshot_index":12,"pass_time_utc":"2026-07-24T13:33:00+00:00","dt_local":"2026-07-24T15:33:00+02:00","area_km2":183.5,"label":"Isoline temporelle","coherence_level":"élevée","coherence_fraction":0.78,"projection_displayed":true,"model_version":"fire_progression_arrival_v1"},"geometry":{"type":"MultiPolygon","coordinates":[[[[-1.1204768206632756,44.4465694951745],[-1.1203129655276638,44.444322072524336],[-1.1171757829788687,44.44443940636043],[-1.1170120651584254,44.44219198092501],[-1.1013265789693119,44.44277728699001],[-1.0998592950698785,44.42255033383281],[-1.090451202722931,44.42290031776992],[-1.0902886085495,44.420652874371996],[-1.0840167308150204,44.42088574125025],[-1.0838543979605206,44.4186382904008],[-1.0807185639514603,44.41875458522862],[-1.080394185299673,44.414259680167916],[-1.0772585867906326,44.41437587628397],[-1.0767724879103826,44.40763351982443],[-1.0799077139183277,44.40751733790369],[-1.0797455825441047,44.40526989458285],[-1.0828806715307397,44.405153628168044],[-1.082718428894329,44.40290619163784],[-1.0889883199391424,44.40267340061461],[-1.0888258419369399,44.40042597562345],[-1.0919606439899179,44.400309451026814],[-1.091798054776077,44.39806203284285],[-1.1012020111091838,44.39771193801704],[-1.1010390625068454,44.39546453615504],[-1.1073080538654396,44.39523070307315],[-1.1074712506580826,44.39747809541245],[-1.1106058510011827,44.397361040295635],[-1.1107691848539654,44.39960842993202],[-1.1139038963308616,44.39949128083568],[-1.1137404383769818,44.39724389596992],[-1.135682186100134,44.39642138788805],[-1.1358465127183883,44.39866873925811],[-1.1515194189169753,44.39807853330913],[-1.1518493522997273,44.4025731941511],[-1.1612536835069898,44.402217971185976],[-1.1615844139690958,44.40671261130021],[-1.164719413014859,44.406594015564544],[-1.1652159796060226,44.413335976566685],[-1.1620806081551238,44.41345458679177],[-1.1625769205701084,44.420196580587195],[-1.159441163484595,44.42031511606397],[-1.1597718557504408,44.42480979837304],[-1.1566358371492869,44.424928254257026],[-1.1568010787764502,44.42717560326308],[-1.1536649228421654,44.42729397471945],[-1.1539951970307945,44.431788688411835],[-1.1508587795306873,44.431906980250176],[-1.1510238120642744,44.43415434492679],[-1.1478872572134153,44.43427255231885],[-1.1482171131049268,44.43876729731021],[-1.1325328999202127,44.43935704332756],[-1.1326972261468466,44.441604442839385],[-1.1295602200241475,44.44172212901474],[-1.1297244350183573,44.443969535315034],[-1.1265872915572308,44.44408713700106],[-1.126751395299371,44.44633455008325],[-1.1204768206632756,44.4465694951745]]],[[[-1.1020517976607238,44.9295582011664],[-1.1018872699057463,44.9273103478421],[-1.095558786213844,44.92754391776489],[-1.0957230610436248,44.92979178060706],[-1.0830654298861864,44.930257858548764],[-1.0829016609257673,44.92800997671477],[-1.07973734676583,44.928126266262296],[-1.0794101011310029,44.923630496952775],[-1.0762460267715372,44.92374668695351],[-1.0760825500653124,44.92149879948902],[-1.063426627496693,44.92196263988106],[-1.0632636696365525,44.919714734803776],[-1.0600997827598786,44.91983046501473],[-1.0599369643883723,44.91758255651376],[-1.0567731908953408,44.91769819194666],[-1.0564478461243167,44.913202369411486],[-1.0374664488172238,44.91389423428183],[-1.0369808045546907,44.90715042568389],[-1.0306543266471597,44.90738029873902],[-1.0304927239313482,44.905132355796276],[-1.0273295919357306,44.90524715257259],[-1.0271681285419565,44.90299920626988],[-1.014515976811693,44.9034574742357],[-1.0146769346883444,44.90570543921303],[-1.0051873063066854,44.906048208689604],[-1.0050267275841371,44.90380022974473],[-1.0018636187658416,44.90391430148944],[-1.0017031792855189,44.90166631921907],[-0.9985401839920521,44.901780296272364],[-0.9983798837338106,44.89953231068394],[-0.9952170019682586,44.899646193052796],[-0.9945764347148661,44.89065424547149],[-1.0009011746463998,44.89042642783085],[-1.0005804627177888,44.88593048065499],[-1.0069046460226065,44.88570232151056],[-1.0067440567293997,44.88345435924309],[-1.0099060027994182,44.88334014930008],[-1.009745300082858,44.88109219303947],[-1.0160689010371933,44.88086351243622],[-1.0146208833509163,44.86063205137466],[-1.0209421606379658,44.86040309472299],[-1.020781081825398,44.8581551708202],[-1.0239415749549428,44.85804056220418],[-1.0237803828706213,44.85579264436042],[-1.0269407369320078,44.85567795044883],[-1.0266181391709894,44.8511821282882],[-1.0297782280247954,44.85106735376548],[-1.0296168223766846,44.848819449458404],[-1.0327767721801209,44.848704589658915],[-1.0326152533290185,44.846456691433936],[-1.0357750640851855,44.84634174636531],[-1.035451812952037,44.841845963501214],[-1.038611358566332,44.84173093785811],[-1.0381262006297645,44.834987288218386],[-1.0444444965664346,44.834756995262666],[-1.0441206184373033,44.83026125470513],[-1.0472794948767263,44.83014598272802],[-1.046793396778205,44.82340239669998],[-1.0499518821881717,44.82328704890252],[-1.0496276296045408,44.81879134146732],[-1.0527858500541871,44.81867591316716],[-1.0526236172354808,44.81642806631762],[-1.0557816987291142,44.81631255282273],[-1.0556193529188134,44.81406471212729],[-1.0587772954595494,44.81394911344534],[-1.0586148366776988,44.811701278910625],[-1.0617726402686494,44.81158559504926],[-1.0616100685352898,44.809337766681885],[-1.0679253848120238,44.80910613873118],[-1.0677625742154746,44.806858321258176],[-1.0709200868959179,44.80674237718073],[-1.0707571633995143,44.80449456589175],[-1.0802292454678937,44.80414620857695],[-1.0803925467153506,44.80639400567243],[-1.0835500072144741,44.80627770207958],[-1.083223165960585,44.801782118828044],[-1.0863803615747072,44.801665734841784],[-1.086216834657109,44.79941795015486],[-1.0956879653284328,44.79906827322806],[-1.0945410001051554,44.78333392145388],[-1.0976971365422874,44.78321721603753],[-1.0975332109530564,44.780969462194236],[-1.1006892084810609,44.78085267169809],[-1.100525170200605,44.778604924108116],[-1.1163043319947326,44.77801964797638],[-1.1164689992235557,44.780267371721095],[-1.1259367157910036,44.77991511375843],[-1.125771671212072,44.77766740436463],[-1.1383946054396052,44.77719648865965],[-1.1385601531298861,44.77944417886774],[-1.141715979406687,44.779326220576216],[-1.1420473660660826,44.78382159585492],[-1.1515155201117129,44.783467153145395],[-1.151681610712225,44.785714828574385],[-1.1706183148336033,44.78500348872889],[-1.1707851735332684,44.78725113665891],[-1.1802537230559615,44.786894239455066],[-1.1800864869672405,44.78464660606459],[-1.189554538789538,44.78428891492687],[-1.1893869387240956,44.78204129758783],[-1.2020103170992122,44.781563137952794],[-1.2018422273663485,44.779315541575436],[-1.2207761370927759,44.778595636783486],[-1.2206073063072624,44.776348071218095],[-1.2269182502159017,44.77610739422887],[-1.2270873324842788,44.77835494998942],[-1.2333984738172228,44.77811390393812],[-1.2335678210966128,44.78036145136204],[-1.2367234972119001,44.78024078870101],[-1.236892983783285,44.78248833268877],[-1.2400487721064593,44.78236757529229],[-1.2410667308313286,44.795852840574135],[-1.2379101877734855,44.79597362749069],[-1.2380797692139887,44.79822118173873],[-1.2349230867728092,44.798341883730686],[-1.2350925559368036,44.80058944434831],[-1.2319357341090422,44.80071006140798],[-1.2321050909765219,44.80295762838858],[-1.2257911550088796,44.803198602773584],[-1.2262985516537603,44.80994134183053],[-1.2136690070330367,44.81042227111016],[-1.2138376627217258,44.812669873266046],[-1.2043649849036888,44.81302964126703],[-1.204701581257185,44.81752487919166],[-1.1952280267881918,44.81788386757843],[-1.1950600996568397,44.815636233275605],[-1.1761133839188904,44.816351754046465],[-1.1764477403641362,44.8208470823846],[-1.1701315576064268,44.821084889629645],[-1.1702985039707618,44.82333256562837],[-1.1671402665953303,44.82345133925341],[-1.16730710034345,44.82569902151443],[-1.1641487236500028,44.82581771007963],[-1.1643154447618653,44.82806539859633],[-1.1611569287472052,44.828184002093984],[-1.1613235372027682,44.83043169685976],[-1.1581648818636956,44.83055021528221],[-1.1583313776429103,44.83279791629045],[-1.1520137749981658,44.83303469305731],[-1.152346302427936,44.837530118596426],[-1.149187229096468,44.83764838174719],[-1.1493533867263246,44.83989610144316],[-1.143034948102941,44.8401323676079],[-1.1432008669219524,44.842380098331255],[-1.1400415016352863,44.84249810133331],[-1.1398757088721456,44.840250365802234],[-1.1335571906225037,44.840486092411986],[-1.133391663221843,44.83823834867845],[-1.130232510273667,44.83835607229614],[-1.1300671221579623,44.83610832517167],[-1.1142717893291603,44.83669557045874],[-1.1144365472181925,44.838943341510166],[-1.1081180696364394,44.8391776197103],[-1.1082825885878556,44.84142540171398],[-1.105123203982498,44.84154241068934],[-1.1054520292273846,44.84603798843972],[-1.1022923793065509,44.8461549170106],[-1.1027853375540702,44.85289830839984],[-1.1185853469970806,44.85231269457649],[-1.1184203838704663,44.8500649199151],[-1.1215802200809344,44.84994753208586],[-1.1217453093146739,44.852195301964265],[-1.1470245313168876,44.851252922992394],[-1.1468584332833056,44.84900519150937],[-1.156337544184523,44.84865032977426],[-1.156504020491772,44.85089804679873],[-1.1691431528064655,44.850423619362324],[-1.1693101468205325,44.85267131844039],[-1.1756298850138955,44.85243355539789],[-1.175797144595655,44.85468124616807],[-1.1789571197168687,44.85456222488487],[-1.1796267964301312,44.86355298228979],[-1.1764663168146066,44.86367202297177],[-1.1774704769955038,44.877158228974665],[-1.1743092269336046,44.877277208779255],[-1.1744765076566135,44.879524919343886],[-1.1491850160934582,44.88047355701491],[-1.1493513003890603,44.882721307570954],[-1.1367047297807507,44.88319348588579],[-1.1370363283027245,44.88768902948531],[-1.133874399922047,44.887806858675326],[-1.1347029971855418,44.899045764917],[-1.131540424069101,44.89916352809189],[-1.1317060570238207,44.901411318095484],[-1.12854334431509,44.90152899604179],[-1.1287088642034993,44.903776792151696],[-1.1223831463448066,44.904011887539795],[-1.122879027432587,44.91075531244441],[-1.1197157695577817,44.91087273944354],[-1.1198809633613847,44.913120555131194],[-1.1103907312177108,44.91347231019475],[-1.1105555590775538,44.91572014151104],[-1.1073919955403935,44.91583721787127],[-1.1075567102014439,44.918085055250685],[-1.104393007058229,44.9182020463243],[-1.1047222231333444,44.92269773448217],[-1.1015582539509174,44.92281464502529],[-1.1017227553363385,44.92506249579395],[-1.1048868509588305,44.92494558048681],[-1.1052161461935825,44.92944127633061],[-1.1020517976607238,44.9295582011664]],[[-1.1160573755252556,44.90424662279787],[-1.1128944702803243,44.90436385537669],[-1.1130593716792516,44.90661167671621],[-1.116222403277326,44.90649443936039],[-1.1160573755252556,44.90424662279787]]]]}},{"type":"Feature","properties":{"category":"observed_front","snapshot_index":12,"pass_time_utc":"2026-07-24T13:33:00+00:00","dt_local":"2026-07-24T15:33:00+02:00","area_km2":64.562,"label":"Activité observée","coherence_level":"élevée","coherence_fraction":0.78,"projection_displayed":true,"model_version":"fire_progression_arrival_v1"},"geometry":{"type":"MultiPolygon","coordinates":[[[[-1.0988816883996573,44.40906578949647],[-1.098718799238888,44.40681837258864],[-1.1018539349129464,44.406701566076286],[-1.1016909345497647,44.40445415597648],[-1.1048259331446344,44.40433726499938],[-1.104989057642944,44.40658467033884],[-1.108124167419077,44.40646768537682],[-1.108287429014642,44.408715088002964],[-1.105152195095118,44.40883207772916],[-1.1053153455026992,44.411079487167],[-1.1021799744730323,44.4111963924258],[-1.102016948220189,44.40894897822719],[-1.0988816883996573,44.40906578949647]]],[[[-1.12609505855887,44.43734490972397],[-1.125931006963595,44.43509750463261],[-1.1227943475751656,44.43521499789475],[-1.122466531978536,44.43072018416431],[-1.119330108067147,44.43083757859556],[-1.1191663440347899,44.428590169967414],[-1.122302643710873,44.42847278031689],[-1.121974906229103,44.42397797867446],[-1.1282469696433115,44.42374295074364],[-1.1280828720190221,44.421495562526424],[-1.1343546348927829,44.42126018718301],[-1.1341903019205797,44.41901281057697],[-1.137326039594624,44.41889499383584],[-1.1371615954953398,44.416647624056544],[-1.1402971959312327,44.41652972287628],[-1.140132640724483,44.414282359930304],[-1.1464035540484647,44.41404629947451],[-1.1465683575848018,44.416293652807155],[-1.1528394668820363,44.41605722579705],[-1.1530045318504274,44.418304571532865],[-1.1561401910100477,44.41818621935682],[-1.1568010787764502,44.42717560326308],[-1.1536649228421654,44.42729397471945],[-1.1539951970307945,44.431788688411835],[-1.1508587795306873,44.431906980250176],[-1.1510238120642744,44.43415434492679],[-1.1478872572134153,44.43427255231885],[-1.1480521786076145,44.43651992381388],[-1.1449154864028817,44.436638046752044],[-1.145080296638059,44.438885425058935],[-1.1325328999202127,44.43935704332756],[-1.1323685867491577,44.437109645814694],[-1.12609505855887,44.43734490972397]]],[[[-1.0976971365422874,44.78321721603753],[-1.0975332109530564,44.780969462194236],[-1.1006892084810609,44.78085267169809],[-1.100525170200605,44.778604924108116],[-1.1163043319947326,44.77801964797638],[-1.1164689992235557,44.780267371721095],[-1.1227808234483587,44.780032622909346],[-1.1229457554286708,44.78228033858398],[-1.1261017735631058,44.782162824645546],[-1.1262668445299593,44.78441053702267],[-1.1294229752698541,44.784292928459955],[-1.1299186448153764,44.791036060122124],[-1.1267621366148366,44.79115368306018],[-1.1269272603765046,44.79340140136347],[-1.0953601954738743,44.79457273675695],[-1.0945410001051554,44.78333392145388],[-1.0976971365422874,44.78321721603753]]],[[[-1.1800864869672405,44.78464660606459],[-1.189554538789538,44.78428891492687],[-1.1893869387240956,44.78204129758783],[-1.2020103170992122,44.781563137952794],[-1.2018422273663485,44.779315541575436],[-1.2049979126324488,44.77919578198751],[-1.205166128127227,44.78144337348597],[-1.2146334804935082,44.781083541155425],[-1.2144648877226552,44.77883596431565],[-1.2239317415408513,44.7784753382939],[-1.2241007115732527,44.78072290044216],[-1.2272564282672958,44.78060250723321],[-1.2275946603837253,44.785097626157096],[-1.2212827104237096,44.78533834236827],[-1.2214515951975404,44.787585913848176],[-1.21198319167987,44.7879463291478],[-1.2118146842623936,44.78569874298544],[-1.2086586485895985,44.78581869686889],[-1.2088270302183939,44.78806628791812],[-1.189889779115792,44.7887841540387],[-1.1897221522529018,44.78653653374495],[-1.18340987950447,44.7867750940516],[-1.1835772547658698,44.78902272406436],[-1.1772646768914243,44.78926093474163],[-1.17743181390605,44.79150857593191],[-1.171118930952781,44.79174643694635],[-1.1707851735332684,44.78725113665891],[-1.1802537230559615,44.786894239455066],[-1.1800864869672405,44.78464660606459]]],[[[-1.181759449675502,44.807123005998335],[-1.1849167387124948,44.80700381690111],[-1.1847492563571402,44.80475617520103],[-1.1910635424776574,44.80451753713065],[-1.190895821773116,44.8022699066016],[-1.2003667727357807,44.80191129014671],[-1.200198687871764,44.79966367567937],[-1.2096691403115647,44.79930426516233],[-1.209500691360994,44.79705666679165],[-1.2158140073158035,44.79681662030547],[-1.2159827079421306,44.79906420889667],[-1.21913947152861,44.79894404598929],[-1.2196460319156737,44.8056868057849],[-1.2164888907628026,44.8058069833792],[-1.2166576453556461,44.80805457776512],[-1.2135003648316258,44.80817467039139],[-1.2136690070330367,44.81042227111016],[-1.2041967069160358,44.810782024454525],[-1.2043649849036888,44.81302964126703],[-1.1948921859559198,44.813388600404366],[-1.1950600996568397,44.815636233275605],[-1.1887445813590887,44.81587509972202],[-1.1885769194966136,44.813627457119466],[-1.1822615994021295,44.81386595432788],[-1.181759449675502,44.807123005998335]]],[[[-1.0389348619049266,44.84622671134813],[-1.0382879070011801,44.83723517001442],[-1.0414471875099258,44.83712006381118],[-1.0412853550724688,44.83487218670513],[-1.0444444965664346,44.834756995262666],[-1.0441206184373033,44.83026125470513],[-1.0472794948767263,44.83014598272802],[-1.046793396778205,44.82340239669998],[-1.0499518821881717,44.82328704890252],[-1.0496276296045408,44.81879134146732],[-1.0527858500541871,44.81867591316716],[-1.0526236172354808,44.81642806631762],[-1.0557816987291142,44.81631255282273],[-1.0556193529188134,44.81406471212729],[-1.0587772954595494,44.81394911344534],[-1.0586148366776988,44.811701278910625],[-1.0617726402686494,44.81158559504926],[-1.0616100685352898,44.809337766681885],[-1.0679253848120238,44.80910613873118],[-1.0677625742154746,44.806858321258176],[-1.077235073155873,44.806510219387285],[-1.077398261538215,44.80875802267714],[-1.083713447446192,44.808525495895736],[-1.084040367127007,44.81302108789199],[-1.0808825288261152,44.81313740570147],[-1.0810458823243851,44.815385208614096],[-1.0778879050029146,44.81550144127026],[-1.0780511456022555,44.81774925036456],[-1.074893029257073,44.81786539785973],[-1.0752192976675115,44.822361029837985],[-1.0720609163067656,44.822477096893465],[-1.0723869849147525,44.82697274407476],[-1.0692283385021095,44.827088730676174],[-1.0695542072368163,44.83158439302783],[-1.0663952957359382,44.83170029916082],[-1.0667209645265086,44.836195976650195],[-1.0635617879010557,44.8363118023004],[-1.063724515777787,44.838559647890946],[-1.0605652000666241,44.83867538832801],[-1.0607278148902324,44.84092324004786],[-1.0575683600902381,44.841038895264134],[-1.057730861840654,44.843286753106646],[-1.054571267948707,44.84340232309446],[-1.0547336566058563,44.84565018705303],[-1.0484141776451976,44.84588106661063],[-1.0485763270774413,44.84812894138061],[-1.0454164420140961,44.8482442509385],[-1.0452544186949733,44.84599637147021],[-1.0389348619049266,44.84622671134813]]],[[[-1.1363851627303685,44.835872797609],[-1.1362195357879126,44.83362506148945],[-1.1330606481520664,44.83374286543098],[-1.1325642248524435,44.82699965115941],[-1.138881230824224,44.82676398216784],[-1.1387155308898829,44.82451625651898],[-1.1418738880103723,44.824398291972855],[-1.1420397139303955,44.82664601281546],[-1.151515083609751,44.82629156533888],[-1.1516813007738498,44.82853927316182],[-1.1548398567431735,44.8284209393773],[-1.1551725829762327,44.83291634963],[-1.1520137749981658,44.83303469305731],[-1.152346302427936,44.837530118596426],[-1.142869042559988,44.83788463828594],[-1.1427031502915026,44.83563691036877],[-1.1363851627303685,44.835872797609]]],[[[-1.1395345944854622,44.87858004766072],[-1.139036997274228,44.87183676479227],[-1.142198015488879,44.871718789248085],[-1.142032050122507,44.86947103580329],[-1.1451929288624538,44.86935297509226],[-1.144860785645685,44.86485748189943],[-1.1480213987494259,44.864739340842924],[-1.1478552209275696,44.86249160110467],[-1.1510156945746277,44.86237337490013],[-1.1508494039117945,44.860125641346194],[-1.1540097381053627,44.860007330001295],[-1.1538433346216355,44.85775960263833],[-1.1570035293649072,44.85764120616075],[-1.1568370130803662,44.855393484995346],[-1.1599970683765397,44.85527500339274],[-1.1598304393112608,44.85302728843154],[-1.1661502576699694,44.85279006504771],[-1.1659833897491638,44.85054236113163],[-1.1691431528064655,44.850423619362324],[-1.1693101468205325,44.85267131844039],[-1.1756298850138955,44.85243355539789],[-1.1774704769955038,44.877158228974665],[-1.1743092269336046,44.877277208779255],[-1.1744765076566135,44.879524919343886],[-1.142862009853561,44.8807098165368],[-1.1426959913243224,44.87846205769495],[-1.1395345944854622,44.87858004766072]]],[[[-1.1103907312177108,44.91347231019475],[-1.1105555590775538,44.91572014151104],[-1.1073919955403935,44.91583721787127],[-1.1075567102014439,44.918085055250685],[-1.104393007058229,44.9182020463243],[-1.1047222231333444,44.92269773448217],[-1.1015582539509174,44.92281464502529],[-1.1017227553363385,44.92506249579395],[-1.0985586465298596,44.925179321031635],[-1.0987230346475392,44.92742717784034],[-1.0892302498603021,44.92777712739063],[-1.0890662411072942,44.9255292563222],[-1.082737905090436,44.92576209615813],[-1.0825741623786134,44.92351421688224],[-1.0794101011310029,44.923630496952775],[-1.0792464979821588,44.92138261422282],[-1.063426627496693,44.92196263988106],[-1.0632636696365525,44.919714734803776],[-1.0600997827598786,44.91983046501473],[-1.0599369643883723,44.91758255651376],[-1.0567731908953408,44.91769819194666],[-1.0564478461243167,44.913202369411486],[-1.050120765715008,44.91343335126288],[-1.0496336046691184,44.906689599003464],[-1.0622861966455122,44.90622733159296],[-1.062123330160677,44.903979435631506],[-1.0684492951606377,44.90374777110396],[-1.0682861890082436,44.90149988589805],[-1.0714490255569302,44.901383923301495],[-1.0707962262711044,44.892392414598554],[-1.0676338950421487,44.8925083582957],[-1.0669818100303603,44.88351685200964],[-1.0701436361005918,44.88340092720861],[-1.0699805212204678,44.88115305871661],[-1.0731422079643032,44.88103704863769],[-1.0729789798931368,44.87878918622163],[-1.0887865860913626,44.87820780951514],[-1.0886227398998425,44.87595997213989],[-1.091784095584398,44.875843431561954],[-1.0916201362885607,44.87359560028967],[-1.0947813526222145,44.873478974473755],[-1.0944532209981221,44.86898332550922],[-1.0912922570779051,44.86909994182145],[-1.0906366561365732,44.8601086412849],[-1.0937971153504966,44.85999204397758],[-1.0936331217628499,44.857744227030494],[-1.0967934416987604,44.85762754451357],[-1.0966293350978256,44.85537973370174],[-1.0997895157588726,44.8552629659829],[-1.0996252961647337,44.853015161312946],[-1.1154253714757658,44.85242999724029],[-1.1155902216873557,44.85467777806739],[-1.1219104117621734,44.854443073228644],[-1.1220755274250176,44.85669084587564],[-1.1252357287700467,44.85657335374168],[-1.125400983785479,44.85882112298062],[-1.1222406563047926,44.85893861990185],[-1.122570953721476,44.86343417207846],[-1.1194103607176598,44.86355158860869],[-1.119740458676303,44.86804715583035],[-1.1165796001128807,44.86816449195524],[-1.1174044452507337,44.8794034577018],[-1.136373184363545,44.878697947637676],[-1.1370363283027245,44.88768902948531],[-1.133874399922047,44.887806858675326],[-1.1340400928297294,44.89005463727457],[-1.1277159437225324,44.89029003523151],[-1.127881397333083,44.892537824750406],[-1.1247191766118463,44.89265539350542],[-1.125380618347604,44.901646583960385],[-1.1222178791314295,44.901764081850715],[-1.1223831463448066,44.904011887539795],[-1.119220267550106,44.90412930018538],[-1.119385421653731,44.90637711196725],[-1.116222403277326,44.90649443936039],[-1.1163874442510653,44.90874225722842],[-1.1132242862897803,44.90885949936145],[-1.1135541551519867,44.913355148555574],[-1.1103907312177108,44.91347231019475]],[[-1.1160573755252556,44.90424662279787],[-1.1128944702803243,44.90436385537669],[-1.1130593716792516,44.90661167671621],[-1.116222403277326,44.90649443936039],[-1.1160573755252556,44.90424662279787]]],[[[-1.0017031792855189,44.90166631921907],[-0.9985401839920521,44.901780296272364],[-0.9983798837338106,44.89953231068394],[-0.9952170019682586,44.899646193052796],[-0.9945764347148661,44.89065424547149],[-1.0009011746463998,44.89042642783085],[-1.0007408122602766,44.88817845356958],[-1.0102274468462977,44.88783606587639],[-1.0103881881797079,44.89008402618535],[-1.0135505002868157,44.88996971225654],[-1.0137113808183387,44.892217669249895],[-1.0168738063611984,44.89210326063658],[-1.0171958587593324,44.896599169312715],[-1.0203585240746258,44.896484661341916],[-1.020519695972987,44.898732613013706],[-1.017356904307849,44.89884712565071],[-1.017679034111525,44.9033430423096],[-1.014515976811693,44.9034574742357],[-1.0146769346883444,44.90570543921303],[-1.0051873063066854,44.906048208689604],[-1.0050267275841371,44.90380022974473],[-1.0018636187658416,44.90391430148944],[-1.0017031792855189,44.90166631921907]]]]}},{"type":"Feature","properties":{"category":"plausible_front_1h","snapshot_index":12,"pass_time_utc":"2026-07-24T13:33:00+00:00","dt_local":"2026-07-24T15:33:00+02:00","area_km2":69.312,"label":"Progression plausible à +1 h","coherence_level":"élevée","coherence_fraction":0.78,"projection_displayed":true,"model_version":"fire_progression_arrival_v1"},"geometry":{"type":"MultiPolygon","coordinates":[[[[-1.0988816883996573,44.40906578949647],[-1.098718799238888,44.40681837258864],[-1.1018539349129464,44.406701566076286],[-1.1016909345497647,44.40445415597648],[-1.1048259331446344,44.40433726499938],[-1.104989057642944,44.40658467033884],[-1.108124167419077,44.40646768537682],[-1.108287429014642,44.408715088002964],[-1.105152195095118,44.40883207772916],[-1.1053153455026992,44.411079487167],[-1.1021799744730323,44.4111963924258],[-1.102016948220189,44.40894897822719],[-1.0988816883996573,44.40906578949647]]],[[[-1.12609505855887,44.43734490972397],[-1.125931006963595,44.43509750463261],[-1.1227943475751656,44.43521499789475],[-1.122466531978536,44.43072018416431],[-1.119330108067147,44.43083757859556],[-1.1191663440347899,44.428590169967414],[-1.122302643710873,44.42847278031689],[-1.121974906229103,44.42397797867446],[-1.1282469696433115,44.42374295074364],[-1.1280828720190221,44.421495562526424],[-1.1343546348927829,44.42126018718301],[-1.1340259819997849,44.41676543599987],[-1.1371615954953398,44.416647624056544],[-1.1369971644557177,44.414400256309335],[-1.140132640724483,44.414282359930304],[-1.139968098585648,44.412034999019525],[-1.146238763599653,44.41179894817668],[-1.1464035540484647,44.41404629947451],[-1.152674415022342,44.413809882092266],[-1.1528394668820363,44.41605722579705],[-1.1559750018725126,44.41593887844056],[-1.1561401910100477,44.41818621935682],[-1.1592758370496044,44.418067777943634],[-1.159441163484595,44.42031511606397],[-1.1563053932676477,44.42043356230054],[-1.1568010787764502,44.42717560326308],[-1.1536649228421654,44.42729397471945],[-1.1539951970307945,44.431788688411835],[-1.1508587795306873,44.431906980250176],[-1.1510238120642744,44.43415434492679],[-1.1478872572134153,44.43427255231885],[-1.1480521786076145,44.43651992381388],[-1.1449154864028817,44.436638046752044],[-1.145080296638059,44.438885425058935],[-1.1325328999202127,44.43935704332756],[-1.1323685867491577,44.437109645814694],[-1.12609505855887,44.43734490972397]]],[[[-1.0976971365422874,44.78321721603753],[-1.0975332109530564,44.780969462194236],[-1.1006892084810609,44.78085267169809],[-1.100525170200605,44.778604924108116],[-1.1163043319947326,44.77801964797638],[-1.1164689992235557,44.780267371721095],[-1.1227808234483587,44.780032622909346],[-1.1229457554286708,44.78228033858398],[-1.1261017735631058,44.782162824645546],[-1.1262668445299593,44.78441053702267],[-1.1294229752698541,44.784292928459955],[-1.1299186448153764,44.791036060122124],[-1.1267621366148366,44.79115368306018],[-1.1269272603765046,44.79340140136347],[-1.0953601954738743,44.79457273675695],[-1.0945410001051554,44.78333392145388],[-1.0976971365422874,44.78321721603753]]],[[[-1.1679624694570574,44.79186523268924],[-1.1676289636666484,44.78736992272274],[-1.1707851735332684,44.78725113665891],[-1.1706183148336033,44.78500348872889],[-1.1769304429439564,44.784765656783854],[-1.1770975532379255,44.78701329502449],[-1.1802537230559615,44.786894239455066],[-1.1800864869672405,44.78464660606459],[-1.189554538789538,44.78428891492687],[-1.1893869387240956,44.78204129758783],[-1.2020103170992122,44.781563137952794],[-1.2018422273663485,44.779315541575436],[-1.2049979126324488,44.77919578198751],[-1.205166128127227,44.78144337348597],[-1.2146334804935082,44.781083541155425],[-1.2144648877226552,44.77883596431565],[-1.2239317415408513,44.7784753382939],[-1.2241007115732527,44.78072290044216],[-1.2272564282672958,44.78060250723321],[-1.2275946603837253,44.785097626157096],[-1.2212827104237096,44.78533834236827],[-1.2214515951975404,44.787585913848176],[-1.21198319167987,44.7879463291478],[-1.2118146842623936,44.78569874298544],[-1.2086586485895985,44.78581869686889],[-1.2088270302183939,44.78806628791812],[-1.189889779115792,44.7887841540387],[-1.1897221522529018,44.78653653374495],[-1.18340987950447,44.7867750940516],[-1.1835772547658698,44.78902272406436],[-1.1772646768914243,44.78926093474163],[-1.177598964283407,44.79375621859198],[-1.1712858296758242,44.79399408929705],[-1.171118930952781,44.79174643694635],[-1.1679624694570574,44.79186523268924]]],[[[-1.1822615994021295,44.81386595432788],[-1.181759449675502,44.807123005998335],[-1.1849167387124948,44.80700381690111],[-1.1847492563571402,44.80475617520103],[-1.1910635424776574,44.80451753713065],[-1.190895821773116,44.8022699066016],[-1.2003667727357807,44.80191129014671],[-1.200198687871764,44.79966367567937],[-1.2096691403115647,44.79930426516233],[-1.209500691360994,44.79705666679165],[-1.2158140073158035,44.79681662030547],[-1.2159827079421306,44.79906420889667],[-1.21913947152861,44.79894404598929],[-1.2196460319156737,44.8056868057849],[-1.2164888907628026,44.8058069833792],[-1.2166576453556461,44.80805457776512],[-1.2135003648316258,44.80817467039139],[-1.2136690070330367,44.81042227111016],[-1.2041967069160358,44.810782024454525],[-1.2043649849036888,44.81302964126703],[-1.1948921859559198,44.813388600404366],[-1.1950600996568397,44.815636233275605],[-1.1887445813590887,44.81587509972202],[-1.1885769194966136,44.813627457119466],[-1.1822615994021295,44.81386595432788]]],[[[-1.0389348619049266,44.84622671134813],[-1.0382879070011801,44.83723517001442],[-1.0414471875099258,44.83712006381118],[-1.0412853550724688,44.83487218670513],[-1.0444444965664346,44.834756995262666],[-1.0441206184373033,44.83026125470513],[-1.0472794948767263,44.83014598272802],[-1.0471174492135962,44.82789811928633],[-1.043958698807011,44.82801338656675],[-1.043634898407207,44.823517654587654],[-1.046793396778205,44.82340239669998],[-1.0463074153289789,44.8166588236137],[-1.0494655227654275,44.8165434899148],[-1.0493034288927099,44.814295639810176],[-1.0524613973931936,44.814180220915766],[-1.0522991905257706,44.81193237696497],[-1.0586148366776988,44.811701278910625],[-1.0584523908891974,44.80945344582993],[-1.0616100685352898,44.809337766681885],[-1.061447509803742,44.80708993977172],[-1.0646050485147438,44.806974175455366],[-1.064767733179571,44.80922199764878],[-1.0679253848120238,44.80910613873118],[-1.0677625742154746,44.806858321258176],[-1.077235073155873,44.806510219387285],[-1.077398261538215,44.80875802267714],[-1.083713447446192,44.808525495895736],[-1.084040367127007,44.81302108789199],[-1.0808825288261152,44.81313740570147],[-1.0810458823243851,44.815385208614096],[-1.0778879050029146,44.81550144127026],[-1.0780511456022555,44.81774925036456],[-1.074893029257073,44.81786539785973],[-1.0752192976675115,44.822361029837985],[-1.0720609163067656,44.822477096893465],[-1.0723869849147525,44.82697274407476],[-1.0692283385021095,44.827088730676174],[-1.0695542072368163,44.83158439302783],[-1.0663952957359382,44.83170029916082],[-1.0667209645265086,44.836195976650195],[-1.0635617879010557,44.8363118023004],[-1.063724515777787,44.838559647890946],[-1.0605652000666241,44.83867538832801],[-1.0607278148902324,44.84092324004786],[-1.0575683600902381,44.841038895264134],[-1.057730861840654,44.843286753106646],[-1.054571267948707,44.84340232309446],[-1.0547336566058563,44.84565018705303],[-1.0484141776451976,44.84588106661063],[-1.0485763270774413,44.84812894138061],[-1.0454164420140961,44.8482442509385],[-1.0452544186949733,44.84599637147021],[-1.0389348619049266,44.84622671134813]]],[[[-1.1363851627303685,44.835872797609],[-1.1362195357879126,44.83362506148945],[-1.1330606481520664,44.83374286543098],[-1.1325642248524435,44.82699965115941],[-1.138881230824224,44.82676398216784],[-1.1387155308898829,44.82451625651898],[-1.1418738880103723,44.824398291972855],[-1.1420397139303955,44.82664601281546],[-1.151515083609751,44.82629156533888],[-1.1516813007738498,44.82853927316182],[-1.1548398567431735,44.8284209393773],[-1.1551725829762327,44.83291634963],[-1.1520137749981658,44.83303469305731],[-1.152346302427936,44.837530118596426],[-1.142869042559988,44.83788463828594],[-1.1427031502915026,44.83563691036877],[-1.1363851627303685,44.835872797609]]],[[[-1.1103907312177108,44.91347231019475],[-1.1105555590775538,44.91572014151104],[-1.1073919955403935,44.91583721787127],[-1.1075567102014439,44.918085055250685],[-1.104393007058229,44.9182020463243],[-1.1047222231333444,44.92269773448217],[-1.1015582539509174,44.92281464502529],[-1.1017227553363385,44.92506249579395],[-1.0985586465298596,44.925179321031635],[-1.0987230346475392,44.92742717784034],[-1.0892302498603021,44.92777712739063],[-1.0890662411072942,44.9255292563222],[-1.082737905090436,44.92576209615813],[-1.0825741623786134,44.92351421688224],[-1.0794101011310029,44.923630496952775],[-1.0792464979821588,44.92138261422282],[-1.069754614941092,44.92173089982072],[-1.0699178387573607,44.923978796743285],[-1.0635895984167207,44.92421054624708],[-1.063426627496693,44.92196263988106],[-1.0570985878127481,44.92219401966547],[-1.0569358828349642,44.9199461051598],[-1.053771969871888,44.920061655238406],[-1.0534468518860585,44.91556582069125],[-1.0502831787548503,44.915681271293344],[-1.050120765715008,44.91343335126288],[-1.0469572059853447,44.91354870710394],[-1.0464704241282725,44.90680494074343],[-1.0496336046691184,44.906689599003464],[-1.04947124367316,44.9044416842056],[-1.0526342848308134,44.904326257123614],[-1.0527967722013374,44.906574167217876],[-1.0622861966455122,44.90622733159296],[-1.062123330160677,44.903979435631506],[-1.0684492951606377,44.90374777110396],[-1.0682861890082436,44.90149988589805],[-1.0714490255569302,44.901383923301495],[-1.0707962262711044,44.892392414598554],[-1.0676338950421487,44.8925083582957],[-1.0669818100303603,44.88351685200964],[-1.0701436361005918,44.88340092720861],[-1.0699805212204678,44.88115305871661],[-1.0731422079643032,44.88103704863769],[-1.0729789798931368,44.87878918622163],[-1.0887865860913626,44.87820780951514],[-1.0886227398998425,44.87595997213989],[-1.091784095584398,44.875843431561954],[-1.0916201362885607,44.87359560028967],[-1.0947813526222145,44.873478974473755],[-1.0944532209981221,44.86898332550922],[-1.0912922570779051,44.86909994182145],[-1.0909644303647752,44.86460428881084],[-1.0878037056965648,44.86472080564835],[-1.0874761838045648,44.86022514862769],[-1.0906366561365732,44.8601086412849],[-1.0904727887003862,44.85786081958711],[-1.0936331217628499,44.857744227030494],[-1.093469141301757,44.85549641146452],[-1.0966293350978256,44.85537973370174],[-1.096465241631911,44.85313192427419],[-1.0996252961647337,44.853015161312946],[-1.0994610897140797,44.85076735803041],[-1.1152605344578592,44.85018221779958],[-1.1154253714757658,44.85242999724029],[-1.1217453093146739,44.852195301964265],[-1.1219104117621734,44.854443073228644],[-1.1250704869815855,44.854325585881725],[-1.1252357287700467,44.85657335374168],[-1.1283959168881037,44.85645577165314],[-1.1285612980376079,44.858703536101174],[-1.125400983785479,44.85882112298062],[-1.125731533503604,44.86331666558209],[-1.122570953721476,44.86343417207846],[-1.12290130402491,44.86792972973145],[-1.119740458676303,44.86804715583035],[-1.1199055274770524,44.87029494148667],[-1.1167445427245783,44.87041228239255],[-1.1174044452507337,44.8794034577018],[-1.1332117609686212,44.87881575762523],[-1.1330461343916303,44.87656798571632],[-1.1362074315652475,44.87645018052886],[-1.1358759657813013,44.87195465035859],[-1.142198015488879,44.871718789248085],[-1.142032050122507,44.86947103580329],[-1.1451929288624538,44.86935297509226],[-1.144860785645685,44.86485748189943],[-1.1480213987494259,44.864739340842924],[-1.1478552209275696,44.86249160110467],[-1.1510156945746277,44.86237337490013],[-1.1508494039117945,44.860125641346194],[-1.1540097381053627,44.860007330001295],[-1.1538433346216355,44.85775960263833],[-1.1570035293649072,44.85764120616075],[-1.1568370130803662,44.855393484995346],[-1.1599970683765397,44.85527500339274],[-1.1598304393112608,44.85302728843154],[-1.1661502576699694,44.85279006504771],[-1.1659833897491638,44.85054236113163],[-1.1691431528064655,44.850423619362324],[-1.1693101468205325,44.85267131844039],[-1.1756298850138955,44.85243355539789],[-1.1774704769955038,44.877158228974665],[-1.1743092269336046,44.877277208779255],[-1.1746438017748364,44.88177263124725],[-1.1714822858849518,44.88189153075796],[-1.171315117988942,44.87964381401022],[-1.1586694255671128,44.88011849280291],[-1.1588360885582156,44.88236622889163],[-1.1430280416775045,44.882957576719484],[-1.142862009853561,44.8807098165368],[-1.1397004867865306,44.880827811310205],[-1.1401982434040223,44.88757111029126],[-1.1370363283027245,44.88768902948531],[-1.1372021474819836,44.889936803283405],[-1.1340400928297294,44.89005463727457],[-1.1342057990083263,44.892302417201726],[-1.1247191766118463,44.89265539350542],[-1.125380618347604,44.901646583960385],[-1.1222178791314295,44.901764081850715],[-1.1223831463448066,44.904011887539795],[-1.119220267550106,44.90412930018538],[-1.119385421653731,44.90637711196725],[-1.116222403277326,44.90649443936039],[-1.1163874442510653,44.90874225722842],[-1.1132242862897803,44.90885949936145],[-1.1135541551519867,44.913355148555574],[-1.1103907312177108,44.91347231019475]],[[-1.1160573755252556,44.90424662279787],[-1.1128944702803243,44.90436385537669],[-1.1130593716792516,44.90661167671621],[-1.116222403277326,44.90649443936039],[-1.1160573755252556,44.90424662279787]]],[[[-1.0017031792855189,44.90166631921907],[-0.9985401839920521,44.901780296272364],[-0.9983798837338106,44.89953231068394],[-0.9952170019682586,44.899646193052796],[-0.9945764347148661,44.89065424547149],[-1.0009011746463998,44.89042642783085],[-1.0007408122602766,44.88817845356958],[-1.0102274468462977,44.88783606587639],[-1.0103881881797079,44.89008402618535],[-1.0135505002868157,44.88996971225654],[-1.0137113808183387,44.892217669249895],[-1.0168738063611984,44.89210326063658],[-1.0171958587593324,44.896599169312715],[-1.0203585240746258,44.896484661341916],[-1.020519695972987,44.898732613013706],[-1.017356904307849,44.89884712565071],[-1.017679034111525,44.9033430423096],[-1.014515976811693,44.9034574742357],[-1.0146769346883444,44.90570543921303],[-1.0051873063066854,44.906048208689604],[-1.0050267275841371,44.90380022974473],[-1.0018636187658416,44.90391430148944],[-1.0017031792855189,44.90166631921907]]]]}},{"type":"Feature","properties":{"category":"historical_support","snapshot_index":13,"pass_time_utc":"2026-07-24T13:55:00+00:00","dt_local":"2026-07-24T15:55:00+02:00","area_km2":193.25,"label":"Isoline temporelle","coherence_level":"élevée","coherence_fraction":0.908,"projection_displayed":true,"model_version":"fire_progression_arrival_v1"},"geometry":{"type":"MultiPolygon","coordinates":[[[[-1.1204768206632756,44.4465694951745],[-1.1203129655276638,44.444322072524336],[-1.1171757829788687,44.44443940636043],[-1.1170120651584254,44.44219198092501],[-1.1013265789693119,44.44277728699001],[-1.0998592950698785,44.42255033383281],[-1.090451202722931,44.42290031776992],[-1.0902886085495,44.420652874371996],[-1.0840167308150204,44.42088574125025],[-1.0838543979605206,44.4186382904008],[-1.0807185639514603,44.41875458522862],[-1.080394185299673,44.414259680167916],[-1.0772585867906326,44.41437587628397],[-1.0767724879103826,44.40763351982443],[-1.0799077139183277,44.40751733790369],[-1.0797455825441047,44.40526989458285],[-1.0828806715307397,44.405153628168044],[-1.082718428894329,44.40290619163784],[-1.0889883199391424,44.40267340061461],[-1.0888258419369399,44.40042597562345],[-1.0919606439899179,44.400309451026814],[-1.091798054776077,44.39806203284285],[-1.1012020111091838,44.39771193801704],[-1.1010390625068454,44.39546453615504],[-1.1073080538654396,44.39523070307315],[-1.1074712506580826,44.39747809541245],[-1.1106058510011827,44.397361040295635],[-1.1107691848539654,44.39960842993202],[-1.1139038963308616,44.39949128083568],[-1.1137404383769818,44.39724389596992],[-1.135682186100134,44.39642138788805],[-1.1358465127183883,44.39866873925811],[-1.1515194189169753,44.39807853330913],[-1.1518493522997273,44.4025731941511],[-1.1612536835069898,44.402217971185976],[-1.1615844139690958,44.40671261130021],[-1.164719413014859,44.406594015564544],[-1.1652159796060226,44.413335976566685],[-1.1620806081551238,44.41345458679177],[-1.1625769205701084,44.420196580587195],[-1.159441163484595,44.42031511606397],[-1.1597718557504408,44.42480979837304],[-1.1566358371492869,44.424928254257026],[-1.1568010787764502,44.42717560326308],[-1.1536649228421654,44.42729397471945],[-1.1539951970307945,44.431788688411835],[-1.1508587795306873,44.431906980250176],[-1.1510238120642744,44.43415434492679],[-1.1478872572134153,44.43427255231885],[-1.1482171131049268,44.43876729731021],[-1.1325328999202127,44.43935704332756],[-1.1326972261468466,44.441604442839385],[-1.1295602200241475,44.44172212901474],[-1.1297244350183573,44.443969535315034],[-1.1265872915572308,44.44408713700106],[-1.126751395299371,44.44633455008325],[-1.1204768206632756,44.4465694951745]]],[[[-1.1020517976607238,44.9295582011664],[-1.1018872699057463,44.9273103478421],[-1.095558786213844,44.92754391776489],[-1.0957230610436248,44.92979178060706],[-1.0830654298861864,44.930257858548764],[-1.0829016609257673,44.92800997671477],[-1.07973734676583,44.928126266262296],[-1.0794101011310029,44.923630496952775],[-1.0762460267715372,44.92374668695351],[-1.0760825500653124,44.92149879948902],[-1.063426627496693,44.92196263988106],[-1.0632636696365525,44.919714734803776],[-1.0600997827598786,44.91983046501473],[-1.0599369643883723,44.91758255651376],[-1.0567731908953408,44.91769819194666],[-1.0564478461243167,44.913202369411486],[-1.0374664488172238,44.91389423428183],[-1.0369808045546907,44.90715042568389],[-1.0306543266471597,44.90738029873902],[-1.0304927239313482,44.905132355796276],[-1.0273295919357306,44.90524715257259],[-1.0271681285419565,44.90299920626988],[-1.014515976811693,44.9034574742357],[-1.0146769346883444,44.90570543921303],[-1.0051873063066854,44.906048208689604],[-1.0050267275841371,44.90380022974473],[-1.0018636187658416,44.90391430148944],[-1.0017031792855189,44.90166631921907],[-0.9985401839920521,44.901780296272364],[-0.9983798837338106,44.89953231068394],[-0.9952170019682586,44.899646193052796],[-0.9945764347148661,44.89065424547149],[-1.0009011746463998,44.89042642783085],[-1.0005804627177888,44.88593048065499],[-1.0069046460226065,44.88570232151056],[-1.0067440567293997,44.88345435924309],[-1.0099060027994182,44.88334014930008],[-1.009745300082858,44.88109219303947],[-1.0160689010371933,44.88086351243622],[-1.0146208833509163,44.86063205137466],[-1.0209421606379658,44.86040309472299],[-1.020781081825398,44.8581551708202],[-1.0239415749549428,44.85804056220418],[-1.0237803828706213,44.85579264436042],[-1.0269407369320078,44.85567795044883],[-1.0266181391709894,44.8511821282882],[-1.0297782280247954,44.85106735376548],[-1.0296168223766846,44.848819449458404],[-1.0327767721801209,44.848704589658915],[-1.0326152533290185,44.846456691433936],[-1.0357750640851855,44.84634174636531],[-1.035451812952037,44.841845963501214],[-1.032292254404418,44.841960899203045],[-1.0319693071729559,44.83746511262012],[-1.0288099878735493,44.83757994902147],[-1.02848734445418,44.83308415875567],[-1.0253282643790715,44.83319889587137],[-1.0245225118375485,44.82195942184278],[-1.0276809617521065,44.82184470809985],[-1.027519723915832,44.819596822282904],[-1.0306780349305968,44.81948202330805],[-1.0305166840016424,44.817234143614435],[-1.0368330153214993,44.817004285315164],[-1.0366714253425895,44.81475641643601],[-1.0429874530072414,44.81452620791459],[-1.0428256240231202,44.81227834986707],[-1.0522991905257706,44.81193237696497],[-1.0521369966316547,44.80968453446862],[-1.0679253848120238,44.80910613873118],[-1.0677625742154746,44.806858321258176],[-1.0709200868959179,44.80674237718073],[-1.0707571633995143,44.80449456589175],[-1.0802292454678937,44.80414620857695],[-1.0803925467153506,44.80639400567243],[-1.0835500072144741,44.80627770207958],[-1.083223165960585,44.801782118828044],[-1.0863803615747072,44.801665734841784],[-1.086216834657109,44.79941795015486],[-1.0956879653284328,44.79906827322806],[-1.0950324780296354,44.79007720618657],[-1.0918759510151543,44.790193836018545],[-1.0912211765975501,44.78120277368262],[-1.1006892084810609,44.78085267169809],[-1.100525170200605,44.778604924108116],[-1.1163043319947326,44.77801964797638],[-1.1164689992235557,44.780267371721095],[-1.1259367157910036,44.77991511375843],[-1.125771671212072,44.77766740436463],[-1.1383946054396052,44.77719648865965],[-1.1385601531298861,44.77944417886774],[-1.141715979406687,44.779326220576216],[-1.1420473660660826,44.78382159585492],[-1.1515155201117129,44.783467153145395],[-1.151681610712225,44.785714828574385],[-1.1706183148336033,44.78500348872889],[-1.1707851735332684,44.78725113665891],[-1.1802537230559615,44.786894239455066],[-1.1800864869672405,44.78464660606459],[-1.189554538789538,44.78428891492687],[-1.1893869387240956,44.78204129758783],[-1.2020103170992122,44.781563137952794],[-1.2018422273663485,44.779315541575436],[-1.2207761370927759,44.778595636783486],[-1.2206073063072624,44.776348071218095],[-1.2269182502159017,44.77610739422887],[-1.2270873324842788,44.77835494998942],[-1.2333984738172228,44.77811390393812],[-1.2335678210966128,44.78036145136204],[-1.2367234972119001,44.78024078870101],[-1.236892983783285,44.78248833268877],[-1.2400487721064593,44.78236757529229],[-1.2410667308313286,44.795852840574135],[-1.2379101877734855,44.79597362749069],[-1.2380797692139887,44.79822118173873],[-1.2349230867728092,44.798341883730686],[-1.2350925559368036,44.80058944434831],[-1.2319357341090422,44.80071006140798],[-1.2321050909765219,44.80295762838858],[-1.2257911550088796,44.803198602773584],[-1.2262985516537603,44.80994134183053],[-1.2136690070330367,44.81042227111016],[-1.2138376627217258,44.812669873266046],[-1.2043649849036888,44.81302964126703],[-1.204701581257185,44.81752487919166],[-1.1952280267881918,44.81788386757843],[-1.1950600996568397,44.815636233275605],[-1.1761133839188904,44.816351754046465],[-1.1764477403641362,44.8208470823846],[-1.1701315576064268,44.821084889629645],[-1.1702985039707618,44.82333256562837],[-1.1671402665953303,44.82345133925341],[-1.16730710034345,44.82569902151443],[-1.1641487236500028,44.82581771007963],[-1.1643154447618653,44.82806539859633],[-1.1611569287472052,44.828184002093984],[-1.1624901697168168,44.84616559961353],[-1.1688092048696468,44.84592822535809],[-1.1693101468205325,44.85267131844039],[-1.1756298850138955,44.85243355539789],[-1.175797144595655,44.85468124616807],[-1.1789571197168687,44.85456222488487],[-1.1796267964301312,44.86355298228979],[-1.1764663168146066,44.86367202297177],[-1.1774704769955038,44.877158228974665],[-1.1743092269336046,44.877277208779255],[-1.1744765076566135,44.879524919343886],[-1.1491850160934582,44.88047355701491],[-1.1493513003890603,44.882721307570954],[-1.1367047297807507,44.88319348588579],[-1.1370363283027245,44.88768902948531],[-1.133874399922047,44.887806858675326],[-1.1347029971855418,44.899045764917],[-1.131540424069101,44.89916352809189],[-1.1317060570238207,44.901411318095484],[-1.12854334431509,44.90152899604179],[-1.1287088642034993,44.903776792151696],[-1.1223831463448066,44.904011887539795],[-1.122879027432587,44.91075531244441],[-1.1197157695577817,44.91087273944354],[-1.1198809633613847,44.913120555131194],[-1.1103907312177108,44.91347231019475],[-1.1105555590775538,44.91572014151104],[-1.1073919955403935,44.91583721787127],[-1.1075567102014439,44.918085055250685],[-1.104393007058229,44.9182020463243],[-1.1047222231333444,44.92269773448217],[-1.1015582539509174,44.92281464502529],[-1.1017227553363385,44.92506249579395],[-1.1048868509588305,44.92494558048681],[-1.1052161461935825,44.92944127633061],[-1.1020517976607238,44.9295582011664]],[[-1.1160573755252556,44.90424662279787],[-1.1128944702803243,44.90436385537669],[-1.1130593716792516,44.90661167671621],[-1.116222403277326,44.90649443936039],[-1.1160573755252556,44.90424662279787]],[[-1.1591640563921601,44.844036442421476],[-1.1370478030442661,44.84486375613922],[-1.1372134962667073,44.847111499267896],[-1.1340538523066346,44.847229332011295],[-1.1343850263470678,44.851724832042656],[-1.1470245313168876,44.851252922992394],[-1.1468584332833056,44.84900519150937],[-1.156337544184523,44.84865032977426],[-1.156504020491772,44.85089804679873],[-1.1596638235817829,44.850779574850435],[-1.1591640563921601,44.844036442421476]],[[-1.1117712895825271,44.84580386147928],[-1.1149308999967649,44.84568666309086],[-1.1147661025504132,44.843438887829606],[-1.1210850316464291,44.8432042308003],[-1.1209199952518838,44.84095646649959],[-1.1240793139283773,44.84083900787062],[-1.1239141646843025,44.838591249758366],[-1.1270733440911425,44.83847370598965],[-1.1269080820176045,44.83622595407247],[-1.1142717893291603,44.83669557045874],[-1.1144365472181925,44.838943341510166],[-1.1081180696364394,44.8391776197103],[-1.1082825885878556,44.84142540171398],[-1.105123203982498,44.84154241068934],[-1.1054520292273846,44.84603798843972],[-1.1022923793065509,44.8461549170106],[-1.1024566855714941,44.84840271274749],[-1.1119359741275985,44.84805164291233],[-1.1117712895825271,44.84580386147928]]]]}},{"type":"Feature","properties":{"category":"observed_front","snapshot_index":13,"pass_time_utc":"2026-07-24T13:55:00+00:00","dt_local":"2026-07-24T15:55:00+02:00","area_km2":48.75,"label":"Activité observée","coherence_level":"élevée","coherence_fraction":0.908,"projection_displayed":true,"model_version":"fire_progression_arrival_v1"},"geometry":{"type":"MultiPolygon","coordinates":[[[[-1.1353409068925964,44.434744489239],[-1.129067653319189,44.434979922102215],[-1.1287393407317432,44.43048512751767],[-1.1256029428700065,44.43060270047148],[-1.1252749308953518,44.42610790436153],[-1.1284110803024934,44.42599034098348],[-1.1280828720190221,44.421495562526424],[-1.1343546348927829,44.42126018718301],[-1.1341903019205797,44.41901281057697],[-1.137326039594624,44.41889499383584],[-1.1371615954953398,44.416647624056544],[-1.1434327832976554,44.416411732459615],[-1.143268103925334,44.414164374318496],[-1.1464035540484647,44.41404629947451],[-1.146238763599653,44.41179894817668],[-1.1493740764826053,44.41168078891297],[-1.1492091749769138,44.409433444464995],[-1.155479513164676,44.40919686789016],[-1.1556446629513877,44.411444202703876],[-1.1587799365176095,44.41132577575963],[-1.159110523744485,44.415820441850556],[-1.1622460324881494,44.41570191602762],[-1.1624114699592898,44.417949247293876],[-1.1592758370496044,44.418067777943634],[-1.1597718557504408,44.42480979837304],[-1.1566358371492869,44.424928254257026],[-1.1568010787764502,44.42717560326308],[-1.1536649228421654,44.42729397471945],[-1.1539951970307945,44.431788688411835],[-1.1508587795306873,44.431906980250176],[-1.1510238120642744,44.43415434492679],[-1.1447506892610013,44.43439067044665],[-1.1449154864028817,44.436638046752044],[-1.1355053312681724,44.43699187995368],[-1.1353409068925964,44.434744489239]]],[[[-1.0951963302012504,44.79232497073248],[-1.0950324780296354,44.79007720618657],[-1.0918759510151543,44.790193836018545],[-1.0912211765975501,44.78120277368262],[-1.1038451928959,44.780735791368116],[-1.1040093700923441,44.78298353569115],[-1.1103215511434368,44.78274949599705],[-1.1104859930855504,44.78499723227622],[-1.1199545434711766,44.78464548463782],[-1.1201193760091972,44.78689320807373],[-1.1232756589451252,44.78677577440045],[-1.1234406304844282,44.789023494535556],[-1.1202842217251225,44.78914093299329],[-1.1204490806205347,44.79138865939313],[-1.117292532846783,44.79150601278689],[-1.1174572790782935,44.793753745444874],[-1.1016737135953067,44.79433918851512],[-1.1015095966122763,44.79209143200567],[-1.0951963302012504,44.79232497073248]]],[[[-1.0356134320511743,44.84409385422906],[-1.035451812952037,44.841845963501214],[-1.032292254404418,44.841960899203045],[-1.0319693071729559,44.83746511262012],[-1.0288099878735493,44.83757994902147],[-1.02848734445418,44.83308415875567],[-1.0253282643790715,44.83319889587137],[-1.0245225118375485,44.82195942184278],[-1.0276809617521065,44.82184470809985],[-1.027519723915832,44.819596822282904],[-1.0306780349305968,44.81948202330805],[-1.0305166840016424,44.817234143614435],[-1.0368330153214993,44.817004285315164],[-1.0366714253425895,44.81475641643601],[-1.0429874530072414,44.81452620791459],[-1.0428256240231202,44.81227834986707],[-1.0522991905257706,44.81193237696497],[-1.0521369966316547,44.80968453446862],[-1.0616100685352898,44.809337766681885],[-1.0624230572513702,44.820576923023225],[-1.0655813517123585,44.82046113040327],[-1.0659068902519686,44.824956793609545],[-1.0690654236870523,44.82484090164333],[-1.0692283385021095,44.827088730676174],[-1.0660696790551232,44.82720462736443],[-1.0665581236167234,44.833948137195584],[-1.0633990730448553,44.83406395812655],[-1.0635617879010557,44.8363118023004],[-1.0604025982550729,44.836427538021695],[-1.0607278148902324,44.84092324004786],[-1.0544088922866621,44.84115446054307],[-1.054571267948707,44.84340232309446],[-1.0482520411895393,44.84363319324488],[-1.0484141776451976,44.84588106661063],[-1.0389348619049266,44.84622671134813],[-1.038773103763173,44.84397882389899],[-1.0356134320511743,44.84409385422906]]],[[[-1.1643247703557082,44.870890441107406],[-1.1580029070363176,44.87112756187955],[-1.157669727808679,44.8666321045241],[-1.1545090284860569,44.86675052029898],[-1.1541761549096101,44.86225505873464],[-1.1573366019224742,44.86213665260881],[-1.1570035293649072,44.85764120616075],[-1.1601637107792186,44.85752271973069],[-1.1591640563921601,44.844036442421476],[-1.1370478030442661,44.84486375613922],[-1.1372134962667073,44.847111499267896],[-1.1340538523066346,44.847229332011295],[-1.1343850263470678,44.851724832042656],[-1.1312251169447418,44.85184258444281],[-1.1313905977342154,44.8540903413357],[-1.1155902216873557,44.85467777806739],[-1.1154253714757658,44.85242999724029],[-1.1059453657898815,44.85278136553545],[-1.1061098376357386,44.85502916067923],[-1.1029496832748573,44.85514610830854],[-1.1036071977248245,44.86413732174803],[-1.1004465256018234,44.8642541984695],[-1.1006108109370463,44.86650201002596],[-1.0942891748885097,44.86673550307156],[-1.0941251419117517,44.86448768200149],[-1.0878037056965648,44.86472080564835],[-1.0874761838045648,44.86022514862769],[-1.0843156983645172,44.86034156600535],[-1.0841520832359695,44.85809373481712],[-1.0809917108541036,44.858210057489366],[-1.080337885812723,44.84921872763035],[-1.0834977536703068,44.84910242391501],[-1.0833342040081708,44.84685459966907],[-1.0991327162369238,44.846271755641155],[-1.0992968964053353,44.84851955613869],[-1.1119359741275985,44.84805164291233],[-1.1117712895825271,44.84580386147928],[-1.1149308999967649,44.84568666309086],[-1.1147661025504132,44.843438887829606],[-1.1210850316464291,44.8432042308003],[-1.1209199952518838,44.84095646649959],[-1.1240793139283773,44.84083900787062],[-1.1239141646843025,44.838591249758366],[-1.1270733440911425,44.83847370598965],[-1.1264123751270307,44.82948270678966],[-1.1295710372010639,44.82936509226571],[-1.1294057020068815,44.82711735079745],[-1.1325642248524435,44.82699965115941],[-1.1323987768942312,44.82475191590898],[-1.1387155308898829,44.82451625651898],[-1.1385498442104398,44.82226853229536],[-1.14802449784492,44.82191438338679],[-1.1481905624465685,44.82416209318129],[-1.154507183742907,44.82392553479444],[-1.154673513589739,44.82617323637546],[-1.1578319302631257,44.82605481751072],[-1.1581648818636956,44.83055021528221],[-1.1613235372027682,44.83043169685976],[-1.1624901697168168,44.84616559961353],[-1.1688092048696468,44.84592822535809],[-1.1693101468205325,44.85267131844039],[-1.1724700226051858,44.85255248189027],[-1.1738074651197952,44.87053408515146],[-1.1706465802404928,44.87065296044237],[-1.170813694605479,44.872900671814094],[-1.1644916323518362,44.873138162155264],[-1.1643247703557082,44.870890441107406]]],[[[-1.0050267275841371,44.90380022974473],[-1.0048661617260952,44.90155225212269],[-1.0017031792855189,44.90166631921907],[-1.0012219379557195,44.8949223803799],[-1.0138722742368473,44.89446562758234],[-1.0140331805438898,44.89671358725054],[-1.0203585240746258,44.896484661341916],[-1.0206808807831151,44.900980566014034],[-1.0238437858948488,44.90086595867089],[-1.0240051099867296,44.90311390832613],[-1.014515976811693,44.9034574742357],[-1.0146769346883444,44.90570543921303],[-1.011513738110633,44.90581978575413],[-1.0113529066171352,44.90357181611731],[-1.0050267275841371,44.90380022974473]]],[[[-1.0567731908953408,44.91769819194666],[-1.0564478461243167,44.913202369411486],[-1.050120765715008,44.91343335126288],[-1.04947124367316,44.9044416842056],[-1.0652863191893651,44.9038636483873],[-1.0651233393936397,44.901615758459684],[-1.074611849029633,44.9012678706706],[-1.0744485032546627,44.89901999623741],[-1.0776111872994227,44.89890385830522],[-1.077447728277108,44.896655989926025],[-1.0806102728970668,44.8965397667002],[-1.0804467006475382,44.89429190438162],[-1.083609105845843,44.89417559586986],[-1.0834454203892294,44.89192773961851],[-1.086607686169025,44.89181134582848],[-1.086280102000322,44.887315646807956],[-1.0894421020794756,44.887199172493425],[-1.0892782033959936,44.884951329734015],[-1.095601911617739,44.8847181205813],[-1.0954377735340073,44.88247028866518],[-1.1112461825803086,44.88188571453994],[-1.1114109519504163,44.88413352263633],[-1.1177344757836198,44.88389905344511],[-1.1178995108730658,44.886146853327105],[-1.1210613792303152,44.886029478948515],[-1.1212265538066803,44.88827727538358],[-1.124388535204306,44.888159806215455],[-1.1248845171783164,44.89490318913985],[-1.1217221569166913,44.89502067266815],[-1.1222178791314295,44.901764081850715],[-1.1190551266766284,44.901881489712196],[-1.1195505889890933,44.908624925054426],[-1.1163874442510653,44.90874225722842],[-1.116552498448061,44.91099007639859],[-1.1133892141134962,44.91110732330904],[-1.1135541551519867,44.913355148555574],[-1.1103907312177108,44.91347231019475],[-1.1105555590775538,44.91572014151104],[-1.0884103375161716,44.91653778488553],[-1.0885742937039724,44.91878565081236],[-1.069591404204868,44.91948300418647],[-1.0694282065471181,44.91723510984395],[-1.0567731908953408,44.91769819194666]],[[-1.1130593716792516,44.90661167671621],[-1.116222403277326,44.90649443936039],[-1.1160573755252556,44.90424662279787],[-1.1128944702803243,44.90436385537669],[-1.1130593716792516,44.90661167671621]]]]}},{"type":"Feature","properties":{"category":"plausible_front_1h","snapshot_index":13,"pass_time_utc":"2026-07-24T13:55:00+00:00","dt_local":"2026-07-24T15:55:00+02:00","area_km2":56.375,"label":"Progression plausible à +1 h","coherence_level":"élevée","coherence_fraction":0.908,"projection_displayed":true,"model_version":"fire_progression_arrival_v1"},"geometry":{"type":"MultiPolygon","coordinates":[[[[-1.1353409068925964,44.434744489239],[-1.129067653319189,44.434979922102215],[-1.1287393407317432,44.43048512751767],[-1.1256029428700065,44.43060270047148],[-1.1252749308953518,44.42610790436153],[-1.1284110803024934,44.42599034098348],[-1.1280828720190221,44.421495562526424],[-1.1343546348927829,44.42126018718301],[-1.1341903019205797,44.41901281057697],[-1.137326039594624,44.41889499383584],[-1.1371615954953398,44.416647624056544],[-1.1434327832976554,44.416411732459615],[-1.1431034376307323,44.4119170182124],[-1.146238763599653,44.41179894817668],[-1.1459092219583789,44.40730425169883],[-1.1584494017914704,44.406831117817994],[-1.1586146625927285,44.409078445768486],[-1.1617497988971592,44.408959934424715],[-1.1622460324881494,44.41570191602762],[-1.1653815280937003,44.41558330097232],[-1.1655470897292974,44.417830627408144],[-1.1624114699592898,44.417949247293876],[-1.1625769205701084,44.420196580587195],[-1.159441163484595,44.42031511606397],[-1.1597718557504408,44.42480979837304],[-1.1566358371492869,44.424928254257026],[-1.1568010787764502,44.42717560326308],[-1.1536649228421654,44.42729397471945],[-1.1539951970307945,44.431788688411835],[-1.1508587795306873,44.431906980250176],[-1.1510238120642744,44.43415434492679],[-1.1447506892610013,44.43439067044665],[-1.1449154864028817,44.436638046752044],[-1.1355053312681724,44.43699187995368],[-1.1353409068925964,44.434744489239]]],[[[-1.0951963302012504,44.79232497073248],[-1.0950324780296354,44.79007720618657],[-1.0918759510151543,44.790193836018545],[-1.0912211765975501,44.78120277368262],[-1.1038451928959,44.780735791368116],[-1.1040093700923441,44.78298353569115],[-1.1103215511434368,44.78274949599705],[-1.1104859930855504,44.78499723227622],[-1.1199545434711766,44.78464548463782],[-1.1201193760091972,44.78689320807373],[-1.1232756589451252,44.78677577440045],[-1.1234406304844282,44.789023494535556],[-1.1202842217251225,44.78914093299329],[-1.1204490806205347,44.79138865939313],[-1.117292532846783,44.79150601278689],[-1.1174572790782935,44.793753745444874],[-1.1016737135953067,44.79433918851512],[-1.1015095966122763,44.79209143200567],[-1.0951963302012504,44.79232497073248]]],[[[-1.0356134320511743,44.84409385422906],[-1.035451812952037,44.841845963501214],[-1.029132682933516,44.84207574496304],[-1.0289713289476836,44.83982784628448],[-1.0258118706558497,44.83994259742629],[-1.025489453572249,44.83544679496828],[-1.022330234536368,44.83556144682716],[-1.0221691714069436,44.833313543058736],[-1.0190100655478305,44.8334281003172],[-1.018044713525019,44.81994067976998],[-1.021203063203016,44.81982615051443],[-1.021042090250047,44.81757825679957],[-1.0242003010567875,44.817463642307104],[-1.0240392149964772,44.81521575471187],[-1.0271972869350476,44.81510105499018],[-1.0270360877874465,44.81285317352116],[-1.0333519410312735,44.81262351374033],[-1.0331905028575963,44.810375643084605],[-1.0426638079822432,44.8100304932746],[-1.042502004883059,44.80778263814055],[-1.0456596214453042,44.8076674131211],[-1.0458215504871005,44.8099152635603],[-1.0521369966316547,44.80968453446862],[-1.0519748157092925,44.80743669343007],[-1.0551323933909982,44.80732119875963],[-1.055294700251312,44.80956903509237],[-1.0616100685352898,44.809337766681885],[-1.0624230572513702,44.820576923023225],[-1.0655813517123585,44.82046113040327],[-1.0659068902519686,44.824956793609545],[-1.0690654236870523,44.82484090164333],[-1.0692283385021095,44.827088730676174],[-1.0660696790551232,44.82720462736443],[-1.0665581236167234,44.833948137195584],[-1.0633990730448553,44.83406395812655],[-1.0635617879010557,44.8363118023004],[-1.0604025982550729,44.836427538021695],[-1.0607278148902324,44.84092324004786],[-1.0544088922866621,44.84115446054307],[-1.054571267948707,44.84340232309446],[-1.0482520411895393,44.84363319324488],[-1.0484141776451976,44.84588106661063],[-1.0389348619049266,44.84622671134813],[-1.038773103763173,44.84397882389899],[-1.0356134320511743,44.84409385422906]]],[[[-1.1643247703557082,44.870890441107406],[-1.1580029070363176,44.87112756187955],[-1.157669727808679,44.8666321045241],[-1.1545090284860569,44.86675052029898],[-1.1541761549096101,44.86225505873464],[-1.1573366019224742,44.86213665260881],[-1.1570035293649072,44.85764120616075],[-1.1601637107792186,44.85752271973069],[-1.1596638235817829,44.850779574850435],[-1.156504020491772,44.85089804679873],[-1.1561710811998422,44.84640261413687],[-1.1530115169548838,44.84652098649755],[-1.153177853859973,44.84876870695792],[-1.1405389595367839,44.84924131630251],[-1.140704805379948,44.851489057406305],[-1.1375449224954817,44.85160698969696],[-1.137710655504996,44.85385473699059],[-1.134550633247356,44.85397258413774],[-1.1347162534031459,44.856220337614616],[-1.1220755274250176,44.85669084587564],[-1.1219104117621734,44.854443073228644],[-1.1155902216873557,44.85467777806739],[-1.1154253714757658,44.85242999724029],[-1.1059453657898815,44.85278136553545],[-1.1061098376357386,44.85502916067923],[-1.1029496832748573,44.85514610830854],[-1.1036071977248245,44.86413732174803],[-1.1004465256018234,44.8642541984695],[-1.1006108109370463,44.86650201002596],[-1.0942891748885097,44.86673550307156],[-1.0941251419117517,44.86448768200149],[-1.0878037056965648,44.86472080564835],[-1.0874761838045648,44.86022514862769],[-1.0779946882004818,44.86057413086311],[-1.0775046389840495,44.85383061302063],[-1.0743444927279682,44.853946746302874],[-1.0740181108672875,44.84945106521652],[-1.0771780048750361,44.84933494139769],[-1.0770147074264091,44.84708710767798],[-1.0801744622565566,44.8469708986457],[-1.0800110517789239,44.84472307105983],[-1.0831706674346069,44.844606776821735],[-1.0830071439480433,44.84235895537636],[-1.0924855341046715,44.842009547260595],[-1.092649435839499,44.84425735446912],[-1.1021280861904006,44.843907122671055],[-1.1022923793065509,44.8461549170106],[-1.108611665989389,44.8459209699291],[-1.108447120704979,44.84367318512139],[-1.111606618216356,44.84355608144297],[-1.1114419600275058,44.84130830280676],[-1.117760663369553,44.84107383519899],[-1.1175957662377962,44.8388260675192],[-1.120754972063177,44.838708703601746],[-1.1205899620787254,44.83646094211014],[-1.1237490286545149,44.83634349305216],[-1.1232536998350235,44.82960023140347],[-1.1295710372010639,44.82936509226571],[-1.1294057020068815,44.82711735079745],[-1.1325642248524435,44.82699965115941],[-1.1323987768942312,44.82475191590898],[-1.1387155308898829,44.82451625651898],[-1.1385498442104398,44.82226853229536],[-1.14802449784492,44.82191438338679],[-1.1481905624465685,44.82416209318129],[-1.154507183742907,44.82392553479444],[-1.154673513589739,44.82617323637546],[-1.1578319302631257,44.82605481751072],[-1.1579983994043004,44.828302515687845],[-1.1611569287472052,44.828184002093984],[-1.1613235372027682,44.83043169685976],[-1.1644821792119961,44.83031308852985],[-1.164982462607986,44.83705616679762],[-1.1681414693164032,44.83693745405188],[-1.1684753103772323,44.84143283691227],[-1.1653160515926428,44.841551559331684],[-1.1654828661059708,44.84379925769527],[-1.1686422509436902,44.84368053043869],[-1.1688092048696468,44.84592822535809],[-1.1719687024094267,44.84580940333227],[-1.1721357957680754,44.84805709480003],[-1.1689761721567047,44.8481759216671],[-1.1693101468205325,44.85267131844039],[-1.1724700226051858,44.85255248189027],[-1.1738074651197952,44.87053408515146],[-1.1706465802404928,44.87065296044237],[-1.170813694605479,44.872900671814094],[-1.1644916323518362,44.873138162155264],[-1.1643247703557082,44.870890441107406]]],[[[-1.0050267275841371,44.90380022974473],[-1.0048661617260952,44.90155225212269],[-1.0017031792855189,44.90166631921907],[-1.0012219379557195,44.8949223803799],[-1.0138722742368473,44.89446562758234],[-1.0140331805438898,44.89671358725054],[-1.0203585240746258,44.896484661341916],[-1.0206808807831151,44.900980566014034],[-1.0238437858948488,44.90086595867089],[-1.0240051099867296,44.90311390832613],[-1.014515976811693,44.9034574742357],[-1.0146769346883444,44.90570543921303],[-1.011513738110633,44.90581978575413],[-1.0113529066171352,44.90357181611731],[-1.0050267275841371,44.90380022974473]]],[[[-1.0567731908953408,44.91769819194666],[-1.0564478461243167,44.913202369411486],[-1.050120765715008,44.91343335126288],[-1.04947124367316,44.9044416842056],[-1.0652863191893651,44.9038636483873],[-1.0651233393936397,44.901615758459684],[-1.074611849029633,44.9012678706706],[-1.0744485032546627,44.89901999623741],[-1.0776111872994227,44.89890385830522],[-1.077447728277108,44.896655989926025],[-1.0806102728970668,44.8965397667002],[-1.0804467006475382,44.89429190438162],[-1.083609105845843,44.89417559586986],[-1.0834454203892294,44.89192773961851],[-1.086607686169025,44.89181134582848],[-1.086280102000322,44.887315646807956],[-1.0894421020794756,44.887199172493425],[-1.0892782033959936,44.884951329734015],[-1.095601911617739,44.8847181205813],[-1.0954377735340073,44.88247028866518],[-1.1112461825803086,44.88188571453994],[-1.1114109519504163,44.88413352263633],[-1.1177344757836198,44.88389905344511],[-1.1178995108730658,44.886146853327105],[-1.1210613792303152,44.886029478948515],[-1.1212265538066803,44.88827727538358],[-1.124388535204306,44.888159806215455],[-1.1248845171783164,44.89490318913985],[-1.1217221569166913,44.89502067266815],[-1.1222178791314295,44.901764081850715],[-1.1190551266766284,44.901881489712196],[-1.1195505889890933,44.908624925054426],[-1.1163874442510653,44.90874225722842],[-1.116552498448061,44.91099007639859],[-1.1133892141134962,44.91110732330904],[-1.1135541551519867,44.913355148555574],[-1.1103907312177108,44.91347231019475],[-1.1105555590775538,44.91572014151104],[-1.0884103375161716,44.91653778488553],[-1.0885742937039724,44.91878565081236],[-1.069591404204868,44.91948300418647],[-1.0694282065471181,44.91723510984395],[-1.0567731908953408,44.91769819194666]],[[-1.1130593716792516,44.90661167671621],[-1.116222403277326,44.90649443936039],[-1.1160573755252556,44.90424662279787],[-1.1128944702803243,44.90436385537669],[-1.1130593716792516,44.90661167671621]]]]}},{"type":"Feature","properties":{"category":"historical_support","snapshot_index":14,"pass_time_utc":"2026-07-24T14:54:00+00:00","dt_local":"2026-07-24T16:54:00+02:00","area_km2":229.75,"label":"Isoline temporelle","coherence_level":"élevée","coherence_fraction":0.731,"projection_displayed":true,"model_version":"fire_progression_arrival_v1"},"geometry":{"type":"MultiPolygon","coordinates":[[[[-1.1204768206632756,44.4465694951745],[-1.1203129655276638,44.444322072524336],[-1.1171757829788687,44.44443940636043],[-1.1170120651584254,44.44219198092501],[-1.1013265789693119,44.44277728699001],[-1.0998592950698785,44.42255033383281],[-1.090451202722931,44.42290031776992],[-1.0902886085495,44.420652874371996],[-1.0840167308150204,44.42088574125025],[-1.0838543979605206,44.4186382904008],[-1.0807185639514603,44.41875458522862],[-1.080394185299673,44.414259680167916],[-1.0772585867906326,44.41437587628397],[-1.0767724879103826,44.40763351982443],[-1.0799077139183277,44.40751733790369],[-1.0797455825441047,44.40526989458285],[-1.0828806715307397,44.405153628168044],[-1.082718428894329,44.40290619163784],[-1.0889883199391424,44.40267340061461],[-1.0888258419369399,44.40042597562345],[-1.0919606439899179,44.400309451026814],[-1.091798054776077,44.39806203284285],[-1.1012020111091838,44.39771193801704],[-1.1010390625068454,44.39546453615504],[-1.1073080538654396,44.39523070307315],[-1.1074712506580826,44.39747809541245],[-1.1106058510011827,44.397361040295635],[-1.1107691848539654,44.39960842993202],[-1.1139038963308616,44.39949128083568],[-1.1137404383769818,44.39724389596992],[-1.135682186100134,44.39642138788805],[-1.1358465127183883,44.39866873925811],[-1.1515194189169753,44.39807853330913],[-1.1518493522997273,44.4025731941511],[-1.1612536835069898,44.402217971185976],[-1.1615844139690958,44.40671261130021],[-1.164719413014859,44.406594015564544],[-1.1660438535392572,44.42457261886332],[-1.1629078612170347,44.42469125324161],[-1.1632388544414434,44.429185933964064],[-1.1569663335299265,44.42942295428321],[-1.1571316014112776,44.431670307314064],[-1.1508587795306873,44.431906980250176],[-1.1510238120642744,44.43415434492679],[-1.1478872572134153,44.43427255231885],[-1.1482171131049268,44.43876729731021],[-1.1325328999202127,44.43935704332756],[-1.1326972261468466,44.441604442839385],[-1.1295602200241475,44.44172212901474],[-1.1297244350183573,44.443969535315034],[-1.1265872915572308,44.44408713700106],[-1.126751395299371,44.44633455008325],[-1.1204768206632756,44.4465694951745]]],[[[-1.1020517976607238,44.9295582011664],[-1.1018872699057463,44.9273103478421],[-1.095558786213844,44.92754391776489],[-1.0957230610436248,44.92979178060706],[-1.0830654298861864,44.930257858548764],[-1.0829016609257673,44.92800997671477],[-1.07973734676583,44.928126266262296],[-1.0795737173917026,44.925878380967056],[-1.0732453026640252,44.926110680363976],[-1.0730819393102968,44.92386278688385],[-1.0604254586491777,44.92432628589029],[-1.060262614179625,44.92207837480804],[-1.0539345484061442,44.92230957445279],[-1.053609404365714,44.91781373731676],[-1.05044560480957,44.91792919262351],[-1.0502831787548503,44.915681271293344],[-1.0439557934578774,44.91591190231619],[-1.0437936332524416,44.913663972887825],[-1.0374664488172238,44.91389423428183],[-1.0373045544254456,44.9116462967741],[-1.0151598857021344,44.91244934204452],[-1.0149988891320172,44.91020137312083],[-1.0086719774942379,44.910429994786206],[-1.0085112466316437,44.90818201785843],[-1.0021845362913318,44.90841026999586],[-1.0020240711005974,44.906162285082836],[-0.9988608230385333,44.906276271425675],[-0.9987004970931119,44.9040282831874],[-0.9923742152246476,44.90425597644087],[-0.9918940726773983,44.89751199184511],[-0.9887312916232484,44.89762568949903],[-0.9882516434831538,44.89088170300848],[-0.9914140455064986,44.890768019253215],[-0.9912540620815398,44.88852003107255],[-1.0007408122602766,44.88817845356958],[-1.0005804627177888,44.88593048065499],[-1.0069046460226065,44.88570232151056],[-1.0067440567293997,44.88345435924309],[-1.0099060027994182,44.88334014930008],[-1.009745300082858,44.88109219303947],[-1.0160689010371933,44.88086351243622],[-1.0146208833509163,44.86063205137466],[-1.0209421606379658,44.86040309472299],[-1.020781081825398,44.8581551708202],[-1.0239415749549428,44.85804056220418],[-1.0237803828706213,44.85579264436042],[-1.0269407369320078,44.85567795044883],[-1.0266181391709894,44.8511821282882],[-1.0297782280247954,44.85106735376548],[-1.0296168223766846,44.848819449458404],[-1.0327767721801209,44.848704589658915],[-1.0326152533290185,44.846456691433936],[-1.0357750640851855,44.84634174636531],[-1.035451812952037,44.841845963501214],[-1.032292254404418,44.841960899203045],[-1.0319693071729559,44.83746511262012],[-1.0288099878735493,44.83757994902147],[-1.02848734445418,44.83308415875567],[-1.0253282643790715,44.83319889587137],[-1.0245225118375485,44.82195942184278],[-1.0276809617521065,44.82184470809985],[-1.0268749015329792,44.810605293508225],[-1.0300327086460928,44.81049051324176],[-1.0297101229196826,44.80599476695053],[-1.0391827111557732,44.805649914911974],[-1.0390210598594476,44.80340205801411],[-1.0484931539706623,44.80305641112357],[-1.048331137863686,44.80080856977715],[-1.0578027376375423,44.800462128114965],[-1.0576403567924324,44.79821430235503],[-1.0607974048644997,44.79809864677048],[-1.0606349111186384,44.7958508271969],[-1.0637918203134793,44.795735086461306],[-1.0634666200612202,44.79123946118071],[-1.0666232645203269,44.791123640020686],[-1.0664605580424031,44.788875834323456],[-1.0696170636420839,44.78875992803113],[-1.069454244331922,44.78651212854328],[-1.072610611075294,44.78639613712636],[-1.0722847598552283,44.78190055207609],[-1.075440861928496,44.7817844802713],[-1.0751148111971827,44.777288910666066],[-1.078270648636599,44.77717275848779],[-1.0781075170314112,44.77492498067073],[-1.0812632156470128,44.77480874339772],[-1.0810999713065024,44.772560971822806],[-1.0842555311014148,44.7724446494627],[-1.0840921740455778,44.77019688413655],[-1.087247595022927,44.770080476697046],[-1.0870841252717591,44.76783271762627],[-1.0933946765238276,44.76759964279001],[-1.093230968359779,44.76535189473081],[-1.1058514108443878,44.76488468634041],[-1.1056872128680173,44.76263695883419],[-1.1183069425286598,44.7621683326214],[-1.1184716433743993,44.764416041035346],[-1.124781680706586,44.76418117955122],[-1.1251116247964486,44.768676581790494],[-1.1282668751448395,44.76855900676294],[-1.1289274245813359,44.77754981017538],[-1.1383946054396052,44.77719648865965],[-1.1385601531298861,44.77944417886774],[-1.141715979406687,44.779326220576216],[-1.1420473660660826,44.78382159585492],[-1.1515155201117129,44.783467153145395],[-1.151681610712225,44.785714828574385],[-1.1706183148336033,44.78500348872889],[-1.1707851735332684,44.78725113665891],[-1.1739413700603616,44.787132260759286],[-1.1736074144130566,44.78263697606512],[-1.1704514694718677,44.782755842279194],[-1.1699510133982638,44.77601291184576],[-1.1731065810355799,44.77589406015837],[-1.1727727588276005,44.771398790349565],[-1.1790833511053407,44.771160836913246],[-1.17891620855849,44.76891321395141],[-1.1915367298510315,44.7684362488128],[-1.1913690978177298,44.76618864678464],[-1.2071438194152744,44.76559044417925],[-1.207312079966439,44.76783802183731],[-1.2104671096895956,44.767718107041134],[-1.2106355093961207,44.76996568131542],[-1.2169457798752392,44.76972557254531],[-1.2171144444726008,44.771973138535735],[-1.2202696852137342,44.771852944551846],[-1.2204384890147872,44.77410050713977],[-1.2235938419883725,44.77398021845116],[-1.223762785013097,44.7762277776291],[-1.2269182502159017,44.77610739422887],[-1.2270873324842788,44.77835494998942],[-1.2333984738172228,44.77811390393812],[-1.2335678210966128,44.78036145136204],[-1.2367234972119001,44.78024078870101],[-1.236892983783285,44.78248833268877],[-1.2400487721064593,44.78236757529229],[-1.2410667308313286,44.795852840574135],[-1.2379101877734855,44.79597362749069],[-1.2380797692139887,44.79822118173873],[-1.2349230867728092,44.798341883730686],[-1.2350925559368036,44.80058944434831],[-1.2319357341090422,44.80071006140798],[-1.2321050909765219,44.80295762838858],[-1.2257911550088796,44.803198602773584],[-1.2262985516537603,44.80994134183053],[-1.2136690070330367,44.81042227111016],[-1.2138376627217258,44.812669873266046],[-1.2043649849036888,44.81302964126703],[-1.204701581257185,44.81752487919166],[-1.1952280267881918,44.81788386757843],[-1.1950600996568397,44.815636233275605],[-1.191902347218173,44.81575571143867],[-1.1920701484210918,44.81800335060921],[-1.1762805554555413,44.8185994175008],[-1.1764477403641362,44.8208470823846],[-1.1701315576064268,44.821084889629645],[-1.1702985039707618,44.82333256562837],[-1.1671402665953303,44.82345133925341],[-1.1679745688188299,44.83468976472466],[-1.1711334361511108,44.83457096690185],[-1.1716345558039247,44.84131402456827],[-1.1747937878626926,44.84119512230032],[-1.1749609805306036,44.84344280614147],[-1.178120325259736,44.84332380910199],[-1.1782876573655579,44.84557148948737],[-1.1846065587569061,44.84533321592199],[-1.1847741563858696,44.847580887988315],[-1.1879337130332328,44.8474616114524],[-1.1884369646546362,44.85420462136918],[-1.1915968861251482,44.85408524031054],[-1.1921006369324771,44.86082824800818],[-1.1889403371256015,44.86094764365944],[-1.1892759859330346,44.86544299868206],[-1.1829548414730977,44.86568153955915],[-1.183122433720293,44.8679292288282],[-1.1799617152046415,44.86804836917749],[-1.1802966876082233,44.872543761485964],[-1.1771357033377328,44.87266282157008],[-1.1774704769955038,44.877158228974665],[-1.1743092269336046,44.877277208779255],[-1.1744765076566135,44.879524919343886],[-1.1491850160934582,44.88047355701491],[-1.1493513003890603,44.882721307570954],[-1.1461896776864593,44.88283948714271],[-1.146355849053383,44.88508724385114],[-1.1431940867977473,44.885205338239594],[-1.1435262169335159,44.889700865278634],[-1.1403641888532647,44.88981887928457],[-1.1405301475935377,44.89206664960539],[-1.1373679799422156,44.892184578409214],[-1.1385291791650312,44.9079190411822],[-1.135366113977981,44.90803691358996],[-1.1355319263812693,44.91028470401888],[-1.1323687215468181,44.910402491188464],[-1.1325344208615649,44.912650287714456],[-1.126207718624766,44.91288560151595],[-1.1263731784437694,44.91513340892483],[-1.1232096810467136,44.91525093554483],[-1.1233750277252295,44.917498749034095],[-1.1202113906796913,44.91761619038862],[-1.1205418709567319,44.922111830799686],[-1.1173779678374756,44.922229191663185],[-1.117543101407365,44.924477018575175],[-1.1048868509588305,44.92494558048681],[-1.1052161461935825,44.92944127633061],[-1.1020517976607238,44.9295582011664]],[[-1.1160573755252556,44.90424662279787],[-1.1128944702803243,44.90436385537669],[-1.1130593716792516,44.90661167671621],[-1.116222403277326,44.90649443936039],[-1.1160573755252556,44.90424662279787]]]]}},{"type":"Feature","properties":{"category":"observed_front","snapshot_index":14,"pass_time_utc":"2026-07-24T14:54:00+00:00","dt_local":"2026-07-24T16:54:00+02:00","area_km2":149.062,"label":"Activité observée","coherence_level":"élevée","coherence_fraction":0.731,"projection_displayed":true,"model_version":"fire_progression_arrival_v1"},"geometry":{"type":"MultiPolygon","coordinates":[[[[-1.1293960180772527,44.439474724710266],[-1.126259123188532,44.43959231681807],[-1.1252749308953518,44.42610790436153],[-1.1284110803024934,44.42599034098348],[-1.1282469696433115,44.42374295074364],[-1.131382981802982,44.4236253029036],[-1.1310545511951275,44.419130538076956],[-1.1341903019205797,44.41901281057697],[-1.1338616751288444,44.41451806345503],[-1.1369971644557177,44.414400256309335],[-1.1368327464742047,44.41215289059753],[-1.139968098585648,44.412034999019525],[-1.1398035695131716,44.40978764014733],[-1.1429387844122956,44.40966966414463],[-1.1427741442684656,44.407422312118584],[-1.1459092219583789,44.40730425169883],[-1.1457444707628017,44.405056906525495],[-1.148879411246617,44.40493876169624],[-1.1487145490188946,44.4026914233822],[-1.1581189195535733,44.40233646805241],[-1.1582841541122728,44.404583791911506],[-1.161419042172893,44.40446529021951],[-1.1620806081551238,44.41345458679177],[-1.1652159796060226,44.413335976566685],[-1.1660438535392572,44.42457261886332],[-1.1629078612170347,44.42469125324161],[-1.1632388544414434,44.429185933964064],[-1.1569663335299265,44.42942295428321],[-1.1571316014112776,44.431670307314064],[-1.1477223489207715,44.432025182828454],[-1.1478872572134153,44.43427255231885],[-1.1447506892610013,44.43439067044665],[-1.1449154864028817,44.436638046752044],[-1.1417787811048516,44.436756080421794],[-1.1419434670763342,44.4390034635356],[-1.1325328999202127,44.43935704332756],[-1.1326972261468466,44.441604442839385],[-1.1295602200241475,44.44172212901474],[-1.1293960180772527,44.439474724710266]]],[[[-1.1772646768914243,44.78926093474163],[-1.1741083679075073,44.789379905323145],[-1.1736074144130566,44.78263697606512],[-1.1704514694718677,44.782755842279194],[-1.1699510133982638,44.77601291184576],[-1.1731065810355799,44.77589406015837],[-1.1727727588276005,44.771398790349565],[-1.1790833511053407,44.771160836913246],[-1.17891620855849,44.76891321395141],[-1.1915367298510315,44.7684362488128],[-1.1913690978177298,44.76618864678464],[-1.2071438194152744,44.76559044417925],[-1.207312079966439,44.76783802183731],[-1.2104671096895956,44.767718107041134],[-1.2106355093961207,44.76996568131542],[-1.2169457798752392,44.76972557254531],[-1.2171144444726008,44.771973138535735],[-1.2202696852137342,44.771852944551846],[-1.2204384890147872,44.77410050713977],[-1.2235938419883725,44.77398021845116],[-1.2241007115732527,44.78072290044216],[-1.2209449813729438,44.780843203832575],[-1.2211138391493828,44.78309077236195],[-1.2179579696889595,44.78321099083062],[-1.2181267151894464,44.78545856573455],[-1.2086586485895985,44.78581869686889],[-1.2088270302183939,44.78806628791812],[-1.1993584651071851,44.788425625232215],[-1.1995264827913994,44.79067323239178],[-1.17743181390605,44.79150857593191],[-1.1772646768914243,44.78926093474163]]],[[[-1.0420946467782022,44.8461115863829],[-1.0389348619049266,44.84622671134813],[-1.038773103763173,44.84397882389899],[-1.0356134320511743,44.84409385422906],[-1.035451812952037,44.841845963501214],[-1.032292254404418,44.841960899203045],[-1.0319693071729559,44.83746511262012],[-1.0288099878735493,44.83757994902147],[-1.0281647526630238,44.82858837419264],[-1.0313235677398607,44.828473556506175],[-1.0306780349305968,44.81948202330805],[-1.027519723915832,44.819596822282904],[-1.0268749015329792,44.810605293508225],[-1.0300327086460928,44.81049051324176],[-1.0297101229196826,44.80599476695053],[-1.0391827111557732,44.805649914911974],[-1.0390210598594476,44.80340205801411],[-1.0484931539706623,44.80305641112357],[-1.048331137863686,44.80080856977715],[-1.0578027376375423,44.800462128114965],[-1.0576403567924324,44.79821430235503],[-1.0607974048644997,44.79809864677048],[-1.0606349111186384,44.7958508271969],[-1.0637918203134793,44.795735086461306],[-1.0634666200612202,44.79123946118071],[-1.0666232645203269,44.791123640020686],[-1.0664605580424031,44.788875834323456],[-1.0696170636420839,44.78875992803113],[-1.069454244331922,44.78651212854328],[-1.072610611075294,44.78639613712636],[-1.0722847598552283,44.78190055207609],[-1.075440861928496,44.7817844802713],[-1.0751148111971827,44.777288910666066],[-1.078270648636599,44.77717275848779],[-1.0781075170314112,44.77492498067073],[-1.0812632156470128,44.77480874339772],[-1.0810999713065024,44.772560971822806],[-1.0842555311014148,44.7724446494627],[-1.0840921740455778,44.77019688413655],[-1.087247595022927,44.770080476697046],[-1.0870841252717591,44.76783271762627],[-1.0933946765238276,44.76759964279001],[-1.093230968359779,44.76535189473081],[-1.1058514108443878,44.76488468634041],[-1.1056872128680173,44.76263695883419],[-1.1183069425286598,44.7621683326214],[-1.1184716433743993,44.764416041035346],[-1.124781680706586,44.76418117955122],[-1.1251116247964486,44.768676581790494],[-1.1282668751448395,44.76855900676294],[-1.1289274245813359,44.77754981017538],[-1.1320831647490104,44.77743212616108],[-1.132744428585442,44.786422934338184],[-1.1359006587097138,44.78630514130519],[-1.1365626373610658,44.795295954009845],[-1.1334059039085729,44.79541376624039],[-1.1335713057960315,44.79766147789768],[-1.1304144332606303,44.79777920507081],[-1.1305797225052654,44.80002692299053],[-1.1179515968149607,44.800496952247734],[-1.1181163957464908,44.80274469078044],[-1.1118020020223176,44.80297917578149],[-1.111637454865527,44.80073142769561],[-1.0990090131585415,44.8011993002069],[-1.0991730567469387,44.80344706735535],[-1.0960157876058723,44.80356381557292],[-1.09634366231876,44.808059363764556],[-1.0995011832819321,44.80794260603332],[-1.0996652662316733,44.810190377556104],[-1.0965076193424248,44.81030714004445],[-1.0968355727320551,44.8148026969556],[-1.087361797757453,44.81515247362452],[-1.0871981923528276,44.81290468019412],[-1.084040367127007,44.81302108789199],[-1.0838769007498472,44.81077329116767],[-1.0744037244985543,44.811121960722396],[-1.075545618283024,44.82685666756078],[-1.0723869849147525,44.82697274407476],[-1.072713105700224,44.83146839697442],[-1.0695542072368163,44.83158439302783],[-1.069880128121399,44.83608006107169],[-1.0667209645265086,44.836195976650195],[-1.0668838184668576,44.83844381752132],[-1.063724515777787,44.838559647890946],[-1.0638872566766102,44.84080749489481],[-1.0607278148902324,44.84092324004786],[-1.0608904427274595,44.84317109317783],[-1.057730861840654,44.843286753106646],[-1.057893376596211,44.84553461235615],[-1.0547336566058563,44.84565018705303],[-1.0548960582596683,44.84789805241541],[-1.0422565439826508,44.848359470545844],[-1.0420946467782022,44.8461115863829]]],[[[-1.0795737173917026,44.925878380967056],[-1.0732453026640252,44.926110680363976],[-1.0730819393102968,44.92386278688385],[-1.0604254586491777,44.92432628589029],[-1.060262614179625,44.92207837480804],[-1.0539345484061442,44.92230957445279],[-1.053609404365714,44.91781373731676],[-1.05044560480957,44.91792919262351],[-1.0502831787548503,44.915681271293344],[-1.0439557934578774,44.91591190231619],[-1.0437936332524416,44.913663972887825],[-1.0374664488172238,44.91389423428183],[-1.0373045544254456,44.9116462967741],[-1.0151598857021344,44.91244934204452],[-1.0149988891320172,44.91020137312083],[-1.0086719774942379,44.910429994786206],[-1.0085112466316437,44.90818201785843],[-1.0021845362913318,44.90841026999586],[-1.0020240711005974,44.906162285082836],[-0.9988608230385333,44.906276271425675],[-0.9987004970931119,44.9040282831874],[-0.9923742152246476,44.90425597644087],[-0.9918940726773983,44.89751199184511],[-0.9887312916232484,44.89762568949903],[-0.9882516434831538,44.89088170300848],[-0.9914140455064986,44.890768019253215],[-0.9912540620815398,44.88852003107255],[-1.0039030366460053,44.8880644143589],[-1.0040635253494339,44.89031238397306],[-1.0103881881797079,44.89008402618535],[-1.0105489423884924,44.89233198783699],[-1.0200362190070065,44.89198876199762],[-1.019875085834649,44.889740814331816],[-1.0325241019829772,44.88928193822966],[-1.0323624764933763,44.887034010604154],[-1.0418487238078857,44.88668892238619],[-1.0420107281982833,44.888936835949636],[-1.0483350808118548,44.88870631767455],[-1.0484973507911386,44.89095422318525],[-1.0516596339128428,44.890838824320696],[-1.0518220432039853,44.89308672646588],[-1.0644715507535492,44.89262421197257],[-1.064308636221395,44.89037632867351],[-1.0674708542036544,44.890260479717334],[-1.0673078264232365,44.888012602474625],[-1.070469905052709,44.88789666822594],[-1.069654330644249,44.876657325782894],[-1.0728157648923249,44.8765413251577],[-1.0724893740954886,44.87204560709975],[-1.0788116984735572,44.871813354797055],[-1.0786482702537163,44.86956550727304],[-1.084970289874375,44.86933290450783],[-1.0844793265910602,44.86258939857191],[-1.0813187018867962,44.86270573072388],[-1.081155199826475,44.860457893417355],[-1.0779946882004818,44.86057413086311],[-1.0775046389840495,44.85383061302063],[-1.0806647721669325,44.85371438978253],[-1.0805013224489917,44.8514665580104],[-1.0836613164225846,44.851350249556155],[-1.0833342040081708,44.84685459966907],[-1.0864939326712144,44.846738210748725],[-1.0863302700032869,44.844490392643536],[-1.0894898594749303,44.844373918525804],[-1.0893260838212868,44.842126106568],[-1.0924855341046715,44.842009547260595],[-1.0923216454853815,44.83976174145678],[-1.1144365472181925,44.838943341510166],[-1.1142717893291603,44.83669557045874],[-1.1174308823002643,44.83657830124588],[-1.1172660115553725,44.83433053638236],[-1.1204249652969447,44.834213182028144],[-1.1202599817162524,44.831965423359165],[-1.1234187962314597,44.83184798387134],[-1.1230886166465373,44.82735248035515],[-1.126247165934904,44.82723496052956],[-1.1260819699591684,44.82498721569215],[-1.1323987768942312,44.82475191590898],[-1.1322333421708717,44.8225041820842],[-1.1448662932367708,44.82203252291893],[-1.1447003678809504,44.81978480973927],[-1.1573326027329653,44.81931173151659],[-1.1571661868487135,44.8170640390422],[-1.160324086361111,44.81694554958819],[-1.1599910426596591,44.81245017859964],[-1.1631486769929167,44.81233160892183],[-1.1629820492041685,44.810083930417434],[-1.1661395442975253,44.80996527569618],[-1.1659728039314523,44.807717603469634],[-1.1722875023008454,44.807480034086396],[-1.1721205234878733,44.80523237298539],[-1.1752777267586956,44.8051134583353],[-1.1751106354200556,44.80286580352878],[-1.178267699452159,44.80274680386249],[-1.1781004956078687,44.80049915535708],[-1.1812574204044586,44.800380070682266],[-1.181090104074535,44.79813242848455],[-1.1842468896388147,44.798013258808886],[-1.1840794608432705,44.79576562292548],[-1.1935493596509612,44.79540758937714],[-1.1933815667515153,44.793159969542174],[-1.215476646524298,44.79232144749781],[-1.2156453201770645,44.79456903317139],[-1.2188018321026381,44.79444888005425],[-1.2189706450668278,44.79669646229332],[-1.2221272693202618,44.79657621443592],[-1.2224651874207106,44.80107137348345],[-1.2193083114895997,44.8011916311388],[-1.2196460319156737,44.8056868057849],[-1.2164888907628026,44.8058069833792],[-1.2168264134441604,44.81030217359128],[-1.2105115871346341,44.81054227876073],[-1.2106801169245935,44.81278988580579],[-1.2012073986999414,44.81314938418732],[-1.2013755642328674,44.815397007312605],[-1.191902347218173,44.81575571143867],[-1.1920701484210918,44.81800335060921],[-1.1668066391327618,44.81895597900487],[-1.1669734461923011,44.821203658415776],[-1.1638153214346836,44.821322337310214],[-1.1641487236500028,44.82581771007963],[-1.16730710034345,44.82569902151443],[-1.1679745688188299,44.83468976472466],[-1.1711334361511108,44.83457096690185],[-1.1716345558039247,44.84131402456827],[-1.1747937878626926,44.84119512230032],[-1.1749609805306036,44.84344280614147],[-1.178120325259736,44.84332380910199],[-1.1782876573655579,44.84557148948737],[-1.1846065587569061,44.84533321592199],[-1.1847741563858696,44.847580887988315],[-1.1879337130332328,44.8474616114524],[-1.1884369646546362,44.85420462136918],[-1.1915968861251482,44.85408524031054],[-1.1921006369324771,44.86082824800818],[-1.1889403371256015,44.86094764365944],[-1.1892759859330346,44.86544299868206],[-1.1829548414730977,44.86568153955915],[-1.183122433720293,44.8679292288282],[-1.1799617152046415,44.86804836917749],[-1.1802966876082233,44.872543761485964],[-1.1771357033377328,44.87266282157008],[-1.1773030834655944,44.874910524599734],[-1.1709808223508122,44.8751483845349],[-1.171147963478098,44.877396098601416],[-1.1585027759209734,44.87787075805395],[-1.1586694255671128,44.88011849280291],[-1.1491850160934582,44.88047355701491],[-1.1493513003890603,44.882721307570954],[-1.1461896776864593,44.88283948714271],[-1.146355849053383,44.88508724385114],[-1.1431940867977473,44.885205338239594],[-1.1435262169335159,44.889700865278634],[-1.1403641888532647,44.88981887928457],[-1.1405301475935377,44.89206664960539],[-1.1373679799422156,44.892184578409214],[-1.1385291791650312,44.9079190411822],[-1.135366113977981,44.90803691358996],[-1.1355319263812693,44.91028470401888],[-1.1323687215468181,44.910402491188464],[-1.1325344208615649,44.912650287714456],[-1.126207718624766,44.91288560151595],[-1.1263731784437694,44.91513340892483],[-1.1232096810467136,44.91525093554483],[-1.1233750277252295,44.917498749034095],[-1.1202113906796913,44.91761619038862],[-1.1205418709567319,44.922111830799686],[-1.1173779678374756,44.922229191663185],[-1.117543101407365,44.924477018575175],[-1.0922303894052583,44.925412701296324],[-1.092394524614738,44.92766056761518],[-1.07973734676583,44.928126266262296],[-1.0795737173917026,44.925878380967056]],[[-1.1128944702803243,44.90436385537669],[-1.1130593716792516,44.90661167671621],[-1.116222403277326,44.90649443936039],[-1.1160573755252556,44.90424662279787],[-1.1128944702803243,44.90436385537669]],[[-1.1408706644970974,44.85373679989482],[-1.14120242255972,44.858232289012555],[-1.1506831265594404,44.85787790916288],[-1.150350611779784,44.853382448921565],[-1.1408706644970974,44.85373679989482]]]]}},{"type":"Feature","properties":{"category":"plausible_front_1h","snapshot_index":14,"pass_time_utc":"2026-07-24T14:54:00+00:00","dt_local":"2026-07-24T16:54:00+02:00","area_km2":158.188,"label":"Progression plausible à +1 h","coherence_level":"élevée","coherence_fraction":0.731,"projection_displayed":true,"model_version":"fire_progression_arrival_v1"},"geometry":{"type":"MultiPolygon","coordinates":[[[[-1.1293960180772527,44.439474724710266],[-1.126259123188532,44.43959231681807],[-1.1252749308953518,44.42610790436153],[-1.1284110803024934,44.42599034098348],[-1.1282469696433115,44.42374295074364],[-1.131382981802982,44.4236253029036],[-1.1310545511951275,44.419130538076956],[-1.1341903019205797,44.41901281057697],[-1.1338616751288444,44.41451806345503],[-1.1369971644557177,44.414400256309335],[-1.1368327464742047,44.41215289059753],[-1.139968098585648,44.412034999019525],[-1.1398035695131716,44.40978764014733],[-1.1429387844122956,44.40966966414463],[-1.1427741442684656,44.407422312118584],[-1.1459092219583789,44.40730425169883],[-1.1457444707628017,44.405056906525495],[-1.148879411246617,44.40493876169624],[-1.1487145490188946,44.4026914233822],[-1.1581189195535733,44.40233646805241],[-1.1582841541122728,44.404583791911506],[-1.161419042172893,44.40446529021951],[-1.1620806081551238,44.41345458679177],[-1.1652159796060226,44.413335976566685],[-1.1660438535392572,44.42457261886332],[-1.1629078612170347,44.42469125324161],[-1.1632388544414434,44.429185933964064],[-1.1569663335299265,44.42942295428321],[-1.1571316014112776,44.431670307314064],[-1.1477223489207715,44.432025182828454],[-1.1478872572134153,44.43427255231885],[-1.1447506892610013,44.43439067044665],[-1.1449154864028817,44.436638046752044],[-1.1417787811048516,44.436756080421794],[-1.1419434670763342,44.4390034635356],[-1.1325328999202127,44.43935704332756],[-1.1326972261468466,44.441604442839385],[-1.1295602200241475,44.44172212901474],[-1.1293960180772527,44.439474724710266]]],[[[-1.1772646768914243,44.78926093474163],[-1.1741083679075073,44.789379905323145],[-1.1736074144130566,44.78263697606512],[-1.1704514694718677,44.782755842279194],[-1.1699510133982638,44.77601291184576],[-1.1731065810355799,44.77589406015837],[-1.1727727588276005,44.771398790349565],[-1.1790833511053407,44.771160836913246],[-1.17891620855849,44.76891321395141],[-1.1915367298510315,44.7684362488128],[-1.1913690978177298,44.76618864678464],[-1.2071438194152744,44.76559044417925],[-1.207312079966439,44.76783802183731],[-1.2104671096895956,44.767718107041134],[-1.2106355093961207,44.76996568131542],[-1.2169457798752392,44.76972557254531],[-1.2171144444726008,44.771973138535735],[-1.2202696852137342,44.771852944551846],[-1.2204384890147872,44.77410050713977],[-1.2235938419883725,44.77398021845116],[-1.2241007115732527,44.78072290044216],[-1.2209449813729438,44.780843203832575],[-1.2211138391493828,44.78309077236195],[-1.2179579696889595,44.78321099083062],[-1.2181267151894464,44.78545856573455],[-1.2086586485895985,44.78581869686889],[-1.2088270302183939,44.78806628791812],[-1.1993584651071851,44.788425625232215],[-1.1995264827913994,44.79067323239178],[-1.17743181390605,44.79150857593191],[-1.1772646768914243,44.78926093474163]]],[[[-1.0420946467782022,44.8461115863829],[-1.0389348619049266,44.84622671134813],[-1.038773103763173,44.84397882389899],[-1.0356134320511743,44.84409385422906],[-1.035451812952037,44.841845963501214],[-1.032292254404418,44.841960899203045],[-1.0319693071729559,44.83746511262012],[-1.0288099878735493,44.83757994902147],[-1.0281647526630238,44.82858837419264],[-1.0313235677398607,44.828473556506175],[-1.0306780349305968,44.81948202330805],[-1.027519723915832,44.819596822282904],[-1.0268749015329792,44.810605293508225],[-1.0300327086460928,44.81049051324176],[-1.0297101229196826,44.80599476695053],[-1.0391827111557732,44.805649914911974],[-1.0390210598594476,44.80340205801411],[-1.0484931539706623,44.80305641112357],[-1.048331137863686,44.80080856977715],[-1.0514883507571786,44.80069317909504],[-1.0513262217062849,44.79844534392148],[-1.0576403567924324,44.79821430235503],[-1.0574779889313317,44.79596647806937],[-1.0606349111186384,44.7958508271969],[-1.0601475078296165,44.78910737735432],[-1.0633040394349111,44.78899165076471],[-1.0631414718064054,44.78674384183605],[-1.0662978645722896,44.78662803011336],[-1.0661351841084303,44.78438022739381],[-1.0692914380380194,44.78426433054573],[-1.0691286447588169,44.78201653404189],[-1.0722847598552283,44.78190055207609],[-1.0719589607277407,44.77740497301323],[-1.0751148111971827,44.777288910666066],[-1.0749518053773452,44.775041128116854],[-1.0781075170314112,44.77492498067073],[-1.0779443984646888,44.772677204360235],[-1.0810999713065024,44.772560971822806],[-1.0809367400128935,44.77031320175763],[-1.0840921740455778,44.77019688413655],[-1.083765499098348,44.765701358026355],[-1.0900758250081672,44.76546847230621],[-1.0899122556538552,44.76322072101666],[-1.1025322476264015,44.76275389088001],[-1.102368188481905,44.7605061601316],[-1.1212970286788095,44.7598032494525],[-1.1214618420674092,44.762050951563694],[-1.1277716016232837,44.76181592004691],[-1.1282668751448395,44.76855900676294],[-1.1314221122979646,44.76844134192496],[-1.1320831647490104,44.77743212616108],[-1.1352388917051002,44.777314352322314],[-1.135569748757903,44.78180974383504],[-1.1324137702377228,44.781927527270504],[-1.132744428585442,44.786422934338184],[-1.1359006587097138,44.78630514130519],[-1.1360661335267084,44.78855284226587],[-1.1392224762385232,44.78843495459166],[-1.1397193575792968,44.795178051926214],[-1.1365626373610658,44.795295954009845],[-1.1367281651055945,44.79754366086724],[-1.1335713057960315,44.79766147789768],[-1.1337367209093305,44.79990919102094],[-1.1305797225052654,44.80002692299053],[-1.1307450249673154,44.80227464237303],[-1.1244307367548554,44.80250984630942],[-1.1242656860549018,44.800262117344516],[-1.1179515968149607,44.800496952247734],[-1.1181163957464908,44.80274469078044],[-1.1118020020223176,44.80297917578149],[-1.111637454865527,44.80073142769561],[-1.0990090131585415,44.8011993002069],[-1.0995011832819321,44.80794260603332],[-1.1026586911230833,44.80782575842387],[-1.102822899997328,44.810073525185864],[-1.0996652662316733,44.810190377556104],[-1.1001575938287493,44.81693370081908],[-1.0875254162487378,44.81740026850035],[-1.087361797757453,44.81515247362452],[-1.0842038465792385,44.81526888606532],[-1.084040367127007,44.81302108789199],[-1.0777246774601712,44.81325363362199],[-1.0778879050029146,44.81550144127026],[-1.0747299146248463,44.815617584033234],[-1.075545618283024,44.82685666756078],[-1.0723869849147525,44.82697274407476],[-1.072713105700224,44.83146839697442],[-1.0695542072368163,44.83158439302783],[-1.069880128121399,44.83608006107169],[-1.0667209645265086,44.836195976650195],[-1.0668838184668576,44.83844381752132],[-1.063724515777787,44.838559647890946],[-1.0638872566766102,44.84080749489481],[-1.0607278148902324,44.84092324004786],[-1.0608904427274595,44.84317109317783],[-1.057730861840654,44.843286753106646],[-1.057893376596211,44.84553461235615],[-1.0547336566058563,44.84565018705303],[-1.0548960582596683,44.84789805241541],[-1.0422565439826508,44.848359470545844],[-1.0420946467782022,44.8461115863829]]],[[[-1.1017227553363385,44.92506249579395],[-1.0922303894052583,44.925412701296324],[-1.092394524614738,44.92766056761518],[-1.07973734676583,44.928126266262296],[-1.0795737173917026,44.925878380967056],[-1.0732453026640252,44.926110680363976],[-1.0730819393102968,44.92386278688385],[-1.0604254586491777,44.92432628589029],[-1.060262614179625,44.92207837480804],[-1.0539345484061442,44.92230957445279],[-1.053609404365714,44.91781373731676],[-1.05044560480957,44.91792919262351],[-1.0502831787548503,44.915681271293344],[-1.0439557934578774,44.91591190231619],[-1.0437936332524416,44.913663972887825],[-1.0374664488172238,44.91389423428183],[-1.0373045544254456,44.9116462967741],[-1.034141069155868,44.911761287697146],[-1.034302837135061,44.9140092298908],[-1.0248119243512765,44.91435367635888],[-1.0246505356191733,44.9121057201294],[-1.0151598857021344,44.91244934204452],[-1.0149988891320172,44.91020137312083],[-1.0086719774942379,44.910429994786206],[-1.0085112466316437,44.90818201785843],[-1.0021845362913318,44.90841026999586],[-1.0020240711005974,44.906162285082836],[-0.9988608230385333,44.906276271425675],[-0.9987004970931119,44.9040282831874],[-0.9923742152246476,44.90425597644087],[-0.9918940726773983,44.89751199184511],[-0.9887312916232484,44.89762568949903],[-0.9882516434831538,44.89088170300848],[-0.9914140455064986,44.890768019253215],[-0.9912540620815398,44.88852003107255],[-1.0039030366460053,44.8880644143589],[-1.0040635253494339,44.89031238397306],[-1.0103881881797079,44.89008402618535],[-1.0105489423884924,44.89233198783699],[-1.0200362190070065,44.89198876199762],[-1.019875085834649,44.889740814331816],[-1.0261996197602072,44.88951155632137],[-1.0260382468789104,44.887263619339436],[-1.0323624764933763,44.887034010604154],[-1.0322008639480469,44.884786084323295],[-1.0448486626075255,44.884325805426826],[-1.045010780310558,44.88657371295177],[-1.0513348543522834,44.8863430240437],[-1.0516596339128428,44.890838824320696],[-1.064308636221395,44.89037632867351],[-1.064145734737255,44.88812844671032],[-1.0673078264232365,44.888012602474625],[-1.0663299338725782,44.87452536725611],[-1.0694912549450202,44.87440946134792],[-1.0693281923029545,44.87216159827204],[-1.0724893740954886,44.87204560709975],[-1.0723261982963284,44.86979775011248],[-1.0786482702537163,44.86956550727304],[-1.0784848551180586,44.86731766111426],[-1.0816457452775692,44.86720140945901],[-1.0818092866111626,44.869449250880876],[-1.084970289874375,44.86933290450783],[-1.0844793265910602,44.86258939857191],[-1.0813187018867962,44.86270573072388],[-1.081155199826475,44.860457893417355],[-1.0779946882004818,44.86057413086311],[-1.0775046389840495,44.85383061302063],[-1.0806647721669325,44.85371438978253],[-1.0805013224489917,44.8514665580104],[-1.0836613164225846,44.851350249556155],[-1.0833342040081708,44.84685459966907],[-1.0864939326712144,44.846738210748725],[-1.0863302700032869,44.844490392643536],[-1.0894898594749303,44.844373918525804],[-1.0893260838212868,44.842126106568],[-1.0924855341046715,44.842009547260595],[-1.0923216454853815,44.83976174145678],[-1.1144365472181925,44.838943341510166],[-1.1142717893291603,44.83669557045874],[-1.1174308823002643,44.83657830124588],[-1.1172660115553725,44.83433053638236],[-1.1204249652969447,44.834213182028144],[-1.1202599817162524,44.831965423359165],[-1.1234187962314597,44.83184798387134],[-1.1230886166465373,44.82735248035515],[-1.126247165934904,44.82723496052956],[-1.1260819699591684,44.82498721569215],[-1.1323987768942312,44.82475191590898],[-1.1322333421708717,44.8225041820842],[-1.1448662932367708,44.82203252291893],[-1.1447003678809504,44.81978480973927],[-1.1573326027329653,44.81931173151659],[-1.156833395009336,44.81256865839917],[-1.1599910426596591,44.81245017859964],[-1.159824540785329,44.810202495264654],[-1.1629820492041685,44.810083930417434],[-1.1628154347409034,44.807836253356854],[-1.1659728039314523,44.807717603469634],[-1.1658060768992777,44.80546993269006],[-1.16896330686473,44.805351197770506],[-1.168796467283667,44.80310353327854],[-1.1719535580272218,44.80298471333433],[-1.1717866059172903,44.80073705513659],[-1.1749435574421438,44.800618150175374],[-1.174776492823362,44.79837049827846],[-1.1779333051327154,44.798251508307935],[-1.1781004956078687,44.80049915535708],[-1.1812574204044586,44.800380070682266],[-1.181090104074535,44.79813242848455],[-1.1842468896388147,44.798013258808886],[-1.1840794608432705,44.79576562292548],[-1.1935493596509612,44.79540758937714],[-1.1933815667515153,44.793159969542174],[-1.215476646524298,44.79232144749781],[-1.2156453201770645,44.79456903317139],[-1.2188018321026381,44.79444888005425],[-1.2189706450668278,44.79669646229332],[-1.2221272693202618,44.79657621443592],[-1.2224651874207106,44.80107137348345],[-1.2193083114895997,44.8011916311388],[-1.2196460319156737,44.8056868057849],[-1.2164888907628026,44.8058069833792],[-1.2168264134441604,44.81030217359128],[-1.2105115871346341,44.81054227876073],[-1.2106801169245935,44.81278988580579],[-1.2012073986999414,44.81314938418732],[-1.2013755642328674,44.815397007312605],[-1.191902347218173,44.81575571143867],[-1.1920701484210918,44.81800335060921],[-1.1889122566319676,44.818122743756625],[-1.1890799453168546,44.82037038921988],[-1.1669734461923011,44.821203658415776],[-1.1671402665953303,44.82345133925341],[-1.163982015874808,44.823570022983134],[-1.1641487236500028,44.82581771007963],[-1.16730710034345,44.82569902151443],[-1.1679745688188299,44.83468976472466],[-1.1711334361511108,44.83457096690185],[-1.1716345558039247,44.84131402456827],[-1.1747937878626926,44.84119512230032],[-1.1749609805306036,44.84344280614147],[-1.178120325259736,44.84332380910199],[-1.1782876573655579,44.84557148948737],[-1.1814471147618453,44.84545239766945],[-1.1812796565992782,44.84320472213605],[-1.1844389745391999,44.84308554524422],[-1.1846065587569061,44.84533321592199],[-1.187765989340708,44.84521394424557],[-1.1879337130332328,44.8474616114524],[-1.191093256257697,44.847342244984475],[-1.1915968861251482,44.85408524031054],[-1.1947567941578972,44.85396576930949],[-1.1952609232967544,44.86070876240358],[-1.1921006369324771,44.86082824800818],[-1.1924365380143458,44.865323593301355],[-1.1892759859330346,44.86544299868206],[-1.1894438304896222,44.86769067823198],[-1.1799617152046415,44.86804836917749],[-1.1802966876082233,44.872543761485964],[-1.1771357033377328,44.87266282157008],[-1.1773030834655944,44.874910524599734],[-1.1709808223508122,44.8751483845349],[-1.171147963478098,44.877396098601416],[-1.1585027759209734,44.87787075805395],[-1.1586694255671128,44.88011849280291],[-1.1555079690741228,44.880236937530015],[-1.1556745058349913,44.88248467844482],[-1.1493513003890603,44.882721307570954],[-1.1496839089310813,44.88721681269076],[-1.1465220337282573,44.887335001893405],[-1.1466882317126785,44.88958276126616],[-1.1435262169335159,44.889700865278634],[-1.1436923019522331,44.891948630790786],[-1.1405301475935377,44.89206664960539],[-1.1416922310583464,44.90780107873751],[-1.1385291791650312,44.9079190411822],[-1.1386951179304594,44.9101668268081],[-1.1355319263812693,44.91028470401888],[-1.13569775206982,44.91253249574529],[-1.1325344208615649,44.912650287714456],[-1.1327001334530975,44.914898085534766],[-1.1295366625825882,44.91501579225463],[-1.129371076376524,44.9127679896382],[-1.126207718624766,44.91288560151595],[-1.1263731784437694,44.91513340892483],[-1.1232096810467136,44.91525093554483],[-1.1233750277252295,44.917498749034095],[-1.1202113906796913,44.91761619038862],[-1.1205418709567319,44.922111830799686],[-1.1173779678374756,44.922229191663185],[-1.1177082482116314,44.92672484676563],[-1.1018872699057463,44.9273103478421],[-1.1017227553363385,44.92506249579395]],[[-1.1128944702803243,44.90436385537669],[-1.1130593716792516,44.90661167671621],[-1.116222403277326,44.90649443936039],[-1.1160573755252556,44.90424662279787],[-1.1128944702803243,44.90436385537669]],[[-1.1408706644970974,44.85373679989482],[-1.14120242255972,44.858232289012555],[-1.1506831265594404,44.85787790916288],[-1.150350611779784,44.853382448921565],[-1.1408706644970974,44.85373679989482]]]]}},{"type":"Feature","properties":{"category":"historical_support","snapshot_index":15,"pass_time_utc":"2026-07-24T19:36:00+00:00","dt_local":"2026-07-24T21:36:00+02:00","area_km2":230.375,"label":"Isoline temporelle","coherence_level":"indisponible","coherence_fraction":0.0,"projection_displayed":false,"model_version":"fire_progression_arrival_v1"},"geometry":{"type":"MultiPolygon","coordinates":[[[[-1.1204768206632756,44.4465694951745],[-1.1203129655276638,44.444322072524336],[-1.1171757829788687,44.44443940636043],[-1.1170120651584254,44.44219198092501],[-1.1013265789693119,44.44277728699001],[-1.0998592950698785,44.42255033383281],[-1.090451202722931,44.42290031776992],[-1.0902886085495,44.420652874371996],[-1.0840167308150204,44.42088574125025],[-1.0838543979605206,44.4186382904008],[-1.0807185639514603,44.41875458522862],[-1.080394185299673,44.414259680167916],[-1.0772585867906326,44.41437587628397],[-1.0767724879103826,44.40763351982443],[-1.0799077139183277,44.40751733790369],[-1.0797455825441047,44.40526989458285],[-1.0828806715307397,44.405153628168044],[-1.082718428894329,44.40290619163784],[-1.0889883199391424,44.40267340061461],[-1.0888258419369399,44.40042597562345],[-1.0919606439899179,44.400309451026814],[-1.091798054776077,44.39806203284285],[-1.1012020111091838,44.39771193801704],[-1.1010390625068454,44.39546453615504],[-1.1073080538654396,44.39523070307315],[-1.1074712506580826,44.39747809541245],[-1.1106058510011827,44.397361040295635],[-1.1107691848539654,44.39960842993202],[-1.1139038963308616,44.39949128083568],[-1.1137404383769818,44.39724389596992],[-1.135682186100134,44.39642138788805],[-1.1358465127183883,44.39866873925811],[-1.1515194189169753,44.39807853330913],[-1.1518493522997273,44.4025731941511],[-1.1612536835069898,44.402217971185976],[-1.1615844139690958,44.40671261130021],[-1.164719413014859,44.406594015564544],[-1.1660438535392572,44.42457261886332],[-1.1629078612170347,44.42469125324161],[-1.1632388544414434,44.429185933964064],[-1.1569663335299265,44.42942295428321],[-1.1571316014112776,44.431670307314064],[-1.1508587795306873,44.431906980250176],[-1.1510238120642744,44.43415434492679],[-1.1478872572134153,44.43427255231885],[-1.1482171131049268,44.43876729731021],[-1.1325328999202127,44.43935704332756],[-1.1326972261468466,44.441604442839385],[-1.1295602200241475,44.44172212901474],[-1.1297244350183573,44.443969535315034],[-1.1265872915572308,44.44408713700106],[-1.126751395299371,44.44633455008325],[-1.1204768206632756,44.4465694951745]]],[[[-1.1020517976607238,44.9295582011664],[-1.1018872699057463,44.9273103478421],[-1.095558786213844,44.92754391776489],[-1.0957230610436248,44.92979178060706],[-1.0830654298861864,44.930257858548764],[-1.0829016609257673,44.92800997671477],[-1.07973734676583,44.928126266262296],[-1.0795737173917026,44.925878380967056],[-1.0732453026640252,44.926110680363976],[-1.0730819393102968,44.92386278688385],[-1.0604254586491777,44.92432628589029],[-1.060262614179625,44.92207837480804],[-1.0539345484061442,44.92230957445279],[-1.053609404365714,44.91781373731676],[-1.05044560480957,44.91792919262351],[-1.0502831787548503,44.915681271293344],[-1.0439557934578774,44.91591190231619],[-1.0437936332524416,44.913663972887825],[-1.0374664488172238,44.91389423428183],[-1.0373045544254456,44.9116462967741],[-1.0151598857021344,44.91244934204452],[-1.0149988891320172,44.91020137312083],[-1.0086719774942379,44.910429994786206],[-1.0085112466316437,44.90818201785843],[-1.0021845362913318,44.90841026999586],[-1.0020240711005974,44.906162285082836],[-0.9988608230385333,44.906276271425675],[-0.9987004970931119,44.9040282831874],[-0.9923742152246476,44.90425597644087],[-0.9918940726773983,44.89751199184511],[-0.9887312916232484,44.89762568949903],[-0.9882516434831538,44.89088170300848],[-0.9914140455064986,44.890768019253215],[-0.9912540620815398,44.88852003107255],[-1.0007408122602766,44.88817845356958],[-1.0005804627177888,44.88593048065499],[-1.0069046460226065,44.88570232151056],[-1.0067440567293997,44.88345435924309],[-1.0099060027994182,44.88334014930008],[-1.009745300082858,44.88109219303947],[-1.0160689010371933,44.88086351243622],[-1.0146208833509163,44.86063205137466],[-1.0209421606379658,44.86040309472299],[-1.020781081825398,44.8581551708202],[-1.0239415749549428,44.85804056220418],[-1.0237803828706213,44.85579264436042],[-1.0269407369320078,44.85567795044883],[-1.0266181391709894,44.8511821282882],[-1.0297782280247954,44.85106735376548],[-1.0296168223766846,44.848819449458404],[-1.0327767721801209,44.848704589658915],[-1.0326152533290185,44.846456691433936],[-1.0357750640851855,44.84634174636531],[-1.035451812952037,44.841845963501214],[-1.032292254404418,44.841960899203045],[-1.0319693071729559,44.83746511262012],[-1.0288099878735493,44.83757994902147],[-1.02848734445418,44.83308415875567],[-1.0253282643790715,44.83319889587137],[-1.0245225118375485,44.82195942184278],[-1.0276809617521065,44.82184470809985],[-1.0268749015329792,44.810605293508225],[-1.0300327086460928,44.81049051324176],[-1.0297101229196826,44.80599476695053],[-1.0391827111557732,44.805649914911974],[-1.0390210598594476,44.80340205801411],[-1.0484931539706623,44.80305641112357],[-1.048331137863686,44.80080856977715],[-1.0578027376375423,44.800462128114965],[-1.0576403567924324,44.79821430235503],[-1.0607974048644997,44.79809864677048],[-1.0606349111186384,44.7958508271969],[-1.0637918203134793,44.795735086461306],[-1.0634666200612202,44.79123946118071],[-1.0666232645203269,44.791123640020686],[-1.0664605580424031,44.788875834323456],[-1.0696170636420839,44.78875992803113],[-1.069454244331922,44.78651212854328],[-1.072610611075294,44.78639613712636],[-1.0722847598552283,44.78190055207609],[-1.075440861928496,44.7817844802713],[-1.0751148111971827,44.777288910666066],[-1.078270648636599,44.77717275848779],[-1.0781075170314112,44.77492498067073],[-1.0812632156470128,44.77480874339772],[-1.0810999713065024,44.772560971822806],[-1.0842555311014148,44.7724446494627],[-1.0840921740455778,44.77019688413655],[-1.087247595022927,44.770080476697046],[-1.0870841252717591,44.76783271762627],[-1.0933946765238276,44.76759964279001],[-1.093230968359779,44.76535189473081],[-1.1058514108443878,44.76488468634041],[-1.1056872128680173,44.76263695883419],[-1.1183069425286598,44.7621683326214],[-1.1184716433743993,44.764416041035346],[-1.124781680706586,44.76418117955122],[-1.1251116247964486,44.768676581790494],[-1.1282668751448395,44.76855900676294],[-1.1289274245813359,44.77754981017538],[-1.1383946054396052,44.77719648865965],[-1.1385601531298861,44.77944417886774],[-1.141715979406687,44.779326220576216],[-1.1420473660660826,44.78382159585492],[-1.1515155201117129,44.783467153145395],[-1.151681610712225,44.785714828574385],[-1.1706183148336033,44.78500348872889],[-1.1707851735332684,44.78725113665891],[-1.1739413700603616,44.787132260759286],[-1.1736074144130566,44.78263697606512],[-1.1704514694718677,44.782755842279194],[-1.1699510133982638,44.77601291184576],[-1.1731065810355799,44.77589406015837],[-1.1727727588276005,44.771398790349565],[-1.1790833511053407,44.771160836913246],[-1.17891620855849,44.76891321395141],[-1.1915367298510315,44.7684362488128],[-1.1913690978177298,44.76618864678464],[-1.2071438194152744,44.76559044417925],[-1.207312079966439,44.76783802183731],[-1.2104671096895956,44.767718107041134],[-1.2106355093961207,44.76996568131542],[-1.2169457798752392,44.76972557254531],[-1.2171144444726008,44.771973138535735],[-1.2202696852137342,44.771852944551846],[-1.2204384890147872,44.77410050713977],[-1.2235938419883725,44.77398021845116],[-1.223762785013097,44.7762277776291],[-1.2269182502159017,44.77610739422887],[-1.2270873324842788,44.77835494998942],[-1.2333984738172228,44.77811390393812],[-1.2335678210966128,44.78036145136204],[-1.2367234972119001,44.78024078870101],[-1.236892983783285,44.78248833268877],[-1.2400487721064593,44.78236757529229],[-1.2410667308313286,44.795852840574135],[-1.2379101877734855,44.79597362749069],[-1.2380797692139887,44.79822118173873],[-1.2349230867728092,44.798341883730686],[-1.2350925559368036,44.80058944434831],[-1.2319357341090422,44.80071006140798],[-1.2321050909765219,44.80295762838858],[-1.2257911550088796,44.803198602773584],[-1.2262985516537603,44.80994134183053],[-1.2136690070330367,44.81042227111016],[-1.2138376627217258,44.812669873266046],[-1.2043649849036888,44.81302964126703],[-1.204701581257185,44.81752487919166],[-1.1952280267881918,44.81788386757843],[-1.1950600996568397,44.815636233275605],[-1.191902347218173,44.81575571143867],[-1.1920701484210918,44.81800335060921],[-1.1762805554555413,44.8185994175008],[-1.1764477403641362,44.8208470823846],[-1.1701315576064268,44.821084889629645],[-1.1702985039707618,44.82333256562837],[-1.1671402665953303,44.82345133925341],[-1.1679745688188299,44.83468976472466],[-1.1711334361511108,44.83457096690185],[-1.1716345558039247,44.84131402456827],[-1.1747937878626926,44.84119512230032],[-1.1749609805306036,44.84344280614147],[-1.178120325259736,44.84332380910199],[-1.1782876573655579,44.84557148948737],[-1.1846065587569061,44.84533321592199],[-1.1847741563858696,44.847580887988315],[-1.1879337130332328,44.8474616114524],[-1.1884369646546362,44.85420462136918],[-1.1915968861251482,44.85408524031054],[-1.1921006369324771,44.86082824800818],[-1.1889403371256015,44.86094764365944],[-1.1892759859330346,44.86544299868206],[-1.1829548414730977,44.86568153955915],[-1.183122433720293,44.8679292288282],[-1.1799617152046415,44.86804836917749],[-1.1802966876082233,44.872543761485964],[-1.1771357033377328,44.87266282157008],[-1.1774704769955038,44.877158228974665],[-1.1743092269336046,44.877277208779255],[-1.1744765076566135,44.879524919343886],[-1.1491850160934582,44.88047355701491],[-1.1493513003890603,44.882721307570954],[-1.1461896776864593,44.88283948714271],[-1.146355849053383,44.88508724385114],[-1.1431940867977473,44.885205338239594],[-1.1435262169335159,44.889700865278634],[-1.1403641888532647,44.88981887928457],[-1.1405301475935377,44.89206664960539],[-1.1373679799422156,44.892184578409214],[-1.1385291791650312,44.9079190411822],[-1.135366113977981,44.90803691358996],[-1.1358635910452266,44.91478028876584],[-1.1327001334530975,44.914898085534766],[-1.1328658593230116,44.91714588464604],[-1.1297022620569628,44.917263596162215],[-1.1298678748012405,44.9195114013576],[-1.1203766241975741,44.91986400995165],[-1.1205418709567319,44.922111830799686],[-1.1173779678374756,44.922229191663185],[-1.117543101407365,44.924477018575175],[-1.1048868509588305,44.92494558048681],[-1.1052161461935825,44.92944127633061],[-1.1020517976607238,44.9295582011664]],[[-1.1160573755252556,44.90424662279787],[-1.1128944702803243,44.90436385537669],[-1.1130593716792516,44.90661167671621],[-1.116222403277326,44.90649443936039],[-1.1160573755252556,44.90424662279787]]]]}},{"type":"Feature","properties":{"category":"observed_front","snapshot_index":15,"pass_time_utc":"2026-07-24T19:36:00+00:00","dt_local":"2026-07-24T21:36:00+02:00","area_km2":2.312,"label":"Activité observée","coherence_level":"indisponible","coherence_fraction":0.0,"projection_displayed":false,"model_version":"fire_progression_arrival_v1"},"geometry":{"type":"Polygon","coordinates":[[[-1.1298678748012405,44.9195114013576],[-1.1297022620569628,44.917263596162215],[-1.1328658593230116,44.91714588464604],[-1.1327001334530975,44.914898085534766],[-1.1358635910452266,44.91478028876584],[-1.135366113977981,44.90803691358996],[-1.1322030355072643,44.9081546959602],[-1.132037362741309,44.905906902033024],[-1.1288743973522555,44.906024589569675],[-1.1287088642034993,44.903776792151696],[-1.119220267550106,44.90412930018538],[-1.119385421653731,44.90637711196725],[-1.116222403277326,44.90649443936039],[-1.1163874442510653,44.90874225722842],[-1.1132242862897803,44.90885949936145],[-1.1137191094068388,44.9156029750977],[-1.1168826465181751,44.91548571863184],[-1.1170477403944694,44.91773354168814],[-1.1202113906796913,44.91761619038862],[-1.1203766241975741,44.91986400995165],[-1.1298678748012405,44.9195114013576]]]}},{"type":"Feature","properties":{"category":"historical_support","snapshot_index":16,"pass_time_utc":"2026-07-25T01:13:00+00:00","dt_local":"2026-07-25T03:13:00+02:00","area_km2":243.0,"label":"Isoline temporelle","coherence_level":"indisponible","coherence_fraction":0.0,"projection_displayed":false,"model_version":"fire_progression_arrival_v1"},"geometry":{"type":"MultiPolygon","coordinates":[[[[-1.1204768206632756,44.4465694951745],[-1.1203129655276638,44.444322072524336],[-1.1171757829788687,44.44443940636043],[-1.1170120651584254,44.44219198092501],[-1.1013265789693119,44.44277728699001],[-1.0998592950698785,44.42255033383281],[-1.090451202722931,44.42290031776992],[-1.0902886085495,44.420652874371996],[-1.0840167308150204,44.42088574125025],[-1.0838543979605206,44.4186382904008],[-1.0807185639514603,44.41875458522862],[-1.080394185299673,44.414259680167916],[-1.0772585867906326,44.41437587628397],[-1.0767724879103826,44.40763351982443],[-1.0799077139183277,44.40751733790369],[-1.0797455825441047,44.40526989458285],[-1.0828806715307397,44.405153628168044],[-1.082718428894329,44.40290619163784],[-1.0889883199391424,44.40267340061461],[-1.0888258419369399,44.40042597562345],[-1.0919606439899179,44.400309451026814],[-1.091798054776077,44.39806203284285],[-1.1012020111091838,44.39771193801704],[-1.1010390625068454,44.39546453615504],[-1.1073080538654396,44.39523070307315],[-1.1074712506580826,44.39747809541245],[-1.1106058510011827,44.397361040295635],[-1.1107691848539654,44.39960842993202],[-1.1139038963308616,44.39949128083568],[-1.1137404383769818,44.39724389596992],[-1.135682186100134,44.39642138788805],[-1.1358465127183883,44.39866873925811],[-1.1515194189169753,44.39807853330913],[-1.1518493522997273,44.4025731941511],[-1.1612536835069898,44.402217971185976],[-1.1615844139690958,44.40671261130021],[-1.164719413014859,44.406594015564544],[-1.1660438535392572,44.42457261886332],[-1.1629078612170347,44.42469125324161],[-1.1632388544414434,44.429185933964064],[-1.1569663335299265,44.42942295428321],[-1.1571316014112776,44.431670307314064],[-1.1508587795306873,44.431906980250176],[-1.1510238120642744,44.43415434492679],[-1.1478872572134153,44.43427255231885],[-1.1482171131049268,44.43876729731021],[-1.1325328999202127,44.43935704332756],[-1.1326972261468466,44.441604442839385],[-1.1295602200241475,44.44172212901474],[-1.1297244350183573,44.443969535315034],[-1.1265872915572308,44.44408713700106],[-1.126751395299371,44.44633455008325],[-1.1204768206632756,44.4465694951745]]],[[[-1.103203861274609,44.94529320988383],[-1.0968733536164392,44.94552685596122],[-1.097037733826452,44.94777472889394],[-1.084376054261889,44.948240958800014],[-1.0842121802440006,44.94599306686886],[-1.0747161622334387,44.94634177894036],[-1.0745526809836554,44.94409387404975],[-1.068222189850777,44.94432588877245],[-1.0680589747814775,44.94207797568168],[-1.0617286843868121,44.94230962054449],[-1.0615657354623518,44.94006169927243],[-1.0520705815190254,44.940408476664885],[-1.0519080252295208,44.93816054252367],[-1.0455781104796262,44.938391267547864],[-1.0454158202566939,44.93614332527058],[-1.0390861065077384,44.93637368051544],[-1.0389240823157138,44.9341257301209],[-1.0515829517405044,44.933664678042284],[-1.0514204345378622,44.93141674770888],[-1.0735720686528603,44.930606471164865],[-1.073408679111022,44.92835857512542],[-1.0765730194908876,44.9282424657327],[-1.0764095165795382,44.92599457570252],[-1.0732453026640252,44.926110680363976],[-1.0730819393102968,44.92386278688385],[-1.0604254586491777,44.92432628589029],[-1.060262614179625,44.92207837480804],[-1.0539345484061442,44.92230957445279],[-1.053609404365714,44.91781373731676],[-1.05044560480957,44.91792919262351],[-1.0502831787548503,44.915681271293344],[-1.0439557934578774,44.91591190231619],[-1.0437936332524416,44.913663972887825],[-1.0374664488172238,44.91389423428183],[-1.0373045544254456,44.9116462967741],[-1.0151598857021344,44.91244934204452],[-1.0149988891320172,44.91020137312083],[-1.0086719774942379,44.910429994786206],[-1.0085112466316437,44.90818201785843],[-1.0021845362913318,44.90841026999586],[-1.0020240711005974,44.906162285082836],[-0.9988608230385333,44.906276271425675],[-0.9987004970931119,44.9040282831874],[-0.9923742152246476,44.90425597644087],[-0.9918940726773983,44.89751199184511],[-0.9887312916232484,44.89762568949903],[-0.9882516434831538,44.89088170300848],[-0.9914140455064986,44.890768019253215],[-0.9912540620815398,44.88852003107255],[-1.0007408122602766,44.88817845356958],[-1.0005804627177888,44.88593048065499],[-1.0069046460226065,44.88570232151056],[-1.0067440567293997,44.88345435924309],[-1.0099060027994182,44.88334014930008],[-1.009745300082858,44.88109219303947],[-1.0160689010371933,44.88086351243622],[-1.0146208833509163,44.86063205137466],[-1.0209421606379658,44.86040309472299],[-1.020781081825398,44.8581551708202],[-1.0239415749549428,44.85804056220418],[-1.0237803828706213,44.85579264436042],[-1.0269407369320078,44.85567795044883],[-1.0266181391709894,44.8511821282882],[-1.0297782280247954,44.85106735376548],[-1.0296168223766846,44.848819449458404],[-1.0327767721801209,44.848704589658915],[-1.0326152533290185,44.846456691433936],[-1.0357750640851855,44.84634174636531],[-1.035451812952037,44.841845963501214],[-1.032292254404418,44.841960899203045],[-1.0319693071729559,44.83746511262012],[-1.0288099878735493,44.83757994902147],[-1.02848734445418,44.83308415875567],[-1.0253282643790715,44.83319889587137],[-1.0245225118375485,44.82195942184278],[-1.0276809617521065,44.82184470809985],[-1.0268749015329792,44.810605293508225],[-1.0300327086460928,44.81049051324176],[-1.0297101229196826,44.80599476695053],[-1.0391827111557732,44.805649914911974],[-1.0390210598594476,44.80340205801411],[-1.0484931539706623,44.80305641112357],[-1.048331137863686,44.80080856977715],[-1.0578027376375423,44.800462128114965],[-1.0576403567924324,44.79821430235503],[-1.0607974048644997,44.79809864677048],[-1.0606349111186384,44.7958508271969],[-1.0637918203134793,44.795735086461306],[-1.0634666200612202,44.79123946118071],[-1.0666232645203269,44.791123640020686],[-1.065809862193235,44.77988462643974],[-1.0689658644927553,44.77976873903509],[-1.0684776017578264,44.77302536303081],[-1.0653219768283932,44.77314123627187],[-1.064834208435719,44.766397859700795],[-1.080610316560128,44.76581766616998],[-1.0807735217646224,44.768065433205564],[-1.0933946765238276,44.76759964279001],[-1.093230968359779,44.76535189473081],[-1.1058514108443878,44.76488468634041],[-1.1056872128680173,44.76263695883419],[-1.1183069425286598,44.7621683326214],[-1.1184716433743993,44.764416041035346],[-1.124781680706586,44.76418117955122],[-1.1251116247964486,44.768676581790494],[-1.1282668751448395,44.76855900676294],[-1.1289274245813359,44.77754981017538],[-1.1383946054396052,44.77719648865965],[-1.1385601531298861,44.77944417886774],[-1.141715979406687,44.779326220576216],[-1.1420473660660826,44.78382159585492],[-1.1515155201117129,44.783467153145395],[-1.151681610712225,44.785714828574385],[-1.1706183148336033,44.78500348872889],[-1.1707851735332684,44.78725113665891],[-1.1739413700603616,44.787132260759286],[-1.1736074144130566,44.78263697606512],[-1.1704514694718677,44.782755842279194],[-1.1699510133982638,44.77601291184576],[-1.1731065810355799,44.77589406015837],[-1.1727727588276005,44.771398790349565],[-1.1790833511053407,44.771160836913246],[-1.17891620855849,44.76891321395141],[-1.1915367298510315,44.7684362488128],[-1.1913690978177298,44.76618864678464],[-1.2071438194152744,44.76559044417925],[-1.207312079966439,44.76783802183731],[-1.2104671096895956,44.767718107041134],[-1.2106355093961207,44.76996568131542],[-1.2169457798752392,44.76972557254531],[-1.2171144444726008,44.771973138535735],[-1.2202696852137342,44.771852944551846],[-1.2204384890147872,44.77410050713977],[-1.2235938419883725,44.77398021845116],[-1.223762785013097,44.7762277776291],[-1.2269182502159017,44.77610739422887],[-1.2270873324842788,44.77835494998942],[-1.2333984738172228,44.77811390393812],[-1.2335678210966128,44.78036145136204],[-1.2367234972119001,44.78024078870101],[-1.236892983783285,44.78248833268877],[-1.2400487721064593,44.78236757529229],[-1.2410667308313286,44.795852840574135],[-1.2379101877734855,44.79597362749069],[-1.2380797692139887,44.79822118173873],[-1.2349230867728092,44.798341883730686],[-1.2350925559368036,44.80058944434831],[-1.2319357341090422,44.80071006140798],[-1.2321050909765219,44.80295762838858],[-1.2257911550088796,44.803198602773584],[-1.2262985516537603,44.80994134183053],[-1.2136690070330367,44.81042227111016],[-1.2138376627217258,44.812669873266046],[-1.2043649849036888,44.81302964126703],[-1.204701581257185,44.81752487919166],[-1.1952280267881918,44.81788386757843],[-1.1950600996568397,44.815636233275605],[-1.191902347218173,44.81575571143867],[-1.1920701484210918,44.81800335060921],[-1.1762805554555413,44.8185994175008],[-1.1764477403641362,44.8208470823846],[-1.1701315576064268,44.821084889629645],[-1.1702985039707618,44.82333256562837],[-1.1671402665953303,44.82345133925341],[-1.1679745688188299,44.83468976472466],[-1.1711334361511108,44.83457096690185],[-1.1716345558039247,44.84131402456827],[-1.1747937878626926,44.84119512230032],[-1.1749609805306036,44.84344280614147],[-1.178120325259736,44.84332380910199],[-1.1782876573655579,44.84557148948737],[-1.1846065587569061,44.84533321592199],[-1.1847741563858696,44.847580887988315],[-1.1879337130332328,44.8474616114524],[-1.1884369646546362,44.85420462136918],[-1.1915968861251482,44.85408524031054],[-1.1921006369324771,44.86082824800818],[-1.1889403371256015,44.86094764365944],[-1.1892759859330346,44.86544299868206],[-1.1829548414730977,44.86568153955915],[-1.183122433720293,44.8679292288282],[-1.1799617152046415,44.86804836917749],[-1.1802966876082233,44.872543761485964],[-1.1771357033377328,44.87266282157008],[-1.1774704769955038,44.877158228974665],[-1.1743092269336046,44.877277208779255],[-1.1744765076566135,44.879524919343886],[-1.1491850160934582,44.88047355701491],[-1.1493513003890603,44.882721307570954],[-1.1461896776864593,44.88283948714271],[-1.146355849053383,44.88508724385114],[-1.1431940867977473,44.885205338239594],[-1.1435262169335159,44.889700865278634],[-1.1403641888532647,44.88981887928457],[-1.1405301475935377,44.89206664960539],[-1.1373679799422156,44.892184578409214],[-1.1385291791650312,44.9079190411822],[-1.135366113977981,44.90803691358996],[-1.1358635910452266,44.91478028876584],[-1.1327001334530975,44.914898085534766],[-1.1328658593230116,44.91714588464604],[-1.1297022620569628,44.917263596162215],[-1.1298678748012405,44.9195114013576],[-1.1203766241975741,44.91986400995165],[-1.1205418709567319,44.922111830799686],[-1.1173779678374756,44.922229191663185],[-1.117543101407365,44.924477018575175],[-1.114379058621603,44.92459429415442],[-1.1145440789820722,44.92684212712373],[-1.1177082482116314,44.92672484676563],[-1.1180385815296543,44.93122050696844],[-1.114874159382262,44.93133779688487],[-1.1155344789441402,44.94032915160249],[-1.112369537604677,44.94044637054531],[-1.1126995237497823,44.94494206500119],[-1.1063690953113674,44.94517625169125],[-1.106533855148851,44.9474241103367],[-1.103368494571188,44.94754107329537],[-1.103203861274609,44.94529320988383]],[[-1.1128944702803243,44.90436385537669],[-1.1130593716792516,44.90661167671621],[-1.116222403277326,44.90649443936039],[-1.1160573755252556,44.90424662279787],[-1.1128944702803243,44.90436385537669]]],[[[-1.0066330939673984,44.92628007816275],[-1.000304334798103,44.926508224557544],[-1.000143893184004,44.924260224562346],[-0.9938153355402626,44.92448800133914],[-0.9936551597289771,44.92223999335475],[-0.9904909881195375,44.922353741985894],[-0.9903309516093033,44.92010573066279],[-0.9998230485290119,44.91976422845373],[-0.9996626454850313,44.91751623234708],[-1.0059903929411067,44.91728812313798],[-1.0061510488831455,44.9195361099488],[-1.009315029752264,44.91942191558836],[-1.0094758250264184,44.92166989904474],[-1.0126399194653746,44.921555609955774],[-1.0129618016168298,44.92605157143679],[-1.0097974542371393,44.92616586984088],[-1.0099582881768008,44.92841385717387],[-1.0067938014200182,44.928528070149945],[-1.0066330939673984,44.92628007816275]]]]}},{"type":"Feature","properties":{"category":"observed_front","snapshot_index":16,"pass_time_utc":"2026-07-25T01:13:00+00:00","dt_local":"2026-07-25T03:13:00+02:00","area_km2":50.5,"label":"Activité observée","coherence_level":"indisponible","coherence_fraction":0.0,"projection_displayed":false,"model_version":"fire_progression_arrival_v1"},"geometry":{"type":"MultiPolygon","coordinates":[[[[-1.1074374804451743,44.44029599465962],[-1.1043004945111021,44.44041296182702],[-1.1041372998251426,44.438165521312776],[-1.1072741614769015,44.43804855890879],[-1.1071108554840992,44.435801125161944],[-1.1165209897390673,44.435449716612055],[-1.1166846685400729,44.437697136047476],[-1.1198214782310287,44.4375798165458],[-1.1199852943130908,44.43982723320662],[-1.1168483603460095,44.439944557486236],[-1.1170120651584254,44.44219198092501],[-1.107600812390463,44.44254343241105],[-1.1074374804451743,44.44029599465962]]],[[[-1.07707189782387,44.80426241755698],[-1.0769087355406406,44.80201461718959],[-1.0737515007548455,44.802130731563786],[-1.0735884774158162,44.799882927931925],[-1.0704313554913765,44.79999894770717],[-1.0701055996857207,44.79550333540291],[-1.0669487165058436,44.79561925586311],[-1.065809862193235,44.77988462643974],[-1.0689658644927553,44.77976873903509],[-1.0684776017578264,44.77302536303081],[-1.0653219768283932,44.77314123627187],[-1.064834208435719,44.766397859700795],[-1.080610316560128,44.76581766616998],[-1.0807735217646224,44.768065433205564],[-1.0870841252717591,44.76783271762627],[-1.087247595022927,44.770080476697046],[-1.093558397771634,44.76984739236488],[-1.0937221321047643,44.77209514345201],[-1.1094995385725572,44.77151083703384],[-1.1096639148066882,44.77375856582422],[-1.1128194824877147,44.77364143031358],[-1.112983997628397,44.77588915583618],[-1.1161396779275046,44.775771925729],[-1.1163043319947326,44.77801964797638],[-1.1194601249087728,44.77790232326571],[-1.1202842217251225,44.78914093299329],[-1.1171277997863311,44.789258281606024],[-1.117292532846783,44.79150601278689],[-1.1141359719019737,44.79162327633142],[-1.11430059228694,44.793871013766996],[-1.1111438923329562,44.79398819223566],[-1.1113084000224234,44.79623593591932],[-1.1081515610561128,44.796353029304434],[-1.1083159560300633,44.79860077922958],[-1.1051589780482753,44.79871778752349],[-1.1053232602866898,44.80096554368352],[-1.1021661432862735,44.801082466878555],[-1.1023303127691297,44.80333022926684],[-1.0991730567469387,44.80344706735535],[-1.099337113454211,44.80569483596529],[-1.0835500072144741,44.80627770207958],[-1.0833865800531275,44.804029909722566],[-1.07707189782387,44.80426241755698]]],[[[-0.9193040134009228,44.90235235646494],[-0.9191468854598566,44.90010425728919],[-0.9159838123349878,44.90021588392904],[-0.9156698469824743,44.895719680498374],[-0.9125070140501857,44.89583120799722],[-0.9117229524515224,44.88459070030018],[-0.9085607387118025,44.88470211505107],[-0.908090831384642,44.87795781313449],[-0.9112526661908037,44.877846412003684],[-0.9110959292112667,44.875598318645395],[-0.9237426376593288,44.87515183217621],[-0.9238998797880102,44.87739990733941],[-0.9302234110692521,44.87717611493032],[-0.9303809183765027,44.87942418234538],[-0.9367046517850742,44.879200020756315],[-0.9371780072598589,44.88594420378978],[-0.9403402339400527,44.88583197425466],[-0.9408140821816712,44.892576155783814],[-0.9439766752215246,44.89246382249212],[-0.9444510164476668,44.899208002411186],[-0.9412880443081978,44.89932034943685],[-0.9414460569985559,44.90156841666631],[-0.9382829458124433,44.9016806782204],[-0.9384408447644771,44.90392875135838],[-0.9257877680136717,44.904376915327255],[-0.9256303746699414,44.902128823926134],[-0.9193040134009228,44.90235235646494]]],[[[-0.9974606047344026,44.93111817577133],[-0.9879665720394837,44.931459477293814],[-0.9878066107205765,44.92921145617141],[-0.9846420340050241,44.92932503853059],[-0.9844822120049557,44.927077014066434],[-0.9876466622226603,44.926963436335825],[-0.987326803683642,44.922467400538764],[-0.9904909881195375,44.922353741985894],[-0.9903309516093033,44.92010573066279],[-0.9998230485290119,44.91976422845373],[-0.9996626454850313,44.91751623234708],[-1.0059903929411067,44.91728812313798],[-1.0061510488831455,44.9195361099488],[-1.009315029752264,44.91942191558836],[-1.0094758250264184,44.92166989904474],[-1.0126399194653746,44.921555609955774],[-1.0129618016168298,44.92605157143679],[-1.0097974542371393,44.92616586984088],[-1.0101191350080616,44.930661845792294],[-1.0037898956171782,44.93089019096315],[-1.0039505023256077,44.93313819016921],[-0.997620958420668,44.933366184268294],[-0.9974606047344026,44.93111817577133]]],[[[-1.0485015607765271,44.97885444179868],[-1.048176524516568,44.97435851390119],[-1.0513435140756073,44.974243121223516],[-1.051180888819107,44.97199516379379],[-1.0575145754345507,44.97176411738672],[-1.0573517098861343,44.96951617058776],[-1.0605184069371405,44.969400516870316],[-1.0600295087249436,44.96265669793534],[-1.0631958127719248,44.962540968220274],[-1.0623806107395857,44.95130131818409],[-1.0592149397095163,44.951417024320925],[-1.0590520650930348,44.949169093320066],[-1.055886507577518,44.94928470462784],[-1.055723772584142,44.94703677016439],[-1.052558328586315,44.947152286650045],[-1.0523957331958569,44.94490434873144],[-1.0460650592167242,44.94513510196403],[-1.0459027299580776,44.94288715589798],[-1.0427374999915615,44.94300239265497],[-1.042575310286935,44.94075444315255],[-1.0394101938591547,44.94086958511141],[-1.0392481436883658,44.93862163218007],[-1.036083140802447,44.93873667934774],[-1.0359212301453136,44.93648872299494],[-1.0390861065077384,44.93637368051544],[-1.0389240823157138,44.9341257301209],[-1.0515829517405044,44.933664678042284],[-1.0514204345378622,44.93141674770888],[-1.0735720686528603,44.930606471164865],[-1.073408679111022,44.92835857512542],[-1.0765730194908876,44.9282424657327],[-1.0764095165795382,44.92599457570252],[-1.0795737173917026,44.925878380967056],[-1.0794101011310029,44.923630496952775],[-1.1110501219106788,44.92246364320082],[-1.1112150026115408,44.92471147966648],[-1.114379058621603,44.92459429415442],[-1.1145440789820722,44.92684212712373],[-1.1177082482116314,44.92672484676563],[-1.1180385815296543,44.93122050696844],[-1.114874159382262,44.93133779688487],[-1.1155344789441402,44.94032915160249],[-1.112369537604677,44.94044637054531],[-1.1128645366643137,44.9471899141035],[-1.1096992025165893,44.947307057272546],[-1.1100290149318244,44.9518027687564],[-1.1068634144551788,44.95191983136066],[-1.107193026613904,44.95641555733946],[-1.1040271597717033,44.95653253936454],[-1.1041918590833155,44.95878040897068],[-1.1010258524419783,44.9588973056385],[-1.1011904383583033,44.961145181237065],[-1.0980242919146561,44.96126199253995],[-1.0981887644154993,44.963509874124334],[-1.0950224781663709,44.96362660005458],[-1.0951868372315339,44.96587448761813],[-1.0856875195519167,44.96622413885444],[-1.0860155173620516,44.9707199461343],[-1.0828487985223845,44.97083632575442],[-1.0833405138851742,44.97758005999275],[-1.0801734018762768,44.977696363683975],[-1.0803372065995793,44.97994428224722],[-1.0771699547545246,44.98006050051622],[-1.0773336459123677,44.98230842501567],[-1.0741662542279964,44.98242455785474],[-1.0743298318001586,44.98467248828374],[-1.0711623002733142,44.98478853568519],[-1.0713257642395715,44.9870364720371],[-1.0649904083891457,44.98726830577422],[-1.0651536319859705,44.98951625276459],[-1.0619858076677762,44.98963203908832],[-1.062148917606549,44.99187999198487],[-1.046308966116998,44.99245759443103],[-1.0453343047878862,44.97896975371789],[-1.0485015607765271,44.97885444179868]]],[[[-1.1231876212148597,44.95807713637211],[-1.1230221623788779,44.95582929542361],[-1.1293537238882894,44.95559415983245],[-1.1298508997495729,44.96233765761031],[-1.126684745862324,44.96245528484312],[-1.1268503711202285,44.964703124674315],[-1.120517770285123,44.964938118332114],[-1.120021693971568,44.95819457377751],[-1.1231876212148597,44.95807713637211]]]]}},{"type":"Feature","properties":{"category":"historical_support","snapshot_index":17,"pass_time_utc":"2026-07-25T01:49:00+00:00","dt_local":"2026-07-25T03:49:00+02:00","area_km2":251.938,"label":"Isoline temporelle","coherence_level":"moyenne","coherence_fraction":0.453,"projection_displayed":true,"model_version":"fire_progression_arrival_v1"},"geometry":{"type":"MultiPolygon","coordinates":[[[[-1.1203129655276638,44.444322072524336],[-1.1171757829788687,44.44443940636043],[-1.1170120651584254,44.44219198092501],[-1.1013265789693119,44.44277728699001],[-1.0998592950698785,44.42255033383281],[-1.090451202722931,44.42290031776992],[-1.0902886085495,44.420652874371996],[-1.0840167308150204,44.42088574125025],[-1.0838543979605206,44.4186382904008],[-1.0807185639514603,44.41875458522862],[-1.080394185299673,44.414259680167916],[-1.0772585867906326,44.41437587628397],[-1.0767724879103826,44.40763351982443],[-1.0799077139183277,44.40751733790369],[-1.0797455825441047,44.40526989458285],[-1.0828806715307397,44.405153628168044],[-1.082718428894329,44.40290619163784],[-1.0889883199391424,44.40267340061461],[-1.0888258419369399,44.40042597562345],[-1.0919606439899179,44.400309451026814],[-1.091798054776077,44.39806203284285],[-1.1012020111091838,44.39771193801704],[-1.1010390625068454,44.39546453615504],[-1.1073080538654396,44.39523070307315],[-1.1074712506580826,44.39747809541245],[-1.1106058510011827,44.397361040295635],[-1.1107691848539654,44.39960842993202],[-1.1139038963308616,44.39949128083568],[-1.1137404383769818,44.39724389596992],[-1.135682186100134,44.39642138788805],[-1.1358465127183883,44.39866873925811],[-1.1515194189169753,44.39807853330913],[-1.1518493522997273,44.4025731941511],[-1.1612536835069898,44.402217971185976],[-1.1615844139690958,44.40671261130021],[-1.164719413014859,44.406594015564544],[-1.1660438535392572,44.42457261886332],[-1.1629078612170347,44.42469125324161],[-1.1632388544414434,44.429185933964064],[-1.1569663335299265,44.42942295428321],[-1.1571316014112776,44.431670307314064],[-1.1508587795306873,44.431906980250176],[-1.1510238120642744,44.43415434492679],[-1.1478872572134153,44.43427255231885],[-1.1482171131049268,44.43876729731021],[-1.1325328999202127,44.43935704332756],[-1.1326972261468466,44.441604442839385],[-1.1295602200241475,44.44172212901474],[-1.1297244350183573,44.443969535315034],[-1.1265872915572308,44.44408713700106],[-1.126751395299371,44.44633455008325],[-1.1204768206632756,44.4465694951745],[-1.1203129655276638,44.444322072524336]]],[[[-1.103203861274609,44.94529320988383],[-1.0968733536164392,44.94552685596122],[-1.097037733826452,44.94777472889394],[-1.084376054261889,44.948240958800014],[-1.0842121802440006,44.94599306686886],[-1.0747161622334387,44.94634177894036],[-1.0745526809836554,44.94409387404975],[-1.068222189850777,44.94432588877245],[-1.0680589747814775,44.94207797568168],[-1.0617286843868121,44.94230962054449],[-1.0615657354623518,44.94006169927243],[-1.0520705815190254,44.940408476664885],[-1.0519080252295208,44.93816054252367],[-1.0455781104796262,44.938391267547864],[-1.0454158202566939,44.93614332527058],[-1.0390861065077384,44.93637368051544],[-1.0389240823157138,44.9341257301209],[-1.0515829517405044,44.933664678042284],[-1.0514204345378622,44.93141674770888],[-1.0735720686528603,44.930606471164865],[-1.073408679111022,44.92835857512542],[-1.0765730194908876,44.9282424657327],[-1.0764095165795382,44.92599457570252],[-1.0732453026640252,44.926110680363976],[-1.0730819393102968,44.92386278688385],[-1.0604254586491777,44.92432628589029],[-1.060262614179625,44.92207837480804],[-1.0539345484061442,44.92230957445279],[-1.053609404365714,44.91781373731676],[-1.05044560480957,44.91792919262351],[-1.0502831787548503,44.915681271293344],[-1.0439557934578774,44.91591190231619],[-1.0437936332524416,44.913663972887825],[-1.0374664488172238,44.91389423428183],[-1.0373045544254456,44.9116462967741],[-1.0151598857021344,44.91244934204452],[-1.0149988891320172,44.91020137312083],[-1.0086719774942379,44.910429994786206],[-1.0085112466316437,44.90818201785843],[-1.0021845362913318,44.90841026999586],[-1.0020240711005974,44.906162285082836],[-0.9988608230385333,44.906276271425675],[-0.9987004970931119,44.9040282831874],[-0.9923742152246476,44.90425597644087],[-0.9918940726773983,44.89751199184511],[-0.9887312916232484,44.89762568949903],[-0.9882516434831538,44.89088170300848],[-0.9914140455064986,44.890768019253215],[-0.9912540620815398,44.88852003107255],[-1.0007408122602766,44.88817845356958],[-1.0005804627177888,44.88593048065499],[-1.0069046460226065,44.88570232151056],[-1.0067440567293997,44.88345435924309],[-1.0099060027994182,44.88334014930008],[-1.009745300082858,44.88109219303947],[-1.0160689010371933,44.88086351243622],[-1.0146208833509163,44.86063205137466],[-1.0209421606379658,44.86040309472299],[-1.020781081825398,44.8581551708202],[-1.0239415749549428,44.85804056220418],[-1.0237803828706213,44.85579264436042],[-1.0269407369320078,44.85567795044883],[-1.0266181391709894,44.8511821282882],[-1.0297782280247954,44.85106735376548],[-1.0296168223766846,44.848819449458404],[-1.0327767721801209,44.848704589658915],[-1.0326152533290185,44.846456691433936],[-1.0357750640851855,44.84634174636531],[-1.035451812952037,44.841845963501214],[-1.032292254404418,44.841960899203045],[-1.0319693071729559,44.83746511262012],[-1.0288099878735493,44.83757994902147],[-1.02848734445418,44.83308415875567],[-1.0253282643790715,44.83319889587137],[-1.0245225118375485,44.82195942184278],[-1.0276809617521065,44.82184470809985],[-1.0268749015329792,44.810605293508225],[-1.0300327086460928,44.81049051324176],[-1.0297101229196826,44.80599476695053],[-1.0391827111557732,44.805649914911974],[-1.0390210598594476,44.80340205801411],[-1.0484931539706623,44.80305641112357],[-1.048331137863686,44.80080856977715],[-1.0578027376375423,44.800462128114965],[-1.0576403567924324,44.79821430235503],[-1.0607974048644997,44.79809864677048],[-1.0606349111186384,44.7958508271969],[-1.0637918203134793,44.795735086461306],[-1.0634666200612202,44.79123946118071],[-1.0666232645203269,44.791123640020686],[-1.065809862193235,44.77988462643974],[-1.0689658644927553,44.77976873903509],[-1.0684776017578264,44.77302536303081],[-1.0653219768283932,44.77314123627187],[-1.064834208435719,44.766397859700795],[-1.080610316560128,44.76581766616998],[-1.0807735217646224,44.768065433205564],[-1.0933946765238276,44.76759964279001],[-1.093230968359779,44.76535189473081],[-1.1058514108443878,44.76488468634041],[-1.1056872128680173,44.76263695883419],[-1.1183069425286598,44.7621683326214],[-1.1184716433743993,44.764416041035346],[-1.124781680706586,44.76418117955122],[-1.1251116247964486,44.768676581790494],[-1.1282668751448395,44.76855900676294],[-1.1289274245813359,44.77754981017538],[-1.1383946054396052,44.77719648865965],[-1.1385601531298861,44.77944417886774],[-1.141715979406687,44.779326220576216],[-1.1420473660660826,44.78382159585492],[-1.1515155201117129,44.783467153145395],[-1.151681610712225,44.785714828574385],[-1.1706183148336033,44.78500348872889],[-1.1707851735332684,44.78725113665891],[-1.1739413700603616,44.787132260759286],[-1.1736074144130566,44.78263697606512],[-1.1704514694718677,44.782755842279194],[-1.1699510133982638,44.77601291184576],[-1.1731065810355799,44.77589406015837],[-1.1727727588276005,44.771398790349565],[-1.1790833511053407,44.771160836913246],[-1.17891620855849,44.76891321395141],[-1.1915367298510315,44.7684362488128],[-1.1913690978177298,44.76618864678464],[-1.2071438194152744,44.76559044417925],[-1.207312079966439,44.76783802183731],[-1.2104671096895956,44.767718107041134],[-1.2106355093961207,44.76996568131542],[-1.2169457798752392,44.76972557254531],[-1.2171144444726008,44.771973138535735],[-1.2202696852137342,44.771852944551846],[-1.2204384890147872,44.77410050713977],[-1.2235938419883725,44.77398021845116],[-1.223762785013097,44.7762277776291],[-1.2269182502159017,44.77610739422887],[-1.2270873324842788,44.77835494998942],[-1.2333984738172228,44.77811390393812],[-1.2335678210966128,44.78036145136204],[-1.2367234972119001,44.78024078870101],[-1.236892983783285,44.78248833268877],[-1.2400487721064593,44.78236757529229],[-1.2410667308313286,44.795852840574135],[-1.2379101877734855,44.79597362749069],[-1.2380797692139887,44.79822118173873],[-1.2349230867728092,44.798341883730686],[-1.2350925559368036,44.80058944434831],[-1.2319357341090422,44.80071006140798],[-1.2321050909765219,44.80295762838858],[-1.2257911550088796,44.803198602773584],[-1.2262985516537603,44.80994134183053],[-1.2136690070330367,44.81042227111016],[-1.2138376627217258,44.812669873266046],[-1.2043649849036888,44.81302964126703],[-1.204701581257185,44.81752487919166],[-1.1952280267881918,44.81788386757843],[-1.1950600996568397,44.815636233275605],[-1.191902347218173,44.81575571143867],[-1.1920701484210918,44.81800335060921],[-1.1762805554555413,44.8185994175008],[-1.1764477403641362,44.8208470823846],[-1.1701315576064268,44.821084889629645],[-1.1702985039707618,44.82333256562837],[-1.1671402665953303,44.82345133925341],[-1.1679745688188299,44.83468976472466],[-1.1711334361511108,44.83457096690185],[-1.1716345558039247,44.84131402456827],[-1.1747937878626926,44.84119512230032],[-1.1749609805306036,44.84344280614147],[-1.178120325259736,44.84332380910199],[-1.1782876573655579,44.84557148948737],[-1.1846065587569061,44.84533321592199],[-1.1847741563858696,44.847580887988315],[-1.1879337130332328,44.8474616114524],[-1.1884369646546362,44.85420462136918],[-1.1915968861251482,44.85408524031054],[-1.1921006369324771,44.86082824800818],[-1.1889403371256015,44.86094764365944],[-1.1892759859330346,44.86544299868206],[-1.1829548414730977,44.86568153955915],[-1.183122433720293,44.8679292288282],[-1.1799617152046415,44.86804836917749],[-1.1802966876082233,44.872543761485964],[-1.1771357033377328,44.87266282157008],[-1.1774704769955038,44.877158228974665],[-1.1743092269336046,44.877277208779255],[-1.1744765076566135,44.879524919343886],[-1.1491850160934582,44.88047355701491],[-1.1493513003890603,44.882721307570954],[-1.1461896776864593,44.88283948714271],[-1.146355849053383,44.88508724385114],[-1.1431940867977473,44.885205338239594],[-1.1435262169335159,44.889700865278634],[-1.1403641888532647,44.88981887928457],[-1.1405301475935377,44.89206664960539],[-1.1373679799422156,44.892184578409214],[-1.1385291791650312,44.9079190411822],[-1.135366113977981,44.90803691358996],[-1.1358635910452266,44.91478028876584],[-1.1327001334530975,44.914898085534766],[-1.1328658593230116,44.91714588464604],[-1.1297022620569628,44.917263596162215],[-1.1298678748012405,44.9195114013576],[-1.1203766241975741,44.91986400995165],[-1.1205418709567319,44.922111830799686],[-1.1173779678374756,44.922229191663185],[-1.117543101407365,44.924477018575175],[-1.114379058621603,44.92459429415442],[-1.1145440789820722,44.92684212712373],[-1.1177082482116314,44.92672484676563],[-1.1180385815296543,44.93122050696844],[-1.114874159382262,44.93133779688487],[-1.1155344789441402,44.94032915160249],[-1.112369537604677,44.94044637054531],[-1.1126995237497823,44.94494206500119],[-1.1063690953113674,44.94517625169125],[-1.106533855148851,44.9474241103367],[-1.103368494571188,44.94754107329537],[-1.103203861274609,44.94529320988383]],[[-1.1128944702803243,44.90436385537669],[-1.1130593716792516,44.90661167671621],[-1.116222403277326,44.90649443936039],[-1.1160573755252556,44.90424662279787],[-1.1128944702803243,44.90436385537669]]],[[[-0.9256303746699414,44.902128823926134],[-0.9193040134009228,44.90235235646494],[-0.9191468854598566,44.90010425728919],[-0.9159838123349878,44.90021588392904],[-0.9156698469824743,44.895719680498374],[-0.9125070140501857,44.89583120799722],[-0.9120365394088296,44.88908689931545],[-0.9088740729963997,44.88919832314736],[-0.9085607387118025,44.88470211505107],[-0.9053985124249496,44.884813439775776],[-0.9050854809643352,44.88031722805692],[-0.9019234947788775,44.8804284536893],[-0.9014544204718057,44.87368413279412],[-0.904616027775069,44.87357292075866],[-0.9041466873516875,44.866828625877446],[-0.9073079033382863,44.8667173374397],[-0.9069948198759145,44.86222115686537],[-0.9101557708559779,44.8621097875078],[-0.9099991217030327,44.85986170385174],[-0.9163207335899275,44.859638704257456],[-0.9164776351796318,44.86188677882606],[-0.9196385485031109,44.86177513950301],[-0.9205809794092943,44.87526358880807],[-0.9237426376593288,44.87515183217621],[-0.9238998797880102,44.87739990733941],[-0.9302234110692521,44.87717611493032],[-0.9303809183765027,44.87942418234538],[-0.9367046517850742,44.879200020756315],[-0.9371780072598589,44.88594420378978],[-0.9403402339400527,44.88583197425466],[-0.9408140821816712,44.892576155783814],[-0.9439766752215246,44.89246382249212],[-0.9444510164476668,44.899208002411186],[-0.9412880443081978,44.89932034943685],[-0.9414460569985559,44.90156841666631],[-0.9382829458124433,44.9016806782204],[-0.9384408447644771,44.90392875135838],[-0.9257877680136717,44.904376915327255],[-0.9256303746699414,44.902128823926134]]],[[[-1.0066330939673984,44.92628007816275],[-1.000304334798103,44.926508224557544],[-1.000143893184004,44.924260224562346],[-0.9938153355402626,44.92448800133914],[-0.9936551597289771,44.92223999335475],[-0.9904909881195375,44.922353741985894],[-0.9903309516093033,44.92010573066279],[-0.9998230485290119,44.91976422845373],[-0.9996626454850313,44.91751623234708],[-1.0059903929411067,44.91728812313798],[-1.0061510488831455,44.9195361099488],[-1.009315029752264,44.91942191558836],[-1.0094758250264184,44.92166989904474],[-1.0126399194653746,44.921555609955774],[-1.0129618016168298,44.92605157143679],[-1.0097974542371393,44.92616586984088],[-1.0099582881768008,44.92841385717387],[-1.0067938014200182,44.928528070149945],[-1.0066330939673984,44.92628007816275]]]]}},{"type":"Feature","properties":{"category":"observed_front","snapshot_index":17,"pass_time_utc":"2026-07-25T01:49:00+00:00","dt_local":"2026-07-25T03:49:00+02:00","area_km2":19.875,"label":"Activité observée","coherence_level":"moyenne","coherence_fraction":0.453,"projection_displayed":true,"model_version":"fire_progression_arrival_v1"},"geometry":{"type":"MultiPolygon","coordinates":[[[[-1.1170120651584254,44.44219198092501],[-1.107600812390463,44.44254343241105],[-1.106947562465224,44.43355369342243],[-1.1100841626094362,44.43343665127667],[-1.10992075831163,44.43118922631426],[-1.116193671145656,44.43095488376468],[-1.1160300313501532,44.42870747035943],[-1.1191663440347899,44.428590169967414],[-1.1190025930109875,44.42634276335584],[-1.1221387684615787,44.42622537848583],[-1.121974906229103,44.42397797867446],[-1.1282469696433115,44.42374295074364],[-1.1280828720190221,44.421495562526424],[-1.1374904967551256,44.42114236564383],[-1.137326039594624,44.41889499383584],[-1.1467331742102234,44.41854100817122],[-1.1465683575848018,44.416293652807155],[-1.1528394668820363,44.41605722579705],[-1.1530045318504274,44.418304571532865],[-1.1561401910100477,44.41818621935682],[-1.1563053932676477,44.42043356230054],[-1.159441163484595,44.42031511606397],[-1.1601026005545292,44.42930448875098],[-1.1569663335299265,44.42942295428321],[-1.1571316014112776,44.431670307314064],[-1.1508587795306873,44.431906980250176],[-1.1510238120642744,44.43415434492679],[-1.1478872572134153,44.43427255231885],[-1.1480521786076145,44.43651992381388],[-1.1292318291761179,44.437227322404965],[-1.1293960180772527,44.439474724710266],[-1.126259123188532,44.43959231681807],[-1.1264232008541355,44.44183972591156],[-1.1232861686466298,44.441957233529244],[-1.1234501350570585,44.444204649404355],[-1.1171757829788687,44.44443940636043],[-1.1170120651584254,44.44219198092501]]],[[[-1.2116461903144318,44.783451158297275],[-1.205334357068302,44.78369096646578],[-1.2046615219753416,44.77470060344824],[-1.2078169423061302,44.77458076380643],[-1.207648641410256,44.77233318165429],[-1.2202696852137342,44.771852944551846],[-1.2204384890147872,44.77410050713977],[-1.2235938419883725,44.77398021845116],[-1.223762785013097,44.7762277776291],[-1.2269182502159017,44.77610739422887],[-1.2270873324842788,44.77835494998942],[-1.230242909913066,44.778234471870626],[-1.230750615089485,44.784977133313326],[-1.2118146842623936,44.78569874298544],[-1.2116461903144318,44.783451158297275]]],[[[-1.2073541537589636,44.81066219654238],[-1.2041967069160358,44.810782024454525],[-1.2038601913108569,44.80628679514608],[-1.2070173863798963,44.806166976997076],[-1.2068490228872144,44.80391936938911],[-1.213163120884175,44.80367947327854],[-1.212994519134904,44.80143187689124],[-1.2193083114895997,44.8011916311388],[-1.2194771649514144,44.803439217738465],[-1.2226341667363718,44.803318955183826],[-1.222803159564483,44.805566538330766],[-1.2259602736992234,44.805446181017366],[-1.2261294059136432,44.807693760704154],[-1.2229721659066628,44.80781412292091],[-1.2231411857645318,44.81006170895087],[-1.2136690070330367,44.81042227111016],[-1.2138376627217258,44.812669873266046],[-1.2075225576485764,44.81290980847299],[-1.2073541537589636,44.81066219654238]]],[[[-0.9256303746699414,44.902128823926134],[-0.9193040134009228,44.90235235646494],[-0.9191468854598566,44.90010425728919],[-0.9159838123349878,44.90021588392904],[-0.9156698469824743,44.895719680498374],[-0.9125070140501857,44.89583120799722],[-0.9120365394088296,44.88908689931545],[-0.9088740729963997,44.88919832314736],[-0.9085607387118025,44.88470211505107],[-0.9053985124249496,44.884813439775776],[-0.9050854809643352,44.88031722805692],[-0.9019234947788775,44.8804284536893],[-0.9014544204718057,44.87368413279412],[-0.904616027775069,44.87357292075866],[-0.9041466873516875,44.866828625877446],[-0.9073079033382863,44.8667173374397],[-0.9069948198759145,44.86222115686537],[-0.9101557708559779,44.8621097875078],[-0.9099991217030327,44.85986170385174],[-0.9163207335899275,44.859638704257456],[-0.9164776351796318,44.86188677882606],[-0.9196385485031109,44.86177513950301],[-0.9205809794092943,44.87526358880807],[-0.9237426376593288,44.87515183217621],[-0.9238998797880102,44.87739990733941],[-0.9302234110692521,44.87717611493032],[-0.9303809183765027,44.87942418234538],[-0.9367046517850742,44.879200020756315],[-0.9371780072598589,44.88594420378978],[-0.9403402339400527,44.88583197425466],[-0.9408140821816712,44.892576155783814],[-0.9439766752215246,44.89246382249212],[-0.9444510164476668,44.899208002411186],[-0.9412880443081978,44.89932034943685],[-0.9414460569985559,44.90156841666631],[-0.9382829458124433,44.9016806782204],[-0.9384408447644771,44.90392875135838],[-0.9257877680136717,44.904376915327255],[-0.9256303746699414,44.902128823926134]]]]}},{"type":"Feature","properties":{"category":"plausible_front_1h","snapshot_index":17,"pass_time_utc":"2026-07-25T01:49:00+00:00","dt_local":"2026-07-25T03:49:00+02:00","area_km2":22.062,"label":"Progression plausible à +1 h","coherence_level":"moyenne","coherence_fraction":0.453,"projection_displayed":true,"model_version":"fire_progression_arrival_v1"},"geometry":{"type":"MultiPolygon","coordinates":[[[[-1.1170120651584254,44.44219198092501],[-1.107600812390463,44.44254343241105],[-1.106947562465224,44.43355369342243],[-1.1100841626094362,44.43343665127667],[-1.10992075831163,44.43118922631426],[-1.1130572212238783,44.431072099671105],[-1.1128937056667787,44.42882468149237],[-1.1160300313501532,44.42870747035943],[-1.1158664045533897,44.42646005897093],[-1.1190025930109875,44.42634276335584],[-1.118838854994189,44.42409535876414],[-1.121974906229103,44.42397797867446],[-1.121811057011896,44.42173058088615],[-1.1249469710272242,44.421613116329524],[-1.1247830106292325,44.419365725351156],[-1.1341903019205797,44.41901281057697],[-1.1340259819997849,44.41676543599987],[-1.1402971959312327,44.41652972287628],[-1.140461764207452,44.41877708785411],[-1.1467331742102234,44.41854100817122],[-1.1465683575848018,44.416293652807155],[-1.1528394668820363,44.41605722579705],[-1.1530045318504274,44.418304571532865],[-1.1561401910100477,44.41818621935682],[-1.1563053932676477,44.42043356230054],[-1.159441163484595,44.42031511606397],[-1.1601026005545292,44.42930448875098],[-1.1569663335299265,44.42942295428321],[-1.1571316014112776,44.431670307314064],[-1.1508587795306873,44.431906980250176],[-1.1510238120642744,44.43415434492679],[-1.1478872572134153,44.43427255231885],[-1.1482171131049268,44.43876729731021],[-1.1293960180772527,44.439474724710266],[-1.1295602200241475,44.44172212901474],[-1.1232861686466298,44.441957233529244],[-1.1234501350570585,44.444204649404355],[-1.1171757829788687,44.44443940636043],[-1.1170120651584254,44.44219198092501]]],[[[-1.2116461903144318,44.783451158297275],[-1.205334357068302,44.78369096646578],[-1.2046615219753416,44.77470060344824],[-1.2078169423061302,44.77458076380643],[-1.207648641410256,44.77233318165429],[-1.2202696852137342,44.771852944551846],[-1.2204384890147872,44.77410050713977],[-1.2235938419883725,44.77398021845116],[-1.223762785013097,44.7762277776291],[-1.2269182502159017,44.77610739422887],[-1.2270873324842788,44.77835494998942],[-1.230242909913066,44.778234471870626],[-1.230750615089485,44.784977133313326],[-1.2118146842623936,44.78569874298544],[-1.2116461903144318,44.783451158297275]]],[[[-1.2073541537589636,44.81066219654238],[-1.2041967069160358,44.810782024454525],[-1.2038601913108569,44.80628679514608],[-1.2070173863798963,44.806166976997076],[-1.2068490228872144,44.80391936938911],[-1.213163120884175,44.80367947327854],[-1.212994519134904,44.80143187689124],[-1.2193083114895997,44.8011916311388],[-1.2194771649514144,44.803439217738465],[-1.2226341667363718,44.803318955183826],[-1.222803159564483,44.805566538330766],[-1.2259602736992234,44.805446181017366],[-1.2261294059136432,44.807693760704154],[-1.2229721659066628,44.80781412292091],[-1.2231411857645318,44.81006170895087],[-1.2136690070330367,44.81042227111016],[-1.2138376627217258,44.812669873266046],[-1.2075225576485764,44.81290980847299],[-1.2073541537589636,44.81066219654238]]],[[[-0.9256303746699414,44.902128823926134],[-0.9193040134009228,44.90235235646494],[-0.9191468854598566,44.90010425728919],[-0.9159838123349878,44.90021588392904],[-0.9156698469824743,44.895719680498374],[-0.9125070140501857,44.89583120799722],[-0.9120365394088296,44.88908689931545],[-0.9088740729963997,44.88919832314736],[-0.9085607387118025,44.88470211505107],[-0.9053985124249496,44.884813439775776],[-0.9050854809643352,44.88031722805692],[-0.9019234947788775,44.8804284536893],[-0.9009854588400557,44.86693982431777],[-0.9041466873516875,44.866828625877446],[-0.903677459653599,44.86008434350447],[-0.9068382969436054,44.85997306867107],[-0.9066817865418763,44.857724981876494],[-0.9193245054622631,44.85727900086318],[-0.9194815206972876,44.85952706948362],[-0.9226422952338497,44.859415344726024],[-0.9234281911747305,44.87065568597851],[-0.9202667854645535,44.87076743350245],[-0.9205809794092943,44.87526358880807],[-0.9237426376593288,44.87515183217621],[-0.9238998797880102,44.87739990733941],[-0.9302234110692521,44.87717611493032],[-0.9303809183765027,44.87942418234538],[-0.9367046517850742,44.879200020756315],[-0.9371780072598589,44.88594420378978],[-0.9403402339400527,44.88583197425466],[-0.9408140821816712,44.892576155783814],[-0.9439766752215246,44.89246382249212],[-0.9444510164476668,44.899208002411186],[-0.9412880443081978,44.89932034943685],[-0.9414460569985559,44.90156841666631],[-0.9382829458124433,44.9016806782204],[-0.9384408447644771,44.90392875135838],[-0.9257877680136717,44.904376915327255],[-0.9256303746699414,44.902128823926134]]]]}},{"type":"Feature","properties":{"category":"historical_support","snapshot_index":18,"pass_time_utc":"2026-07-25T02:11:00+00:00","dt_local":"2026-07-25T04:11:00+02:00","area_km2":252.75,"label":"Isoline temporelle","coherence_level":"indisponible","coherence_fraction":0.0,"projection_displayed":false,"model_version":"fire_progression_arrival_v1"},"geometry":{"type":"MultiPolygon","coordinates":[[[[-1.1203129655276638,44.444322072524336],[-1.1171757829788687,44.44443940636043],[-1.1170120651584254,44.44219198092501],[-1.1013265789693119,44.44277728699001],[-1.0998592950698785,44.42255033383281],[-1.090451202722931,44.42290031776992],[-1.0902886085495,44.420652874371996],[-1.0840167308150204,44.42088574125025],[-1.0838543979605206,44.4186382904008],[-1.0807185639514603,44.41875458522862],[-1.080394185299673,44.414259680167916],[-1.0772585867906326,44.41437587628397],[-1.0767724879103826,44.40763351982443],[-1.0799077139183277,44.40751733790369],[-1.0797455825441047,44.40526989458285],[-1.0828806715307397,44.405153628168044],[-1.082718428894329,44.40290619163784],[-1.0889883199391424,44.40267340061461],[-1.0888258419369399,44.40042597562345],[-1.0919606439899179,44.400309451026814],[-1.091798054776077,44.39806203284285],[-1.1012020111091838,44.39771193801704],[-1.1010390625068454,44.39546453615504],[-1.1073080538654396,44.39523070307315],[-1.1074712506580826,44.39747809541245],[-1.1106058510011827,44.397361040295635],[-1.1107691848539654,44.39960842993202],[-1.1139038963308616,44.39949128083568],[-1.1137404383769818,44.39724389596992],[-1.135682186100134,44.39642138788805],[-1.1358465127183883,44.39866873925811],[-1.1515194189169753,44.39807853330913],[-1.1518493522997273,44.4025731941511],[-1.1612536835069898,44.402217971185976],[-1.1615844139690958,44.40671261130021],[-1.164719413014859,44.406594015564544],[-1.1660438535392572,44.42457261886332],[-1.1629078612170347,44.42469125324161],[-1.1632388544414434,44.429185933964064],[-1.1569663335299265,44.42942295428321],[-1.1571316014112776,44.431670307314064],[-1.1508587795306873,44.431906980250176],[-1.1510238120642744,44.43415434492679],[-1.1478872572134153,44.43427255231885],[-1.1482171131049268,44.43876729731021],[-1.1325328999202127,44.43935704332756],[-1.1326972261468466,44.441604442839385],[-1.1295602200241475,44.44172212901474],[-1.1297244350183573,44.443969535315034],[-1.1265872915572308,44.44408713700106],[-1.126751395299371,44.44633455008325],[-1.1204768206632756,44.4465694951745],[-1.1203129655276638,44.444322072524336]]],[[[-1.103203861274609,44.94529320988383],[-1.0968733536164392,44.94552685596122],[-1.097037733826452,44.94777472889394],[-1.084376054261889,44.948240958800014],[-1.0842121802440006,44.94599306686886],[-1.0747161622334387,44.94634177894036],[-1.0745526809836554,44.94409387404975],[-1.068222189850777,44.94432588877245],[-1.0680589747814775,44.94207797568168],[-1.0617286843868121,44.94230962054449],[-1.0615657354623518,44.94006169927243],[-1.0520705815190254,44.940408476664885],[-1.0519080252295208,44.93816054252367],[-1.0455781104796262,44.938391267547864],[-1.0454158202566939,44.93614332527058],[-1.0390861065077384,44.93637368051544],[-1.0389240823157138,44.9341257301209],[-1.0515829517405044,44.933664678042284],[-1.0514204345378622,44.93141674770888],[-1.0704075887021465,44.93072249520716],[-1.0702443256363159,44.9284745944399],[-1.067079959076851,44.92859052367553],[-1.0667537251228085,44.92409471653122],[-1.0604254586491777,44.92432628589029],[-1.060262614179625,44.92207837480804],[-1.0539345484061442,44.92230957445279],[-1.053609404365714,44.91781373731676],[-1.05044560480957,44.91792919262351],[-1.0502831787548503,44.915681271293344],[-1.0439557934578774,44.91591190231619],[-1.0437936332524416,44.913663972887825],[-1.0374664488172238,44.91389423428183],[-1.0373045544254456,44.9116462967741],[-1.0151598857021344,44.91244934204452],[-1.0149988891320172,44.91020137312083],[-1.0086719774942379,44.910429994786206],[-1.0085112466316437,44.90818201785843],[-1.0021845362913318,44.90841026999586],[-1.0020240711005974,44.906162285082836],[-0.9988608230385333,44.906276271425675],[-0.9987004970931119,44.9040282831874],[-0.9923742152246476,44.90425597644087],[-0.9918940726773983,44.89751199184511],[-0.9887312916232484,44.89762568949903],[-0.9882516434831538,44.89088170300848],[-0.9914140455064986,44.890768019253215],[-0.9912540620815398,44.88852003107255],[-1.0007408122602766,44.88817845356958],[-1.0005804627177888,44.88593048065499],[-1.0069046460226065,44.88570232151056],[-1.0067440567293997,44.88345435924309],[-1.0099060027994182,44.88334014930008],[-1.009745300082858,44.88109219303947],[-1.0160689010371933,44.88086351243622],[-1.0146208833509163,44.86063205137466],[-1.0209421606379658,44.86040309472299],[-1.020781081825398,44.8581551708202],[-1.0239415749549428,44.85804056220418],[-1.0237803828706213,44.85579264436042],[-1.0269407369320078,44.85567795044883],[-1.0266181391709894,44.8511821282882],[-1.0297782280247954,44.85106735376548],[-1.0296168223766846,44.848819449458404],[-1.0327767721801209,44.848704589658915],[-1.0326152533290185,44.846456691433936],[-1.0357750640851855,44.84634174636531],[-1.035451812952037,44.841845963501214],[-1.032292254404418,44.841960899203045],[-1.0319693071729559,44.83746511262012],[-1.0288099878735493,44.83757994902147],[-1.02848734445418,44.83308415875567],[-1.0253282643790715,44.83319889587137],[-1.0245225118375485,44.82195942184278],[-1.0276809617521065,44.82184470809985],[-1.0268749015329792,44.810605293508225],[-1.0300327086460928,44.81049051324176],[-1.0297101229196826,44.80599476695053],[-1.0391827111557732,44.805649914911974],[-1.0390210598594476,44.80340205801411],[-1.0484931539706623,44.80305641112357],[-1.048331137863686,44.80080856977715],[-1.0578027376375423,44.800462128114965],[-1.0576403567924324,44.79821430235503],[-1.0607974048644997,44.79809864677048],[-1.0606349111186384,44.7958508271969],[-1.0637918203134793,44.795735086461306],[-1.0634666200612202,44.79123946118071],[-1.0666232645203269,44.791123640020686],[-1.065809862193235,44.77988462643974],[-1.0689658644927553,44.77976873903509],[-1.0684776017578264,44.77302536303081],[-1.0653219768283932,44.77314123627187],[-1.064834208435719,44.766397859700795],[-1.080610316560128,44.76581766616998],[-1.0807735217646224,44.768065433205564],[-1.0933946765238276,44.76759964279001],[-1.093230968359779,44.76535189473081],[-1.1058514108443878,44.76488468634041],[-1.1056872128680173,44.76263695883419],[-1.1183069425286598,44.7621683326214],[-1.1184716433743993,44.764416041035346],[-1.124781680706586,44.76418117955122],[-1.1251116247964486,44.768676581790494],[-1.1282668751448395,44.76855900676294],[-1.1289274245813359,44.77754981017538],[-1.1383946054396052,44.77719648865965],[-1.1385601531298861,44.77944417886774],[-1.141715979406687,44.779326220576216],[-1.1420473660660826,44.78382159585492],[-1.1515155201117129,44.783467153145395],[-1.151681610712225,44.785714828574385],[-1.1706183148336033,44.78500348872889],[-1.1707851735332684,44.78725113665891],[-1.1739413700603616,44.787132260759286],[-1.1736074144130566,44.78263697606512],[-1.1704514694718677,44.782755842279194],[-1.1699510133982638,44.77601291184576],[-1.1667954324294079,44.776131673715604],[-1.1664621131965032,44.77163638454726],[-1.1696174426762256,44.77151763235353],[-1.1694506773085256,44.76926999485656],[-1.1915367298510315,44.7684362488128],[-1.1913690978177298,44.76618864678464],[-1.2071438194152744,44.76559044417925],[-1.207312079966439,44.76783802183731],[-1.2104671096895956,44.767718107041134],[-1.2106355093961207,44.76996568131542],[-1.2169457798752392,44.76972557254531],[-1.2171144444726008,44.771973138535735],[-1.2202696852137342,44.771852944551846],[-1.2204384890147872,44.77410050713977],[-1.2235938419883725,44.77398021845116],[-1.223762785013097,44.7762277776291],[-1.2269182502159017,44.77610739422887],[-1.2270873324842788,44.77835494998942],[-1.2333984738172228,44.77811390393812],[-1.2335678210966128,44.78036145136204],[-1.2367234972119001,44.78024078870101],[-1.236892983783285,44.78248833268877],[-1.2400487721064593,44.78236757529229],[-1.2410667308313286,44.795852840574135],[-1.2379101877734855,44.79597362749069],[-1.2380797692139887,44.79822118173873],[-1.2349230867728092,44.798341883730686],[-1.2350925559368036,44.80058944434831],[-1.2319357341090422,44.80071006140798],[-1.2321050909765219,44.80295762838858],[-1.2257911550088796,44.803198602773584],[-1.2262985516537603,44.80994134183053],[-1.2136690070330367,44.81042227111016],[-1.2138376627217258,44.812669873266046],[-1.2043649849036888,44.81302964126703],[-1.204701581257185,44.81752487919166],[-1.1952280267881918,44.81788386757843],[-1.1950600996568397,44.815636233275605],[-1.191902347218173,44.81575571143867],[-1.1920701484210918,44.81800335060921],[-1.1762805554555413,44.8185994175008],[-1.1764477403641362,44.8208470823846],[-1.1701315576064268,44.821084889629645],[-1.1702985039707618,44.82333256562837],[-1.1671402665953303,44.82345133925341],[-1.1679745688188299,44.83468976472466],[-1.1711334361511108,44.83457096690185],[-1.1716345558039247,44.84131402456827],[-1.1747937878626926,44.84119512230032],[-1.1749609805306036,44.84344280614147],[-1.178120325259736,44.84332380910199],[-1.1782876573655579,44.84557148948737],[-1.1846065587569061,44.84533321592199],[-1.1847741563858696,44.847580887988315],[-1.1879337130332328,44.8474616114524],[-1.1884369646546362,44.85420462136918],[-1.1915968861251482,44.85408524031054],[-1.1921006369324771,44.86082824800818],[-1.1889403371256015,44.86094764365944],[-1.1892759859330346,44.86544299868206],[-1.1829548414730977,44.86568153955915],[-1.183122433720293,44.8679292288282],[-1.1799617152046415,44.86804836917749],[-1.1802966876082233,44.872543761485964],[-1.1771357033377328,44.87266282157008],[-1.1774704769955038,44.877158228974665],[-1.1743092269336046,44.877277208779255],[-1.1744765076566135,44.879524919343886],[-1.1491850160934582,44.88047355701491],[-1.1493513003890603,44.882721307570954],[-1.1461896776864593,44.88283948714271],[-1.146355849053383,44.88508724385114],[-1.1431940867977473,44.885205338239594],[-1.1435262169335159,44.889700865278634],[-1.1403641888532647,44.88981887928457],[-1.1405301475935377,44.89206664960539],[-1.1373679799422156,44.892184578409214],[-1.1385291791650312,44.9079190411822],[-1.135366113977981,44.90803691358996],[-1.1358635910452266,44.91478028876584],[-1.1327001334530975,44.914898085534766],[-1.1328658593230116,44.91714588464604],[-1.1297022620569628,44.917263596162215],[-1.1298678748012405,44.9195114013576],[-1.1203766241975741,44.91986400995165],[-1.1205418709567319,44.922111830799686],[-1.1173779678374756,44.922229191663185],[-1.117543101407365,44.924477018575175],[-1.114379058621603,44.92459429415442],[-1.1145440789820722,44.92684212712373],[-1.1177082482116314,44.92672484676563],[-1.1180385815296543,44.93122050696844],[-1.114874159382262,44.93133779688487],[-1.1155344789441402,44.94032915160249],[-1.112369537604677,44.94044637054531],[-1.1126995237497823,44.94494206500119],[-1.1063690953113674,44.94517625169125],[-1.106533855148851,44.9474241103367],[-1.103368494571188,44.94754107329537],[-1.103203861274609,44.94529320988383]],[[-1.1128944702803243,44.90436385537669],[-1.1130593716792516,44.90661167671621],[-1.116222403277326,44.90649443936039],[-1.1160573755252556,44.90424662279787],[-1.1128944702803243,44.90436385537669]]],[[[-0.9256303746699414,44.902128823926134],[-0.9193040134009228,44.90235235646494],[-0.9191468854598566,44.90010425728919],[-0.9159838123349878,44.90021588392904],[-0.9156698469824743,44.895719680498374],[-0.9125070140501857,44.89583120799722],[-0.9120365394088296,44.88908689931545],[-0.9088740729963997,44.88919832314736],[-0.9085607387118025,44.88470211505107],[-0.9053985124249496,44.884813439775776],[-0.9050854809643352,44.88031722805692],[-0.9019234947788775,44.8804284536893],[-0.9014544204718057,44.87368413279412],[-0.904616027775069,44.87357292075866],[-0.9041466873516875,44.866828625877446],[-0.9073079033382863,44.8667173374397],[-0.9069948198759145,44.86222115686537],[-0.9101557708559779,44.8621097875078],[-0.9099991217030327,44.85986170385174],[-0.9163207335899275,44.859638704257456],[-0.9164776351796318,44.86188677882606],[-0.9196385485031109,44.86177513950301],[-0.9205809794092943,44.87526358880807],[-0.9237426376593288,44.87515183217621],[-0.9238998797880102,44.87739990733941],[-0.9302234110692521,44.87717611493032],[-0.9303809183765027,44.87942418234538],[-0.9367046517850742,44.879200020756315],[-0.9371780072598589,44.88594420378978],[-0.9403402339400527,44.88583197425466],[-0.9408140821816712,44.892576155783814],[-0.9439766752215246,44.89246382249212],[-0.9444510164476668,44.899208002411186],[-0.9412880443081978,44.89932034943685],[-0.9414460569985559,44.90156841666631],[-0.9382829458124433,44.9016806782204],[-0.9384408447644771,44.90392875135838],[-0.9257877680136717,44.904376915327255],[-0.9256303746699414,44.902128823926134]]],[[[-1.0066330939673984,44.92628007816275],[-1.000304334798103,44.926508224557544],[-1.000143893184004,44.924260224562346],[-0.9938153355402626,44.92448800133914],[-0.9936551597289771,44.92223999335475],[-0.9904909881195375,44.922353741985894],[-0.9903309516093033,44.92010573066279],[-0.9998230485290119,44.91976422845373],[-0.9996626454850313,44.91751623234708],[-1.0059903929411067,44.91728812313798],[-1.0061510488831455,44.9195361099488],[-1.009315029752264,44.91942191558836],[-1.0094758250264184,44.92166989904474],[-1.0126399194653746,44.921555609955774],[-1.0129618016168298,44.92605157143679],[-1.0097974542371393,44.92616586984088],[-1.0099582881768008,44.92841385717387],[-1.0067938014200182,44.928528070149945],[-1.0066330939673984,44.92628007816275]]]]}},{"type":"Feature","properties":{"category":"observed_front","snapshot_index":18,"pass_time_utc":"2026-07-25T02:11:00+00:00","dt_local":"2026-07-25T04:11:00+02:00","area_km2":26.5,"label":"Activité observée","coherence_level":"indisponible","coherence_fraction":0.0,"projection_displayed":false,"model_version":"fire_progression_arrival_v1"},"geometry":{"type":"MultiPolygon","coordinates":[[[[-1.1734404566096988,44.78038933594154],[-1.1702846374464646,44.78050819731319],[-1.1699510133982638,44.77601291184576],[-1.1667954324294079,44.776131673715604],[-1.1664621131965032,44.77163638454726],[-1.1696174426762256,44.77151763235353],[-1.1694506773085256,44.76926999485656],[-1.1852264959581675,44.76867491098945],[-1.1853938899497884,44.77092252424297],[-1.1885491393095502,44.770803233196546],[-1.1892193520549705,44.779793681731235],[-1.1829078339910275,44.78003221288344],[-1.1830751691186518,44.7822798384578],[-1.1736074144130566,44.78263697606512],[-1.1734404566096988,44.78038933594154]]],[[[-1.1139713646780598,44.789375540373165],[-1.1076584549930946,44.7896097883684],[-1.107494112586451,44.78736204434742],[-1.1043377638610277,44.78747902880813],[-1.1035168778709448,44.77624030720983],[-1.1066725975901182,44.77612334657716],[-1.1065083339872144,44.773875611513645],[-1.1191305783944332,44.77340688983104],[-1.1192953450665948,44.77565460579812],[-1.122450999035669,44.77553719604413],[-1.1227808234483587,44.780032622909346],[-1.1259367157910036,44.77991511375843],[-1.1261017735631058,44.782162824645546],[-1.1229457554286708,44.78228033858398],[-1.1234406304844282,44.789023494535556],[-1.1171277997863311,44.789258281606024],[-1.117292532846783,44.79150601278689],[-1.1141359719019737,44.79162327633142],[-1.1139713646780598,44.789375540373165]]],[[[-1.093752631655576,44.90281751149641],[-1.0905897605061048,44.9029341090724],[-1.0904257699010256,44.90068625702085],[-1.0872630119592532,44.90080275981494],[-1.0864438875254523,44.88956349565101],[-1.0896060138898873,44.889447016590395],[-1.0892782033959936,44.884951329734015],[-1.0924400640745722,44.88483477016004],[-1.0921120535649682,44.88033909816596],[-1.0952736485941665,44.88022245809297],[-1.0941251419117517,44.86448768200149],[-1.0972858403274506,44.86437098522085],[-1.0969575614362927,44.85987535670628],[-1.1001179943839148,44.85975857947161],[-1.0999537484980744,44.85751077203691],[-1.1031140421507486,44.85739390960108],[-1.1027853375540702,44.85289830839984],[-1.1059453657898815,44.85278136553545],[-1.1057809071075886,44.85053357177868],[-1.1089407960663833,44.850416543731946],[-1.108611665989389,44.8459209699291],[-1.1117712895825271,44.84580386147928],[-1.111606618216356,44.84355608144297],[-1.1179255736971163,44.843321604281854],[-1.117760663369553,44.84107383519899],[-1.1367164563753227,44.84036827407046],[-1.1368821230810016,44.84261601440562],[-1.1432008669219524,44.842380098331255],[-1.1433667990186147,44.844627830452644],[-1.1465262770919402,44.844509732709795],[-1.1466923485421878,44.84675746141406],[-1.1498519393989874,44.846639268923475],[-1.150018150222889,44.84888699420315],[-1.1468584332833056,44.84900519150937],[-1.1470245313168876,44.851252922992394],[-1.140704805379948,44.851489057406305],[-1.1408706644970974,44.85373679989482],[-1.137710655504996,44.85385473699059],[-1.1378764017800498,44.856102485665794],[-1.1347162534031459,44.856220337614616],[-1.1350475334875891,44.86071584870015],[-1.131887119581765,44.86083362029278],[-1.132218200395298,44.86532914646236],[-1.1290575209240667,44.865446837684416],[-1.129388402395882,44.869942378905385],[-1.126227457322752,44.87005998974251],[-1.1263927917333403,44.87230776718465],[-1.1232317072277878,44.87242529283377],[-1.1233969286704848,44.87467307642001],[-1.1202357047293354,44.87479051687346],[-1.1212265538066803,44.88827727538358],[-1.1180645591799605,44.888394654544825],[-1.118394695452444,44.89289026097395],[-1.1152324350343987,44.8930075596863],[-1.115397396701927,44.89525536967054],[-1.1122349967689111,44.895372583143484],[-1.1123998453372916,44.897620399226305],[-1.109237305886134,44.89773752745215],[-1.1094020413352412,44.8999853496269],[-1.1062393623627733,44.90010239259797],[-1.1064039846724787,44.90235022085808],[-1.1032411661755335,44.902467178566674],[-1.1034056753257069,44.9047150129055],[-1.093916761752771,44.90506536011071],[-1.093752631655576,44.90281751149641]]],[[[-1.080555690393057,44.939365711834384],[-1.0773907306529693,44.939481934982595],[-1.0772271622012606,44.93723403859735],[-1.074062315863152,44.93735016691727],[-1.0737354712911127,44.932854368478914],[-1.0705708648543073,44.93297039724924],[-1.0702443256363159,44.9284745944399],[-1.067079959076851,44.92859052367553],[-1.0667537251228085,44.92409471653122],[-1.0635895984167207,44.92421054624708],[-1.0632636696365525,44.919714734803776],[-1.0759190864592887,44.919250913312446],[-1.0760825500653124,44.92149879948902],[-1.0887382630307065,44.92103351802967],[-1.0889022454979551,44.92328138653408],[-1.1015582539509174,44.92281464502529],[-1.1018872699057463,44.9273103478421],[-1.1050514919783816,44.927193427770746],[-1.1052161461935825,44.92944127633061],[-1.1020517976607238,44.9295582011664],[-1.1023808927337253,44.9340539116298],[-1.0992162780598524,44.934170755910976],[-1.0993807188889906,44.93641861780474],[-1.093051197021755,44.93665204562429],[-1.093215398023687,44.93889991829306],[-1.08688557049449,44.93913299525229],[-1.0870495316241278,44.94138087867887],[-1.080719398480851,44.941613604744305],[-1.080555690393057,44.939365711834384]]]]}},{"type":"Feature","properties":{"category":"historical_support","snapshot_index":19,"pass_time_utc":"2026-07-25T02:56:00+00:00","dt_local":"2026-07-25T04:56:00+02:00","area_km2":265.125,"label":"Isoline temporelle","coherence_level":"moyenne","coherence_fraction":0.447,"projection_displayed":false,"model_version":"fire_progression_arrival_v1"},"geometry":{"type":"MultiPolygon","coordinates":[[[[-1.1203129655276638,44.444322072524336],[-1.1171757829788687,44.44443940636043],[-1.1170120651584254,44.44219198092501],[-1.1013265789693119,44.44277728699001],[-1.0998592950698785,44.42255033383281],[-1.090451202722931,44.42290031776992],[-1.0902886085495,44.420652874371996],[-1.0840167308150204,44.42088574125025],[-1.0838543979605206,44.4186382904008],[-1.0807185639514603,44.41875458522862],[-1.080394185299673,44.414259680167916],[-1.0772585867906326,44.41437587628397],[-1.0767724879103826,44.40763351982443],[-1.0799077139183277,44.40751733790369],[-1.0797455825441047,44.40526989458285],[-1.0828806715307397,44.405153628168044],[-1.082718428894329,44.40290619163784],[-1.0889883199391424,44.40267340061461],[-1.0888258419369399,44.40042597562345],[-1.0919606439899179,44.400309451026814],[-1.091798054776077,44.39806203284285],[-1.1012020111091838,44.39771193801704],[-1.1010390625068454,44.39546453615504],[-1.1073080538654396,44.39523070307315],[-1.1074712506580826,44.39747809541245],[-1.1106058510011827,44.397361040295635],[-1.1107691848539654,44.39960842993202],[-1.1139038963308616,44.39949128083568],[-1.1137404383769818,44.39724389596992],[-1.135682186100134,44.39642138788805],[-1.1358465127183883,44.39866873925811],[-1.1515194189169753,44.39807853330913],[-1.1518493522997273,44.4025731941511],[-1.1612536835069898,44.402217971185976],[-1.1615844139690958,44.40671261130021],[-1.164719413014859,44.406594015564544],[-1.1660438535392572,44.42457261886332],[-1.1629078612170347,44.42469125324161],[-1.1632388544414434,44.429185933964064],[-1.1569663335299265,44.42942295428321],[-1.1571316014112776,44.431670307314064],[-1.1508587795306873,44.431906980250176],[-1.1510238120642744,44.43415434492679],[-1.1478872572134153,44.43427255231885],[-1.1482171131049268,44.43876729731021],[-1.1325328999202127,44.43935704332756],[-1.1326972261468466,44.441604442839385],[-1.1295602200241475,44.44172212901474],[-1.1297244350183573,44.443969535315034],[-1.1265872915572308,44.44408713700106],[-1.126751395299371,44.44633455008325],[-1.1204768206632756,44.4465694951745],[-1.1203129655276638,44.444322072524336]]],[[[-1.013495368452927,44.844896548049825],[-1.013334632081082,44.84264862461573],[-1.019653891081484,44.84241974258635],[-1.01981487966886,44.84466765669409],[-1.0229746159548334,44.84455307609433],[-1.0234580374077829,44.85129681285332],[-1.0108175014618348,44.85175465152676],[-1.0103355935430507,44.845010858804685],[-1.013495368452927,44.844896548049825]]],[[[-1.0968733536164392,44.94552685596122],[-1.097037733826452,44.94777472889394],[-1.084376054261889,44.948240958800014],[-1.0842121802440006,44.94599306686886],[-1.0747161622334387,44.94634177894036],[-1.0745526809836554,44.94409387404975],[-1.068222189850777,44.94432588877245],[-1.0680589747814775,44.94207797568168],[-1.0617286843868121,44.94230962054449],[-1.0615657354623518,44.94006169927243],[-1.0520705815190254,44.940408476664885],[-1.0519080252295208,44.93816054252367],[-1.0455781104796262,44.938391267547864],[-1.0454158202566939,44.93614332527058],[-1.0390861065077384,44.93637368051544],[-1.0389240823157138,44.9341257301209],[-1.0515829517405044,44.933664678042284],[-1.0514204345378622,44.93141674770888],[-1.0704075887021465,44.93072249520716],[-1.0702443256363159,44.9284745944399],[-1.067079959076851,44.92859052367553],[-1.0667537251228085,44.92409471653122],[-1.0604254586491777,44.92432628589029],[-1.060262614179625,44.92207837480804],[-1.0539345484061442,44.92230957445279],[-1.053609404365714,44.91781373731676],[-1.05044560480957,44.91792919262351],[-1.0502831787548503,44.915681271293344],[-1.0439557934578774,44.91591190231619],[-1.0437936332524416,44.913663972887825],[-1.0374664488172238,44.91389423428183],[-1.0373045544254456,44.9116462967741],[-1.0151598857021344,44.91244934204452],[-1.0149988891320172,44.91020137312083],[-1.0086719774942379,44.910429994786206],[-1.0085112466316437,44.90818201785843],[-1.0021845362913318,44.90841026999586],[-1.0020240711005974,44.906162285082836],[-0.9988608230385333,44.906276271425675],[-0.9987004970931119,44.9040282831874],[-0.9923742152246476,44.90425597644087],[-0.9918940726773983,44.89751199184511],[-0.9887312916232484,44.89762568949903],[-0.9882516434831538,44.89088170300848],[-0.9914140455064986,44.890768019253215],[-0.9912540620815398,44.88852003107255],[-1.0007408122602766,44.88817845356958],[-1.0005804627177888,44.88593048065499],[-1.0069046460226065,44.88570232151056],[-1.0067440567293997,44.88345435924309],[-1.0099060027994182,44.88334014930008],[-1.009745300082858,44.88109219303947],[-1.0160689010371933,44.88086351243622],[-1.0146208833509163,44.86063205137466],[-1.0209421606379658,44.86040309472299],[-1.020781081825398,44.8581551708202],[-1.0239415749549428,44.85804056220418],[-1.0237803828706213,44.85579264436042],[-1.0269407369320078,44.85567795044883],[-1.0266181391709894,44.8511821282882],[-1.0297782280247954,44.85106735376548],[-1.0296168223766846,44.848819449458404],[-1.0327767721801209,44.848704589658915],[-1.0326152533290185,44.846456691433936],[-1.0357750640851855,44.84634174636531],[-1.035451812952037,44.841845963501214],[-1.032292254404418,44.841960899203045],[-1.0319693071729559,44.83746511262012],[-1.0288099878735493,44.83757994902147],[-1.02848734445418,44.83308415875567],[-1.0253282643790715,44.83319889587137],[-1.0245225118375485,44.82195942184278],[-1.0276809617521065,44.82184470809985],[-1.0268749015329792,44.810605293508225],[-1.0300327086460928,44.81049051324176],[-1.0297101229196826,44.80599476695053],[-1.0391827111557732,44.805649914911974],[-1.0390210598594476,44.80340205801411],[-1.0484931539706623,44.80305641112357],[-1.048331137863686,44.80080856977715],[-1.0578027376375423,44.800462128114965],[-1.0576403567924324,44.79821430235503],[-1.0607974048644997,44.79809864677048],[-1.0606349111186384,44.7958508271969],[-1.0637918203134793,44.795735086461306],[-1.0634666200612202,44.79123946118071],[-1.0666232645203269,44.791123640020686],[-1.065809862193235,44.77988462643974],[-1.0689658644927553,44.77976873903509],[-1.0684776017578264,44.77302536303081],[-1.0653219768283932,44.77314123627187],[-1.064834208435719,44.766397859700795],[-1.080610316560128,44.76581766616998],[-1.0807735217646224,44.768065433205564],[-1.0933946765238276,44.76759964279001],[-1.093230968359779,44.76535189473081],[-1.1058514108443878,44.76488468634041],[-1.1056872128680173,44.76263695883419],[-1.1183069425286598,44.7621683326214],[-1.1184716433743993,44.764416041035346],[-1.124781680706586,44.76418117955122],[-1.1251116247964486,44.768676581790494],[-1.1282668751448395,44.76855900676294],[-1.1289274245813359,44.77754981017538],[-1.1383946054396052,44.77719648865965],[-1.1385601531298861,44.77944417886774],[-1.141715979406687,44.779326220576216],[-1.1420473660660826,44.78382159585492],[-1.1515155201117129,44.783467153145395],[-1.151681610712225,44.785714828574385],[-1.1706183148336033,44.78500348872889],[-1.1707851735332684,44.78725113665891],[-1.1739413700603616,44.787132260759286],[-1.1736074144130566,44.78263697606512],[-1.1704514694718677,44.782755842279194],[-1.1699510133982638,44.77601291184576],[-1.1667954324294079,44.776131673715604],[-1.1664621131965032,44.77163638454726],[-1.1696174426762256,44.77151763235353],[-1.1694506773085256,44.76926999485656],[-1.1915367298510315,44.7684362488128],[-1.1913690978177298,44.76618864678464],[-1.2071438194152744,44.76559044417925],[-1.207312079966439,44.76783802183731],[-1.2104671096895956,44.767718107041134],[-1.2106355093961207,44.76996568131542],[-1.2169457798752392,44.76972557254531],[-1.2171144444726008,44.771973138535735],[-1.2202696852137342,44.771852944551846],[-1.2204384890147872,44.77410050713977],[-1.2235938419883725,44.77398021845116],[-1.223762785013097,44.7762277776291],[-1.2269182502159017,44.77610739422887],[-1.2270873324842788,44.77835494998942],[-1.2333984738172228,44.77811390393812],[-1.2335678210966128,44.78036145136204],[-1.2367234972119001,44.78024078870101],[-1.236892983783285,44.78248833268877],[-1.2400487721064593,44.78236757529229],[-1.2410667308313286,44.795852840574135],[-1.2379101877734855,44.79597362749069],[-1.2380797692139887,44.79822118173873],[-1.2349230867728092,44.798341883730686],[-1.2350925559368036,44.80058944434831],[-1.2319357341090422,44.80071006140798],[-1.2321050909765219,44.80295762838858],[-1.2257911550088796,44.803198602773584],[-1.2262985516537603,44.80994134183053],[-1.2136690070330367,44.81042227111016],[-1.2138376627217258,44.812669873266046],[-1.2043649849036888,44.81302964126703],[-1.204701581257185,44.81752487919166],[-1.1952280267881918,44.81788386757843],[-1.1950600996568397,44.815636233275605],[-1.191902347218173,44.81575571143867],[-1.1920701484210918,44.81800335060921],[-1.1762805554555413,44.8185994175008],[-1.1764477403641362,44.8208470823846],[-1.1701315576064268,44.821084889629645],[-1.1702985039707618,44.82333256562837],[-1.1671402665953303,44.82345133925341],[-1.1679745688188299,44.83468976472466],[-1.1711334361511108,44.83457096690185],[-1.1716345558039247,44.84131402456827],[-1.1747937878626926,44.84119512230032],[-1.1749609805306036,44.84344280614147],[-1.178120325259736,44.84332380910199],[-1.1782876573655579,44.84557148948737],[-1.1846065587569061,44.84533321592199],[-1.1847741563858696,44.847580887988315],[-1.1879337130332328,44.8474616114524],[-1.1884369646546362,44.85420462136918],[-1.1915968861251482,44.85408524031054],[-1.1921006369324771,44.86082824800818],[-1.1889403371256015,44.86094764365944],[-1.1892759859330346,44.86544299868206],[-1.1829548414730977,44.86568153955915],[-1.183122433720293,44.8679292288282],[-1.1799617152046415,44.86804836917749],[-1.1802966876082233,44.872543761485964],[-1.1771357033377328,44.87266282157008],[-1.1774704769955038,44.877158228974665],[-1.1743092269336046,44.877277208779255],[-1.1744765076566135,44.879524919343886],[-1.1491850160934582,44.88047355701491],[-1.1493513003890603,44.882721307570954],[-1.1461896776864593,44.88283948714271],[-1.146355849053383,44.88508724385114],[-1.1431940867977473,44.885205338239594],[-1.1435262169335159,44.889700865278634],[-1.1403641888532647,44.88981887928457],[-1.1405301475935377,44.89206664960539],[-1.1373679799422156,44.892184578409214],[-1.1385291791650312,44.9079190411822],[-1.135366113977981,44.90803691358996],[-1.1358635910452266,44.91478028876584],[-1.1327001334530975,44.914898085534766],[-1.1328658593230116,44.91714588464604],[-1.1297022620569628,44.917263596162215],[-1.1298678748012405,44.9195114013576],[-1.1203766241975741,44.91986400995165],[-1.1205418709567319,44.922111830799686],[-1.1173779678374756,44.922229191663185],[-1.117543101407365,44.924477018575175],[-1.114379058621603,44.92459429415442],[-1.1145440789820722,44.92684212712373],[-1.1177082482116314,44.92672484676563],[-1.1180385815296543,44.93122050696844],[-1.114874159382262,44.93133779688487],[-1.1155344789441402,44.94032915160249],[-1.112369537604677,44.94044637054531],[-1.1126995237497823,44.94494206500119],[-1.1063690953113674,44.94517625169125],[-1.106533855148851,44.9474241103367],[-1.103368494571188,44.94754107329537],[-1.103203861274609,44.94529320988383],[-1.0968733536164392,44.94552685596122]],[[-1.1130593716792516,44.90661167671621],[-1.116222403277326,44.90649443936039],[-1.1160573755252556,44.90424662279787],[-1.1128944702803243,44.90436385537669],[-1.1130593716792516,44.90661167671621]]],[[[-0.9256303746699414,44.902128823926134],[-0.9193040134009228,44.90235235646494],[-0.9191468854598566,44.90010425728919],[-0.9159838123349878,44.90021588392904],[-0.9156698469824743,44.895719680498374],[-0.9125070140501857,44.89583120799722],[-0.9120365394088296,44.88908689931545],[-0.9088740729963997,44.88919832314736],[-0.9085607387118025,44.88470211505107],[-0.9053985124249496,44.884813439775776],[-0.9050854809643352,44.88031722805692],[-0.9019234947788775,44.8804284536893],[-0.9014544204718057,44.87368413279412],[-0.904616027775069,44.87357292075866],[-0.9041466873516875,44.866828625877446],[-0.9073079033382863,44.8667173374397],[-0.9069948198759145,44.86222115686537],[-0.9101557708559779,44.8621097875078],[-0.9099991217030327,44.85986170385174],[-0.9163207335899275,44.859638704257456],[-0.9164776351796318,44.86188677882606],[-0.9196385485031109,44.86177513950301],[-0.9205809794092943,44.87526358880807],[-0.9237426376593288,44.87515183217621],[-0.9238998797880102,44.87739990733941],[-0.9302234110692521,44.87717611493032],[-0.9303809183765027,44.87942418234538],[-0.9367046517850742,44.879200020756315],[-0.9371780072598589,44.88594420378978],[-0.9403402339400527,44.88583197425466],[-0.9408140821816712,44.892576155783814],[-0.9439766752215246,44.89246382249212],[-0.9444510164476668,44.899208002411186],[-0.9412880443081978,44.89932034943685],[-0.9414460569985559,44.90156841666631],[-0.9382829458124433,44.9016806782204],[-0.9384408447644771,44.90392875135838],[-0.9257877680136717,44.904376915327255],[-0.9256303746699414,44.902128823926134]]],[[[-0.9879665720394837,44.931459477293814],[-0.9878066107205765,44.92921145617141],[-0.9846420340050241,44.92932503853059],[-0.9844822120049557,44.927077014066434],[-0.9876466622226603,44.926963436335825],[-0.987326803683642,44.922467400538764],[-0.9904909881195375,44.922353741985894],[-0.9903309516093033,44.92010573066279],[-0.9998230485290119,44.91976422845373],[-0.9996626454850313,44.91751623234708],[-1.0059903929411067,44.91728812313798],[-1.0061510488831455,44.9195361099488],[-1.009315029752264,44.91942191558836],[-1.0094758250264184,44.92166989904474],[-1.0126399194653746,44.921555609955774],[-1.0129618016168298,44.92605157143679],[-1.0097974542371393,44.92616586984088],[-1.0101191350080616,44.930661845792294],[-1.0037898956171782,44.93089019096315],[-1.0039505023256077,44.93313819016921],[-0.997620958420668,44.933366184268294],[-0.9974606047344026,44.93111817577133],[-0.9879665720394837,44.931459477293814]]],[[[-0.9968611169494722,44.9672003948979],[-0.9965402898177723,44.96270433217588],[-0.9933738401216421,44.962818164276854],[-0.9932135724992661,44.96057013012881],[-0.9963798955491948,44.96045630266677],[-0.9958987899139952,44.953712221587594],[-0.9990647202277866,44.95359831791216],[-0.9985833505334856,44.946854262001],[-1.0017488882012178,44.94674028213288],[-1.0014277862575947,44.942244260438606],[-1.0045930579199907,44.94213019975044],[-1.0044323997042013,44.93988219544833],[-1.0075975319367638,44.93976804930294],[-1.0074367600611025,44.93752005092133],[-1.0106017528669269,44.93740581932641],[-1.0104408673515757,44.93515782687195],[-1.0136057207337605,44.93504350983517],[-1.0134447215989013,44.93279552331448],[-1.016609435560547,44.932681120843526],[-1.0164483228263552,44.93043314026323],[-1.0227774589913623,44.930204074380484],[-1.0226161061870886,44.92795610441631],[-1.035273717286328,44.927496910320464],[-1.0354355760387601,44.9297448615718],[-1.0386000728912301,44.929629833155595],[-1.0389240823157138,44.9341257301209],[-1.0357593324666945,44.93424076791243],[-1.0362450644396528,44.94098463696746],[-1.0330799220385174,44.94109959872015],[-1.033565391180186,44.9478434932023],[-1.0303998561368497,44.947958378895464],[-1.0312085979317642,44.95919825147033],[-1.0280424169281612,44.959313070441084],[-1.028204077573528,44.961561053359446],[-1.0250377569754228,44.96167578687141],[-1.0251993039453717,44.96392377569922],[-1.0220328437496509,44.96403842374472],[-1.022194277023976,44.966286418475356],[-1.0158610644929,44.966515453470976],[-1.0160222573857218,44.96876345876297],[-1.0033551705894124,44.969220465602824],[-1.0031944843747944,44.96697244168675],[-0.9968611169494722,44.9672003948979]]]]}},{"type":"Feature","properties":{"category":"observed_front","snapshot_index":19,"pass_time_utc":"2026-07-25T02:56:00+00:00","dt_local":"2026-07-25T04:56:00+02:00","area_km2":36.562,"label":"Activité observée","coherence_level":"moyenne","coherence_fraction":0.447,"projection_displayed":false,"model_version":"fire_progression_arrival_v1"},"geometry":{"type":"MultiPolygon","coordinates":[[[[-0.9392440117978311,44.77995048406772],[-0.9387713006140609,44.77320654543805],[-0.9419271859649918,44.77309427480404],[-0.941769514948493,44.77084630288181],[-0.9512367179139201,44.770508965687256],[-0.9513947663554183,44.7727569238644],[-0.954550601231418,44.77264429387384],[-0.9548669876577907,44.777140205620476],[-0.9517109011411565,44.777252844789615],[-0.9518689874884229,44.779500807530944],[-0.9487127624981762,44.77961336144041],[-0.9488707356368729,44.7818613302825],[-0.942557996083324,44.782086177712756],[-0.9424002746428702,44.77983819970935],[-0.9392440117978311,44.77995048406772]]],[[[-1.1045019804364122,44.78972677759533],[-1.1043377638610277,44.78747902880813],[-1.101181402007718,44.787595923424604],[-1.1008532598746847,44.78310042078309],[-1.0976971365422874,44.78321721603753],[-1.0972053990825217,44.77647395899664],[-1.1003611450317463,44.77635717801652],[-1.1001971329729128,44.77410943342666],[-1.1033527400392902,44.77399256738131],[-1.1031886153260901,44.77174482905774],[-1.11896582489071,44.77115917536785],[-1.1191305783944332,44.77340688983104],[-1.122286106600133,44.77328948486027],[-1.122450999035669,44.77553719604413],[-1.1256066398247304,44.77541969646758],[-1.1264319286931448,44.786658250886376],[-1.1232756589451252,44.78677577440045],[-1.1234406304844282,44.789023494535556],[-1.1171277997863311,44.789258281606024],[-1.117292532846783,44.79150601278689],[-1.1109793977961115,44.79174045002614],[-1.1108149164103125,44.78949270929414],[-1.1045019804364122,44.78972677759533]]],[[[-1.0802292454678937,44.80414620857695],[-1.080065957279225,44.801898412944176],[-1.0769087355406406,44.80201461718959],[-1.0762562168641996,44.79302343041678],[-1.088883011386184,44.7925581500463],[-1.0890466249421218,44.79480592557119],[-1.0922034167542833,44.79468937609281],[-1.0923671692619203,44.7969371483447],[-1.0955240738490781,44.7968205042566],[-1.0958518699135071,44.801316043667974],[-1.0926947135611802,44.80143269726117],[-1.0928585053559439,44.803680473918995],[-1.0897012100071664,44.803797042393015],[-1.0898648889915914,44.806044825262155],[-1.086707454643227,44.8061613086093],[-1.0865439015695575,44.8039135209944],[-1.0802292454678937,44.80414620857695]]],[[[-1.013334632081082,44.84264862461573],[-1.019653891081484,44.84241974258635],[-1.01981487966886,44.84466765669409],[-1.0229746159548334,44.84455307609433],[-1.0234580374077829,44.85129681285332],[-1.0108175014618348,44.85175465152676],[-1.0103355935430507,44.845010858804685],[-1.013495368452927,44.844896548049825],[-1.013334632081082,44.84264862461573]]],[[[-1.0929321783584995,44.8915782881984],[-1.096094404748055,44.89146162435949],[-1.095601911617739,44.8847181205813],[-1.0987637460154387,44.884601380998376],[-1.0979425558182867,44.873362258671946],[-1.0947813526222145,44.873478974473755],[-1.0944532209981221,44.86898332550922],[-1.0912922570779051,44.86909994182145],[-1.0909644303647752,44.86460428881084],[-1.0941251419117517,44.86448768200149],[-1.0937971153504966,44.85999204397758],[-1.0969575614362927,44.85987535670628],[-1.0967934416987604,44.85762754451357],[-1.0999537484980744,44.85751077203691],[-1.0997895157588726,44.8552629659829],[-1.1092699788314764,44.85491212309556],[-1.1091053808621276,44.852664332720344],[-1.1154253714757658,44.85242999724029],[-1.115095710632053,44.84793443974865],[-1.1182554339459896,44.84781714664329],[-1.1179255736971163,44.843321604281854],[-1.1210850316464291,44.8432042308003],[-1.1209199952518838,44.84095646649959],[-1.1240793139283773,44.84083900787062],[-1.1239141646843025,44.838591249758366],[-1.146028142470476,44.83776655497722],[-1.1461941740576773,44.84001427948801],[-1.1525125860988532,44.83977783347392],[-1.153177853859973,44.84876870695792],[-1.150018150222889,44.84888699420315],[-1.1501843743492894,44.8511347208703],[-1.1470245313168876,44.851252922992394],[-1.1471906426445284,44.85350065585972],[-1.134550633247356,44.85397258413774],[-1.1347162534031459,44.856220337614616],[-1.1283959168881037,44.85645577165314],[-1.1285612980376079,44.858703536101174],[-1.125400983785479,44.85882112298062],[-1.125731533503604,44.86331666558209],[-1.122570953721476,44.86343417207846],[-1.12290130402491,44.86792972973145],[-1.119740458676303,44.86804715583035],[-1.1202357047293354,44.87479051687346],[-1.1170744675686144,44.87490786734194],[-1.1180645591799605,44.888394654544825],[-1.1149025513342041,44.88851194369858],[-1.1152324350343987,44.8930075596863],[-1.1120701614042046,44.89312476838328],[-1.1122349967689111,44.895372583143484],[-1.1090725836322217,44.89548970659683],[-1.109237305886134,44.89773752745215],[-1.1029121874082985,44.89797151383175],[-1.1030766702035915,44.900219345540975],[-1.0967512463653446,44.900452981340486],[-1.0965870162301932,44.89820514011146],[-1.0934244109037004,44.898321818212374],[-1.0929321783584995,44.8915782881984]]],[[[-1.1644916323518362,44.873138162155264],[-1.164992298508156,44.879881333382244],[-1.1555079690741228,44.880236937530015],[-1.155008438794585,44.87349372283896],[-1.1644916323518362,44.873138162155264]]],[[[-0.9193040134009228,44.90235235646494],[-0.9191468854598566,44.90010425728919],[-0.9159838123349878,44.90021588392904],[-0.9156698469824743,44.895719680498374],[-0.9125070140501857,44.89583120799722],[-0.9121933517270543,44.89133500085823],[-0.9153559319292223,44.891223482448936],[-0.9151989932610447,44.888975385450614],[-0.9310110737664168,44.88841646565142],[-0.9311686441616958,44.8906645398725],[-0.9343311487820225,44.89055248125508],[-0.9344888581504003,44.89280055226063],[-0.9376514764879396,44.892688399040146],[-0.9382829458124433,44.9016806782204],[-0.9351198219764505,44.901792849723975],[-0.9352775945286843,44.90404092743324],[-0.9257877680136717,44.904376915327255],[-0.9256303746699414,44.902128823926134],[-0.9193040134009228,44.90235235646494]]],[[[-0.9879665720394837,44.931459477293814],[-0.9878066107205765,44.92921145617141],[-0.9846420340050241,44.92932503853059],[-0.9844822120049557,44.927077014066434],[-0.9876466622226603,44.926963436335825],[-0.987326803683642,44.922467400538764],[-0.9936551597289771,44.92223999335475],[-0.9938153355402626,44.92448800133914],[-1.000143893184004,44.924260224562346],[-1.000304334798103,44.926508224557544],[-1.0066330939673984,44.92628007816275],[-1.0067938014200182,44.928528070149945],[-1.0099582881768008,44.92841385717387],[-1.0101191350080616,44.930661845792294],[-1.0037898956171782,44.93089019096315],[-1.0039505023256077,44.93313819016921],[-0.997620958420668,44.933366184268294],[-0.9974606047344026,44.93111817577133],[-0.9879665720394837,44.931459477293814]]],[[[-1.0953945245494732,44.92529605619929],[-1.0985586465298596,44.925179321031635],[-1.0990518504109539,44.931922895283414],[-1.0927228345012663,44.93215630407977],[-1.092394524614738,44.92766056761518],[-1.095558786213844,44.92754391776489],[-1.0953945245494732,44.92529605619929]]],[[[-0.9965402898177723,44.96270433217588],[-0.9933738401216421,44.962818164276854],[-0.9932135724992661,44.96057013012881],[-0.9963798955491948,44.96045630266677],[-0.9958987899139952,44.953712221587594],[-0.9990647202277866,44.95359831791216],[-0.9985833505334856,44.946854262001],[-1.0017488882012178,44.94674028213288],[-1.0014277862575947,44.942244260438606],[-1.0045930579199907,44.94213019975044],[-1.0044323997042013,44.93988219544833],[-1.0075975319367638,44.93976804930294],[-1.0074367600611025,44.93752005092133],[-1.0106017528669269,44.93740581932641],[-1.0104408673515757,44.93515782687195],[-1.0136057207337605,44.93504350983517],[-1.0134447215989013,44.93279552331448],[-1.016609435560547,44.932681120843526],[-1.0164483228263552,44.93043314026323],[-1.0227774589913623,44.930204074380484],[-1.0226161061870886,44.92795610441631],[-1.035273717286328,44.927496910320464],[-1.0354355760387601,44.9297448615718],[-1.0386000728912301,44.929629833155595],[-1.0389240823157138,44.9341257301209],[-1.0357593324666945,44.93424076791243],[-1.0362450644396528,44.94098463696746],[-1.0330799220385174,44.94109959872015],[-1.033565391180186,44.9478434932023],[-1.0303998561368497,44.947958378895464],[-1.0312085979317642,44.95919825147033],[-1.0280424169281612,44.959313070441084],[-1.028204077573528,44.961561053359446],[-1.0250377569754228,44.96167578687141],[-1.0251993039453717,44.96392377569922],[-1.0220328437496509,44.96403842374472],[-1.022194277023976,44.966286418475356],[-1.0158610644929,44.966515453470976],[-1.0160222573857218,44.96876345876297],[-1.0033551705894124,44.969220465602824],[-1.0031944843747944,44.96697244168675],[-0.9968611169494722,44.9672003948979],[-0.9965402898177723,44.96270433217588]]]]}},{"type":"Feature","properties":{"category":"historical_support","snapshot_index":20,"pass_time_utc":"2026-07-25T03:30:00+00:00","dt_local":"2026-07-25T05:30:00+02:00","area_km2":282.375,"label":"Isoline temporelle","coherence_level":"moyenne","coherence_fraction":0.412,"projection_displayed":true,"model_version":"fire_progression_arrival_v1"},"geometry":{"type":"MultiPolygon","coordinates":[[[[-1.0986783977089345,44.44963644842254],[-1.0955408756567449,44.449753166762065],[-1.0947266371152464,44.43851587286729],[-1.0978635376344934,44.438399178292585],[-1.0977006044637991,44.43615173026694],[-1.1008373677614598,44.436034951171216],[-1.0998592950698785,44.42255033383281],[-1.090451202722931,44.42290031776992],[-1.0902886085495,44.420652874371996],[-1.0840167308150204,44.42088574125025],[-1.0838543979605206,44.4186382904008],[-1.0807185639514603,44.41875458522862],[-1.080394185299673,44.414259680167916],[-1.0772585867906326,44.41437587628397],[-1.0767724879103826,44.40763351982443],[-1.0799077139183277,44.40751733790369],[-1.0797455825441047,44.40526989458285],[-1.0828806715307397,44.405153628168044],[-1.082718428894329,44.40290619163784],[-1.0889883199391424,44.40267340061461],[-1.0888258419369399,44.40042597562345],[-1.0919606439899179,44.400309451026814],[-1.091798054776077,44.39806203284285],[-1.1012020111091838,44.39771193801704],[-1.1010390625068454,44.39546453615504],[-1.1073080538654396,44.39523070307315],[-1.1074712506580826,44.39747809541245],[-1.1106058510011827,44.397361040295635],[-1.1107691848539654,44.39960842993202],[-1.1139038963308616,44.39949128083568],[-1.1137404383769818,44.39724389596992],[-1.135682186100134,44.39642138788805],[-1.1358465127183883,44.39866873925811],[-1.1515194189169753,44.39807853330913],[-1.1518493522997273,44.4025731941511],[-1.1612536835069898,44.402217971185976],[-1.1615844139690958,44.40671261130021],[-1.164719413014859,44.406594015564544],[-1.1660438535392572,44.42457261886332],[-1.1629078612170347,44.42469125324161],[-1.1632388544414434,44.429185933964064],[-1.1569663335299265,44.42942295428321],[-1.1571316014112776,44.431670307314064],[-1.1508587795306873,44.431906980250176],[-1.1510238120642744,44.43415434492679],[-1.1478872572134153,44.43427255231885],[-1.1482171131049268,44.43876729731021],[-1.1325328999202127,44.43935704332756],[-1.1326972261468466,44.441604442839385],[-1.1295602200241475,44.44172212901474],[-1.1297244350183573,44.443969535315034],[-1.1265872915572308,44.44408713700106],[-1.126751395299371,44.44633455008325],[-1.1236141144967107,44.446452067272354],[-1.1237781069671384,44.448699487129886],[-1.1206406888198381,44.44881691981442],[-1.1208045699989022,44.451064346440724],[-1.1145294459945942,44.4512989534901],[-1.1146930915260278,44.45354639165415],[-1.09900443240395,44.45413137041277],[-1.0986783977089345,44.44963644842254]]],[[[-1.0103355935430507,44.845010858804685],[-1.013495368452927,44.844896548049825],[-1.013334632081082,44.84264862461573],[-1.019653891081484,44.84241974258635],[-1.01981487966886,44.84466765669409],[-1.0229746159548334,44.84455307609433],[-1.0234580374077829,44.85129681285332],[-1.0108175014618348,44.85175465152676],[-1.0103355935430507,44.845010858804685]]],[[[-1.0031944843747944,44.96697244168675],[-0.9968611169494722,44.9672003948979],[-0.9965402898177723,44.96270433217588],[-0.9933738401216421,44.962818164276854],[-0.9932135724992661,44.96057013012881],[-0.9963798955491948,44.96045630266677],[-0.9958987899139952,44.953712221587594],[-0.9990647202277866,44.95359831791216],[-0.9985833505334856,44.946854262001],[-1.0017488882012178,44.94674028213288],[-1.0014277862575947,44.942244260438606],[-1.0045930579199907,44.94213019975044],[-1.0044323997042013,44.93988219544833],[-1.0075975319367638,44.93976804930294],[-1.0074367600611025,44.93752005092133],[-1.0106017528669269,44.93740581932641],[-1.0104408673515757,44.93515782687195],[-1.0136057207337605,44.93504350983517],[-1.0134447215989013,44.93279552331448],[-1.016609435560547,44.932681120843526],[-1.0164483228263552,44.93043314026323],[-1.0227774589913623,44.930204074380484],[-1.0226161061870886,44.92795610441631],[-1.035273717286328,44.927496910320464],[-1.0354355760387601,44.9297448615718],[-1.0386000728912301,44.929629833155595],[-1.0384380876556514,44.927381886591604],[-1.0447667894371282,44.92715156889197],[-1.0446045642424653,44.924903632996894],[-1.0509329610786247,44.9246729643784],[-1.050770495969894,44.922425039169426],[-1.0539345484061442,44.92230957445279],[-1.053609404365714,44.91781373731676],[-1.05044560480957,44.91792919262351],[-1.0502831787548503,44.915681271293344],[-1.0439557934578774,44.91591190231619],[-1.0437936332524416,44.913663972887825],[-1.0374664488172238,44.91389423428183],[-1.0373045544254456,44.9116462967741],[-1.0278140597426557,44.91199099937538],[-1.028298644020613,44.91873485794911],[-1.0188068950068578,44.91907879208176],[-1.0186457332872696,44.916830823906494],[-1.0091542473635153,44.917173933430924],[-1.0094758250264184,44.92166989904474],[-1.0126399194653746,44.921555609955774],[-1.0129618016168298,44.92605157143679],[-1.0097974542371393,44.92616586984088],[-1.0101191350080616,44.930661845792294],[-1.0037898956171782,44.93089019096315],[-1.0041111219085568,44.935386190654356],[-1.0009462298679033,44.93550023739883],[-1.0011067357964294,44.93774824380737],[-0.9884465329375582,44.938203548348376],[-0.9882865331464343,44.93595552338569],[-0.9851215768768065,44.93606911963184],[-0.9849617164394102,44.93382109131667],[-0.9817968738839161,44.93393459283595],[-0.9816371527800661,44.93168656117576],[-0.9784724239417821,44.93179996797516],[-0.9773556199598924,44.91606375014555],[-0.9805194634329002,44.915950375692134],[-0.9802002387668161,44.911454334413946],[-0.9865273815956699,44.91122733380264],[-0.9866872403897546,44.9134753445356],[-0.9930145848338161,44.913247974416926],[-0.9931747093081923,44.91549597719466],[-1.0026660090148354,44.91515423261905],[-1.002505505246906,44.91290624376737],[-1.0056691196768215,44.912792153427326],[-1.0053478978952868,44.908296188953905],[-1.0021845362913318,44.90841026999586],[-1.0020240711005974,44.906162285082836],[-0.9988608230385333,44.906276271425675],[-0.9987004970931119,44.9040282831874],[-0.9923742152246476,44.90425597644087],[-0.9918940726773983,44.89751199184511],[-0.9887312916232484,44.89762568949903],[-0.9882516434831538,44.89088170300848],[-0.9914140455064986,44.890768019253215],[-0.9912540620815398,44.88852003107255],[-1.0007408122602766,44.88817845356958],[-1.0005804627177888,44.88593048065499],[-1.0069046460226065,44.88570232151056],[-1.0067440567293997,44.88345435924309],[-1.0099060027994182,44.88334014930008],[-1.009745300082858,44.88109219303947],[-1.0160689010371933,44.88086351243622],[-1.0146208833509163,44.86063205137466],[-1.0209421606379658,44.86040309472299],[-1.020781081825398,44.8581551708202],[-1.0239415749549428,44.85804056220418],[-1.0237803828706213,44.85579264436042],[-1.0269407369320078,44.85567795044883],[-1.0266181391709894,44.8511821282882],[-1.0297782280247954,44.85106735376548],[-1.0296168223766846,44.848819449458404],[-1.0327767721801209,44.848704589658915],[-1.0326152533290185,44.846456691433936],[-1.0357750640851855,44.84634174636531],[-1.035451812952037,44.841845963501214],[-1.032292254404418,44.841960899203045],[-1.0319693071729559,44.83746511262012],[-1.0288099878735493,44.83757994902147],[-1.02848734445418,44.83308415875567],[-1.0253282643790715,44.83319889587137],[-1.0245225118375485,44.82195942184278],[-1.0276809617521065,44.82184470809985],[-1.0268749015329792,44.810605293508225],[-1.0300327086460928,44.81049051324176],[-1.0297101229196826,44.80599476695053],[-1.0391827111557732,44.805649914911974],[-1.0390210598594476,44.80340205801411],[-1.0484931539706623,44.80305641112357],[-1.048331137863686,44.80080856977715],[-1.0578027376375423,44.800462128114965],[-1.0576403567924324,44.79821430235503],[-1.0607974048644997,44.79809864677048],[-1.0606349111186384,44.7958508271969],[-1.0637918203134793,44.795735086461306],[-1.0634666200612202,44.79123946118071],[-1.0666232645203269,44.791123640020686],[-1.065809862193235,44.77988462643974],[-1.0689658644927553,44.77976873903509],[-1.0684776017578264,44.77302536303081],[-1.0653219768283932,44.77314123627187],[-1.064834208435719,44.766397859700795],[-1.080610316560128,44.76581766616998],[-1.0807735217646224,44.768065433205564],[-1.0933946765238276,44.76759964279001],[-1.093230968359779,44.76535189473081],[-1.1058514108443878,44.76488468634041],[-1.1056872128680173,44.76263695883419],[-1.1183069425286598,44.7621683326214],[-1.1184716433743993,44.764416041035346],[-1.124781680706586,44.76418117955122],[-1.1251116247964486,44.768676581790494],[-1.1282668751448395,44.76855900676294],[-1.1289274245813359,44.77754981017538],[-1.1383946054396052,44.77719648865965],[-1.1385601531298861,44.77944417886774],[-1.141715979406687,44.779326220576216],[-1.1420473660660826,44.78382159585492],[-1.1515155201117129,44.783467153145395],[-1.151681610712225,44.785714828574385],[-1.1706183148336033,44.78500348872889],[-1.1707851735332684,44.78725113665891],[-1.1739413700603616,44.787132260759286],[-1.1736074144130566,44.78263697606512],[-1.1704514694718677,44.782755842279194],[-1.1699510133982638,44.77601291184576],[-1.1667954324294079,44.776131673715604],[-1.1664621131965032,44.77163638454726],[-1.1696174426762256,44.77151763235353],[-1.1694506773085256,44.76926999485656],[-1.1915367298510315,44.7684362488128],[-1.1913690978177298,44.76618864678464],[-1.2071438194152744,44.76559044417925],[-1.207312079966439,44.76783802183731],[-1.2104671096895956,44.767718107041134],[-1.2106355093961207,44.76996568131542],[-1.2169457798752392,44.76972557254531],[-1.2171144444726008,44.771973138535735],[-1.2202696852137342,44.771852944551846],[-1.2204384890147872,44.77410050713977],[-1.2235938419883725,44.77398021845116],[-1.223762785013097,44.7762277776291],[-1.2269182502159017,44.77610739422887],[-1.2270873324842788,44.77835494998942],[-1.2333984738172228,44.77811390393812],[-1.2335678210966128,44.78036145136204],[-1.2367234972119001,44.78024078870101],[-1.236892983783285,44.78248833268877],[-1.2400487721064593,44.78236757529229],[-1.2410667308313286,44.795852840574135],[-1.2379101877734855,44.79597362749069],[-1.2380797692139887,44.79822118173873],[-1.2349230867728092,44.798341883730686],[-1.2350925559368036,44.80058944434831],[-1.2319357341090422,44.80071006140798],[-1.2321050909765219,44.80295762838858],[-1.2257911550088796,44.803198602773584],[-1.2262985516537603,44.80994134183053],[-1.2136690070330367,44.81042227111016],[-1.2138376627217258,44.812669873266046],[-1.2043649849036888,44.81302964126703],[-1.204701581257185,44.81752487919166],[-1.1952280267881918,44.81788386757843],[-1.1950600996568397,44.815636233275605],[-1.191902347218173,44.81575571143867],[-1.1920701484210918,44.81800335060921],[-1.1762805554555413,44.8185994175008],[-1.1764477403641362,44.8208470823846],[-1.1701315576064268,44.821084889629645],[-1.1702985039707618,44.82333256562837],[-1.1671402665953303,44.82345133925341],[-1.1679745688188299,44.83468976472466],[-1.1711334361511108,44.83457096690185],[-1.1716345558039247,44.84131402456827],[-1.1747937878626926,44.84119512230032],[-1.1749609805306036,44.84344280614147],[-1.178120325259736,44.84332380910199],[-1.1782876573655579,44.84557148948737],[-1.1846065587569061,44.84533321592199],[-1.1847741563858696,44.847580887988315],[-1.1879337130332328,44.8474616114524],[-1.1884369646546362,44.85420462136918],[-1.1915968861251482,44.85408524031054],[-1.1921006369324771,44.86082824800818],[-1.1889403371256015,44.86094764365944],[-1.1892759859330346,44.86544299868206],[-1.1829548414730977,44.86568153955915],[-1.183122433720293,44.8679292288282],[-1.1799617152046415,44.86804836917749],[-1.1802966876082233,44.872543761485964],[-1.1771357033377328,44.87266282157008],[-1.1774704769955038,44.877158228974665],[-1.1743092269336046,44.877277208779255],[-1.1744765076566135,44.879524919343886],[-1.1491850160934582,44.88047355701491],[-1.1493513003890603,44.882721307570954],[-1.1461896776864593,44.88283948714271],[-1.146355849053383,44.88508724385114],[-1.1431940867977473,44.885205338239594],[-1.1435262169335159,44.889700865278634],[-1.1403641888532647,44.88981887928457],[-1.1405301475935377,44.89206664960539],[-1.1373679799422156,44.892184578409214],[-1.1385291791650312,44.9079190411822],[-1.135366113977981,44.90803691358996],[-1.1358635910452266,44.91478028876584],[-1.1327001334530975,44.914898085534766],[-1.1328658593230116,44.91714588464604],[-1.1297022620569628,44.917263596162215],[-1.1298678748012405,44.9195114013576],[-1.1203766241975741,44.91986400995165],[-1.1205418709567319,44.922111830799686],[-1.1173779678374756,44.922229191663185],[-1.117543101407365,44.924477018575175],[-1.114379058621603,44.92459429415442],[-1.1145440789820722,44.92684212712373],[-1.1177082482116314,44.92672484676563],[-1.1180385815296543,44.93122050696844],[-1.114874159382262,44.93133779688487],[-1.1155344789441402,44.94032915160249],[-1.112369537604677,44.94044637054531],[-1.1126995237497823,44.94494206500119],[-1.1063690953113674,44.94517625169125],[-1.106533855148851,44.9474241103367],[-1.103368494571188,44.94754107329537],[-1.103203861274609,44.94529320988383],[-1.0968733536164392,44.94552685596122],[-1.097037733826452,44.94777472889394],[-1.084376054261889,44.948240958800014],[-1.0842121802440006,44.94599306686886],[-1.0715507966682651,44.946457836083205],[-1.0717141644687722,44.94870574695422],[-1.0590520650930348,44.949169093320066],[-1.0592149397095163,44.951417024320925],[-1.0370548773813681,44.952224443951295],[-1.036892888820399,44.94997648004776],[-1.0337272401777657,44.95009146054136],[-1.033565391180186,44.9478434932023],[-1.0303998561368497,44.947958378895464],[-1.0312085979317642,44.95919825147033],[-1.0280424169281612,44.959313070441084],[-1.028204077573528,44.961561053359446],[-1.0250377569754228,44.96167578687141],[-1.0251993039453717,44.96392377569922],[-1.0220328437496509,44.96403842374472],[-1.022194277023976,44.966286418475356],[-1.0158610644929,44.966515453470976],[-1.0160222573857218,44.96876345876297],[-1.0033551705894124,44.969220465602824],[-1.0031944843747944,44.96697244168675]],[[-1.1128944702803243,44.90436385537669],[-1.1130593716792516,44.90661167671621],[-1.116222403277326,44.90649443936039],[-1.1160573755252556,44.90424662279787],[-1.1128944702803243,44.90436385537669]]],[[[-0.9422383988710514,44.86773526719394],[-0.9517219342967254,44.8673978783819],[-0.951880274881087,44.86964590826205],[-0.9550415542545782,44.869533260747964],[-0.9552000337676078,44.871781287417754],[-0.9583614267003222,44.87166854531358],[-0.9588373201935695,44.87841261978493],[-0.9619990792261329,44.8782997738872],[-0.9624754659566593,44.88504384685787],[-0.97196180336831,44.884704727655155],[-0.9722802160329754,44.889200755447675],[-0.9691178636638452,44.88931389442194],[-0.9692769627923056,44.89156191495313],[-0.9566269206407436,44.89201358898319],[-0.9564683268582513,44.889765550046455],[-0.9501434821989605,44.88999083768746],[-0.9499851537811754,44.887742790919795],[-0.9436605110597095,44.887967709274974],[-0.9435024479709252,44.885719654695194],[-0.9403402339400527,44.88583197425466],[-0.9393928789475331,44.872343647932915],[-0.9425543352322173,44.87223135583249],[-0.9422383988710514,44.86773526719394]]],[[[-0.9444510164476668,44.899208002411186],[-0.9412880443081978,44.89932034943685],[-0.9414460569985559,44.90156841666631],[-0.9382829458124433,44.9016806782204],[-0.9384408447644771,44.90392875135838],[-0.9257877680136717,44.904376915327255],[-0.9256303746699414,44.902128823926134],[-0.9193040134009228,44.90235235646494],[-0.9191468854598566,44.90010425728919],[-0.9159838123349878,44.90021588392904],[-0.9156698469824743,44.895719680498374],[-0.9125070140501857,44.89583120799722],[-0.9120365394088296,44.88908689931545],[-0.9088740729963997,44.88919832314736],[-0.9085607387118025,44.88470211505107],[-0.9053985124249496,44.884813439775776],[-0.9050854809643352,44.88031722805692],[-0.9019234947788775,44.8804284536893],[-0.9014544204718057,44.87368413279412],[-0.904616027775069,44.87357292075866],[-0.9041466873516875,44.866828625877446],[-0.9073079033382863,44.8667173374397],[-0.9069948198759145,44.86222115686537],[-0.9101557708559779,44.8621097875078],[-0.9099991217030327,44.85986170385174],[-0.9163207335899275,44.859638704257456],[-0.9164776351796318,44.86188677882606],[-0.9196385485031109,44.86177513950301],[-0.9205809794092943,44.87526358880807],[-0.9237426376593288,44.87515183217621],[-0.9238998797880102,44.87739990733941],[-0.9302234110692521,44.87717611493032],[-0.9303809183765027,44.87942418234538],[-0.9367046517850742,44.879200020756315],[-0.9371780072598589,44.88594420378978],[-0.9403402339400527,44.88583197425466],[-0.9408140821816712,44.892576155783814],[-0.9439766752215246,44.89246382249212],[-0.9444510164476668,44.899208002411186]]]]}},{"type":"Feature","properties":{"category":"observed_front","snapshot_index":20,"pass_time_utc":"2026-07-25T03:30:00+00:00","dt_local":"2026-07-25T05:30:00+02:00","area_km2":45.188,"label":"Activité observée","coherence_level":"moyenne","coherence_fraction":0.412,"projection_displayed":true,"model_version":"fire_progression_arrival_v1"},"geometry":{"type":"MultiPolygon","coordinates":[[[[-1.0955408756567449,44.449753166762065],[-1.0947266371152464,44.43851587286729],[-1.0978635376344934,44.438399178292585],[-1.0977006044637991,44.43615173026694],[-1.1039741181048335,44.435918082802694],[-1.1038109493486306,44.43367064630015],[-1.1132207497714486,44.433319519863446],[-1.1133842913110361,44.43556694206605],[-1.119657675163717,44.4353324018881],[-1.1198214782310287,44.4375798165458],[-1.1229582749072347,44.437462407771086],[-1.1231222152638713,44.43970981965038],[-1.126259123188532,44.43959231681807],[-1.1265872915572308,44.44408713700106],[-1.1234501350570585,44.444204649404355],[-1.1237781069671384,44.448699487129886],[-1.1206406888198381,44.44881691981442],[-1.1208045699989022,44.451064346440724],[-1.1145294459945942,44.4512989534901],[-1.1146930915260278,44.45354639165415],[-1.09900443240395,44.45413137041277],[-1.0986783977089345,44.44963644842254],[-1.0955408756567449,44.449753166762065]]],[[[-0.9760299381166351,44.807933647882166],[-0.9745982037371917,44.78770215166501],[-0.9777548307397994,44.787588860514305],[-0.9771183315914405,44.778597141728],[-0.9802744424768215,44.77848377919501],[-0.9801152236662473,44.77623585789141],[-0.986427155600156,44.77600887254166],[-0.9865866260525018,44.77825678459671],[-0.9897426987227868,44.77814315253252],[-0.9902215640919975,44.78488688386842],[-0.9933780015151458,44.78477314806022],[-0.9940171708512219,44.79376479231751],[-0.9971740989837405,44.79365094810366],[-0.9979739777733322,44.80489051369461],[-0.994816420062548,44.80500438110375],[-0.9951362092436692,44.80950022694289],[-0.9919783868416189,44.809614013738354],[-0.9921381746488632,44.811861943493284],[-0.9795062534584151,44.81231621024117],[-0.9791876983525503,44.80782031517895],[-0.9760299381166351,44.807933647882166]]],[[[-1.0769087355406406,44.80201461718959],[-1.0767455863046231,44.79976681828851],[-1.0735884774158162,44.799882927931925],[-1.0729365144004215,44.79089172813707],[-1.0760931198013919,44.79077563741462],[-1.0759300357779797,44.7885278458956],[-1.0853993961730592,44.78817904882353],[-1.0855628577278986,44.79042682613146],[-1.0887194109112395,44.79031037600037],[-1.088883011386184,44.7925581500463],[-1.0920396773392183,44.7924416053163],[-1.0922034167542833,44.79468937609281],[-1.0953601954738743,44.79457273675695],[-1.0958518699135071,44.801316043667974],[-1.0926947135611802,44.80143269726117],[-1.0928585053559439,44.803680473918995],[-1.0802292454678937,44.80414620857695],[-1.080065957279225,44.801898412944176],[-1.0769087355406406,44.80201461718959]]],[[[-1.1037716092369128,44.8663851285422],[-1.1036071977248245,44.86413732174803],[-1.1004465256018234,44.8642541984695],[-1.1001179943839148,44.85975857947161],[-1.1032784141833207,44.859641712274104],[-1.1031140421507486,44.85739390960108],[-1.1062743226467417,44.85727695720664],[-1.1061098376357386,44.85502916067923],[-1.1092699788314764,44.85491212309556],[-1.1089407960663833,44.850416543731946],[-1.1121006718531525,44.85029942573873],[-1.1119359741275985,44.84805164291233],[-1.1182554339459896,44.84781714664329],[-1.1180904972220669,44.84556937476442],[-1.1338882851633107,44.84498158408179],[-1.1343850263470678,44.851724832042656],[-1.1312251169447418,44.85184258444281],[-1.1313905977342154,44.8540903413357],[-1.128230548975611,44.854208008583896],[-1.1283959168881037,44.85645577165314],[-1.1252357287700467,44.85657335374168],[-1.125400983785479,44.85882112298062],[-1.1222406563047926,44.85893861990185],[-1.1224057984030833,44.861186395303925],[-1.119245331556596,44.861303807050135],[-1.1194103607176598,44.86355158860869],[-1.1162497545021994,44.86366891517224],[-1.116414670705949,44.86591670288068],[-1.1100931663376115,44.86615109565558],[-1.1102578433817836,44.86839889428072],[-1.1070969452342034,44.868515960480174],[-1.106932394373784,44.8662681570852],[-1.1037716092369128,44.8663851285422]]],[[[-0.9501434821989605,44.88999083768746],[-0.9499851537811754,44.887742790919795],[-0.9436605110597095,44.887967709274974],[-0.9435024479709252,44.885719654695194],[-0.9403402339400527,44.88583197425466],[-0.9393928789475331,44.872343647932915],[-0.9425543352322173,44.87223135583249],[-0.9422383988710514,44.86773526719394],[-0.9517219342967254,44.8673978783819],[-0.951880274881087,44.86964590826205],[-0.9550415542545782,44.869533260747964],[-0.9552000337676078,44.871781287417754],[-0.9615228069324656,44.8715557132103],[-0.9616815516510253,44.87380373206433],[-0.9648430454277613,44.87369080536092],[-0.9651608255434915,44.87818683797995],[-0.968322559135582,44.87807381206375],[-0.9687997036343212,44.88481785740897],[-0.97196180336831,44.884704727655155],[-0.9722802160329754,44.889200755447675],[-0.9691178636638452,44.88931389442194],[-0.9692769627923056,44.89156191495313],[-0.9566269206407436,44.89201358898319],[-0.9564683268582513,44.889765550046455],[-0.9501434821989605,44.88999083768746]]],[[[-1.1084138265368488,44.886498436437634],[-1.1087431787036468,44.89099406885805],[-1.102418818066498,44.89122802663679],[-1.1020899710262186,44.8867323751512],[-1.1084138265368488,44.886498436437634]]],[[[-0.9851215768768065,44.93606911963184],[-0.9849617164394102,44.93382109131667],[-0.9817968738839161,44.93393459283595],[-0.9816371527800661,44.93168656117576],[-0.9784724239417821,44.93179996797516],[-0.9773556199598924,44.91606375014555],[-0.9805194634329002,44.915950375692134],[-0.9802002387668161,44.911454334413946],[-0.9865273815956699,44.91122733380264],[-0.9866872403897546,44.9134753445356],[-0.9930145848338161,44.913247974416926],[-0.9931747093081923,44.91549597719466],[-1.0026660090148354,44.91515423261905],[-1.002505505246906,44.91290624376737],[-1.0056691196768215,44.912792153427326],[-1.0053478978952868,44.908296188953905],[-1.0116745824903302,44.90806775671001],[-1.011513738110633,44.90581978575413],[-1.0178401183697836,44.905591002623765],[-1.0180012155343883,44.90783896425657],[-1.0243277969468627,44.90760981159807],[-1.0244891598182193,44.90985776520802],[-1.027652557534527,44.90974304912871],[-1.028298644020613,44.91873485794911],[-1.0188068950068578,44.91907879208176],[-1.0186457332872696,44.916830823906494],[-1.0091542473635153,44.917173933430924],[-1.0101191350080616,44.930661845792294],[-1.0037898956171782,44.93089019096315],[-1.0041111219085568,44.935386190654356],[-1.0009462298679033,44.93550023739883],[-1.0011067357964294,44.93774824380737],[-0.9884465329375582,44.938203548348376],[-0.9882865331464343,44.93595552338569],[-0.9851215768768065,44.93606911963184]]],[[[-1.0337272401777657,44.95009146054136],[-1.0334035551588237,44.94559552711682],[-1.0302381466824684,44.94571040812831],[-1.029429793847879,44.93447057321781],[-1.0325945696407193,44.93435571561159],[-1.0324328114439312,44.93210775711865],[-1.0355974477650294,44.931992814103594],[-1.0354355760387601,44.9297448615718],[-1.0386000728912301,44.929629833155595],[-1.0384380876556514,44.927381886591604],[-1.0447667894371282,44.92715156889197],[-1.0446045642424653,44.924903632996894],[-1.0509329610786247,44.9246729643784],[-1.050770495969894,44.922425039169426],[-1.060262614179625,44.92207837480804],[-1.0600997827598786,44.91983046501473],[-1.0790829079435946,44.91913473278056],[-1.0792464979821588,44.92138261422282],[-1.09822990981464,44.920683611256685],[-1.0983942715860866,44.92293146550261],[-1.1078861791232903,44.92258073387382],[-1.1075567102014439,44.918085055250685],[-1.1107204001452715,44.917967974119726],[-1.1105555590775538,44.91572014151104],[-1.1200461704014908,44.91536837211402],[-1.1205418709567319,44.922111830799686],[-1.1173779678374756,44.922229191663185],[-1.117543101407365,44.924477018575175],[-1.114379058621603,44.92459429415442],[-1.1145440789820722,44.92684212712373],[-1.1113798965266237,44.92695931741099],[-1.1112150026115408,44.92471147966648],[-1.1080509333872566,44.92482857511079],[-1.1082157008553672,44.92707641762686],[-1.1050514919783816,44.927193427770746],[-1.1052161461935825,44.92944127633061],[-1.1020517976607238,44.9295582011664],[-1.1023808927337253,44.9340539116298],[-1.0992162780598524,44.934170755910976],[-1.099545172899951,44.9386664809613],[-1.0963802920484786,44.938783244673466],[-1.0965446327290351,44.94103111384759],[-1.0902145784838526,44.94126438049895],[-1.09037867928677,44.94351226043504],[-1.084048319363818,44.943745176188],[-1.0842121802440006,44.94599306686886],[-1.0715507966682651,44.946457836083205],[-1.0717141644687722,44.94870574695422],[-1.0590520650930348,44.949169093320066],[-1.0592149397095163,44.951417024320925],[-1.0370548773813681,44.952224443951295],[-1.036892888820399,44.94997648004776],[-1.0337272401777657,44.95009146054136]]]]}},{"type":"Feature","properties":{"category":"plausible_front_1h","snapshot_index":20,"pass_time_utc":"2026-07-25T03:30:00+00:00","dt_local":"2026-07-25T05:30:00+02:00","area_km2":51.125,"label":"Progression plausible à +1 h","coherence_level":"moyenne","coherence_fraction":0.412,"projection_displayed":true,"model_version":"fire_progression_arrival_v1"},"geometry":{"type":"MultiPolygon","coordinates":[[[[-1.0955408756567449,44.449753166762065],[-1.0947266371152464,44.43851587286729],[-1.0978635376344934,44.438399178292585],[-1.0977006044637991,44.43615173026694],[-1.1039741181048335,44.435918082802694],[-1.1038109493486306,44.43367064630015],[-1.1132207497714486,44.433319519863446],[-1.1133842913110361,44.43556694206605],[-1.119657675163717,44.4353324018881],[-1.1198214782310287,44.4375798165458],[-1.1229582749072347,44.437462407771086],[-1.1231222152638713,44.43970981965038],[-1.126259123188532,44.43959231681807],[-1.1265872915572308,44.44408713700106],[-1.1234501350570585,44.444204649404355],[-1.1237781069671384,44.448699487129886],[-1.1206406888198381,44.44881691981442],[-1.1208045699989022,44.451064346440724],[-1.1145294459945942,44.4512989534901],[-1.1146930915260278,44.45354639165415],[-1.09900443240395,44.45413137041277],[-1.0986783977089345,44.44963644842254],[-1.0955408756567449,44.449753166762065]]],[[[-0.9760299381166351,44.807933647882166],[-0.9745982037371917,44.78770215166501],[-0.9777548307397994,44.787588860514305],[-0.9771183315914405,44.778597141728],[-0.9802744424768215,44.77848377919501],[-0.9801152236662473,44.77623585789141],[-0.986427155600156,44.77600887254166],[-0.9865866260525018,44.77825678459671],[-0.9897426987227868,44.77814315253252],[-0.9902215640919975,44.78488688386842],[-0.9933780015151458,44.78477314806022],[-0.9940171708512219,44.79376479231751],[-0.9971740989837405,44.79365094810366],[-0.9979739777733322,44.80489051369461],[-0.994816420062548,44.80500438110375],[-0.9951362092436692,44.80950022694289],[-0.9919783868416189,44.809614013738354],[-0.9921381746488632,44.811861943493284],[-0.9795062534584151,44.81231621024117],[-0.9791876983525503,44.80782031517895],[-0.9760299381166351,44.807933647882166]]],[[[-1.0769087355406406,44.80201461718959],[-1.0767455863046231,44.79976681828851],[-1.0735884774158162,44.799882927931925],[-1.0729365144004215,44.79089172813707],[-1.0760931198013919,44.79077563741462],[-1.0759300357779797,44.7885278458956],[-1.0853993961730592,44.78817904882353],[-1.0855628577278986,44.79042682613146],[-1.0887194109112395,44.79031037600037],[-1.088883011386184,44.7925581500463],[-1.0920396773392183,44.7924416053163],[-1.0922034167542833,44.79468937609281],[-1.0953601954738743,44.79457273675695],[-1.0958518699135071,44.801316043667974],[-1.0926947135611802,44.80143269726117],[-1.0928585053559439,44.803680473918995],[-1.0802292454678937,44.80414620857695],[-1.080065957279225,44.801898412944176],[-1.0769087355406406,44.80201461718959]]],[[[-1.1037716092369128,44.8663851285422],[-1.1036071977248245,44.86413732174803],[-1.1004465256018234,44.8642541984695],[-1.1001179943839148,44.85975857947161],[-1.1032784141833207,44.859641712274104],[-1.1031140421507486,44.85739390960108],[-1.1062743226467417,44.85727695720664],[-1.1061098376357386,44.85502916067923],[-1.1092699788314764,44.85491212309556],[-1.1089407960663833,44.850416543731946],[-1.1121006718531525,44.85029942573873],[-1.1119359741275985,44.84805164291233],[-1.1182554339459896,44.84781714664329],[-1.1180904972220669,44.84556937476442],[-1.1338882851633107,44.84498158408179],[-1.1343850263470678,44.851724832042656],[-1.1312251169447418,44.85184258444281],[-1.1313905977342154,44.8540903413357],[-1.128230548975611,44.854208008583896],[-1.1283959168881037,44.85645577165314],[-1.1252357287700467,44.85657335374168],[-1.125400983785479,44.85882112298062],[-1.1222406563047926,44.85893861990185],[-1.1224057984030833,44.861186395303925],[-1.119245331556596,44.861303807050135],[-1.1194103607176598,44.86355158860869],[-1.1162497545021994,44.86366891517224],[-1.116414670705949,44.86591670288068],[-1.1100931663376115,44.86615109565558],[-1.1102578433817836,44.86839889428072],[-1.1070969452342034,44.868515960480174],[-1.106932394373784,44.8662681570852],[-1.1037716092369128,44.8663851285422]]],[[[-0.9501434821989605,44.88999083768746],[-0.9499851537811754,44.887742790919795],[-0.9436605110597095,44.887967709274974],[-0.9435024479709252,44.885719654695194],[-0.9403402339400527,44.88583197425466],[-0.9393928789475331,44.872343647932915],[-0.9425543352322173,44.87223135583249],[-0.9422383988710514,44.86773526719394],[-0.9517219342967254,44.8673978783819],[-0.951880274881087,44.86964590826205],[-0.9550415542545782,44.869533260747964],[-0.9552000337676078,44.871781287417754],[-0.9615228069324656,44.8715557132103],[-0.9616815516510253,44.87380373206433],[-0.9648430454277613,44.87369080536092],[-0.9651608255434915,44.87818683797995],[-0.968322559135582,44.87807381206375],[-0.9687997036343212,44.88481785740897],[-0.97196180336831,44.884704727655155],[-0.9722802160329754,44.889200755447675],[-0.9691178636638452,44.88931389442194],[-0.9692769627923056,44.89156191495313],[-0.9566269206407436,44.89201358898319],[-0.9564683268582513,44.889765550046455],[-0.9501434821989605,44.88999083768746]]],[[[-1.1084138265368488,44.886498436437634],[-1.1087431787036468,44.89099406885805],[-1.102418818066498,44.89122802663679],[-1.1020899710262186,44.8867323751512],[-1.1084138265368488,44.886498436437634]]],[[[-0.9852814501297246,44.93831714922391],[-0.9849617164394102,44.93382109131667],[-0.9817968738839161,44.93393459283595],[-0.9816371527800661,44.93168656117576],[-0.9784724239417821,44.93179996797516],[-0.9781532731515398,44.92730389926705],[-0.9749887845360019,44.92741720673591],[-0.9740323978596747,44.913929003998426],[-0.9771961276722404,44.91381572423092],[-0.9768771814353354,44.909319676338434],[-0.989530961401063,44.90886569361752],[-0.9896909338021207,44.911113698405956],[-0.9960179997486752,44.91088615743325],[-0.9961782378153254,44.91313415426273],[-0.9993418779563813,44.91302024404602],[-0.9991815134686246,44.91077225185835],[-1.0023450143395862,44.910658256225176],[-1.0020240711005974,44.906162285082836],[-1.008350528646722,44.90593404224651],[-1.0081898235379254,44.903686067953835],[-1.0208420785065608,44.90322852033955],[-1.0210032891448764,44.905476475986895],[-1.0241664470035496,44.90536185930297],[-1.0243277969468627,44.90760981159807],[-1.0274910682660698,44.90749510019334],[-1.027652557534527,44.90974304912871],[-1.030815942311163,44.909628242996185],[-1.0313008670078723,44.91637208362057],[-1.028137102984144,44.91648690378895],[-1.028298644020613,44.91873485794911],[-1.0251347406151443,44.91884959272862],[-1.0252961681500148,44.92109755286209],[-1.018968069642095,44.92132676155538],[-1.0188068950068578,44.91907879208176],[-1.0124789977359765,44.91930763115664],[-1.0126399194653746,44.921555609955774],[-1.0094758250264184,44.92166989904474],[-1.0101191350080616,44.930661845792294],[-1.0037898956171782,44.93089019096315],[-1.0041111219085568,44.935386190654356],[-1.0009462298679033,44.93550023739883],[-1.0011067357964294,44.93774824380737],[-0.9916116029182379,44.9380898573684],[-0.9917717420832733,44.940337878971164],[-0.9886065455558362,44.940451574584394],[-0.9884465329375582,44.938203548348376],[-0.9852814501297246,44.93831714922391]]],[[[-1.0338891021531222,44.952339429130625],[-1.0334035551588237,44.94559552711682],[-1.0302381466824684,44.94571040812831],[-1.029429793847879,44.93447057321781],[-1.0325945696407193,44.93435571561159],[-1.0324328114439312,44.93210775711865],[-1.0355974477650294,44.931992814103594],[-1.0354355760387601,44.9297448615718],[-1.0386000728912301,44.929629833155595],[-1.0384380876556514,44.927381886591604],[-1.0416024450426131,44.92726677278192],[-1.0414403463178925,44.925018832192364],[-1.0446045642424653,44.924903632996894],[-1.0444423520487702,44.92265569838839],[-1.0476064305140758,44.92254041381481],[-1.0474441048715681,44.920292485194],[-1.0569358828349642,44.9199461051598],[-1.0567731908953408,44.91769819194666],[-1.0820830129684467,44.91677058677284],[-1.0822467163191942,44.91901846218621],[-1.0917380626929967,44.918669110033996],[-1.0919021584459667,44.92091697250234],[-1.09822990981464,44.920683611256685],[-1.0983942715860866,44.92293146550261],[-1.1047222231333444,44.92269773448217],[-1.104393007058229,44.9182020463243],[-1.1075567102014439,44.918085055250685],[-1.1073919955403935,44.91583721787127],[-1.1105555590775538,44.91572014151104],[-1.1103907312177108,44.91347231019475],[-1.1198809633613847,44.913120555131194],[-1.1200461704014908,44.91536837211402],[-1.1232096810467136,44.91525093554483],[-1.1237057608331236,44.92199437987383],[-1.1205418709567319,44.922111830799686],[-1.1207071309587515,44.92435965292937],[-1.117543101407365,44.924477018575175],[-1.1177082482116314,44.92672484676563],[-1.1145440789820722,44.92684212712373],[-1.1147091125684285,44.929089961368334],[-1.1115448036575157,44.92920715643101],[-1.1113798965266237,44.92695931741099],[-1.1050514919783816,44.927193427770746],[-1.1052161461935825,44.92944127633061],[-1.1020517976607238,44.9295582011664],[-1.1023808927337253,44.9340539116298],[-1.0992162780598524,44.934170755910976],[-1.0993807188889906,44.93641861780474],[-1.1025454600549185,44.93630176876219],[-1.102710040568018,44.93854962715717],[-1.099545172899951,44.9386664809613],[-1.099709640094317,44.94091434537729],[-1.0965446327290351,44.94103111384759],[-1.0967089865844948,44.94327898427796],[-1.0935438395188304,44.94339566740674],[-1.0937080800152057,44.94564354384488],[-1.0873774933188964,44.945876649299265],[-1.0875414938871864,44.94812453648631],[-1.0748796565906544,44.9485896850819],[-1.0747161622334387,44.94634177894036],[-1.0715507966682651,44.946457836083205],[-1.0717141644687722,44.94870574695422],[-1.0622176095500133,44.94905339189826],[-1.062543624999363,44.95354924571489],[-1.0372168789317715,44.954472409101434],[-1.0370548773813681,44.952224443951295],[-1.0338891021531222,44.952339429130625]]]]}},{"type":"Feature","properties":{"category":"historical_support","snapshot_index":21,"pass_time_utc":"2026-07-25T04:26:00+00:00","dt_local":"2026-07-25T06:26:00+02:00","area_km2":301.5,"label":"Isoline temporelle","coherence_level":"moyenne","coherence_fraction":0.469,"projection_displayed":true,"model_version":"fire_progression_arrival_v1"},"geometry":{"type":"MultiPolygon","coordinates":[[[[-1.0988414085788105,44.451883908425415],[-1.092566102856869,44.452117265312324],[-1.0924033406606628,44.44986979580591],[-1.0892657927305165,44.44998633555353],[-1.0884527972780091,44.438748994183506],[-1.0915897236598102,44.43863247816446],[-1.0911017085880104,44.43189011161268],[-1.0942382492369247,44.43177352056108],[-1.0940754791426723,44.42952607381756],[-1.1003482731421934,44.42929263342199],[-1.0998592950698785,44.42255033383281],[-1.090451202722931,44.42290031776992],[-1.0902886085495,44.420652874371996],[-1.0840167308150204,44.42088574125025],[-1.0838543979605206,44.4186382904008],[-1.0807185639514603,44.41875458522862],[-1.080394185299673,44.414259680167916],[-1.0772585867906326,44.41437587628397],[-1.0767724879103826,44.40763351982443],[-1.0799077139183277,44.40751733790369],[-1.0797455825441047,44.40526989458285],[-1.0828806715307397,44.405153628168044],[-1.082718428894329,44.40290619163784],[-1.0889883199391424,44.40267340061461],[-1.0888258419369399,44.40042597562345],[-1.0919606439899179,44.400309451026814],[-1.091798054776077,44.39806203284285],[-1.1012020111091838,44.39771193801704],[-1.1010390625068454,44.39546453615504],[-1.1073080538654396,44.39523070307315],[-1.1074712506580826,44.39747809541245],[-1.1106058510011827,44.397361040295635],[-1.1107691848539654,44.39960842993202],[-1.1139038963308616,44.39949128083568],[-1.1137404383769818,44.39724389596992],[-1.135682186100134,44.39642138788805],[-1.1358465127183883,44.39866873925811],[-1.1515194189169753,44.39807853330913],[-1.1518493522997273,44.4025731941511],[-1.1612536835069898,44.402217971185976],[-1.1615844139690958,44.40671261130021],[-1.164719413014859,44.406594015564544],[-1.1660438535392572,44.42457261886332],[-1.1629078612170347,44.42469125324161],[-1.1632388544414434,44.429185933964064],[-1.1569663335299265,44.42942295428321],[-1.1571316014112776,44.431670307314064],[-1.1508587795306873,44.431906980250176],[-1.1510238120642744,44.43415434492679],[-1.1478872572134153,44.43427255231885],[-1.1482171131049268,44.43876729731021],[-1.1356697687075923,44.439239272670484],[-1.1359986827841855,44.443734064097036],[-1.1328615654306167,44.44385184434683],[-1.1330259177730753,44.44609924784654],[-1.1236141144967107,44.446452067272354],[-1.1237781069671384,44.448699487129886],[-1.1206406888198381,44.44881691981442],[-1.1208045699989022,44.451064346440724],[-1.1145294459945942,44.4512989534901],[-1.1146930915260278,44.45354639165415],[-1.09900443240395,44.45413137041277],[-1.0988414085788105,44.451883908425415]]],[[[-1.040076510344258,44.77406498843437],[-1.0395917603601277,44.767321498963355],[-1.0427471116674696,44.767206358416395],[-1.0425854284135627,44.76495853632421],[-1.0457406410477392,44.76484331065338],[-1.0459024500525511,44.76709112805092],[-1.0490577755053747,44.766975807867496],[-1.0492197232017975,44.76922362208865],[-1.052375161470168,44.769108207385685],[-1.0528614595618795,44.77585164503913],[-1.0497056439601071,44.77596707384973],[-1.0498676434410585,44.77821489412473],[-1.0435557218018823,44.77844549164432],[-1.0432322389689488,44.77394983381324],[-1.040076510344258,44.77406498843437]]],[[[-1.013495368452927,44.844896548049825],[-1.013334632081082,44.84264862461573],[-1.019653891081484,44.84241974258635],[-1.01981487966886,44.84466765669409],[-1.0229746159548334,44.84455307609433],[-1.0234580374077829,44.85129681285332],[-1.0108175014618348,44.85175465152676],[-1.0103355935430507,44.845010858804685],[-1.013495368452927,44.844896548049825]]],[[[-0.9783397629569957,44.97462627753281],[-0.9751726028581942,44.97473959184811],[-0.9748534722657589,44.97024345695871],[-0.9716865527706426,44.970356671879784],[-0.9712083328963006,44.96361246491548],[-0.9680417806493248,44.963725575847434],[-0.9678825262520871,44.96147750471988],[-0.9710489518405344,44.96136439839754],[-0.9705708853587668,44.95462020630151],[-0.9737369182549239,44.954507023673415],[-0.9734180179332784,44.95001091108282],[-0.9702522382601715,44.95012408448617],[-0.970092933873042,44.947876025463245],[-0.9669272680235778,44.94798910413209],[-0.9667681029969918,44.945741041761956],[-0.9636025509742387,44.945854025703255],[-0.9632845123512276,44.94135789555164],[-0.9727803706901044,44.941018701017796],[-0.9726209908287089,44.93877065167047],[-0.9789512460729677,44.93854408065942],[-0.9787916259010802,44.93629604181955],[-0.9819566077916583,44.936182625776645],[-0.9816371527800661,44.93168656117576],[-0.9784724239417821,44.93179996797516],[-0.9773556199598924,44.91606375014555],[-0.9805194634329002,44.915950375692134],[-0.9802002387668161,44.911454334413946],[-0.9865273815956699,44.91122733380264],[-0.9866872403897546,44.9134753445356],[-0.9930145848338161,44.913247974416926],[-0.9931747093081923,44.91549597719466],[-1.0026660090148354,44.91515423261905],[-1.002505505246906,44.91290624376737],[-1.0056691196768215,44.912792153427326],[-1.0053478978952868,44.908296188953905],[-1.0021845362913318,44.90841026999586],[-1.0020240711005974,44.906162285082836],[-0.9988608230385333,44.906276271425675],[-0.9987004970931119,44.9040282831874],[-0.9923742152246476,44.90425597644087],[-0.9918940726773983,44.89751199184511],[-0.9887312916232484,44.89762568949903],[-0.9882516434831538,44.89088170300848],[-0.9914140455064986,44.890768019253215],[-0.9912540620815398,44.88852003107255],[-1.0007408122602766,44.88817845356958],[-1.0005804627177888,44.88593048065499],[-1.0069046460226065,44.88570232151056],[-1.0067440567293997,44.88345435924309],[-1.0099060027994182,44.88334014930008],[-1.009745300082858,44.88109219303947],[-1.0160689010371933,44.88086351243622],[-1.0146208833509163,44.86063205137466],[-1.0209421606379658,44.86040309472299],[-1.020781081825398,44.8581551708202],[-1.0239415749549428,44.85804056220418],[-1.0237803828706213,44.85579264436042],[-1.0269407369320078,44.85567795044883],[-1.0266181391709894,44.8511821282882],[-1.0297782280247954,44.85106735376548],[-1.0296168223766846,44.848819449458404],[-1.0327767721801209,44.848704589658915],[-1.0326152533290185,44.846456691433936],[-1.0357750640851855,44.84634174636531],[-1.035451812952037,44.841845963501214],[-1.032292254404418,44.841960899203045],[-1.0319693071729559,44.83746511262012],[-1.0288099878735493,44.83757994902147],[-1.02848734445418,44.83308415875567],[-1.0253282643790715,44.83319889587137],[-1.0245225118375485,44.82195942184278],[-1.0276809617521065,44.82184470809985],[-1.0268749015329792,44.810605293508225],[-1.0300327086460928,44.81049051324176],[-1.0297101229196826,44.80599476695053],[-1.0391827111557732,44.805649914911974],[-1.0390210598594476,44.80340205801411],[-1.0484931539706623,44.80305641112357],[-1.048331137863686,44.80080856977715],[-1.0578027376375423,44.800462128114965],[-1.0571532921549343,44.79147083393436],[-1.060309962602754,44.79135519248546],[-1.059985066044275,44.78685956371074],[-1.0631414718064054,44.78674384183605],[-1.0629789171741457,44.78449603439812],[-1.0661351841084303,44.78438022739381],[-1.065809862193235,44.77988462643974],[-1.0689658644927553,44.77976873903509],[-1.0684776017578264,44.77302536303081],[-1.0653219768283932,44.77314123627187],[-1.064834208435719,44.766397859700795],[-1.080610316560128,44.76581766616998],[-1.0807735217646224,44.768065433205564],[-1.0933946765238276,44.76759964279001],[-1.093230968359779,44.76535189473081],[-1.1058514108443878,44.76488468634041],[-1.1056872128680173,44.76263695883419],[-1.1183069425286598,44.7621683326214],[-1.1184716433743993,44.764416041035346],[-1.124781680706586,44.76418117955122],[-1.1251116247964486,44.768676581790494],[-1.1282668751448395,44.76855900676294],[-1.1289274245813359,44.77754981017538],[-1.1383946054396052,44.77719648865965],[-1.1385601531298861,44.77944417886774],[-1.141715979406687,44.779326220576216],[-1.1420473660660826,44.78382159585492],[-1.1515155201117129,44.783467153145395],[-1.151681610712225,44.785714828574385],[-1.1706183148336033,44.78500348872889],[-1.1707851735332684,44.78725113665891],[-1.1739413700603616,44.787132260759286],[-1.1736074144130566,44.78263697606512],[-1.1704514694718677,44.782755842279194],[-1.1699510133982638,44.77601291184576],[-1.1667954324294079,44.776131673715604],[-1.1664621131965032,44.77163638454726],[-1.1696174426762256,44.77151763235353],[-1.1694506773085256,44.76926999485656],[-1.1915367298510315,44.7684362488128],[-1.1913690978177298,44.76618864678464],[-1.2071438194152744,44.76559044417925],[-1.207312079966439,44.76783802183731],[-1.2104671096895956,44.767718107041134],[-1.2106355093961207,44.76996568131542],[-1.2169457798752392,44.76972557254531],[-1.2171144444726008,44.771973138535735],[-1.2202696852137342,44.771852944551846],[-1.2204384890147872,44.77410050713977],[-1.2235938419883725,44.77398021845116],[-1.223762785013097,44.7762277776291],[-1.2269182502159017,44.77610739422887],[-1.2270873324842788,44.77835494998942],[-1.2333984738172228,44.77811390393812],[-1.2335678210966128,44.78036145136204],[-1.2367234972119001,44.78024078870101],[-1.236892983783285,44.78248833268877],[-1.2400487721064593,44.78236757529229],[-1.2410667308313286,44.795852840574135],[-1.2379101877734855,44.79597362749069],[-1.2380797692139887,44.79822118173873],[-1.2349230867728092,44.798341883730686],[-1.2350925559368036,44.80058944434831],[-1.2319357341090422,44.80071006140798],[-1.2321050909765219,44.80295762838858],[-1.2257911550088796,44.803198602773584],[-1.2262985516537603,44.80994134183053],[-1.2136690070330367,44.81042227111016],[-1.2138376627217258,44.812669873266046],[-1.2043649849036888,44.81302964126703],[-1.204701581257185,44.81752487919166],[-1.1952280267881918,44.81788386757843],[-1.1950600996568397,44.815636233275605],[-1.191902347218173,44.81575571143867],[-1.1920701484210918,44.81800335060921],[-1.1762805554555413,44.8185994175008],[-1.1764477403641362,44.8208470823846],[-1.1701315576064268,44.821084889629645],[-1.1702985039707618,44.82333256562837],[-1.1671402665953303,44.82345133925341],[-1.1679745688188299,44.83468976472466],[-1.1711334361511108,44.83457096690185],[-1.1716345558039247,44.84131402456827],[-1.1747937878626926,44.84119512230032],[-1.1749609805306036,44.84344280614147],[-1.178120325259736,44.84332380910199],[-1.1782876573655579,44.84557148948737],[-1.1846065587569061,44.84533321592199],[-1.1847741563858696,44.847580887988315],[-1.1879337130332328,44.8474616114524],[-1.1884369646546362,44.85420462136918],[-1.1915968861251482,44.85408524031054],[-1.1921006369324771,44.86082824800818],[-1.1889403371256015,44.86094764365944],[-1.1892759859330346,44.86544299868206],[-1.1829548414730977,44.86568153955915],[-1.183122433720293,44.8679292288282],[-1.1799617152046415,44.86804836917749],[-1.1802966876082233,44.872543761485964],[-1.1771357033377328,44.87266282157008],[-1.1774704769955038,44.877158228974665],[-1.1743092269336046,44.877277208779255],[-1.1744765076566135,44.879524919343886],[-1.1491850160934582,44.88047355701491],[-1.1493513003890603,44.882721307570954],[-1.1461896776864593,44.88283948714271],[-1.146355849053383,44.88508724385114],[-1.1431940867977473,44.885205338239594],[-1.1435262169335159,44.889700865278634],[-1.1403641888532647,44.88981887928457],[-1.1405301475935377,44.89206664960539],[-1.1373679799422156,44.892184578409214],[-1.1385291791650312,44.9079190411822],[-1.135366113977981,44.90803691358996],[-1.1358635910452266,44.91478028876584],[-1.1327001334530975,44.914898085534766],[-1.1328658593230116,44.91714588464604],[-1.1297022620569628,44.917263596162215],[-1.1298678748012405,44.9195114013576],[-1.1203766241975741,44.91986400995165],[-1.1205418709567319,44.922111830799686],[-1.1173779678374756,44.922229191663185],[-1.117543101407365,44.924477018575175],[-1.114379058621603,44.92459429415442],[-1.1145440789820722,44.92684212712373],[-1.1177082482116314,44.92672484676563],[-1.1180385815296543,44.93122050696844],[-1.114874159382262,44.93133779688487],[-1.1155344789441402,44.94032915160249],[-1.112369537604677,44.94044637054531],[-1.1126995237497823,44.94494206500119],[-1.1063690953113674,44.94517625169125],[-1.106533855148851,44.9474241103367],[-1.103368494571188,44.94754107329537],[-1.103203861274609,44.94529320988383],[-1.0968733536164392,44.94552685596122],[-1.097037733826452,44.94777472889394],[-1.084376054261889,44.948240958800014],[-1.0842121802440006,44.94599306686886],[-1.0715507966682651,44.946457836083205],[-1.0717141644687722,44.94870574695422],[-1.0590520650930348,44.949169093320066],[-1.0592149397095163,44.951417024320925],[-1.0370548773813681,44.952224443951295],[-1.0373788934731685,44.95672037549482],[-1.0342128650434055,44.95683537004623],[-1.034536679863516,44.96133131592206],[-1.0313703852062592,44.96144622970947],[-1.03153218545623,44.9636942091821],[-1.0220328437496509,44.96403842374472],[-1.022194277023976,44.966286418475356],[-1.0158610644929,44.966515453470976],[-1.0160222573857218,44.96876345876297],[-1.0065219616475451,44.969106349121695],[-1.0066827874333388,44.97135436961222],[-1.00351586969322,44.971468490744066],[-1.0036765816877666,44.9737165171071],[-0.997342454156582,44.97394449818962],[-0.9975029256343559,44.976192535062324],[-0.9880012576971589,44.97653384437961],[-0.9881613618930117,44.97878189637775],[-0.9786591981968978,44.97912240806657],[-0.9783397629569957,44.97462627753281]],[[-1.0106017528669269,44.93740581932641],[-1.0104408673515757,44.93515782687195],[-1.0136057207337605,44.93504350983517],[-1.0134447215989013,44.93279552331448],[-1.016609435560547,44.932681120843526],[-1.0164483228263552,44.93043314026323],[-1.0227774589913623,44.930204074380484],[-1.0226161061870886,44.92795610441631],[-1.035273717286328,44.927496910320464],[-1.0354355760387601,44.9297448615718],[-1.0386000728912301,44.929629833155595],[-1.0384380876556514,44.927381886591604],[-1.0447667894371282,44.92715156889197],[-1.0446045642424653,44.924903632996894],[-1.0509329610786247,44.9246729643784],[-1.050770495969894,44.922425039169426],[-1.0539345484061442,44.92230957445279],[-1.053609404365714,44.91781373731676],[-1.05044560480957,44.91792919262351],[-1.0502831787548503,44.915681271293344],[-1.0439557934578774,44.91591190231619],[-1.0437936332524416,44.913663972887825],[-1.0374664488172238,44.91389423428183],[-1.0373045544254456,44.9116462967741],[-1.0278140597426557,44.91199099937538],[-1.028298644020613,44.91873485794911],[-1.0188068950068578,44.91907879208176],[-1.0186457332872696,44.916830823906494],[-1.0091542473635153,44.917173933430924],[-1.0094758250264184,44.92166989904474],[-1.0126399194653746,44.921555609955774],[-1.0129618016168298,44.92605157143679],[-1.0097974542371393,44.92616586984088],[-1.0101191350080616,44.930661845792294],[-1.0037898956171782,44.93089019096315],[-1.0041111219085568,44.935386190654356],[-1.0009462298679033,44.93550023739883],[-1.0011067357964294,44.93774824380737],[-1.0042717543675728,44.937634192415175],[-1.0044323997042013,44.93988219544833],[-1.0075975319367638,44.93976804930294],[-1.0074367600611025,44.93752005092133],[-1.0106017528669269,44.93740581932641]],[[-1.1128944702803243,44.90436385537669],[-1.1130593716792516,44.90661167671621],[-1.116222403277326,44.90649443936039],[-1.1160573755252556,44.90424662279787],[-1.1128944702803243,44.90436385537669]]],[[[-0.9422383988710514,44.86773526719394],[-0.9517219342967254,44.8673978783819],[-0.951880274881087,44.86964590826205],[-0.9550415542545782,44.869533260747964],[-0.9552000337676078,44.871781287417754],[-0.9583614267003222,44.87166854531358],[-0.9588373201935695,44.87841261978493],[-0.9619990792261329,44.8782997738872],[-0.9624754659566593,44.88504384685787],[-0.97196180336831,44.884704727655155],[-0.9722802160329754,44.889200755447675],[-0.9691178636638452,44.88931389442194],[-0.9692769627923056,44.89156191495313],[-0.9566269206407436,44.89201358898319],[-0.9564683268582513,44.889765550046455],[-0.9501434821989605,44.88999083768746],[-0.9499851537811754,44.887742790919795],[-0.9436605110597095,44.887967709274974],[-0.9435024479709252,44.885719654695194],[-0.9403402339400527,44.88583197425466],[-0.9393928789475331,44.872343647932915],[-0.9425543352322173,44.87223135583249],[-0.9422383988710514,44.86773526719394]]],[[[-0.9444510164476668,44.899208002411186],[-0.9412880443081978,44.89932034943685],[-0.9414460569985559,44.90156841666631],[-0.9477722413808309,44.90134362340877],[-0.947930519523146,44.90359168281097],[-0.9510937190928769,44.90347914652272],[-0.9515690088573048,44.910223318935714],[-0.9484054300459633,44.9103358689829],[-0.9485637589239372,44.91258393368406],[-0.9359088111660365,44.91303325154249],[-0.9360666469400712,44.915281335870986],[-0.9329027519051816,44.915393444732146],[-0.9330604738663334,44.91764153494316],[-0.9298964397292931,44.9177535582959],[-0.9300540478573942,44.92000165438278],[-0.9205614902757063,44.92033719764612],[-0.9204042615769107,44.91808908788519],[-0.9172401769793145,44.918200750923496],[-0.9167689458548233,44.91145641587124],[-0.9136052280497189,44.91156797518965],[-0.9132913897673917,44.90707174933185],[-0.9101279122611989,44.907183209495734],[-0.9099711384012092,44.90493509401588],[-0.9068077747563067,44.90504645957848],[-0.9063379077445158,44.89830210753115],[-0.9095008921794002,44.89819075558297],[-0.9093441685531564,44.89594264545213],[-0.9125070140501857,44.89583120799722],[-0.9120365394088296,44.88908689931545],[-0.9088740729963997,44.88919832314736],[-0.9085607387118025,44.88470211505107],[-0.9053985124249496,44.884813439775776],[-0.9050854809643352,44.88031722805692],[-0.9019234947788775,44.8804284536893],[-0.9014544204718057,44.87368413279412],[-0.904616027775069,44.87357292075866],[-0.9041466873516875,44.866828625877446],[-0.9073079033382863,44.8667173374397],[-0.9069948198759145,44.86222115686537],[-0.9101557708559779,44.8621097875078],[-0.9099991217030327,44.85986170385174],[-0.9163207335899275,44.859638704257456],[-0.9164776351796318,44.86188677882606],[-0.9196385485031109,44.86177513950301],[-0.9205809794092943,44.87526358880807],[-0.9237426376593288,44.87515183217621],[-0.9238998797880102,44.87739990733941],[-0.9302234110692521,44.87717611493032],[-0.9303809183765027,44.87942418234538],[-0.9367046517850742,44.879200020756315],[-0.9371780072598589,44.88594420378978],[-0.9403402339400527,44.88583197425466],[-0.9408140821816712,44.892576155783814],[-0.9439766752215246,44.89246382249212],[-0.9444510164476668,44.899208002411186]]]]}},{"type":"Feature","properties":{"category":"observed_front","snapshot_index":21,"pass_time_utc":"2026-07-25T04:26:00+00:00","dt_local":"2026-07-25T06:26:00+02:00","area_km2":45.875,"label":"Activité observée","coherence_level":"moyenne","coherence_fraction":0.469,"projection_displayed":true,"model_version":"fire_progression_arrival_v1"},"geometry":{"type":"MultiPolygon","coordinates":[[[[-1.0988414085788105,44.451883908425415],[-1.092566102856869,44.452117265312324],[-1.0924033406606628,44.44986979580591],[-1.0892657927305165,44.44998633555353],[-1.0884527972780091,44.438748994183506],[-1.0915897236598102,44.43863247816446],[-1.0911017085880104,44.43189011161268],[-1.0942382492369247,44.43177352056108],[-1.0940754791426723,44.42952607381756],[-1.103484650722371,44.42917577933105],[-1.1036477935549907,44.43142321180848],[-1.1130572212238783,44.431072099671105],[-1.1132207497714486,44.433319519863446],[-1.1257669684011582,44.43285010154733],[-1.125931006963595,44.43509750463261],[-1.132204286632129,44.43486225030414],[-1.1323685867491577,44.437109645814694],[-1.1355053312681724,44.43699187995368],[-1.1359986827841855,44.443734064097036],[-1.1328615654306167,44.44385184434683],[-1.1330259177730753,44.44609924784654],[-1.1236141144967107,44.446452067272354],[-1.1237781069671384,44.448699487129886],[-1.117503257650037,44.44893426320782],[-1.1176670145038614,44.451181694613076],[-1.1145294459945942,44.4512989534901],[-1.1146930915260278,44.45354639165415],[-1.09900443240395,44.45413137041277],[-1.0988414085788105,44.451883908425415]]],[[[-1.030770478781925,44.77665776022178],[-1.030609247008767,44.774409913315345],[-1.0274534667764692,44.774524708612994],[-1.0272923736788406,44.772276858542554],[-1.0241367063598192,44.77239155933459],[-1.0236538816234073,44.76564800421737],[-1.0268091716319117,44.76553331744416],[-1.026648130026448,44.76328547346023],[-1.0392686582679347,44.7628258469229],[-1.0394302028586728,44.76507367218019],[-1.0457406410477392,44.76484331065338],[-1.0459024500525511,44.76709112805092],[-1.0490577755053747,44.766975807867496],[-1.0492197232017975,44.76922362208865],[-1.052375161470168,44.769108207385685],[-1.0528614595618795,44.77585164503913],[-1.0497056439601071,44.77596707384973],[-1.0498676434410585,44.77821489412473],[-1.037243748442695,44.77867572981686],[-1.0370822521684548,44.77642789076657],[-1.030770478781925,44.77665776022178]]],[[[-1.1076584549930946,44.7896097883684],[-1.1073297833176976,44.78511430181092],[-1.1041735604135299,44.7852312815056],[-1.1038451928959,44.780735791368116],[-1.1006892084810609,44.78085267169809],[-1.100525170200605,44.778604924108116],[-1.0973692984669907,44.77872170984613],[-1.0968776396120943,44.77197846180689],[-1.1000331340225353,44.77186169034193],[-1.0998691481790421,44.769613948765716],[-1.1156457946796234,44.76902876800467],[-1.115810409271526,44.77127648573976],[-1.1252766166184986,44.77092428517714],[-1.1254416216273988,44.77317199007062],[-1.128597123466235,44.77305440546264],[-1.1292577785027902,44.7820452208742],[-1.1261017735631058,44.782162824645546],[-1.1264319286931448,44.786658250886376],[-1.1232756589451252,44.78677577440045],[-1.1234406304844282,44.789023494535556],[-1.1202842217251225,44.78914093299329],[-1.1204490806205347,44.79138865939313],[-1.1109793977961115,44.79174045002614],[-1.1108149164103125,44.78949270929414],[-1.1076584549930946,44.7896097883684]]],[[[-1.070594252931854,44.8022467560661],[-1.0611224313398473,44.802594290336465],[-1.0609599116043837,44.800346467818116],[-1.0578027376375423,44.800462128114965],[-1.0571532921549343,44.79147083393436],[-1.060309962602754,44.79135519248546],[-1.059985066044275,44.78685956371074],[-1.0631414718064054,44.78674384183605],[-1.0629789171741457,44.78449603439812],[-1.0661351841084303,44.78438022739381],[-1.0659725166492644,44.78213242616814],[-1.075440861928496,44.7817844802713],[-1.0756039068430938,44.78403226732058],[-1.0787601216985692,44.78391610094463],[-1.0790865022941818,44.78841167005352],[-1.082242955762544,44.788295404362636],[-1.0825696402471445,44.79279096994258],[-1.085726332352157,44.79267460492192],[-1.0858898200474005,44.794922385191555],[-1.0890466249421218,44.79480592557119],[-1.0895375441115762,44.80154926098598],[-1.0863803615747072,44.801665734841784],[-1.0865439015695575,44.8039135209944],[-1.0707571633995143,44.80449456589175],[-1.070594252931854,44.8022467560661]]],[[[-0.9172401769793145,44.918200750923496],[-0.9167689458548233,44.91145641587124],[-0.9136052280497189,44.91156797518965],[-0.9132913897673917,44.90707174933185],[-0.9101279122611989,44.907183209495734],[-0.9099711384012092,44.90493509401588],[-0.9068077747563067,44.90504645957848],[-0.9063379077445158,44.89830210753115],[-0.9095008921794002,44.89819075558297],[-0.9093441685531564,44.89594264545213],[-0.9251582702901542,44.89538455774381],[-0.9253156258096954,44.89763264513103],[-0.9348043147898839,44.89729669831082],[-0.9349620620640232,44.89954477334872],[-0.9412880443081978,44.89932034943685],[-0.9414460569985559,44.90156841666631],[-0.9477722413808309,44.90134362340877],[-0.947930519523146,44.90359168281097],[-0.9510937190928769,44.90347914652272],[-0.9515690088573048,44.910223318935714],[-0.9484054300459633,44.9103358689829],[-0.9485637589239372,44.91258393368406],[-0.9359088111660365,44.91303325154249],[-0.9360666469400712,44.915281335870986],[-0.9329027519051816,44.915393444732146],[-0.9330604738663334,44.91764153494316],[-0.9298964397292931,44.9177535582959],[-0.9300540478573942,44.92000165438278],[-0.9205614902757063,44.92033719764612],[-0.9204042615769107,44.91808908788519],[-0.9172401769793145,44.918200750923496]]],[[[-0.9661486971329163,44.98182324677313],[-0.9651935093946594,44.968334751807625],[-0.9683603277654621,44.96822172181179],[-0.9672456363661848,44.9524852326526],[-0.9640797045450998,44.95259823040815],[-0.9639206406012569,44.95035016091403],[-0.9607548226356496,44.950463063937434],[-0.9602780870950215,44.943718849214086],[-0.9634435252879983,44.943605959993356],[-0.9632845123512276,44.94135789555164],[-0.9727803706901044,44.941018701017796],[-0.9726209908287089,44.93877065167047],[-0.9789512460729677,44.93854408065942],[-0.9787916259010802,44.93629604181955],[-0.9819566077916583,44.936182625776645],[-0.9817968738839161,44.93393459283595],[-0.994456167181641,44.933480046174964],[-0.9946164071987584,44.93572806059159],[-1.0009462298679033,44.93550023739883],[-1.0011067357964294,44.93774824380737],[-1.0042717543675728,44.937634192415175],[-1.0044323997042013,44.93988219544833],[-1.0075975319367638,44.93976804930294],[-1.0077583167016786,44.94201604895326],[-1.010923562592565,44.94190180804769],[-1.0112454239217836,44.946397801829605],[-1.0207418435063904,44.946054510489695],[-1.0205805266965724,44.94380652695732],[-1.0332417321121206,44.943347562288324],[-1.0334035551588237,44.94559552711682],[-1.0365689506605213,44.94548055599408],[-1.0373788934731685,44.95672037549482],[-1.0342128650434055,44.95683537004623],[-1.034536679863516,44.96133131592206],[-1.0313703852062592,44.96144622970947],[-1.03153218545623,44.9636942091821],[-1.0188663706072072,44.9641529816474],[-1.0190276772275249,44.96640098104668],[-1.012694438830208,44.9666298357477],[-1.012855505055807,44.968877845701215],[-1.0065219616475451,44.969106349121695],[-1.0066827874333388,44.97135436961222],[-1.00351586969322,44.971468490744066],[-1.0036765816877666,44.9737165171071],[-0.997342454156582,44.97394449818962],[-0.9975029256343559,44.976192535062324],[-0.9880012576971589,44.97653384437961],[-0.9881613618930117,44.97878189637775],[-0.9818265989235654,44.979008994342166],[-0.9819864624992627,44.981257056808396],[-0.9788189350377937,44.981370475154996],[-0.9789786846947044,44.98361854345331],[-0.9694756452106665,44.98395827127852],[-0.9693162757977518,44.981710189134965],[-0.9661486971329163,44.98182324677313]]]]}},{"type":"Feature","properties":{"category":"plausible_front_1h","snapshot_index":21,"pass_time_utc":"2026-07-25T04:26:00+00:00","dt_local":"2026-07-25T06:26:00+02:00","area_km2":53.812,"label":"Progression plausible à +1 h","coherence_level":"moyenne","coherence_fraction":0.469,"projection_displayed":true,"model_version":"fire_progression_arrival_v1"},"geometry":{"type":"MultiPolygon","coordinates":[[[[-1.0988414085788105,44.451883908425415],[-1.092566102856869,44.452117265312324],[-1.0924033406606628,44.44986979580591],[-1.0892657927305165,44.44998633555353],[-1.0884527972780091,44.438748994183506],[-1.0915897236598102,44.43863247816446],[-1.0911017085880104,44.43189011161268],[-1.0942382492369247,44.43177352056108],[-1.0940754791426723,44.42952607381756],[-1.103484650722371,44.42917577933105],[-1.1036477935549907,44.43142321180848],[-1.1130572212238783,44.431072099671105],[-1.1132207497714486,44.433319519863446],[-1.1257669684011582,44.43285010154733],[-1.125931006963595,44.43509750463261],[-1.132204286632129,44.43486225030414],[-1.1323685867491577,44.437109645814694],[-1.1355053312681724,44.43699187995368],[-1.1359986827841855,44.443734064097036],[-1.1328615654306167,44.44385184434683],[-1.1330259177730753,44.44609924784654],[-1.1236141144967107,44.446452067272354],[-1.1237781069671384,44.448699487129886],[-1.117503257650037,44.44893426320782],[-1.1176670145038614,44.451181694613076],[-1.1145294459945942,44.4512989534901],[-1.1146930915260278,44.45354639165415],[-1.09900443240395,44.45413137041277],[-1.0988414085788105,44.451883908425415]]],[[[-1.037243748442695,44.77867572981686],[-1.0370822521684548,44.77642789076657],[-1.030770478781925,44.77665776022178],[-1.030609247008767,44.774409913315345],[-1.0274534667764692,44.774524708612994],[-1.0272923736788406,44.772276858542554],[-1.0241367063598192,44.77239155933459],[-1.0236538816234073,44.76564800421737],[-1.0268091716319117,44.76553331744416],[-1.026648130026448,44.76328547346023],[-1.0392686582679347,44.7628258469229],[-1.0394302028586728,44.76507367218019],[-1.0457406410477392,44.76484331065338],[-1.0459024500525511,44.76709112805092],[-1.0522130880159417,44.76686039786667],[-1.052375161470168,44.769108207385685],[-1.055530586784734,44.768992702862256],[-1.0560172622051924,44.775736126397135],[-1.0528614595618795,44.77585164503913],[-1.0530235848406337,44.7780994606112],[-1.0498676434410585,44.77821489412473],[-1.05002965587202,44.78046271590476],[-1.040561376580529,44.78080849151686],[-1.0403997415822888,44.778560655649265],[-1.037243748442695,44.77867572981686]]],[[[-1.104666210141256,44.791974527863836],[-1.1043377638610277,44.78747902880813],[-1.101181402007718,44.787595923424604],[-1.1008532598746847,44.78310042078309],[-1.0976971365422874,44.78321721603753],[-1.0975332109530564,44.780969462194236],[-1.0943772003218857,44.78108616285593],[-1.093558397771634,44.76984739236488],[-1.0967137795229982,44.76973071547338],[-1.096549932529223,44.76748297065194],[-1.1186363573822695,44.76666375096662],[-1.1188010845538472,44.768911462411914],[-1.1282668751448395,44.76855900676294],[-1.128431992707114,44.77080670535947],[-1.1315873555988845,44.77068903572771],[-1.1325790928034143,44.784175230061244],[-1.1294229752698541,44.784292928459955],[-1.1297534084245646,44.78878834808729],[-1.126597026054243,44.788905966233344],[-1.1267621366148366,44.79115368306018],[-1.1236056152132203,44.79127121615068],[-1.1237706131330831,44.793518939242546],[-1.1079871792263507,44.79410528085027],[-1.107822810539203,44.79185753387046],[-1.104666210141256,44.791974527863836]]],[[[-1.070594252931854,44.8022467560661],[-1.0642797182143398,44.80247853545302],[-1.0644423768601854,44.80472635472232],[-1.061284964072447,44.804842114322106],[-1.0611224313398473,44.802594290336465],[-1.057965131468217,44.80270995534579],[-1.0578027376375423,44.800462128114965],[-1.0546455506851355,44.80057769854079],[-1.0539966087277732,44.79158638552685],[-1.0571532921549343,44.79147083393436],[-1.0568286472959052,44.78697519573691],[-1.059985066044275,44.78685956371074],[-1.059822637245173,44.784611751558096],[-1.0661351841084303,44.78438022739381],[-1.0659725166492644,44.78213242616814],[-1.075440861928496,44.7817844802713],[-1.0756039068430938,44.78403226732058],[-1.0787601216985692,44.78391610094463],[-1.0790865022941818,44.78841167005352],[-1.082242955762544,44.788295404362636],[-1.0825696402471445,44.79279096994258],[-1.085726332352157,44.79267460492192],[-1.0858898200474005,44.794922385191555],[-1.0890466249421218,44.79480592557119],[-1.0895375441115762,44.80154926098598],[-1.0863803615747072,44.801665734841784],[-1.0865439015695575,44.8039135209944],[-1.0707571633995143,44.80449456589175],[-1.070594252931854,44.8022467560661]]],[[[-0.9172401769793145,44.918200750923496],[-0.9169260103089147,44.91370452623817],[-0.9105983092204458,44.91392756389465],[-0.9099711384012092,44.90493509401588],[-0.9068077747563067,44.90504645957848],[-0.9063379077445158,44.89830210753115],[-0.9095008921794002,44.89819075558297],[-0.9093441685531564,44.89594264545213],[-0.9125070140501857,44.89583120799722],[-0.9123501766070039,44.893583103753286],[-0.9281635835841826,44.89302458859175],[-0.9283210528627399,44.89527267007476],[-0.9378093248495585,44.894936466822706],[-0.9379671858565023,44.89718453594919],[-0.9442928900391357,44.8969599410969],[-0.9444510164476668,44.899208002411186],[-0.9507769227109973,44.89898303822316],[-0.9509353145568462,44.90123109170644],[-0.9540983750426772,44.9011184699558],[-0.9548911567168721,44.91235873434967],[-0.951727464169307,44.91247137905017],[-0.9518859321791132,44.914719440480724],[-0.9392305293260444,44.91516913693678],[-0.9393885042092762,44.91741721800651],[-0.9362244953630232,44.917529421513194],[-0.9363823564364111,44.919777508465714],[-0.9205614902757063,44.92033719764612],[-0.9204042615769107,44.91808908788519],[-0.9172401769793145,44.918200750923496]]],[[[-0.9661486971329163,44.98182324677313],[-0.9651935093946594,44.968334751807625],[-0.9683603277654621,44.96822172181179],[-0.9675640557715953,44.95698136619088],[-0.964397870701118,44.95709437315694],[-0.9642387812445423,44.95484630115691],[-0.9610727100466803,44.95495921338309],[-0.9609137599684155,44.95271113803284],[-0.957747802646234,44.9528239555261],[-0.9569538763687949,44.941583574678994],[-0.9601192007289324,44.94147078017187],[-0.959960327100685,44.93922271240141],[-0.9726209908287089,44.93877065167047],[-0.9724616237440022,44.93652260359747],[-0.9756266312151639,44.93640936776001],[-0.9757861248442291,44.93865741121828],[-0.9789512460729677,44.93854408065942],[-0.9787916259010802,44.93629604181955],[-0.9819566077916583,44.936182625776645],[-0.9817968738839161,44.93393459283595],[-0.994456167181641,44.933480046174964],[-0.9946164071987584,44.93572806059159],[-1.0009462298679033,44.93550023739883],[-1.0011067357964294,44.93774824380737],[-1.0042717543675728,44.937634192415175],[-1.0044323997042013,44.93988219544833],[-1.0107626512800736,44.9396538130528],[-1.010923562592565,44.94190180804769],[-1.0140887955825568,44.941787477034275],[-1.0142498463520628,44.94403546863505],[-1.0174151929856343,44.943921042851386],[-1.0175763832323428,44.94616903105057],[-1.0207418435063904,44.946054510489695],[-1.0205805266965724,44.94380652695732],[-1.0332417321121206,44.943347562288324],[-1.0334035551588237,44.94559552711682],[-1.0365689506605213,44.94548055599408],[-1.0373788934731685,44.95672037549482],[-1.0342128650434055,44.95683537004623],[-1.0343747659614522,44.9590833423658],[-1.0375409210071227,44.95896834312805],[-1.0377029615351956,44.961216311997745],[-1.034536679863516,44.96133131592206],[-1.0346986067511583,44.96357929071159],[-1.03153218545623,44.9636942091821],[-1.0316939986832345,44.96594218988484],[-1.022194277023976,44.966286418475356],[-1.0223557232465803,44.968534414433314],[-1.0160222573857218,44.96876345876297],[-1.0161834632081654,44.97101146527934],[-1.00351586969322,44.971468490744066],[-1.0036765816877666,44.9737165171071],[-0.997342454156582,44.97394449818962],[-0.9975029256343559,44.976192535062324],[-0.9880012576971589,44.97653384437961],[-0.9881613618930117,44.97878189637775],[-0.9818265989235654,44.979008994342166],[-0.9819864624992627,44.981257056808396],[-0.9788189350377937,44.981370475154996],[-0.9789786846947044,44.98361854345331],[-0.9694756452106665,44.98395827127852],[-0.9693162757977518,44.981710189134965],[-0.9661486971329163,44.98182324677313]]]]}},{"type":"Feature","properties":{"category":"historical_support","snapshot_index":22,"pass_time_utc":"2026-07-25T11:53:00+00:00","dt_local":"2026-07-25T13:53:00+02:00","area_km2":301.5,"label":"Isoline temporelle","coherence_level":"indisponible","coherence_fraction":0.0,"projection_displayed":false,"model_version":"fire_progression_arrival_v1"},"geometry":{"type":"MultiPolygon","coordinates":[[[[-1.0988414085788105,44.451883908425415],[-1.092566102856869,44.452117265312324],[-1.0924033406606628,44.44986979580591],[-1.0892657927305165,44.44998633555353],[-1.0884527972780091,44.438748994183506],[-1.0915897236598102,44.43863247816446],[-1.0911017085880104,44.43189011161268],[-1.0942382492369247,44.43177352056108],[-1.0940754791426723,44.42952607381756],[-1.1003482731421934,44.42929263342199],[-1.0998592950698785,44.42255033383281],[-1.090451202722931,44.42290031776992],[-1.0902886085495,44.420652874371996],[-1.0840167308150204,44.42088574125025],[-1.0838543979605206,44.4186382904008],[-1.0807185639514603,44.41875458522862],[-1.080394185299673,44.414259680167916],[-1.0772585867906326,44.41437587628397],[-1.0767724879103826,44.40763351982443],[-1.0799077139183277,44.40751733790369],[-1.0797455825441047,44.40526989458285],[-1.0828806715307397,44.405153628168044],[-1.082718428894329,44.40290619163784],[-1.0889883199391424,44.40267340061461],[-1.0888258419369399,44.40042597562345],[-1.0919606439899179,44.400309451026814],[-1.091798054776077,44.39806203284285],[-1.1012020111091838,44.39771193801704],[-1.1010390625068454,44.39546453615504],[-1.1073080538654396,44.39523070307315],[-1.1074712506580826,44.39747809541245],[-1.1106058510011827,44.397361040295635],[-1.1107691848539654,44.39960842993202],[-1.1139038963308616,44.39949128083568],[-1.1137404383769818,44.39724389596992],[-1.135682186100134,44.39642138788805],[-1.1358465127183883,44.39866873925811],[-1.1515194189169753,44.39807853330913],[-1.1518493522997273,44.4025731941511],[-1.1612536835069898,44.402217971185976],[-1.1615844139690958,44.40671261130021],[-1.164719413014859,44.406594015564544],[-1.1660438535392572,44.42457261886332],[-1.1629078612170347,44.42469125324161],[-1.1632388544414434,44.429185933964064],[-1.1569663335299265,44.42942295428321],[-1.1571316014112776,44.431670307314064],[-1.1508587795306873,44.431906980250176],[-1.1510238120642744,44.43415434492679],[-1.1478872572134153,44.43427255231885],[-1.1482171131049268,44.43876729731021],[-1.1356697687075923,44.439239272670484],[-1.1359986827841855,44.443734064097036],[-1.1328615654306167,44.44385184434683],[-1.1330259177730753,44.44609924784654],[-1.1236141144967107,44.446452067272354],[-1.1237781069671384,44.448699487129886],[-1.1206406888198381,44.44881691981442],[-1.1208045699989022,44.451064346440724],[-1.1145294459945942,44.4512989534901],[-1.1146930915260278,44.45354639165415],[-1.09900443240395,44.45413137041277],[-1.0988414085788105,44.451883908425415]]],[[[-1.040076510344258,44.77406498843437],[-1.0395917603601277,44.767321498963355],[-1.0427471116674696,44.767206358416395],[-1.0425854284135627,44.76495853632421],[-1.0457406410477392,44.76484331065338],[-1.0459024500525511,44.76709112805092],[-1.0490577755053747,44.766975807867496],[-1.0492197232017975,44.76922362208865],[-1.052375161470168,44.769108207385685],[-1.0528614595618795,44.77585164503913],[-1.0497056439601071,44.77596707384973],[-1.0498676434410585,44.77821489412473],[-1.0435557218018823,44.77844549164432],[-1.0432322389689488,44.77394983381324],[-1.040076510344258,44.77406498843437]]],[[[-1.013495368452927,44.844896548049825],[-1.013334632081082,44.84264862461573],[-1.019653891081484,44.84241974258635],[-1.01981487966886,44.84466765669409],[-1.0229746159548334,44.84455307609433],[-1.0234580374077829,44.85129681285332],[-1.0108175014618348,44.85175465152676],[-1.0103355935430507,44.845010858804685],[-1.013495368452927,44.844896548049825]]],[[[-0.9783397629569957,44.97462627753281],[-0.9751726028581942,44.97473959184811],[-0.9748534722657589,44.97024345695871],[-0.9716865527706426,44.970356671879784],[-0.9712083328963006,44.96361246491548],[-0.9680417806493248,44.963725575847434],[-0.9678825262520871,44.96147750471988],[-0.9710489518405344,44.96136439839754],[-0.9705708853587668,44.95462020630151],[-0.9737369182549239,44.954507023673415],[-0.9734180179332784,44.95001091108282],[-0.9702522382601715,44.95012408448617],[-0.970092933873042,44.947876025463245],[-0.9669272680235778,44.94798910413209],[-0.9667681029969918,44.945741041761956],[-0.9636025509742387,44.945854025703255],[-0.9632845123512276,44.94135789555164],[-0.9727803706901044,44.941018701017796],[-0.9726209908287089,44.93877065167047],[-0.9789512460729677,44.93854408065942],[-0.9787916259010802,44.93629604181955],[-0.9819566077916583,44.936182625776645],[-0.9816371527800661,44.93168656117576],[-0.9784724239417821,44.93179996797516],[-0.9773556199598924,44.91606375014555],[-0.9805194634329002,44.915950375692134],[-0.9802002387668161,44.911454334413946],[-0.9865273815956699,44.91122733380264],[-0.9866872403897546,44.9134753445356],[-0.9930145848338161,44.913247974416926],[-0.9931747093081923,44.91549597719466],[-1.0026660090148354,44.91515423261905],[-1.002505505246906,44.91290624376737],[-1.0056691196768215,44.912792153427326],[-1.0053478978952868,44.908296188953905],[-1.0021845362913318,44.90841026999586],[-1.0020240711005974,44.906162285082836],[-0.9988608230385333,44.906276271425675],[-0.9987004970931119,44.9040282831874],[-0.9923742152246476,44.90425597644087],[-0.9918940726773983,44.89751199184511],[-0.9887312916232484,44.89762568949903],[-0.9882516434831538,44.89088170300848],[-0.9914140455064986,44.890768019253215],[-0.9912540620815398,44.88852003107255],[-1.0007408122602766,44.88817845356958],[-1.0005804627177888,44.88593048065499],[-1.0069046460226065,44.88570232151056],[-1.0067440567293997,44.88345435924309],[-1.0099060027994182,44.88334014930008],[-1.009745300082858,44.88109219303947],[-1.0160689010371933,44.88086351243622],[-1.0146208833509163,44.86063205137466],[-1.0209421606379658,44.86040309472299],[-1.020781081825398,44.8581551708202],[-1.0239415749549428,44.85804056220418],[-1.0237803828706213,44.85579264436042],[-1.0269407369320078,44.85567795044883],[-1.0266181391709894,44.8511821282882],[-1.0297782280247954,44.85106735376548],[-1.0296168223766846,44.848819449458404],[-1.0327767721801209,44.848704589658915],[-1.0326152533290185,44.846456691433936],[-1.0357750640851855,44.84634174636531],[-1.035451812952037,44.841845963501214],[-1.032292254404418,44.841960899203045],[-1.0319693071729559,44.83746511262012],[-1.0288099878735493,44.83757994902147],[-1.02848734445418,44.83308415875567],[-1.0253282643790715,44.83319889587137],[-1.0245225118375485,44.82195942184278],[-1.0276809617521065,44.82184470809985],[-1.0268749015329792,44.810605293508225],[-1.0300327086460928,44.81049051324176],[-1.0297101229196826,44.80599476695053],[-1.0391827111557732,44.805649914911974],[-1.0390210598594476,44.80340205801411],[-1.0484931539706623,44.80305641112357],[-1.048331137863686,44.80080856977715],[-1.0578027376375423,44.800462128114965],[-1.0571532921549343,44.79147083393436],[-1.060309962602754,44.79135519248546],[-1.059985066044275,44.78685956371074],[-1.0631414718064054,44.78674384183605],[-1.0629789171741457,44.78449603439812],[-1.0661351841084303,44.78438022739381],[-1.065809862193235,44.77988462643974],[-1.0689658644927553,44.77976873903509],[-1.0684776017578264,44.77302536303081],[-1.0653219768283932,44.77314123627187],[-1.064834208435719,44.766397859700795],[-1.080610316560128,44.76581766616998],[-1.0807735217646224,44.768065433205564],[-1.0933946765238276,44.76759964279001],[-1.093230968359779,44.76535189473081],[-1.1058514108443878,44.76488468634041],[-1.1056872128680173,44.76263695883419],[-1.1183069425286598,44.7621683326214],[-1.1184716433743993,44.764416041035346],[-1.124781680706586,44.76418117955122],[-1.1251116247964486,44.768676581790494],[-1.1282668751448395,44.76855900676294],[-1.1289274245813359,44.77754981017538],[-1.1383946054396052,44.77719648865965],[-1.1385601531298861,44.77944417886774],[-1.141715979406687,44.779326220576216],[-1.1420473660660826,44.78382159585492],[-1.1515155201117129,44.783467153145395],[-1.151681610712225,44.785714828574385],[-1.1706183148336033,44.78500348872889],[-1.1707851735332684,44.78725113665891],[-1.1739413700603616,44.787132260759286],[-1.1736074144130566,44.78263697606512],[-1.1704514694718677,44.782755842279194],[-1.1699510133982638,44.77601291184576],[-1.1667954324294079,44.776131673715604],[-1.1664621131965032,44.77163638454726],[-1.1696174426762256,44.77151763235353],[-1.1694506773085256,44.76926999485656],[-1.1915367298510315,44.7684362488128],[-1.1913690978177298,44.76618864678464],[-1.2071438194152744,44.76559044417925],[-1.207312079966439,44.76783802183731],[-1.2104671096895956,44.767718107041134],[-1.2106355093961207,44.76996568131542],[-1.2169457798752392,44.76972557254531],[-1.2171144444726008,44.771973138535735],[-1.2202696852137342,44.771852944551846],[-1.2204384890147872,44.77410050713977],[-1.2235938419883725,44.77398021845116],[-1.223762785013097,44.7762277776291],[-1.2269182502159017,44.77610739422887],[-1.2270873324842788,44.77835494998942],[-1.2333984738172228,44.77811390393812],[-1.2335678210966128,44.78036145136204],[-1.2367234972119001,44.78024078870101],[-1.236892983783285,44.78248833268877],[-1.2400487721064593,44.78236757529229],[-1.2410667308313286,44.795852840574135],[-1.2379101877734855,44.79597362749069],[-1.2380797692139887,44.79822118173873],[-1.2349230867728092,44.798341883730686],[-1.2350925559368036,44.80058944434831],[-1.2319357341090422,44.80071006140798],[-1.2321050909765219,44.80295762838858],[-1.2257911550088796,44.803198602773584],[-1.2262985516537603,44.80994134183053],[-1.2136690070330367,44.81042227111016],[-1.2138376627217258,44.812669873266046],[-1.2043649849036888,44.81302964126703],[-1.204701581257185,44.81752487919166],[-1.1952280267881918,44.81788386757843],[-1.1950600996568397,44.815636233275605],[-1.191902347218173,44.81575571143867],[-1.1920701484210918,44.81800335060921],[-1.1762805554555413,44.8185994175008],[-1.1764477403641362,44.8208470823846],[-1.1701315576064268,44.821084889629645],[-1.1702985039707618,44.82333256562837],[-1.1671402665953303,44.82345133925341],[-1.1679745688188299,44.83468976472466],[-1.1711334361511108,44.83457096690185],[-1.1716345558039247,44.84131402456827],[-1.1747937878626926,44.84119512230032],[-1.1749609805306036,44.84344280614147],[-1.178120325259736,44.84332380910199],[-1.1782876573655579,44.84557148948737],[-1.1846065587569061,44.84533321592199],[-1.1847741563858696,44.847580887988315],[-1.1879337130332328,44.8474616114524],[-1.1884369646546362,44.85420462136918],[-1.1915968861251482,44.85408524031054],[-1.1921006369324771,44.86082824800818],[-1.1889403371256015,44.86094764365944],[-1.1892759859330346,44.86544299868206],[-1.1829548414730977,44.86568153955915],[-1.183122433720293,44.8679292288282],[-1.1799617152046415,44.86804836917749],[-1.1802966876082233,44.872543761485964],[-1.1771357033377328,44.87266282157008],[-1.1774704769955038,44.877158228974665],[-1.1743092269336046,44.877277208779255],[-1.1744765076566135,44.879524919343886],[-1.1491850160934582,44.88047355701491],[-1.1493513003890603,44.882721307570954],[-1.1461896776864593,44.88283948714271],[-1.146355849053383,44.88508724385114],[-1.1431940867977473,44.885205338239594],[-1.1435262169335159,44.889700865278634],[-1.1403641888532647,44.88981887928457],[-1.1405301475935377,44.89206664960539],[-1.1373679799422156,44.892184578409214],[-1.1385291791650312,44.9079190411822],[-1.135366113977981,44.90803691358996],[-1.1358635910452266,44.91478028876584],[-1.1327001334530975,44.914898085534766],[-1.1328658593230116,44.91714588464604],[-1.1297022620569628,44.917263596162215],[-1.1298678748012405,44.9195114013576],[-1.1203766241975741,44.91986400995165],[-1.1205418709567319,44.922111830799686],[-1.1173779678374756,44.922229191663185],[-1.117543101407365,44.924477018575175],[-1.114379058621603,44.92459429415442],[-1.1145440789820722,44.92684212712373],[-1.1177082482116314,44.92672484676563],[-1.1180385815296543,44.93122050696844],[-1.114874159382262,44.93133779688487],[-1.1155344789441402,44.94032915160249],[-1.112369537604677,44.94044637054531],[-1.1126995237497823,44.94494206500119],[-1.1063690953113674,44.94517625169125],[-1.106533855148851,44.9474241103367],[-1.103368494571188,44.94754107329537],[-1.103203861274609,44.94529320988383],[-1.0968733536164392,44.94552685596122],[-1.097037733826452,44.94777472889394],[-1.084376054261889,44.948240958800014],[-1.0842121802440006,44.94599306686886],[-1.0715507966682651,44.946457836083205],[-1.0717141644687722,44.94870574695422],[-1.0590520650930348,44.949169093320066],[-1.0592149397095163,44.951417024320925],[-1.0370548773813681,44.952224443951295],[-1.0373788934731685,44.95672037549482],[-1.0342128650434055,44.95683537004623],[-1.034536679863516,44.96133131592206],[-1.0313703852062592,44.96144622970947],[-1.03153218545623,44.9636942091821],[-1.0220328437496509,44.96403842374472],[-1.022194277023976,44.966286418475356],[-1.0158610644929,44.966515453470976],[-1.0160222573857218,44.96876345876297],[-1.0065219616475451,44.969106349121695],[-1.0066827874333388,44.97135436961222],[-1.00351586969322,44.971468490744066],[-1.0036765816877666,44.9737165171071],[-0.997342454156582,44.97394449818962],[-0.9975029256343559,44.976192535062324],[-0.9880012576971589,44.97653384437961],[-0.9881613618930117,44.97878189637775],[-0.9786591981968978,44.97912240806657],[-0.9783397629569957,44.97462627753281]],[[-1.0106017528669269,44.93740581932641],[-1.0104408673515757,44.93515782687195],[-1.0136057207337605,44.93504350983517],[-1.0134447215989013,44.93279552331448],[-1.016609435560547,44.932681120843526],[-1.0164483228263552,44.93043314026323],[-1.0227774589913623,44.930204074380484],[-1.0226161061870886,44.92795610441631],[-1.035273717286328,44.927496910320464],[-1.0354355760387601,44.9297448615718],[-1.0386000728912301,44.929629833155595],[-1.0384380876556514,44.927381886591604],[-1.0447667894371282,44.92715156889197],[-1.0446045642424653,44.924903632996894],[-1.0509329610786247,44.9246729643784],[-1.050770495969894,44.922425039169426],[-1.0539345484061442,44.92230957445279],[-1.053609404365714,44.91781373731676],[-1.05044560480957,44.91792919262351],[-1.0502831787548503,44.915681271293344],[-1.0439557934578774,44.91591190231619],[-1.0437936332524416,44.913663972887825],[-1.0374664488172238,44.91389423428183],[-1.0373045544254456,44.9116462967741],[-1.0278140597426557,44.91199099937538],[-1.028298644020613,44.91873485794911],[-1.0188068950068578,44.91907879208176],[-1.0186457332872696,44.916830823906494],[-1.0091542473635153,44.917173933430924],[-1.0094758250264184,44.92166989904474],[-1.0126399194653746,44.921555609955774],[-1.0129618016168298,44.92605157143679],[-1.0097974542371393,44.92616586984088],[-1.0101191350080616,44.930661845792294],[-1.0037898956171782,44.93089019096315],[-1.0041111219085568,44.935386190654356],[-1.0009462298679033,44.93550023739883],[-1.0011067357964294,44.93774824380737],[-1.0042717543675728,44.937634192415175],[-1.0044323997042013,44.93988219544833],[-1.0075975319367638,44.93976804930294],[-1.0074367600611025,44.93752005092133],[-1.0106017528669269,44.93740581932641]],[[-1.1128944702803243,44.90436385537669],[-1.1130593716792516,44.90661167671621],[-1.116222403277326,44.90649443936039],[-1.1160573755252556,44.90424662279787],[-1.1128944702803243,44.90436385537669]]],[[[-0.9422383988710514,44.86773526719394],[-0.9517219342967254,44.8673978783819],[-0.951880274881087,44.86964590826205],[-0.9550415542545782,44.869533260747964],[-0.9552000337676078,44.871781287417754],[-0.9583614267003222,44.87166854531358],[-0.9588373201935695,44.87841261978493],[-0.9619990792261329,44.8782997738872],[-0.9624754659566593,44.88504384685787],[-0.97196180336831,44.884704727655155],[-0.9722802160329754,44.889200755447675],[-0.9691178636638452,44.88931389442194],[-0.9692769627923056,44.89156191495313],[-0.9566269206407436,44.89201358898319],[-0.9564683268582513,44.889765550046455],[-0.9501434821989605,44.88999083768746],[-0.9499851537811754,44.887742790919795],[-0.9436605110597095,44.887967709274974],[-0.9435024479709252,44.885719654695194],[-0.9403402339400527,44.88583197425466],[-0.9393928789475331,44.872343647932915],[-0.9425543352322173,44.87223135583249],[-0.9422383988710514,44.86773526719394]]],[[[-0.9444510164476668,44.899208002411186],[-0.9412880443081978,44.89932034943685],[-0.9414460569985559,44.90156841666631],[-0.9477722413808309,44.90134362340877],[-0.947930519523146,44.90359168281097],[-0.9510937190928769,44.90347914652272],[-0.9515690088573048,44.910223318935714],[-0.9484054300459633,44.9103358689829],[-0.9485637589239372,44.91258393368406],[-0.9359088111660365,44.91303325154249],[-0.9360666469400712,44.915281335870986],[-0.9329027519051816,44.915393444732146],[-0.9330604738663334,44.91764153494316],[-0.9298964397292931,44.9177535582959],[-0.9300540478573942,44.92000165438278],[-0.9205614902757063,44.92033719764612],[-0.9204042615769107,44.91808908788519],[-0.9172401769793145,44.918200750923496],[-0.9167689458548233,44.91145641587124],[-0.9136052280497189,44.91156797518965],[-0.9132913897673917,44.90707174933185],[-0.9101279122611989,44.907183209495734],[-0.9099711384012092,44.90493509401588],[-0.9068077747563067,44.90504645957848],[-0.9063379077445158,44.89830210753115],[-0.9095008921794002,44.89819075558297],[-0.9093441685531564,44.89594264545213],[-0.9125070140501857,44.89583120799722],[-0.9120365394088296,44.88908689931545],[-0.9088740729963997,44.88919832314736],[-0.9085607387118025,44.88470211505107],[-0.9053985124249496,44.884813439775776],[-0.9050854809643352,44.88031722805692],[-0.9019234947788775,44.8804284536893],[-0.9014544204718057,44.87368413279412],[-0.904616027775069,44.87357292075866],[-0.9041466873516875,44.866828625877446],[-0.9073079033382863,44.8667173374397],[-0.9069948198759145,44.86222115686537],[-0.9101557708559779,44.8621097875078],[-0.9099991217030327,44.85986170385174],[-0.9163207335899275,44.859638704257456],[-0.9164776351796318,44.86188677882606],[-0.9196385485031109,44.86177513950301],[-0.9205809794092943,44.87526358880807],[-0.9237426376593288,44.87515183217621],[-0.9238998797880102,44.87739990733941],[-0.9302234110692521,44.87717611493032],[-0.9303809183765027,44.87942418234538],[-0.9367046517850742,44.879200020756315],[-0.9371780072598589,44.88594420378978],[-0.9403402339400527,44.88583197425466],[-0.9408140821816712,44.892576155783814],[-0.9439766752215246,44.89246382249212],[-0.9444510164476668,44.899208002411186]]]]}},{"type":"Feature","properties":{"category":"observed_front","snapshot_index":22,"pass_time_utc":"2026-07-25T11:53:00+00:00","dt_local":"2026-07-25T13:53:00+02:00","area_km2":6.875,"label":"Activité observée","coherence_level":"indisponible","coherence_fraction":0.0,"projection_displayed":false,"model_version":"fire_progression_arrival_v1"},"geometry":{"type":"MultiPolygon","coordinates":[[[[-1.2081535844538633,44.77907593258119],[-1.2079852566534623,44.776828347449865],[-1.204829710582357,44.77694819197383],[-1.2044933468097931,44.77245301641414],[-1.207648641410256,44.77233318165429],[-1.2074803539642296,44.770085600996794],[-1.2106355093961207,44.76996568131542],[-1.210803922560871,44.77221325708755],[-1.21395919025165,44.7720932427145],[-1.2142963084264702,44.77658838895999],[-1.2111407892714965,44.77670841311173],[-1.2113092428205958,44.77895599335704],[-1.2081535844538633,44.77907593258119]]],[[[-1.080391995428148,44.937117820185115],[-1.0772271622012606,44.93723403859735],[-1.0767365355071608,44.93049035704065],[-1.0799009892549638,44.9303741528351],[-1.07973734676583,44.928126266262296],[-1.0860659619606192,44.92789359709069],[-1.0859020796656602,44.925645721276325],[-1.0922303894052583,44.925412701296324],[-1.092394524614738,44.92766056761518],[-1.095558786213844,44.92754391776489],[-1.0957230610436248,44.92979178060706],[-1.0988874359407104,44.9296750359254],[-1.0993807188889906,44.93641861780474],[-1.096215964541242,44.93653537675897],[-1.0963802920484786,44.938783244673466],[-1.093215398023687,44.93889991829306],[-1.093379612188851,44.94114779222167],[-1.080719398480851,44.941613604744305],[-1.080391995428148,44.937117820185115]]],[[[-1.0432241471319512,44.949746248707115],[-1.04005852447516,44.94986140943616],[-1.039896422328109,44.947613451471824],[-1.0367309132473042,44.947728517394225],[-1.036083140802447,44.93873667934774],[-1.0392481436883658,44.93862163218007],[-1.0389240823157138,44.9341257301209],[-1.042088819177692,44.934010602237535],[-1.0419266814709514,44.931762657807894],[-1.054584992855298,44.93130126417002],[-1.0547476365534456,44.93354918979735],[-1.0579123083289121,44.933433611463435],[-1.0580750915685602,44.935681533653266],[-1.0612398767989222,44.935565860517336],[-1.0614027996002442,44.93781377926224],[-1.0645676982823673,44.93769801131733],[-1.0652200262559899,44.94668968004399],[-1.062054621429073,44.9468054668608],[-1.0622176095500133,44.94905339189826],[-1.0590520650930348,44.949169093320066],[-1.0592149397095163,44.951417024320925],[-1.0433863888594603,44.9519942032282],[-1.0432241471319512,44.949746248707115]]]]}},{"type":"Feature","properties":{"category":"historical_support","snapshot_index":23,"pass_time_utc":"2026-07-25T12:40:00+00:00","dt_local":"2026-07-25T14:40:00+02:00","area_km2":301.5,"label":"Isoline temporelle","coherence_level":"faible","coherence_fraction":1.0,"projection_displayed":false,"model_version":"fire_progression_arrival_v1"},"geometry":{"type":"MultiPolygon","coordinates":[[[[-1.0988414085788105,44.451883908425415],[-1.092566102856869,44.452117265312324],[-1.0924033406606628,44.44986979580591],[-1.0892657927305165,44.44998633555353],[-1.0884527972780091,44.438748994183506],[-1.0915897236598102,44.43863247816446],[-1.0911017085880104,44.43189011161268],[-1.0942382492369247,44.43177352056108],[-1.0940754791426723,44.42952607381756],[-1.1003482731421934,44.42929263342199],[-1.0998592950698785,44.42255033383281],[-1.090451202722931,44.42290031776992],[-1.0902886085495,44.420652874371996],[-1.0840167308150204,44.42088574125025],[-1.0838543979605206,44.4186382904008],[-1.0807185639514603,44.41875458522862],[-1.080394185299673,44.414259680167916],[-1.0772585867906326,44.41437587628397],[-1.0767724879103826,44.40763351982443],[-1.0799077139183277,44.40751733790369],[-1.0797455825441047,44.40526989458285],[-1.0828806715307397,44.405153628168044],[-1.082718428894329,44.40290619163784],[-1.0889883199391424,44.40267340061461],[-1.0888258419369399,44.40042597562345],[-1.0919606439899179,44.400309451026814],[-1.091798054776077,44.39806203284285],[-1.1012020111091838,44.39771193801704],[-1.1010390625068454,44.39546453615504],[-1.1073080538654396,44.39523070307315],[-1.1074712506580826,44.39747809541245],[-1.1106058510011827,44.397361040295635],[-1.1107691848539654,44.39960842993202],[-1.1139038963308616,44.39949128083568],[-1.1137404383769818,44.39724389596992],[-1.135682186100134,44.39642138788805],[-1.1358465127183883,44.39866873925811],[-1.1515194189169753,44.39807853330913],[-1.1518493522997273,44.4025731941511],[-1.1612536835069898,44.402217971185976],[-1.1615844139690958,44.40671261130021],[-1.164719413014859,44.406594015564544],[-1.1660438535392572,44.42457261886332],[-1.1629078612170347,44.42469125324161],[-1.1632388544414434,44.429185933964064],[-1.1569663335299265,44.42942295428321],[-1.1571316014112776,44.431670307314064],[-1.1508587795306873,44.431906980250176],[-1.1510238120642744,44.43415434492679],[-1.1478872572134153,44.43427255231885],[-1.1482171131049268,44.43876729731021],[-1.1356697687075923,44.439239272670484],[-1.1359986827841855,44.443734064097036],[-1.1328615654306167,44.44385184434683],[-1.1330259177730753,44.44609924784654],[-1.1236141144967107,44.446452067272354],[-1.1237781069671384,44.448699487129886],[-1.1206406888198381,44.44881691981442],[-1.1208045699989022,44.451064346440724],[-1.1145294459945942,44.4512989534901],[-1.1146930915260278,44.45354639165415],[-1.09900443240395,44.45413137041277],[-1.0988414085788105,44.451883908425415]]],[[[-1.040076510344258,44.77406498843437],[-1.0395917603601277,44.767321498963355],[-1.0427471116674696,44.767206358416395],[-1.0425854284135627,44.76495853632421],[-1.0457406410477392,44.76484331065338],[-1.0459024500525511,44.76709112805092],[-1.0490577755053747,44.766975807867496],[-1.0492197232017975,44.76922362208865],[-1.052375161470168,44.769108207385685],[-1.0528614595618795,44.77585164503913],[-1.0497056439601071,44.77596707384973],[-1.0498676434410585,44.77821489412473],[-1.0435557218018823,44.77844549164432],[-1.0432322389689488,44.77394983381324],[-1.040076510344258,44.77406498843437]]],[[[-1.013495368452927,44.844896548049825],[-1.013334632081082,44.84264862461573],[-1.019653891081484,44.84241974258635],[-1.01981487966886,44.84466765669409],[-1.0229746159548334,44.84455307609433],[-1.0234580374077829,44.85129681285332],[-1.0108175014618348,44.85175465152676],[-1.0103355935430507,44.845010858804685],[-1.013495368452927,44.844896548049825]]],[[[-0.9783397629569957,44.97462627753281],[-0.9751726028581942,44.97473959184811],[-0.9748534722657589,44.97024345695871],[-0.9716865527706426,44.970356671879784],[-0.9712083328963006,44.96361246491548],[-0.9680417806493248,44.963725575847434],[-0.9678825262520871,44.96147750471988],[-0.9710489518405344,44.96136439839754],[-0.9705708853587668,44.95462020630151],[-0.9737369182549239,44.954507023673415],[-0.9734180179332784,44.95001091108282],[-0.9702522382601715,44.95012408448617],[-0.970092933873042,44.947876025463245],[-0.9669272680235778,44.94798910413209],[-0.9667681029969918,44.945741041761956],[-0.9636025509742387,44.945854025703255],[-0.9632845123512276,44.94135789555164],[-0.9727803706901044,44.941018701017796],[-0.9726209908287089,44.93877065167047],[-0.9789512460729677,44.93854408065942],[-0.9787916259010802,44.93629604181955],[-0.9819566077916583,44.936182625776645],[-0.9816371527800661,44.93168656117576],[-0.9784724239417821,44.93179996797516],[-0.9773556199598924,44.91606375014555],[-0.9805194634329002,44.915950375692134],[-0.9802002387668161,44.911454334413946],[-0.9865273815956699,44.91122733380264],[-0.9866872403897546,44.9134753445356],[-0.9930145848338161,44.913247974416926],[-0.9931747093081923,44.91549597719466],[-1.0026660090148354,44.91515423261905],[-1.002505505246906,44.91290624376737],[-1.0056691196768215,44.912792153427326],[-1.0053478978952868,44.908296188953905],[-1.0021845362913318,44.90841026999586],[-1.0020240711005974,44.906162285082836],[-0.9988608230385333,44.906276271425675],[-0.9987004970931119,44.9040282831874],[-0.9923742152246476,44.90425597644087],[-0.9918940726773983,44.89751199184511],[-0.9887312916232484,44.89762568949903],[-0.9882516434831538,44.89088170300848],[-0.9914140455064986,44.890768019253215],[-0.9912540620815398,44.88852003107255],[-1.0007408122602766,44.88817845356958],[-1.0005804627177888,44.88593048065499],[-1.0069046460226065,44.88570232151056],[-1.0067440567293997,44.88345435924309],[-1.0099060027994182,44.88334014930008],[-1.009745300082858,44.88109219303947],[-1.0160689010371933,44.88086351243622],[-1.0146208833509163,44.86063205137466],[-1.0209421606379658,44.86040309472299],[-1.020781081825398,44.8581551708202],[-1.0239415749549428,44.85804056220418],[-1.0237803828706213,44.85579264436042],[-1.0269407369320078,44.85567795044883],[-1.0266181391709894,44.8511821282882],[-1.0297782280247954,44.85106735376548],[-1.0296168223766846,44.848819449458404],[-1.0327767721801209,44.848704589658915],[-1.0326152533290185,44.846456691433936],[-1.0357750640851855,44.84634174636531],[-1.035451812952037,44.841845963501214],[-1.032292254404418,44.841960899203045],[-1.0319693071729559,44.83746511262012],[-1.0288099878735493,44.83757994902147],[-1.02848734445418,44.83308415875567],[-1.0253282643790715,44.83319889587137],[-1.0245225118375485,44.82195942184278],[-1.0276809617521065,44.82184470809985],[-1.0268749015329792,44.810605293508225],[-1.0300327086460928,44.81049051324176],[-1.0297101229196826,44.80599476695053],[-1.0391827111557732,44.805649914911974],[-1.0390210598594476,44.80340205801411],[-1.0484931539706623,44.80305641112357],[-1.048331137863686,44.80080856977715],[-1.0578027376375423,44.800462128114965],[-1.0571532921549343,44.79147083393436],[-1.060309962602754,44.79135519248546],[-1.059985066044275,44.78685956371074],[-1.0631414718064054,44.78674384183605],[-1.0629789171741457,44.78449603439812],[-1.0661351841084303,44.78438022739381],[-1.065809862193235,44.77988462643974],[-1.0689658644927553,44.77976873903509],[-1.0684776017578264,44.77302536303081],[-1.0653219768283932,44.77314123627187],[-1.064834208435719,44.766397859700795],[-1.080610316560128,44.76581766616998],[-1.0807735217646224,44.768065433205564],[-1.0933946765238276,44.76759964279001],[-1.093230968359779,44.76535189473081],[-1.1058514108443878,44.76488468634041],[-1.1056872128680173,44.76263695883419],[-1.1183069425286598,44.7621683326214],[-1.1184716433743993,44.764416041035346],[-1.124781680706586,44.76418117955122],[-1.1251116247964486,44.768676581790494],[-1.1282668751448395,44.76855900676294],[-1.1289274245813359,44.77754981017538],[-1.1383946054396052,44.77719648865965],[-1.1385601531298861,44.77944417886774],[-1.141715979406687,44.779326220576216],[-1.1420473660660826,44.78382159585492],[-1.1515155201117129,44.783467153145395],[-1.151681610712225,44.785714828574385],[-1.1706183148336033,44.78500348872889],[-1.1707851735332684,44.78725113665891],[-1.1739413700603616,44.787132260759286],[-1.1736074144130566,44.78263697606512],[-1.1704514694718677,44.782755842279194],[-1.1699510133982638,44.77601291184576],[-1.1667954324294079,44.776131673715604],[-1.1664621131965032,44.77163638454726],[-1.1696174426762256,44.77151763235353],[-1.1694506773085256,44.76926999485656],[-1.1915367298510315,44.7684362488128],[-1.1913690978177298,44.76618864678464],[-1.2071438194152744,44.76559044417925],[-1.207312079966439,44.76783802183731],[-1.2104671096895956,44.767718107041134],[-1.2106355093961207,44.76996568131542],[-1.2169457798752392,44.76972557254531],[-1.2171144444726008,44.771973138535735],[-1.2202696852137342,44.771852944551846],[-1.2204384890147872,44.77410050713977],[-1.2235938419883725,44.77398021845116],[-1.223762785013097,44.7762277776291],[-1.2269182502159017,44.77610739422887],[-1.2270873324842788,44.77835494998942],[-1.2333984738172228,44.77811390393812],[-1.2335678210966128,44.78036145136204],[-1.2367234972119001,44.78024078870101],[-1.236892983783285,44.78248833268877],[-1.2400487721064593,44.78236757529229],[-1.2410667308313286,44.795852840574135],[-1.2379101877734855,44.79597362749069],[-1.2380797692139887,44.79822118173873],[-1.2349230867728092,44.798341883730686],[-1.2350925559368036,44.80058944434831],[-1.2319357341090422,44.80071006140798],[-1.2321050909765219,44.80295762838858],[-1.2257911550088796,44.803198602773584],[-1.2262985516537603,44.80994134183053],[-1.2136690070330367,44.81042227111016],[-1.2138376627217258,44.812669873266046],[-1.2043649849036888,44.81302964126703],[-1.204701581257185,44.81752487919166],[-1.1952280267881918,44.81788386757843],[-1.1950600996568397,44.815636233275605],[-1.191902347218173,44.81575571143867],[-1.1920701484210918,44.81800335060921],[-1.1762805554555413,44.8185994175008],[-1.1764477403641362,44.8208470823846],[-1.1701315576064268,44.821084889629645],[-1.1702985039707618,44.82333256562837],[-1.1671402665953303,44.82345133925341],[-1.1679745688188299,44.83468976472466],[-1.1711334361511108,44.83457096690185],[-1.1716345558039247,44.84131402456827],[-1.1747937878626926,44.84119512230032],[-1.1749609805306036,44.84344280614147],[-1.178120325259736,44.84332380910199],[-1.1782876573655579,44.84557148948737],[-1.1846065587569061,44.84533321592199],[-1.1847741563858696,44.847580887988315],[-1.1879337130332328,44.8474616114524],[-1.1884369646546362,44.85420462136918],[-1.1915968861251482,44.85408524031054],[-1.1921006369324771,44.86082824800818],[-1.1889403371256015,44.86094764365944],[-1.1892759859330346,44.86544299868206],[-1.1829548414730977,44.86568153955915],[-1.183122433720293,44.8679292288282],[-1.1799617152046415,44.86804836917749],[-1.1802966876082233,44.872543761485964],[-1.1771357033377328,44.87266282157008],[-1.1774704769955038,44.877158228974665],[-1.1743092269336046,44.877277208779255],[-1.1744765076566135,44.879524919343886],[-1.1491850160934582,44.88047355701491],[-1.1493513003890603,44.882721307570954],[-1.1461896776864593,44.88283948714271],[-1.146355849053383,44.88508724385114],[-1.1431940867977473,44.885205338239594],[-1.1435262169335159,44.889700865278634],[-1.1403641888532647,44.88981887928457],[-1.1405301475935377,44.89206664960539],[-1.1373679799422156,44.892184578409214],[-1.1385291791650312,44.9079190411822],[-1.135366113977981,44.90803691358996],[-1.1358635910452266,44.91478028876584],[-1.1327001334530975,44.914898085534766],[-1.1328658593230116,44.91714588464604],[-1.1297022620569628,44.917263596162215],[-1.1298678748012405,44.9195114013576],[-1.1203766241975741,44.91986400995165],[-1.1205418709567319,44.922111830799686],[-1.1173779678374756,44.922229191663185],[-1.117543101407365,44.924477018575175],[-1.114379058621603,44.92459429415442],[-1.1145440789820722,44.92684212712373],[-1.1177082482116314,44.92672484676563],[-1.1180385815296543,44.93122050696844],[-1.114874159382262,44.93133779688487],[-1.1155344789441402,44.94032915160249],[-1.112369537604677,44.94044637054531],[-1.1126995237497823,44.94494206500119],[-1.1063690953113674,44.94517625169125],[-1.106533855148851,44.9474241103367],[-1.103368494571188,44.94754107329537],[-1.103203861274609,44.94529320988383],[-1.0968733536164392,44.94552685596122],[-1.097037733826452,44.94777472889394],[-1.084376054261889,44.948240958800014],[-1.0842121802440006,44.94599306686886],[-1.0715507966682651,44.946457836083205],[-1.0717141644687722,44.94870574695422],[-1.0590520650930348,44.949169093320066],[-1.0592149397095163,44.951417024320925],[-1.0370548773813681,44.952224443951295],[-1.0373788934731685,44.95672037549482],[-1.0342128650434055,44.95683537004623],[-1.034536679863516,44.96133131592206],[-1.0313703852062592,44.96144622970947],[-1.03153218545623,44.9636942091821],[-1.0220328437496509,44.96403842374472],[-1.022194277023976,44.966286418475356],[-1.0158610644929,44.966515453470976],[-1.0160222573857218,44.96876345876297],[-1.0065219616475451,44.969106349121695],[-1.0066827874333388,44.97135436961222],[-1.00351586969322,44.971468490744066],[-1.0036765816877666,44.9737165171071],[-0.997342454156582,44.97394449818962],[-0.9975029256343559,44.976192535062324],[-0.9880012576971589,44.97653384437961],[-0.9881613618930117,44.97878189637775],[-0.9786591981968978,44.97912240806657],[-0.9783397629569957,44.97462627753281]],[[-1.0106017528669269,44.93740581932641],[-1.0104408673515757,44.93515782687195],[-1.0136057207337605,44.93504350983517],[-1.0134447215989013,44.93279552331448],[-1.016609435560547,44.932681120843526],[-1.0164483228263552,44.93043314026323],[-1.0227774589913623,44.930204074380484],[-1.0226161061870886,44.92795610441631],[-1.035273717286328,44.927496910320464],[-1.0354355760387601,44.9297448615718],[-1.0386000728912301,44.929629833155595],[-1.0384380876556514,44.927381886591604],[-1.0447667894371282,44.92715156889197],[-1.0446045642424653,44.924903632996894],[-1.0509329610786247,44.9246729643784],[-1.050770495969894,44.922425039169426],[-1.0539345484061442,44.92230957445279],[-1.053609404365714,44.91781373731676],[-1.05044560480957,44.91792919262351],[-1.0502831787548503,44.915681271293344],[-1.0439557934578774,44.91591190231619],[-1.0437936332524416,44.913663972887825],[-1.0374664488172238,44.91389423428183],[-1.0373045544254456,44.9116462967741],[-1.0278140597426557,44.91199099937538],[-1.028298644020613,44.91873485794911],[-1.0188068950068578,44.91907879208176],[-1.0186457332872696,44.916830823906494],[-1.0091542473635153,44.917173933430924],[-1.0094758250264184,44.92166989904474],[-1.0126399194653746,44.921555609955774],[-1.0129618016168298,44.92605157143679],[-1.0097974542371393,44.92616586984088],[-1.0101191350080616,44.930661845792294],[-1.0037898956171782,44.93089019096315],[-1.0041111219085568,44.935386190654356],[-1.0009462298679033,44.93550023739883],[-1.0011067357964294,44.93774824380737],[-1.0042717543675728,44.937634192415175],[-1.0044323997042013,44.93988219544833],[-1.0075975319367638,44.93976804930294],[-1.0074367600611025,44.93752005092133],[-1.0106017528669269,44.93740581932641]],[[-1.1128944702803243,44.90436385537669],[-1.1130593716792516,44.90661167671621],[-1.116222403277326,44.90649443936039],[-1.1160573755252556,44.90424662279787],[-1.1128944702803243,44.90436385537669]]],[[[-0.9422383988710514,44.86773526719394],[-0.9517219342967254,44.8673978783819],[-0.951880274881087,44.86964590826205],[-0.9550415542545782,44.869533260747964],[-0.9552000337676078,44.871781287417754],[-0.9583614267003222,44.87166854531358],[-0.9588373201935695,44.87841261978493],[-0.9619990792261329,44.8782997738872],[-0.9624754659566593,44.88504384685787],[-0.97196180336831,44.884704727655155],[-0.9722802160329754,44.889200755447675],[-0.9691178636638452,44.88931389442194],[-0.9692769627923056,44.89156191495313],[-0.9566269206407436,44.89201358898319],[-0.9564683268582513,44.889765550046455],[-0.9501434821989605,44.88999083768746],[-0.9499851537811754,44.887742790919795],[-0.9436605110597095,44.887967709274974],[-0.9435024479709252,44.885719654695194],[-0.9403402339400527,44.88583197425466],[-0.9393928789475331,44.872343647932915],[-0.9425543352322173,44.87223135583249],[-0.9422383988710514,44.86773526719394]]],[[[-0.9444510164476668,44.899208002411186],[-0.9412880443081978,44.89932034943685],[-0.9414460569985559,44.90156841666631],[-0.9477722413808309,44.90134362340877],[-0.947930519523146,44.90359168281097],[-0.9510937190928769,44.90347914652272],[-0.9515690088573048,44.910223318935714],[-0.9484054300459633,44.9103358689829],[-0.9485637589239372,44.91258393368406],[-0.9359088111660365,44.91303325154249],[-0.9360666469400712,44.915281335870986],[-0.9329027519051816,44.915393444732146],[-0.9330604738663334,44.91764153494316],[-0.9298964397292931,44.9177535582959],[-0.9300540478573942,44.92000165438278],[-0.9205614902757063,44.92033719764612],[-0.9204042615769107,44.91808908788519],[-0.9172401769793145,44.918200750923496],[-0.9167689458548233,44.91145641587124],[-0.9136052280497189,44.91156797518965],[-0.9132913897673917,44.90707174933185],[-0.9101279122611989,44.907183209495734],[-0.9099711384012092,44.90493509401588],[-0.9068077747563067,44.90504645957848],[-0.9063379077445158,44.89830210753115],[-0.9095008921794002,44.89819075558297],[-0.9093441685531564,44.89594264545213],[-0.9125070140501857,44.89583120799722],[-0.9120365394088296,44.88908689931545],[-0.9088740729963997,44.88919832314736],[-0.9085607387118025,44.88470211505107],[-0.9053985124249496,44.884813439775776],[-0.9050854809643352,44.88031722805692],[-0.9019234947788775,44.8804284536893],[-0.9014544204718057,44.87368413279412],[-0.904616027775069,44.87357292075866],[-0.9041466873516875,44.866828625877446],[-0.9073079033382863,44.8667173374397],[-0.9069948198759145,44.86222115686537],[-0.9101557708559779,44.8621097875078],[-0.9099991217030327,44.85986170385174],[-0.9163207335899275,44.859638704257456],[-0.9164776351796318,44.86188677882606],[-0.9196385485031109,44.86177513950301],[-0.9205809794092943,44.87526358880807],[-0.9237426376593288,44.87515183217621],[-0.9238998797880102,44.87739990733941],[-0.9302234110692521,44.87717611493032],[-0.9303809183765027,44.87942418234538],[-0.9367046517850742,44.879200020756315],[-0.9371780072598589,44.88594420378978],[-0.9403402339400527,44.88583197425466],[-0.9408140821816712,44.892576155783814],[-0.9439766752215246,44.89246382249212],[-0.9444510164476668,44.899208002411186]]]]}},{"type":"Feature","properties":{"category":"observed_front","snapshot_index":23,"pass_time_utc":"2026-07-25T12:40:00+00:00","dt_local":"2026-07-25T14:40:00+02:00","area_km2":0.625,"label":"Activité observée","coherence_level":"faible","coherence_fraction":1.0,"projection_displayed":false,"model_version":"fire_progression_arrival_v1"},"geometry":{"type":"Polygon","coordinates":[[[-1.0553983417364532,44.94254090499734],[-1.055235645879005,44.9402929743005],[-1.0584006971968107,44.94017738183617],[-1.0580750915685602,44.935681533653266],[-1.0454158202566939,44.93614332527058],[-1.0457404137128996,44.94063921109147],[-1.04890550412696,44.94052388892872],[-1.0490679469111261,44.942771829035664],[-1.0553983417364532,44.94254090499734]]]}},{"type":"Feature","properties":{"category":"historical_support","snapshot_index":24,"pass_time_utc":"2026-07-25T13:33:00+00:00","dt_local":"2026-07-25T15:33:00+02:00","area_km2":312.75,"label":"Isoline temporelle","coherence_level":"indisponible","coherence_fraction":0.0,"projection_displayed":false,"model_version":"fire_progression_arrival_v1"},"geometry":{"type":"MultiPolygon","coordinates":[[[[-1.0988414085788105,44.451883908425415],[-1.092566102856869,44.452117265312324],[-1.0924033406606628,44.44986979580591],[-1.0892657927305165,44.44998633555353],[-1.0884527972780091,44.438748994183506],[-1.0915897236598102,44.43863247816446],[-1.0911017085880104,44.43189011161268],[-1.0942382492369247,44.43177352056108],[-1.0940754791426723,44.42952607381756],[-1.1003482731421934,44.42929263342199],[-1.0998592950698785,44.42255033383281],[-1.090451202722931,44.42290031776992],[-1.0902886085495,44.420652874371996],[-1.0840167308150204,44.42088574125025],[-1.0838543979605206,44.4186382904008],[-1.0807185639514603,44.41875458522862],[-1.080394185299673,44.414259680167916],[-1.0772585867906326,44.41437587628397],[-1.0767724879103826,44.40763351982443],[-1.0799077139183277,44.40751733790369],[-1.0797455825441047,44.40526989458285],[-1.0828806715307397,44.405153628168044],[-1.082718428894329,44.40290619163784],[-1.0889883199391424,44.40267340061461],[-1.0888258419369399,44.40042597562345],[-1.0919606439899179,44.400309451026814],[-1.091798054776077,44.39806203284285],[-1.1012020111091838,44.39771193801704],[-1.1010390625068454,44.39546453615504],[-1.1073080538654396,44.39523070307315],[-1.1074712506580826,44.39747809541245],[-1.1106058510011827,44.397361040295635],[-1.1107691848539654,44.39960842993202],[-1.1139038963308616,44.39949128083568],[-1.1137404383769818,44.39724389596992],[-1.135682186100134,44.39642138788805],[-1.1358465127183883,44.39866873925811],[-1.1515194189169753,44.39807853330913],[-1.1518493522997273,44.4025731941511],[-1.1612536835069898,44.402217971185976],[-1.1615844139690958,44.40671261130021],[-1.164719413014859,44.406594015564544],[-1.1660438535392572,44.42457261886332],[-1.1629078612170347,44.42469125324161],[-1.1632388544414434,44.429185933964064],[-1.1569663335299265,44.42942295428321],[-1.1571316014112776,44.431670307314064],[-1.1508587795306873,44.431906980250176],[-1.1510238120642744,44.43415434492679],[-1.1478872572134153,44.43427255231885],[-1.1482171131049268,44.43876729731021],[-1.1356697687075923,44.439239272670484],[-1.1359986827841855,44.443734064097036],[-1.1328615654306167,44.44385184434683],[-1.1330259177730753,44.44609924784654],[-1.1236141144967107,44.446452067272354],[-1.1237781069671384,44.448699487129886],[-1.1206406888198381,44.44881691981442],[-1.1208045699989022,44.451064346440724],[-1.1145294459945942,44.4512989534901],[-1.1146930915260278,44.45354639165415],[-1.09900443240395,44.45413137041277],[-1.0988414085788105,44.451883908425415]]],[[[-1.013495368452927,44.844896548049825],[-1.013334632081082,44.84264862461573],[-1.019653891081484,44.84241974258635],[-1.01981487966886,44.84466765669409],[-1.0229746159548334,44.84455307609433],[-1.0234580374077829,44.85129681285332],[-1.0108175014618348,44.85175465152676],[-1.0103355935430507,44.845010858804685],[-1.013495368452927,44.844896548049825]]],[[[-0.9414487792682797,44.85649506987765],[-0.940975159194605,44.84975096827206],[-0.9504556658808552,44.849413689428786],[-0.9506139050885135,44.85166170814674],[-0.9600946762607553,44.85132360585391],[-0.9604119497147631,44.85581961995209],[-0.9572514529982833,44.85593241987526],[-0.9574099825880976,44.85818043362221],[-0.944767364162936,44.858630751924075],[-0.944609339333793,44.85638271982745],[-0.9414487792682797,44.85649506987765]]],[[[-1.0037425607962767,44.88581644609123],[-1.0069046460226065,44.88570232151056],[-1.0067440567293997,44.88345435924309],[-1.0099060027994182,44.88334014930008],[-1.009745300082858,44.88109219303947],[-1.0160689010371933,44.88086351243622],[-1.0146208833509163,44.86063205137466],[-1.0209421606379658,44.86040309472299],[-1.020781081825398,44.8581551708202],[-1.0239415749549428,44.85804056220418],[-1.0237803828706213,44.85579264436042],[-1.0269407369320078,44.85567795044883],[-1.0266181391709894,44.8511821282882],[-1.0297782280247954,44.85106735376548],[-1.0296168223766846,44.848819449458404],[-1.0327767721801209,44.848704589658915],[-1.0326152533290185,44.846456691433936],[-1.0357750640851855,44.84634174636531],[-1.035451812952037,44.841845963501214],[-1.032292254404418,44.841960899203045],[-1.0319693071729559,44.83746511262012],[-1.0288099878735493,44.83757994902147],[-1.02848734445418,44.83308415875567],[-1.0253282643790715,44.83319889587137],[-1.0245225118375485,44.82195942184278],[-1.0276809617521065,44.82184470809985],[-1.0268749015329792,44.810605293508225],[-1.0300327086460928,44.81049051324176],[-1.0297101229196826,44.80599476695053],[-1.0391827111557732,44.805649914911974],[-1.0390210598594476,44.80340205801411],[-1.0484931539706623,44.80305641112357],[-1.048331137863686,44.80080856977715],[-1.0578027376375423,44.800462128114965],[-1.0571532921549343,44.79147083393436],[-1.060309962602754,44.79135519248546],[-1.059985066044275,44.78685956371074],[-1.0631414718064054,44.78674384183605],[-1.0629789171741457,44.78449603439812],[-1.0661351841084303,44.78438022739381],[-1.065809862193235,44.77988462643974],[-1.0689658644927553,44.77976873903509],[-1.0684776017578264,44.77302536303081],[-1.052699347241585,44.77360383097531],[-1.0528614595618795,44.77585164503913],[-1.0497056439601071,44.77596707384973],[-1.0498676434410585,44.77821489412473],[-1.0435557218018823,44.77844549164432],[-1.0432322389689488,44.77394983381324],[-1.040076510344258,44.77406498843437],[-1.0397533307738451,44.76956932726902],[-1.0271312934565666,44.77002900998868],[-1.0269702261081037,44.76778116295478],[-1.0238148103394271,44.76789585440071],[-1.0236538816234073,44.76564800421737],[-1.0204985787541725,44.76576260117232],[-1.0201770113962196,44.761266896052064],[-1.0233320627720206,44.76115230843467],[-1.0231711726335735,44.75890446284208],[-1.0263260854215412,44.758789790085885],[-1.0261650824190143,44.756541950702236],[-1.0293198566222297,44.756427192814876],[-1.0291587407756115,44.75417935964676],[-1.0512409192336043,44.75337357282596],[-1.0514029149975783,44.755621373164296],[-1.0577122438970568,44.75539033078271],[-1.0578745040165385,44.757638123246416],[-1.0704935089651864,44.757174942048216],[-1.0706562848940409,44.75942271717572],[-1.0738111293481316,44.75930669265078],[-1.0739740440014767,44.76155446458182],[-1.077129001153397,44.76143834552426],[-1.077455120979695,44.76593388450187],[-1.080610316560128,44.76581766616998],[-1.0807735217646224,44.768065433205564],[-1.0933946765238276,44.76759964279001],[-1.093230968359779,44.76535189473081],[-1.1058514108443878,44.76488468634041],[-1.1056872128680173,44.76263695883419],[-1.1183069425286598,44.7621683326214],[-1.1184716433743993,44.764416041035346],[-1.124781680706586,44.76418117955122],[-1.1251116247964486,44.768676581790494],[-1.1282668751448395,44.76855900676294],[-1.1289274245813359,44.77754981017538],[-1.1383946054396052,44.77719648865965],[-1.1385601531298861,44.77944417886774],[-1.141715979406687,44.779326220576216],[-1.1420473660660826,44.78382159585492],[-1.1515155201117129,44.783467153145395],[-1.151681610712225,44.785714828574385],[-1.1706183148336033,44.78500348872889],[-1.1707851735332684,44.78725113665891],[-1.1739413700603616,44.787132260759286],[-1.1736074144130566,44.78263697606512],[-1.1704514694718677,44.782755842279194],[-1.1699510133982638,44.77601291184576],[-1.1667954324294079,44.776131673715604],[-1.1664621131965032,44.77163638454726],[-1.1696174426762256,44.77151763235353],[-1.1694506773085256,44.76926999485656],[-1.1915367298510315,44.7684362488128],[-1.1913690978177298,44.76618864678464],[-1.2071438194152744,44.76559044417925],[-1.207312079966439,44.76783802183731],[-1.2104671096895956,44.767718107041134],[-1.2106355093961207,44.76996568131542],[-1.2169457798752392,44.76972557254531],[-1.2171144444726008,44.771973138535735],[-1.2202696852137342,44.771852944551846],[-1.2204384890147872,44.77410050713977],[-1.2235938419883725,44.77398021845116],[-1.223762785013097,44.7762277776291],[-1.2269182502159017,44.77610739422887],[-1.2270873324842788,44.77835494998942],[-1.2333984738172228,44.77811390393812],[-1.2335678210966128,44.78036145136204],[-1.2367234972119001,44.78024078870101],[-1.236892983783285,44.78248833268877],[-1.2400487721064593,44.78236757529229],[-1.2410667308313286,44.795852840574135],[-1.2379101877734855,44.79597362749069],[-1.2380797692139887,44.79822118173873],[-1.2349230867728092,44.798341883730686],[-1.2350925559368036,44.80058944434831],[-1.2319357341090422,44.80071006140798],[-1.2321050909765219,44.80295762838858],[-1.2257911550088796,44.803198602773584],[-1.2262985516537603,44.80994134183053],[-1.2136690070330367,44.81042227111016],[-1.2138376627217258,44.812669873266046],[-1.2043649849036888,44.81302964126703],[-1.204701581257185,44.81752487919166],[-1.1952280267881918,44.81788386757843],[-1.1950600996568397,44.815636233275605],[-1.191902347218173,44.81575571143867],[-1.1920701484210918,44.81800335060921],[-1.1762805554555413,44.8185994175008],[-1.1764477403641362,44.8208470823846],[-1.1701315576064268,44.821084889629645],[-1.1702985039707618,44.82333256562837],[-1.1671402665953303,44.82345133925341],[-1.1679745688188299,44.83468976472466],[-1.1711334361511108,44.83457096690185],[-1.1716345558039247,44.84131402456827],[-1.1747937878626926,44.84119512230032],[-1.1749609805306036,44.84344280614147],[-1.178120325259736,44.84332380910199],[-1.1782876573655579,44.84557148948737],[-1.1846065587569061,44.84533321592199],[-1.1847741563858696,44.847580887988315],[-1.1879337130332328,44.8474616114524],[-1.1884369646546362,44.85420462136918],[-1.1915968861251482,44.85408524031054],[-1.1921006369324771,44.86082824800818],[-1.1889403371256015,44.86094764365944],[-1.1892759859330346,44.86544299868206],[-1.1829548414730977,44.86568153955915],[-1.183122433720293,44.8679292288282],[-1.1799617152046415,44.86804836917749],[-1.1802966876082233,44.872543761485964],[-1.1771357033377328,44.87266282157008],[-1.1774704769955038,44.877158228974665],[-1.1743092269336046,44.877277208779255],[-1.1744765076566135,44.879524919343886],[-1.1491850160934582,44.88047355701491],[-1.1493513003890603,44.882721307570954],[-1.1461896776864593,44.88283948714271],[-1.146355849053383,44.88508724385114],[-1.1431940867977473,44.885205338239594],[-1.1435262169335159,44.889700865278634],[-1.1403641888532647,44.88981887928457],[-1.1405301475935377,44.89206664960539],[-1.1373679799422156,44.892184578409214],[-1.1385291791650312,44.9079190411822],[-1.135366113977981,44.90803691358996],[-1.1358635910452266,44.91478028876584],[-1.1327001334530975,44.914898085534766],[-1.1328658593230116,44.91714588464604],[-1.1297022620569628,44.917263596162215],[-1.1298678748012405,44.9195114013576],[-1.1203766241975741,44.91986400995165],[-1.1205418709567319,44.922111830799686],[-1.1173779678374756,44.922229191663185],[-1.117543101407365,44.924477018575175],[-1.114379058621603,44.92459429415442],[-1.1145440789820722,44.92684212712373],[-1.1177082482116314,44.92672484676563],[-1.1180385815296543,44.93122050696844],[-1.114874159382262,44.93133779688487],[-1.1155344789441402,44.94032915160249],[-1.112369537604677,44.94044637054531],[-1.1126995237497823,44.94494206500119],[-1.1063690953113674,44.94517625169125],[-1.106533855148851,44.9474241103367],[-1.103368494571188,44.94754107329537],[-1.103203861274609,44.94529320988383],[-1.0968733536164392,44.94552685596122],[-1.097037733826452,44.94777472889394],[-1.084376054261889,44.948240958800014],[-1.0842121802440006,44.94599306686886],[-1.0715507966682651,44.946457836083205],[-1.0717141644687722,44.94870574695422],[-1.0590520650930348,44.949169093320066],[-1.0592149397095163,44.951417024320925],[-1.0370548773813681,44.952224443951295],[-1.0373788934731685,44.95672037549482],[-1.0342128650434055,44.95683537004623],[-1.034536679863516,44.96133131592206],[-1.0313703852062592,44.96144622970947],[-1.03153218545623,44.9636942091821],[-1.0220328437496509,44.96403842374472],[-1.022194277023976,44.966286418475356],[-1.0158610644929,44.966515453470976],[-1.0160222573857218,44.96876345876297],[-1.0065219616475451,44.969106349121695],[-1.0066827874333388,44.97135436961222],[-1.00351586969322,44.971468490744066],[-1.0036765816877666,44.9737165171071],[-0.997342454156582,44.97394449818962],[-0.9975029256343559,44.976192535062324],[-0.9880012576971589,44.97653384437961],[-0.9881613618930117,44.97878189637775],[-0.9786591981968978,44.97912240806657],[-0.9783397629569957,44.97462627753281],[-0.9751726028581942,44.97473959184811],[-0.9748534722657589,44.97024345695871],[-0.9716865527706426,44.970356671879784],[-0.9712083328963006,44.96361246491548],[-0.9680417806493248,44.963725575847434],[-0.9678825262520871,44.96147750471988],[-0.9710489518405344,44.96136439839754],[-0.9705708853587668,44.95462020630151],[-0.9737369182549239,44.954507023673415],[-0.9734180179332784,44.95001091108282],[-0.9702522382601715,44.95012408448617],[-0.970092933873042,44.947876025463245],[-0.9669272680235778,44.94798910413209],[-0.9667681029969918,44.945741041761956],[-0.9636025509742387,44.945854025703255],[-0.9632845123512276,44.94135789555164],[-0.9727803706901044,44.941018701017796],[-0.9726209908287089,44.93877065167047],[-0.9789512460729677,44.93854408065942],[-0.9787916259010802,44.93629604181955],[-0.9819566077916583,44.936182625776645],[-0.9816371527800661,44.93168656117576],[-0.9784724239417821,44.93179996797516],[-0.9773556199598924,44.91606375014555],[-0.9805194634329002,44.915950375692134],[-0.9802002387668161,44.911454334413946],[-0.9865273815956699,44.91122733380264],[-0.9866872403897546,44.9134753445356],[-0.9930145848338161,44.913247974416926],[-0.9931747093081923,44.91549597719466],[-1.0026660090148354,44.91515423261905],[-1.002505505246906,44.91290624376737],[-1.0056691196768215,44.912792153427326],[-1.0053478978952868,44.908296188953905],[-1.0021845362913318,44.90841026999586],[-1.0020240711005974,44.906162285082836],[-0.9988608230385333,44.906276271425675],[-0.9987004970931119,44.9040282831874],[-0.9923742152246476,44.90425597644087],[-0.9918940726773983,44.89751199184511],[-0.9887312916232484,44.89762568949903],[-0.9882516434831538,44.89088170300848],[-0.9914140455064986,44.890768019253215],[-0.9912540620815398,44.88852003107255],[-0.9944163249679793,44.88840626192695],[-0.9942562280445973,44.886158279729514],[-0.9910940914700211,44.88627204423917],[-0.9909341336704033,44.884024058756445],[-1.0035820977987049,44.883568479173405],[-1.0037425607962767,44.88581644609123]],[[-1.0106017528669269,44.93740581932641],[-1.0104408673515757,44.93515782687195],[-1.0136057207337605,44.93504350983517],[-1.0134447215989013,44.93279552331448],[-1.016609435560547,44.932681120843526],[-1.0164483228263552,44.93043314026323],[-1.0227774589913623,44.930204074380484],[-1.0226161061870886,44.92795610441631],[-1.035273717286328,44.927496910320464],[-1.0354355760387601,44.9297448615718],[-1.0386000728912301,44.929629833155595],[-1.0384380876556514,44.927381886591604],[-1.0447667894371282,44.92715156889197],[-1.0446045642424653,44.924903632996894],[-1.0509329610786247,44.9246729643784],[-1.050770495969894,44.922425039169426],[-1.0539345484061442,44.92230957445279],[-1.053609404365714,44.91781373731676],[-1.05044560480957,44.91792919262351],[-1.0502831787548503,44.915681271293344],[-1.0439557934578774,44.91591190231619],[-1.0437936332524416,44.913663972887825],[-1.0374664488172238,44.91389423428183],[-1.0373045544254456,44.9116462967741],[-1.0278140597426557,44.91199099937538],[-1.028298644020613,44.91873485794911],[-1.0188068950068578,44.91907879208176],[-1.0186457332872696,44.916830823906494],[-1.0091542473635153,44.917173933430924],[-1.0094758250264184,44.92166989904474],[-1.0126399194653746,44.921555609955774],[-1.0129618016168298,44.92605157143679],[-1.0097974542371393,44.92616586984088],[-1.0101191350080616,44.930661845792294],[-1.0037898956171782,44.93089019096315],[-1.0041111219085568,44.935386190654356],[-1.0009462298679033,44.93550023739883],[-1.0011067357964294,44.93774824380737],[-1.0042717543675728,44.937634192415175],[-1.0044323997042013,44.93988219544833],[-1.0075975319367638,44.93976804930294],[-1.0074367600611025,44.93752005092133],[-1.0106017528669269,44.93740581932641]],[[-1.1128944702803243,44.90436385537669],[-1.1130593716792516,44.90661167671621],[-1.116222403277326,44.90649443936039],[-1.1160573755252556,44.90424662279787],[-1.1128944702803243,44.90436385537669]]],[[[-0.964366470666953,44.866946766734756],[-0.9738497394446597,44.866607488095404],[-0.9740089636747504,44.86885548576704],[-0.9803313315941052,44.868628840826155],[-0.9804908210500959,44.87087683064074],[-0.9836521120966267,44.87076336855933],[-0.9839713818252055,44.87525934306252],[-0.9871329125897824,44.87514578173182],[-0.9874524859940645,44.879641752451356],[-0.990614256500723,44.87952809185649],[-0.9909341336704033,44.884024058756445],[-0.9846100747038177,44.88425130845726],[-0.9847697798952253,44.88649930320047],[-0.9784454171533412,44.88672620208073],[-0.9782859645762829,44.884478198091635],[-0.97196180336831,44.884704727655155],[-0.9722802160329754,44.889200755447675],[-0.9691178636638452,44.88931389442194],[-0.9692769627923056,44.89156191495313],[-0.9566269206407436,44.89201358898319],[-0.9564683268582513,44.889765550046455],[-0.9501434821989605,44.88999083768746],[-0.9499851537811754,44.887742790919795],[-0.9436605110597095,44.887967709274974],[-0.9435024479709252,44.885719654695194],[-0.9403402339400527,44.88583197425466],[-0.9393928789475331,44.872343647932915],[-0.9425543352322173,44.87223135583249],[-0.9422383988710514,44.86773526719394],[-0.9517219342967254,44.8673978783819],[-0.951880274881087,44.86964590826205],[-0.9550415542545782,44.869533260747964],[-0.9552000337676078,44.871781287417754],[-0.9583614267003222,44.87166854531358],[-0.9588373201935695,44.87841261978493],[-0.9619990792261329,44.8782997738872],[-0.9613640749245347,44.86930769573238],[-0.9645253162008863,44.86919477823198],[-0.964366470666953,44.866946766734756]],[[-0.9624754659566593,44.88504384685787],[-0.9687997036343212,44.88481785740897],[-0.9686406427301979,44.882569840933954],[-0.9654786565602939,44.8826828760621],[-0.9651608255434915,44.87818683797995],[-0.9619990792261329,44.8782997738872],[-0.9624754659566593,44.88504384685787]]],[[[-0.9444510164476668,44.899208002411186],[-0.9412880443081978,44.89932034943685],[-0.9414460569985559,44.90156841666631],[-0.9477722413808309,44.90134362340877],[-0.947930519523146,44.90359168281097],[-0.9510937190928769,44.90347914652272],[-0.9515690088573048,44.910223318935714],[-0.9484054300459633,44.9103358689829],[-0.9485637589239372,44.91258393368406],[-0.9359088111660365,44.91303325154249],[-0.9360666469400712,44.915281335870986],[-0.9329027519051816,44.915393444732146],[-0.9330604738663334,44.91764153494316],[-0.9298964397292931,44.9177535582959],[-0.9300540478573942,44.92000165438278],[-0.9205614902757063,44.92033719764612],[-0.9204042615769107,44.91808908788519],[-0.9172401769793145,44.918200750923496],[-0.9167689458548233,44.91145641587124],[-0.9136052280497189,44.91156797518965],[-0.9132913897673917,44.90707174933185],[-0.9101279122611989,44.907183209495734],[-0.9099711384012092,44.90493509401588],[-0.9068077747563067,44.90504645957848],[-0.9063379077445158,44.89830210753115],[-0.9095008921794002,44.89819075558297],[-0.9093441685531564,44.89594264545213],[-0.9125070140501857,44.89583120799722],[-0.9120365394088296,44.88908689931545],[-0.9088740729963997,44.88919832314736],[-0.9085607387118025,44.88470211505107],[-0.9053985124249496,44.884813439775776],[-0.9050854809643352,44.88031722805692],[-0.9019234947788775,44.8804284536893],[-0.9014544204718057,44.87368413279412],[-0.904616027775069,44.87357292075866],[-0.9041466873516875,44.866828625877446],[-0.9073079033382863,44.8667173374397],[-0.9069948198759145,44.86222115686537],[-0.9101557708559779,44.8621097875078],[-0.9099991217030327,44.85986170385174],[-0.9163207335899275,44.859638704257456],[-0.9164776351796318,44.86188677882606],[-0.9196385485031109,44.86177513950301],[-0.9205809794092943,44.87526358880807],[-0.9237426376593288,44.87515183217621],[-0.9238998797880102,44.87739990733941],[-0.9302234110692521,44.87717611493032],[-0.9303809183765027,44.87942418234538],[-0.9367046517850742,44.879200020756315],[-0.9371780072598589,44.88594420378978],[-0.9403402339400527,44.88583197425466],[-0.9408140821816712,44.892576155783814],[-0.9439766752215246,44.89246382249212],[-0.9444510164476668,44.899208002411186]]]]}},{"type":"Feature","properties":{"category":"observed_front","snapshot_index":24,"pass_time_utc":"2026-07-25T13:33:00+00:00","dt_local":"2026-07-25T15:33:00+02:00","area_km2":32.562,"label":"Activité observée","coherence_level":"indisponible","coherence_fraction":0.0,"projection_displayed":false,"model_version":"fire_progression_arrival_v1"},"geometry":{"type":"MultiPolygon","coordinates":[[[[-1.1231222152638713,44.43970981965038],[-1.1229582749072347,44.437462407771086],[-1.1166846685400729,44.437697136047476],[-1.1168483603460095,44.439944557486236],[-1.1074374804451743,44.44029599465962],[-1.106947562465224,44.43355369342243],[-1.1194938851096066,44.433084989236896],[-1.119657675163717,44.4353324018881],[-1.125931006963595,44.43509750463261],[-1.1257669684011582,44.43285010154733],[-1.1351764955793089,44.43249710052977],[-1.1353409068925964,44.434744489239],[-1.1384775140907764,44.43462663890732],[-1.1388066244295727,44.43912141273964],[-1.1356697687075923,44.439239272670484],[-1.135834219212411,44.44148666738605],[-1.1264232008541355,44.44183972591156],[-1.126259123188532,44.43959231681807],[-1.1231222152638713,44.43970981965038]]],[[[-1.0430705169436143,44.77170200716428],[-1.0429088078436373,44.76945418203087],[-1.0271312934565666,44.77002900998868],[-1.0269702261081037,44.76778116295478],[-1.0238148103394271,44.76789585440071],[-1.0236538816234073,44.76564800421737],[-1.0204985787541725,44.76576260117232],[-1.0201770113962196,44.761266896052064],[-1.0233320627720206,44.76115230843467],[-1.0231711726335735,44.75890446284208],[-1.0263260854215412,44.758789790085885],[-1.0261650824190143,44.756541950702236],[-1.0293198566222297,44.756427192814876],[-1.0291587407756115,44.75417935964676],[-1.0512409192336043,44.75337357282596],[-1.0514029149975783,44.755621373164296],[-1.0577122438970568,44.75539033078271],[-1.0578745040165385,44.757638123246416],[-1.0704935089651864,44.757174942048216],[-1.0706562848940409,44.75942271717572],[-1.0738111293481316,44.75930669265078],[-1.0739740440014767,44.76155446458182],[-1.077129001153397,44.76143834552426],[-1.077455120979695,44.76593388450187],[-1.074299912367042,44.76605001302146],[-1.0746258328215046,44.770545567542136],[-1.068314873528741,44.770777574045994],[-1.0684776017578264,44.77302536303081],[-1.0495436574276136,44.77371925508314],[-1.0493816838420276,44.77147143782832],[-1.0430705169436143,44.77170200716428]]],[[[-0.9427157301335432,44.78433415722803],[-0.942557996083324,44.782086177712756],[-0.9394016073868967,44.78219846664631],[-0.9392440117978311,44.77995048406772],[-0.9360877363545481,44.78006267857464],[-0.9354579832771328,44.77107074516422],[-0.9386137554089166,44.77095856894144],[-0.9384562227959802,44.76871059397374],[-0.94476747767173,44.768485981170194],[-0.944609706068313,44.766238016886426],[-0.963542413011209,44.76556205006528],[-0.9633838993697519,44.763314114858076],[-0.9665391804737758,44.763201143932946],[-0.9666978198844681,44.76544907453714],[-0.9730085955833528,44.765222854007625],[-0.9731674992271723,44.76747077692837],[-0.9763229938074732,44.76735752731394],[-0.976800158333464,44.774101291399624],[-0.9736442863691187,44.774214554857686],[-0.9738032408250027,44.77646248387858],[-0.9706472303391473,44.77657566210984],[-0.9708060716756335,44.77882359725887],[-0.9676499226652218,44.77893669025565],[-0.9678086508622947,44.781184631526166],[-0.964652363324287,44.78129763928084],[-0.9648109783619293,44.783545586666214],[-0.9584981135532962,44.78377134182111],[-0.9586564895491602,44.7860192999122],[-0.9523433223659798,44.786244704829244],[-0.9521851980993201,44.783996737554126],[-0.9427157301335432,44.78433415722803]]],[[[-1.100525170200605,44.778604924108116],[-1.1003611450317463,44.77635717801652],[-1.0972053990825217,44.77647395899664],[-1.096549932529223,44.76748297065194],[-1.1028604052487645,44.7672493569388],[-1.102696319881498,44.76500162315019],[-1.1090064886851154,44.76476765972346],[-1.1091708255133435,44.76701538398009],[-1.1154811932430104,44.76678105178041],[-1.1156457946796234,44.76902876800467],[-1.1188010845538472,44.768911462411914],[-1.11896582489071,44.77115917536785],[-1.1221212273430323,44.771041775180116],[-1.122450999035669,44.77553719604413],[-1.1192953450665948,44.77565460579812],[-1.1196249179225435,44.78015004223044],[-1.1070011641875686,44.780618821204854],[-1.106836874323045,44.77837108314203],[-1.100525170200605,44.778604924108116]]],[[[-0.9414487792682797,44.85649506987765],[-0.9411330199153696,44.851999000734025],[-0.937972699571013,44.852111251659316],[-0.9374995337783727,44.845367144788504],[-0.9343395792778376,44.8454792920338],[-0.9341820087297409,44.84323125467195],[-0.9310221677554412,44.84334330739206],[-0.9308647359459895,44.84109526688586],[-0.9277050085009483,44.841207225087764],[-0.9275477154100524,44.83895918144466],[-0.9243881014972903,44.83907104513529],[-0.9236024552781859,44.827830825629164],[-0.9267614387358083,44.82771898472761],[-0.9266042211464429,44.8254709497075],[-0.9297630659648461,44.8253590234359],[-0.9296057349044193,44.823110994425456],[-0.9359231346719549,44.82288688123498],[-0.9357655641242193,44.82063886280862],[-0.9483997081660832,44.820189575676174],[-0.9482416461337313,44.81794157701185],[-0.9608750837815855,44.81749086958702],[-0.9610336498796861,44.81973884988596],[-0.9641921036190632,44.81962594365227],[-0.9646682561313905,44.82636987945424],[-0.9615094242939131,44.82648279949058],[-0.9618266706852164,44.830978773116364],[-0.9586675740389237,44.83109161242326],[-0.9591431605758526,44.83783559742317],[-0.9623026354753391,44.83772274432159],[-0.9624613157989821,44.83997073758094],[-0.9656209041036067,44.839857789933944],[-0.9657797232395826,44.84210578001399],[-0.9689394249462976,44.84199273781462],[-0.9694163370204169,44.84873670273919],[-0.9662562569190347,44.84884975875813],[-0.9664151269077774,44.8510977544963],[-0.9632549079377452,44.851210725157635],[-0.9634136644802744,44.85345872690535],[-0.9602533066385419,44.85357161220144],[-0.9604119497147631,44.85581961995209],[-0.9572514529982833,44.85593241987526],[-0.9574099825880976,44.85818043362221],[-0.944767364162936,44.858630751924075],[-0.944609339333793,44.85638271982745],[-0.9414487792682797,44.85649506987765]]],[[[-0.9687997036343212,44.88481785740897],[-0.9686406427301979,44.882569840933954],[-0.9654786565602939,44.8826828760621],[-0.9651608255434915,44.87818683797995],[-0.9619990792261329,44.8782997738872],[-0.9613640749245347,44.86930769573238],[-0.9645253162008863,44.86919477823198],[-0.964366470666953,44.866946766734756],[-0.9738497394446597,44.866607488095404],[-0.9740089636747504,44.86885548576704],[-0.9803313315941052,44.868628840826155],[-0.9804908210500959,44.87087683064074],[-0.9836521120966267,44.87076336855933],[-0.9839713818252055,44.87525934306252],[-0.9871329125897824,44.87514578173182],[-0.9874524859940645,44.879641752451356],[-0.990614256500723,44.87952809185649],[-0.9909341336704033,44.884024058756445],[-0.9846100747038177,44.88425130845726],[-0.9847697798952253,44.88649930320047],[-0.9784454171533412,44.88672620208073],[-0.9782859645762829,44.884478198091635],[-0.9687997036343212,44.88481785740897]]],[[[-0.9910940914700211,44.88627204423917],[-0.9909341336704033,44.884024058756445],[-1.0035820977987049,44.883568479173405],[-1.0037425607962767,44.88581644609123],[-1.0005804627177888,44.88593048065499],[-1.0007408122602766,44.88817845356958],[-0.9944163249679793,44.88840626192695],[-0.9942562280445973,44.886158279729514],[-0.9910940914700211,44.88627204423917]]],[[[-1.0892302498603021,44.92777712739063],[-1.092394524614738,44.92766056761518],[-1.0925586729795476,44.9299084352108],[-1.0957230610436248,44.92979178060706],[-1.096215964541242,44.93653537675897],[-1.0867216225079115,44.93688511308594],[-1.086229857390746,44.93014147418221],[-1.0893942717585605,44.93002499973604],[-1.0892302498603021,44.92777712739063]]],[[[-0.987040902176805,44.963045558045714],[-0.9902073775712843,44.96293190623366],[-0.9905276980544485,44.96742798750526],[-0.9841942277705858,44.96765521950437],[-0.9837145262738073,44.96091107166965],[-0.9868808878514678,44.9607975146308],[-0.987040902176805,44.963045558045714]]]]}}]}